{"Iteration": 199, "train_loss": 15.751772322866946, "val_loss": 14.797001466796559, "grad_norm": 0.04071946441945232, "live_grad": 1.7727797073214275e-14, "train_weighted_loss": 47.25531696860083, "val_weighted_loss": 44.391004400389676, "max_reward_err": 0.10715579162548047, "max_reward_err_index": 0, "max_kl_dist": 1.7962253119567997, "max_kl_dist_index": 0, "max_train_grp_loss": 21.204919194313696, "max_train_grp_loss_index": 0, "max_val_grp_loss": 20.62479208174712, "max_val_grp_loss_index": 0, "max_cur_train_grp_loss": 0.331563663291398, "max_cur_train_grp_loss_index": 2, "reward_err_1": 0.10715579162548047, "reward_err_2": 0.00042593365150299937, "reward_err_3": 0.06581557687978737, "KL_distance_1": 1.7962253119567997, "KL_distance_2": 0.8930111506340943, "KL_distance_3": 1.451133285253978, "reward_param_1": 9.87351676374855, "reward_param_2": 4.537650848276873, "reward_param_3": 12.719617278671432, "reward_param_4": 4.091142722256123, "group_weight_1": 0.32235297073463526, "group_weight_2": 0.25276295155767864, "group_weight_3": 0.42488407770768605, "hist_group_loss_1": 40.00008726933211, "hist_group_loss_2": 15.6805844262696, "hist_group_loss_3": 67.61701184966853, "cur_group_loss_1": 0.1981960761665594, "cur_group_loss_2": 0.08006059809438601, "cur_group_loss_3": 0.331563663291398, "train_group_loss_1": 21.204919194313696, "train_group_loss_2": 11.53245304991356, "train_group_loss_3": 16.243512324101324, "val_group_loss_1": 20.62479208174712, "val_group_loss_2": 5.577036778076362, "val_group_loss_3": 17.42368095065806, "_timestamp": 1726699100.496755, "_runtime": 14.228332996368408, "_step": 3, "final/reward_err_1": 0.10715579162548047, "final/reward_err_2": 0.00042593365150299937, "final/reward_err_3": 0.06581557687978737, "final/reward_param_1": 9.87351676374855, "final/reward_param_2": 4.537650848276873, "final/reward_param_3": 12.719617278671432, "final/reward_param_4": 4.091142722256123, "optimal_reward_1": 3.813612222671509, "optimal_reward_2": 3.813612222671509, "optimal_reward_3": 3.3066372871398926, "final/reward_1": 3.779019594192505, "final/reward_2": 3.5611813068389893, "final/reward_3": 3.3066372871398926, "reward_0_when_1_group_param_known": 3.813612222671509, "reward_1_when_1_group_param_known": 3.4377872943878174, "reward_2_when_1_group_param_known": 3.272095203399658, "reward_0_when_2_group_param_known": 3.4377872943878174, "reward_1_when_2_group_param_known": 3.813612222671509, "reward_2_when_2_group_param_known": 3.118396520614624, "reward_0_when_3_group_param_known": 3.779019594192505, "reward_1_when_3_group_param_known": 3.5611813068389893, "reward_2_when_3_group_param_known": 3.3066372871398926, "reward_error_0_when_1_group_param_known": 0.0, "reward_error_1_when_1_group_param_known": 0.09854828082662763, "reward_error_2_when_1_group_param_known": 0.010446287494118195, "reward_error_0_when_2_group_param_known": 0.09854828082662763, "reward_error_1_when_2_group_param_known": 0.0, "reward_error_2_when_2_group_param_known": 0.056928156970034414, "reward_error_0_when_3_group_param_known": 0.009070830084232083, "reward_error_1_when_3_group_param_known": 0.06619207750904647, "reward_error_2_when_3_group_param_known": 0.0, "_wandb": {"runtime": 14}}