{"Iteration": 99, "train_loss": 18.81031165437953, "val_loss": 19.356555200336405, "grad_norm": 0.4498646157365022, "max_reward_err": 0.0457701700846948, "max_reward_err_index": 1, "max_kl_dist": 0.482822545055668, "max_kl_dist_index": 0, "max_train_grp_loss": 22.270594872483535, "max_train_grp_loss_index": 0, "max_val_grp_loss": 23.01632980285024, "max_val_grp_loss_index": 0, "max_cur_train_grp_loss": 22.279298339678594, "max_cur_train_grp_loss_index": 0, "reward_err_1": 0.07532219719178071, "reward_err_2": 0.018043438521379507, "reward_err_3": 0.036798341246156455, "reward_param_1": 5.509738661787448, "reward_param_2": 4.047022579305461, "reward_param_3": 5.175896324309956, "reward_param_4": 1.929515571899626, "KL_distance_1": 0.482822545055668, "KL_distance_2": 0.19873559573613608, "KL_distance_3": 0.33362556039433483, "hist_group_loss_1": 2291.46530804507, "hist_group_loss_2": 1531.9401430260507, "hist_group_loss_3": 2214.881236479015, "cur_group_loss_1": 22.279298339678594, "cur_group_loss_2": 12.317974151173095, "cur_group_loss_3": 21.058719354193396, "train_group_loss_1": 22.270594872483535, "train_group_loss_2": 12.28038956242359, "train_group_loss_3": 21.042249327571664, "val_group_loss_1": 23.01632980285024, "val_group_loss_2": 13.60133706949492, "val_group_loss_3": 21.413344529182915, "_timestamp": 1726608200.235927, "_runtime": 8.368185043334961, "_step": 2, "final/reward_err_1": 0.07532219719178071, "final/reward_err_2": 0.018043438521379507, "final/reward_err_3": 0.036798341246156455, "final/reward_param_1": 5.509738661787448, "final/reward_param_2": 4.047022579305461, "final/reward_param_3": 5.175896324309956, "final/reward_param_4": 1.929515571899626, "optimal_reward_1": 3.8553552627563477, "optimal_reward_2": 3.8553552627563477, "optimal_reward_3": 3.354396104812622, "final/reward_1": 3.8124771118164062, "final/reward_2": 3.5852954387664795, "final/reward_3": 3.354396104812622, "reward_0_when_1_group_param_known": 3.8553552627563477, "reward_1_when_1_group_param_known": 3.4600868225097656, "reward_2_when_1_group_param_known": 3.3136484622955322, "reward_0_when_2_group_param_known": 3.4600868225097656, "reward_1_when_2_group_param_known": 3.8553552627563477, "reward_2_when_2_group_param_known": 3.155968189239502, "reward_0_when_3_group_param_known": 3.8124771118164062, "reward_1_when_3_group_param_known": 3.5852954387664795, "reward_2_when_3_group_param_known": 3.354396104812622, "reward_error_0_when_1_group_param_known": 0.0, "reward_error_1_when_1_group_param_known": 0.10252451805543565, "reward_error_2_when_1_group_param_known": 0.012147534531961908, "reward_error_0_when_2_group_param_known": 0.10252451805543565, "reward_error_1_when_2_group_param_known": 0.0, "reward_error_2_when_2_group_param_known": 0.059154586808764606, "reward_error_0_when_3_group_param_known": 0.011121712012938103, "reward_error_1_when_3_group_param_known": 0.07004797368447742, "reward_error_2_when_3_group_param_known": 0.0, "_wandb": {"runtime": 8}}