{"Iteration": 99, "train_loss": 16.93229157420709, "val_loss": 17.423988211448574, "grad_norm": 0.4122961824117063, "max_reward_err": 0.06887390282073358, "max_reward_err_index": 0, "max_kl_dist": 0.8471663670468579, "max_kl_dist_index": 0, "max_train_grp_loss": 21.67824076196921, "max_train_grp_loss_index": 0, "max_val_grp_loss": 21.238029196907874, "max_val_grp_loss_index": 0, "max_cur_train_grp_loss": 21.679192535271913, "max_cur_train_grp_loss_index": 0, "reward_err_1": 0.09952749685238595, "reward_err_2": 0.004802365972971437, "reward_err_3": 0.06149018800289162, "reward_param_1": 5.1524872250483025, "reward_param_2": 3.456745269767841, "reward_param_3": 8.462093944679095, "reward_param_4": 3.365809562319937, "KL_distance_1": 0.8471663670468579, "KL_distance_2": 0.3072274734170912, "KL_distance_3": 0.6492506497114395, "hist_group_loss_1": 2178.2348461935107, "hist_group_loss_2": 1551.9183262029944, "hist_group_loss_3": 1947.7207375737614, "cur_group_loss_1": 21.679192535271913, "cur_group_loss_2": 12.8955648882709, "cur_group_loss_3": 18.533351522775092, "train_group_loss_1": 21.67824076196921, "train_group_loss_2": 12.865719108983058, "train_group_loss_3": 18.5194318170992, "val_group_loss_1": 21.238029196907874, "val_group_loss_2": 10.784991834750112, "val_group_loss_3": 19.744190982169627, "_timestamp": 1726682512.024228, "_runtime": 8.333514213562012, "_step": 2, "final/reward_err_1": 0.09952749685238595, "final/reward_err_2": 0.004802365972971437, "final/reward_err_3": 0.06149018800289162, "final/reward_param_1": 5.1524872250483025, "final/reward_param_2": 3.456745269767841, "final/reward_param_3": 8.462093944679095, "final/reward_param_4": 3.365809562319937, "optimal_reward_1": 3.813612222671509, "optimal_reward_2": 3.813612222671509, "optimal_reward_3": 3.3066372871398926, "final/reward_1": 3.779019594192505, "final/reward_2": 3.5611813068389893, "final/reward_3": 3.3066372871398926, "reward_0_when_1_group_param_known": 3.813612222671509, "reward_1_when_1_group_param_known": 3.4377872943878174, "reward_2_when_1_group_param_known": 3.272095203399658, "reward_0_when_2_group_param_known": 3.4377872943878174, "reward_1_when_2_group_param_known": 3.813612222671509, "reward_2_when_2_group_param_known": 3.118396520614624, "reward_0_when_3_group_param_known": 3.779019594192505, "reward_1_when_3_group_param_known": 3.5611813068389893, "reward_2_when_3_group_param_known": 3.3066372871398926, "reward_error_0_when_1_group_param_known": 0.0, "reward_error_1_when_1_group_param_known": 0.09854828082662763, "reward_error_2_when_1_group_param_known": 0.010446287494118195, "reward_error_0_when_2_group_param_known": 0.09854828082662763, "reward_error_1_when_2_group_param_known": 0.0, "reward_error_2_when_2_group_param_known": 0.056928156970034414, "reward_error_0_when_3_group_param_known": 0.009070830084232083, "reward_error_1_when_3_group_param_known": 0.06619207750904647, "reward_error_2_when_3_group_param_known": 0.0, "_wandb": {"runtime": 8}}