{"Iteration": 99, "train_loss": 18.26477452369848, "val_loss": 18.2362589168363, "grad_norm": 0.4407111906451689, "max_reward_err": 0.08467752160274417, "max_reward_err_index": 0, "max_kl_dist": 0.6264092330134836, "max_kl_dist_index": 0, "max_train_grp_loss": 20.287360084216797, "max_train_grp_loss_index": 0, "max_val_grp_loss": 20.644085467592948, "max_val_grp_loss_index": 0, "max_cur_train_grp_loss": 20.301296661528035, "max_cur_train_grp_loss_index": 0, "reward_err_1": 0.07767986622352051, "reward_err_2": 0.012882798607987859, "reward_err_3": 0.04467672955513275, "reward_param_1": 7.417343764479955, "reward_param_2": 3.846791618962241, "reward_param_3": 4.3414037001257, "reward_param_4": 3.8314740248973953, "KL_distance_1": 0.6264092330134836, "KL_distance_2": 0.2940181354657359, "KL_distance_3": 0.48251598899463166, "hist_group_loss_1": 2123.7951573716873, "hist_group_loss_2": 1627.0809527436825, "hist_group_loss_3": 2123.7019143264392, "cur_group_loss_1": 20.301296661528035, "cur_group_loss_2": 13.670421224617849, "cur_group_loss_3": 20.284762359986885, "train_group_loss_1": 20.287360084216797, "train_group_loss_2": 13.639187765512135, "train_group_loss_3": 20.27029353989899, "val_group_loss_1": 20.644085467592948, "val_group_loss_2": 15.211862638428894, "val_group_loss_3": 18.727557792718702, "_timestamp": 1726658876.583601, "_runtime": 7.994718074798584, "_step": 2, "final/reward_err_1": 0.07767986622352051, "final/reward_err_2": 0.012882798607987859, "final/reward_err_3": 0.04467672955513275, "final/reward_param_1": 7.417343764479955, "final/reward_param_2": 3.846791618962241, "final/reward_param_3": 4.3414037001257, "final/reward_param_4": 3.8314740248973953, "optimal_reward_1": 3.779723644256592, "optimal_reward_2": 3.779723644256592, "optimal_reward_3": 3.248685598373413, "final/reward_1": 3.741098642349243, "final/reward_2": 3.5430009365081787, "final/reward_3": 3.248685598373413, "reward_0_when_1_group_param_known": 3.779723644256592, "reward_1_when_1_group_param_known": 3.4200356006622314, "reward_2_when_1_group_param_known": 3.2069242000579834, "reward_0_when_2_group_param_known": 3.4200356006622314, "reward_1_when_2_group_param_known": 3.779723644256592, "reward_2_when_2_group_param_known": 3.065584421157837, "reward_0_when_3_group_param_known": 3.741098642349243, "reward_1_when_3_group_param_known": 3.5430009365081787, "reward_2_when_3_group_param_known": 3.248685598373413, "reward_error_0_when_1_group_param_known": 0.0, "reward_error_1_when_1_group_param_known": 0.0951625244191907, "reward_error_2_when_1_group_param_known": 0.012854859927454733, "reward_error_0_when_2_group_param_known": 0.0951625244191907, "reward_error_1_when_2_group_param_known": 0.0, "reward_error_2_when_2_group_param_known": 0.05636161815943446, "reward_error_0_when_3_group_param_known": 0.01021900158389636, "reward_error_1_when_3_group_param_known": 0.06262963381148795, "reward_error_2_when_3_group_param_known": 0.0, "_wandb": {"runtime": 7}}