{"Iteration": 99, "train_loss": 18.488338813232915, "val_loss": 17.303509212476055, "grad_norm": 0.4558401424703299, "max_reward_err": 0.1172011606266029, "max_reward_err_index": 1, "max_kl_dist": 0.4713526852437841, "max_kl_dist_index": 0, "max_train_grp_loss": 20.664957806339626, "max_train_grp_loss_index": 0, "max_val_grp_loss": 20.892114313554583, "max_val_grp_loss_index": 0, "max_cur_train_grp_loss": 20.668720068245353, "max_cur_train_grp_loss_index": 0, "reward_err_1": 0.06602212452243936, "reward_err_2": 0.012011374668650767, "reward_err_3": 0.03188022389116224, "reward_param_1": 5.850160519552038, "reward_param_2": 3.337519534920849, "reward_param_3": 4.994635554851637, "reward_param_4": 3.617116011956165, "KL_distance_1": 0.4713526852437841, "KL_distance_2": 0.2190227302232813, "KL_distance_3": 0.33669995808904923, "hist_group_loss_1": 2094.4543577785134, "hist_group_loss_2": 1933.2890559044713, "hist_group_loss_3": 2030.9338173300505, "cur_group_loss_1": 20.668720068245353, "cur_group_loss_2": 16.030302674124027, "cur_group_loss_3": 19.306761345180366, "train_group_loss_1": 20.664957806339626, "train_group_loss_2": 15.99049634478145, "train_group_loss_3": 19.29139750159481, "val_group_loss_1": 20.892114313554583, "val_group_loss_2": 11.06079073383246, "val_group_loss_3": 20.11464802919978, "_timestamp": 1726689776.052751, "_runtime": 8.371633052825928, "_step": 2, "final/reward_err_1": 0.06602212452243936, "final/reward_err_2": 0.012011374668650767, "final/reward_err_3": 0.03188022389116224, "final/reward_param_1": 5.850160519552038, "final/reward_param_2": 3.337519534920849, "final/reward_param_3": 4.994635554851637, "final/reward_param_4": 3.617116011956165, "optimal_reward_1": 3.8295645713806152, "optimal_reward_2": 3.8295645713806152, "optimal_reward_3": 3.2923295497894287, "final/reward_1": 3.7937707901000977, "final/reward_2": 3.5698022842407227, "final/reward_3": 3.2923295497894287, "reward_0_when_1_group_param_known": 3.8295645713806152, "reward_1_when_1_group_param_known": 3.440261125564575, "reward_2_when_1_group_param_known": 3.2583417892456055, "reward_0_when_2_group_param_known": 3.440261125564575, "reward_1_when_2_group_param_known": 3.8295645713806152, "reward_2_when_2_group_param_known": 3.092778205871582, "reward_0_when_3_group_param_known": 3.7937707901000977, "reward_1_when_3_group_param_known": 3.5698022842407227, "reward_2_when_3_group_param_known": 3.2923295497894287, "reward_error_0_when_1_group_param_known": 0.0, "reward_error_1_when_1_group_param_known": 0.10165736562464864, "reward_error_2_when_1_group_param_known": 0.010323316675876822, "reward_error_0_when_2_group_param_known": 0.10165736562464864, "reward_error_1_when_2_group_param_known": 0.0, "reward_error_2_when_2_group_param_known": 0.0606109871141574, "reward_error_0_when_3_group_param_known": 0.009346697415161585, "reward_error_1_when_3_group_param_known": 0.06783076307974209, "reward_error_2_when_3_group_param_known": 0.0, "_wandb": {"runtime": 8}}