{"Iteration": 99, "train_loss": 17.170516384471046, "val_loss": 16.642093107390725, "grad_norm": 0.392906205554377, "max_reward_err": 0.0659039794928844, "max_reward_err_index": 0, "max_kl_dist": 0.6207441938828028, "max_kl_dist_index": 0, "max_train_grp_loss": 21.92250087844381, "max_train_grp_loss_index": 0, "max_val_grp_loss": 20.881428898626602, "max_val_grp_loss_index": 0, "max_cur_train_grp_loss": 21.928656180189467, "max_cur_train_grp_loss_index": 0, "reward_err_1": 0.07138470564393892, "reward_err_2": 0.008572354592630511, "reward_err_3": 0.03524888635683384, "reward_param_1": 6.3411217350827895, "reward_param_2": 3.9096489142151616, "reward_param_3": 6.319387536807698, "reward_param_4": 3.6660008997210087, "KL_distance_1": 0.6207441938828028, "KL_distance_2": 0.3072521502655786, "KL_distance_3": 0.46447034896061573, "hist_group_loss_1": 2245.973522170353, "hist_group_loss_2": 1381.5138456010357, "hist_group_loss_3": 2127.707878328932, "cur_group_loss_1": 21.928656180189467, "cur_group_loss_2": 11.468860560135852, "cur_group_loss_3": 20.364529148583493, "train_group_loss_1": 21.92250087844381, "train_group_loss_2": 11.443664324706825, "train_group_loss_3": 20.35174698993829, "val_group_loss_1": 20.881428898626602, "val_group_loss_2": 11.261541967643586, "val_group_loss_3": 19.824760454961623, "_timestamp": 1726687538.800201, "_runtime": 8.49367904663086, "_step": 2, "final/reward_err_1": 0.07138470564393892, "final/reward_err_2": 0.008572354592630511, "final/reward_err_3": 0.03524888635683384, "final/reward_param_1": 6.3411217350827895, "final/reward_param_2": 3.9096489142151616, "final/reward_param_3": 6.319387536807698, "final/reward_param_4": 3.6660008997210087, "optimal_reward_1": 3.8671329021453857, "optimal_reward_2": 3.8671329021453857, "optimal_reward_3": 3.315272808074951, "final/reward_1": 3.8363864421844482, "final/reward_2": 3.5892691612243652, "final/reward_3": 3.315272808074951, "reward_0_when_1_group_param_known": 3.8671329021453857, "reward_1_when_1_group_param_known": 3.472538471221924, "reward_2_when_1_group_param_known": 3.2884528636932373, "reward_0_when_2_group_param_known": 3.472538471221924, "reward_1_when_2_group_param_known": 3.8671329021453857, "reward_2_when_2_group_param_known": 3.1144633293151855, "reward_0_when_3_group_param_known": 3.8363864421844482, "reward_1_when_3_group_param_known": 3.5892691612243652, "reward_2_when_3_group_param_known": 3.315272808074951, "reward_error_0_when_1_group_param_known": 0.0, "reward_error_1_when_1_group_param_known": 0.102037980309534, "reward_error_2_when_1_group_param_known": 0.008089815208084536, "reward_error_0_when_2_group_param_known": 0.102037980309534, "reward_error_1_when_2_group_param_known": 0.0, "reward_error_2_when_2_group_param_known": 0.06057102699683041, "reward_error_0_when_3_group_param_known": 0.007950711997480138, "reward_error_1_when_3_group_param_known": 0.0718526484483812, "reward_error_2_when_3_group_param_known": 0.0, "_wandb": {"runtime": 8}}