{"Iteration": 99, "train_loss": 16.170441114202088, "val_loss": 18.146186108216483, "grad_norm": 0.3577895970604656, "max_reward_err": 0.07335386691572278, "max_reward_err_index": 0, "max_kl_dist": 0.8932276598383005, "max_kl_dist_index": 0, "max_train_grp_loss": 21.077872945871015, "max_train_grp_loss_index": 0, "max_val_grp_loss": 20.8708613452353, "max_val_grp_loss_index": 0, "max_cur_train_grp_loss": 21.083144890312113, "max_cur_train_grp_loss_index": 0, "reward_err_1": 0.07977871655652344, "reward_err_2": 0.005860112109940198, "reward_err_3": 0.04018074543431755, "reward_param_1": 7.674991464795975, "reward_param_2": 3.6773429961413338, "reward_param_3": 7.4092294238664, "reward_param_4": 4.507299559428374, "KL_distance_1": 0.8932276598383005, "KL_distance_2": 0.44420448857761213, "KL_distance_3": 0.691398210144936, "hist_group_loss_1": 2150.1211512424657, "hist_group_loss_2": 1032.0153728769776, "hist_group_loss_3": 2088.656671951026, "cur_group_loss_1": 21.083144890312113, "cur_group_loss_2": 8.502887492022046, "cur_group_loss_3": 20.185703648407937, "train_group_loss_1": 21.077872945871015, "train_group_loss_2": 8.481585900831616, "train_group_loss_3": 20.175394044346604, "val_group_loss_1": 20.8708613452353, "val_group_loss_2": 12.35629247458911, "val_group_loss_3": 20.554568220291184, "_timestamp": 1726606971.898575, "_runtime": 8.25743818283081, "_step": 2, "final/reward_err_1": 0.07977871655652344, "final/reward_err_2": 0.005860112109940198, "final/reward_err_3": 0.04018074543431755, "final/reward_param_1": 7.674991464795975, "final/reward_param_2": 3.6773429961413338, "final/reward_param_3": 7.4092294238664, "final/reward_param_4": 4.507299559428374, "optimal_reward_1": 3.848555564880371, "optimal_reward_2": 3.848555564880371, "optimal_reward_3": 3.3066821098327637, "final/reward_1": 3.812652349472046, "final/reward_2": 3.571387767791748, "final/reward_3": 3.3066821098327637, "reward_0_when_1_group_param_known": 3.848555564880371, "reward_1_when_1_group_param_known": 3.458169937133789, "reward_2_when_1_group_param_known": 3.2784266471862793, "reward_0_when_2_group_param_known": 3.458169937133789, "reward_1_when_2_group_param_known": 3.848555564880371, "reward_2_when_2_group_param_known": 3.1137285232543945, "reward_0_when_3_group_param_known": 3.812652349472046, "reward_1_when_3_group_param_known": 3.571387767791748, "reward_2_when_3_group_param_known": 3.3066821098327637, "reward_error_0_when_1_group_param_known": 0.0, "reward_error_1_when_1_group_param_known": 0.1014369212462486, "reward_error_2_when_1_group_param_known": 0.008544958876592283, "reward_error_0_when_2_group_param_known": 0.1014369212462486, "reward_error_1_when_2_group_param_known": 0.0, "reward_error_2_when_2_group_param_known": 0.05835262664185394, "reward_error_0_when_3_group_param_known": 0.009329010534746227, "reward_error_1_when_3_group_param_known": 0.07201865541916336, "reward_error_2_when_3_group_param_known": 0.0, "_wandb": {"runtime": 8}}