{"Iteration": 99, "train_loss": 16.09779731842368, "val_loss": 16.06024496121235, "grad_norm": 0.022486592015068547, "live_grad": 2.536660698634017e-14, "train_weighted_loss": 48.29339195527104, "val_weighted_loss": 48.180734883637065, "max_reward_err": 0.11434848584085215, "max_reward_err_index": 0, "max_kl_dist": 1.6890899440355118, "max_kl_dist_index": 0, "max_train_grp_loss": 22.102732820953594, "max_train_grp_loss_index": 0, "max_val_grp_loss": 20.082231248874844, "max_val_grp_loss_index": 0, "max_cur_train_grp_loss": 0.3914314992671004, "max_cur_train_grp_loss_index": 2, "reward_err_1": 0.11434848584085215, "reward_err_2": 0.0011076128297995626, "reward_err_3": 0.0743595227740124, "KL_distance_1": 1.6890899440355118, "KL_distance_2": 0.7187122485647812, "KL_distance_3": 1.376303502362261, "reward_param_1": 7.407525821657184, "reward_param_2": 4.2646566710067875, "reward_param_3": 12.895315810221891, "reward_param_4": 3.658089483569611, "group_weight_1": 0.3247862231407979, "group_weight_2": 0.28392290221796795, "group_weight_3": 0.39129087464123424, "hist_group_loss_1": 20.77216818184833, "hist_group_loss_2": 7.325722111176576, "hist_group_loss_3": 39.400569919302164, "cur_group_loss_1": 0.2065932166760924, "cur_group_loss_2": 0.07350233791417357, "cur_group_loss_3": 0.3914314992671004, "train_group_loss_1": 22.102732820953594, "train_group_loss_2": 10.587680742150361, "train_group_loss_3": 19.177974628886055, "val_group_loss_1": 20.082231248874844, "val_group_loss_2": 9.323672742518074, "val_group_loss_3": 18.378268974391183, "_timestamp": 1726683323.178973, "_runtime": 9.915513038635254, "_step": 2, "final/reward_err_1": 0.11434848584085215, "final/reward_err_2": 0.0011076128297995626, "final/reward_err_3": 0.0743595227740124, "final/reward_param_1": 7.407525821657184, "final/reward_param_2": 4.2646566710067875, "final/reward_param_3": 12.895315810221891, "final/reward_param_4": 3.658089483569611, "optimal_reward_1": 3.80763578414917, "optimal_reward_2": 3.80763578414917, "optimal_reward_3": 3.3006885051727295, "final/reward_1": 3.773042917251587, "final/reward_2": 3.553501844406128, "final/reward_3": 3.3006885051727295, "reward_0_when_1_group_param_known": 3.80763578414917, "reward_1_when_1_group_param_known": 3.4319357872009277, "reward_2_when_1_group_param_known": 3.266146421432495, "reward_0_when_2_group_param_known": 3.4319357872009277, "reward_1_when_2_group_param_known": 3.80763578414917, "reward_2_when_2_group_param_known": 3.1126708984375, "reward_0_when_3_group_param_known": 3.773042917251587, "reward_1_when_3_group_param_known": 3.553501844406128, "reward_2_when_3_group_param_known": 3.3006885051727295, "reward_error_0_when_1_group_param_known": 0.0, "reward_error_1_when_1_group_param_known": 0.09867015078286794, "reward_error_2_when_1_group_param_known": 0.010465114683224778, "reward_error_0_when_2_group_param_known": 0.09867015078286794, "reward_error_1_when_2_group_param_known": 0.0, "reward_error_2_when_2_group_param_known": 0.056963147670728256, "reward_error_0_when_3_group_param_known": 0.009085130211663064, "reward_error_1_when_3_group_param_known": 0.06674323757565724, "reward_error_2_when_3_group_param_known": 0.0, "_wandb": {"runtime": 9}}