{"Iteration": 99, "train_loss": 15.465777247156144, "val_loss": 16.02426518175959, "grad_norm": 0.019991752103042312, "live_grad": 1.8444744273863094e-14, "train_weighted_loss": 46.397331741468435, "val_weighted_loss": 48.072795545278765, "max_reward_err": 0.09052427855950097, "max_reward_err_index": 0, "max_kl_dist": 1.5039990952031927, "max_kl_dist_index": 0, "max_train_grp_loss": 21.433754671351693, "max_train_grp_loss_index": 0, "max_val_grp_loss": 20.102386381782587, "max_val_grp_loss_index": 0, "max_cur_train_grp_loss": 0.3855821865649061, "max_cur_train_grp_loss_index": 2, "reward_err_1": 0.09052427855950097, "reward_err_2": 0.0005890386796894424, "reward_err_3": 0.05095386054616662, "KL_distance_1": 1.5039990952031927, "KL_distance_2": 0.8386209366196725, "KL_distance_3": 1.2184432534105467, "reward_param_1": 11.199481259026633, "reward_param_2": 4.200373077520974, "reward_param_3": 10.176478493871754, "reward_param_4": 4.249754317062246, "group_weight_1": 0.3189485186896451, "group_weight_2": 0.28608288646576, "group_weight_3": 0.39496859484459496, "hist_group_loss_1": 17.517335552945692, "hist_group_loss_2": 6.6425230835929465, "hist_group_loss_3": 38.894990420410664, "cur_group_loss_1": 0.17427622697014028, "cur_group_loss_2": 0.06698186070686216, "cur_group_loss_3": 0.3855821865649061, "train_group_loss_1": 21.433754671351693, "train_group_loss_2": 8.644443470383203, "train_group_loss_3": 18.50516962273231, "val_group_loss_1": 20.102386381782587, "val_group_loss_2": 10.497663582759573, "val_group_loss_3": 17.507258039752095, "_timestamp": 1726683444.752243, "_runtime": 9.871276140213013, "_step": 2, "final/reward_err_1": 0.09052427855950097, "final/reward_err_2": 0.0005890386796894424, "final/reward_err_3": 0.05095386054616662, "final/reward_param_1": 11.199481259026633, "final/reward_param_2": 4.200373077520974, "final/reward_param_3": 10.176478493871754, "final/reward_param_4": 4.249754317062246, "optimal_reward_1": 3.8415656089782715, "optimal_reward_2": 3.8415656089782715, "optimal_reward_3": 3.2601258754730225, "final/reward_1": 3.799260139465332, "final/reward_2": 3.583275318145752, "final/reward_3": 3.2601258754730225, "reward_0_when_1_group_param_known": 3.8415656089782715, "reward_1_when_1_group_param_known": 3.460273027420044, "reward_2_when_1_group_param_known": 3.221672296524048, "reward_0_when_2_group_param_known": 3.460273027420044, "reward_1_when_2_group_param_known": 3.8415656089782715, "reward_2_when_2_group_param_known": 3.0699462890625, "reward_0_when_3_group_param_known": 3.799260139465332, "reward_1_when_3_group_param_known": 3.583275318145752, "reward_2_when_3_group_param_known": 3.2601258754730225, "reward_error_0_when_1_group_param_known": 0.0, "reward_error_1_when_1_group_param_known": 0.0992544760050678, "reward_error_2_when_1_group_param_known": 0.011795120930229497, "reward_error_0_when_2_group_param_known": 0.0992544760050678, "reward_error_1_when_2_group_param_known": 0.0, "reward_error_2_when_2_group_param_known": 0.05833504400590934, "reward_error_0_when_3_group_param_known": 0.011012559414335057, "reward_error_1_when_3_group_param_known": 0.06723568386515626, "reward_error_2_when_3_group_param_known": 0.0, "_wandb": {"runtime": 9}}