{"Iteration": 99, "train_loss": 18.726055133361882, "val_loss": 16.8616252567629, "grad_norm": 0.26715830836924287, "max_reward_err": 0.0616859110335789, "max_reward_err_index": 0, "max_kl_dist": 0.6012796363189811, "max_kl_dist_index": 0, "max_train_grp_loss": 21.48688129357519, "max_train_grp_loss_index": 0, "max_val_grp_loss": 20.57348675111966, "max_val_grp_loss_index": 0, "max_cur_train_grp_loss": 21.48932691473662, "max_cur_train_grp_loss_index": 0, "reward_err_1": 0.0735073934305825, "reward_err_2": 0.02118030760021878, "reward_err_3": 0.03845423486248862, "reward_param_1": 6.635289267083619, "reward_param_2": 4.767815102484875, "reward_param_3": 5.569232363679858, "reward_param_4": 2.5637656167861294, "KL_distance_1": 0.6012796363189811, "KL_distance_2": 0.3044927112282011, "KL_distance_3": 0.44426817196433965, "hist_group_loss_1": 2170.6248563010904, "hist_group_loss_2": 1610.3367531334918, "hist_group_loss_3": 2006.4259768108516, "cur_group_loss_1": 21.48932691473662, "cur_group_loss_2": 15.269189798277592, "cur_group_loss_3": 19.31439508004731, "train_group_loss_1": 21.48688129357519, "train_group_loss_2": 15.258823649622656, "train_group_loss_3": 19.30306841116544, "val_group_loss_1": 20.57348675111966, "val_group_loss_2": 10.291060656470329, "val_group_loss_3": 19.045740228731056, "_timestamp": 1726689904.071104, "_runtime": 8.389829158782959, "_step": 2, "final/reward_err_1": 0.0735073934305825, "final/reward_err_2": 0.02118030760021878, "final/reward_err_3": 0.03845423486248862, "final/reward_param_1": 6.635289267083619, "final/reward_param_2": 4.767815102484875, "final/reward_param_3": 5.569232363679858, "final/reward_param_4": 2.5637656167861294, "optimal_reward_1": 3.8651840686798096, "optimal_reward_2": 3.8651840686798096, "optimal_reward_3": 3.337219715118408, "final/reward_1": 3.8319525718688965, "final/reward_2": 3.6041877269744873, "final/reward_3": 3.337219715118408, "reward_0_when_1_group_param_known": 3.8651840686798096, "reward_1_when_1_group_param_known": 3.4605093002319336, "reward_2_when_1_group_param_known": 3.3015952110290527, "reward_0_when_2_group_param_known": 3.4605093002319336, "reward_1_when_2_group_param_known": 3.8651840686798096, "reward_2_when_2_group_param_known": 3.1258203983306885, "reward_0_when_3_group_param_known": 3.8319525718688965, "reward_1_when_3_group_param_known": 3.6041877269744873, "reward_2_when_3_group_param_known": 3.337219715118408, "reward_error_0_when_1_group_param_known": 0.0, "reward_error_1_when_1_group_param_known": 0.10469741188447372, "reward_error_2_when_1_group_param_known": 0.010674905199669023, "reward_error_0_when_2_group_param_known": 0.10469741188447372, "reward_error_1_when_2_group_param_known": 0.0, "reward_error_2_when_2_group_param_known": 0.0633459390851702, "reward_error_0_when_3_group_param_known": 0.00859764922457202, "reward_error_1_when_3_group_param_known": 0.06752494501367125, "reward_error_2_when_3_group_param_known": 0.0, "_wandb": {"runtime": 8}}