{"Iteration": 99, "train_loss": 19.352670742864824, "val_loss": 19.036143826428475, "grad_norm": 0.004100811002649654, "live_grad": 1.031148584684722e-14, "train_weighted_loss": 58.05801222859447, "val_weighted_loss": 57.10843147928543, "max_reward_err": 0.08670448986509435, "max_reward_err_index": 0, "max_kl_dist": 1.0877814805330512, "max_kl_dist_index": 0, "max_train_grp_loss": 24.347875803875255, "max_train_grp_loss_index": 0, "max_val_grp_loss": 23.758064791191433, "max_val_grp_loss_index": 0, "max_cur_train_grp_loss": 0.24348161896107678, "max_cur_train_grp_loss_index": 0, "reward_err_1": 0.08670448986509435, "reward_err_2": 0.0024592334093949653, "reward_err_3": 0.048774786189095976, "KL_distance_1": 1.0877814805330512, "KL_distance_2": 0.5251912329377958, "KL_distance_3": 0.8523718365838724, "reward_param_1": 9.439509061494386, "reward_param_2": 4.2214014560431945, "reward_param_3": 7.560016046279414, "reward_param_4": 3.6561225854741464, "group_weight_1": 0.3496038951027382, "group_weight_2": 0.31697182043305633, "group_weight_3": 0.33342428446420547, "hist_group_loss_1": 24.35966864115374, "hist_group_loss_2": 14.560877648698618, "hist_group_loss_3": 19.621170758293058, "cur_group_loss_1": 0.24348161896107678, "cur_group_loss_2": 0.14562278153841404, "cur_group_loss_3": 0.19562202476235846, "train_group_loss_1": 24.347875803875255, "train_group_loss_2": 15.291112016906341, "train_group_loss_3": 18.58365137575532, "val_group_loss_1": 23.758064791191433, "val_group_loss_2": 15.293647651562106, "val_group_loss_3": 18.253530053015346, "_timestamp": 1726611496.962471, "_runtime": 9.456180095672607, "_step": 2, "final/reward_err_1": 0.08670448986509435, "final/reward_err_2": 0.0024592334093949653, "final/reward_err_3": 0.048774786189095976, "final/reward_param_1": 9.439509061494386, "final/reward_param_2": 4.2214014560431945, "final/reward_param_3": 7.560016046279414, "final/reward_param_4": 3.6561225854741464, "optimal_reward_1": 3.801053285598755, "optimal_reward_2": 3.801053285598755, "optimal_reward_3": 3.259605646133423, "final/reward_1": 3.766353130340576, "final/reward_2": 3.5368399620056152, "final/reward_3": 3.259605646133423, "reward_0_when_1_group_param_known": 3.801053285598755, "reward_1_when_1_group_param_known": 3.4089272022247314, "reward_2_when_1_group_param_known": 3.2255265712738037, "reward_0_when_2_group_param_known": 3.4089272022247314, "reward_1_when_2_group_param_known": 3.801053285598755, "reward_2_when_2_group_param_known": 3.0588371753692627, "reward_0_when_3_group_param_known": 3.766353130340576, "reward_1_when_3_group_param_known": 3.5368399620056152, "reward_2_when_3_group_param_known": 3.259605646133423, "reward_error_0_when_1_group_param_known": 0.0, "reward_error_1_when_1_group_param_known": 0.10316247995251517, "reward_error_2_when_1_group_param_known": 0.010454968655501037, "reward_error_0_when_2_group_param_known": 0.10316247995251517, "reward_error_1_when_2_group_param_known": 0.0, "reward_error_2_when_2_group_param_known": 0.06159287121198656, "reward_error_0_when_3_group_param_known": 0.009129089399943158, "reward_error_1_when_3_group_param_known": 0.0695105550333057, "reward_error_2_when_3_group_param_known": 0.0, "_wandb": {"runtime": 9}}