{"Iteration": 99, "train_loss": 18.07663448745133, "val_loss": 19.41784963037338, "grad_norm": 0.005158235757193356, "live_grad": 2.5865158668021067e-14, "train_weighted_loss": 54.229903462354, "val_weighted_loss": 58.25354889112013, "max_reward_err": 0.07055746353398692, "max_reward_err_index": 0, "max_kl_dist": 1.0020315069210814, "max_kl_dist_index": 0, "max_train_grp_loss": 20.087803241717168, "max_train_grp_loss_index": 0, "max_val_grp_loss": 21.457809207791144, "max_val_grp_loss_index": 1, "max_cur_train_grp_loss": 0.21370819718372613, "max_cur_train_grp_loss_index": 0, "reward_err_1": 0.07055746353398692, "reward_err_2": 0.031066654956866335, "reward_err_3": 0.03893414321279535, "KL_distance_1": 1.0020315069210814, "KL_distance_2": 0.64398197603051, "KL_distance_3": 0.8622748150584587, "reward_param_1": 3.933081963137556, "reward_param_2": 7.256566660372215, "reward_param_3": 10.067546698236715, "reward_param_4": 4.573090091788341, "group_weight_1": 0.34356944455458605, "group_weight_2": 0.3219380134606277, "group_weight_3": 0.3344925419847862, "hist_group_loss_1": 21.44847469657271, "hist_group_loss_2": 14.945451041537376, "hist_group_loss_3": 18.7710071493162, "cur_group_loss_1": 0.21370819718372613, "cur_group_loss_2": 0.14975995456436147, "cur_group_loss_3": 0.18690996019858885, "train_group_loss_1": 20.087803241717168, "train_group_loss_2": 16.47484232176683, "train_group_loss_3": 17.942751938746188, "val_group_loss_1": 19.095199124086363, "val_group_loss_2": 21.457809207791144, "val_group_loss_3": 18.040778086323275, "_timestamp": 1726605894.464567, "_runtime": 10.163786888122559, "_step": 2, "final/reward_err_1": 0.07055746353398692, "final/reward_err_2": 0.031066654956866335, "final/reward_err_3": 0.03893414321279535, "final/reward_param_1": 3.933081963137556, "final/reward_param_2": 7.256566660372215, "final/reward_param_3": 10.067546698236715, "final/reward_param_4": 4.573090091788341, "optimal_reward_1": 3.8685142993927, "optimal_reward_2": 3.8685142993927, "optimal_reward_3": 3.3593173027038574, "final/reward_1": 3.8328397274017334, "final/reward_2": 3.5916991233825684, "final/reward_3": 3.3593173027038574, "reward_0_when_1_group_param_known": 3.8685142993927, "reward_1_when_1_group_param_known": 3.4599270820617676, "reward_2_when_1_group_param_known": 3.3229901790618896, "reward_0_when_2_group_param_known": 3.4599270820617676, "reward_1_when_2_group_param_known": 3.8685142993927, "reward_2_when_2_group_param_known": 3.1513752937316895, "reward_0_when_3_group_param_known": 3.8328397274017334, "reward_1_when_3_group_param_known": 3.5916991233825684, "reward_2_when_3_group_param_known": 3.3593173027038574, "reward_error_0_when_1_group_param_known": 0.0, "reward_error_1_when_1_group_param_known": 0.10561863953690821, "reward_error_2_when_1_group_param_known": 0.010813841137521808, "reward_error_0_when_2_group_param_known": 0.10561863953690821, "reward_error_1_when_2_group_param_known": 0.0, "reward_error_2_when_2_group_param_known": 0.06190007975870543, "reward_error_0_when_3_group_param_known": 0.00922177591448148, "reward_error_1_when_3_group_param_known": 0.0715559397191805, "reward_error_2_when_3_group_param_known": 0.0, "_wandb": {"runtime": 10}}