{"Iteration": 99, "train_loss": 18.613427222588733, "val_loss": 18.1798688702739, "grad_norm": 0.014543570904317583, "live_grad": 1.88584379731353e-14, "train_weighted_loss": 55.8402816677662, "val_weighted_loss": 54.53960661082171, "max_reward_err": 0.09212415547035253, "max_reward_err_index": 0, "max_kl_dist": 1.1905970084048465, "max_kl_dist_index": 0, "max_train_grp_loss": 21.255817743578604, "max_train_grp_loss_index": 0, "max_val_grp_loss": 20.5005689550531, "max_val_grp_loss_index": 0, "max_cur_train_grp_loss": 0.37717310860893416, "max_cur_train_grp_loss_index": 2, "reward_err_1": 0.09212415547035253, "reward_err_2": 0.0013221331377147108, "reward_err_3": 0.051734982573595364, "KL_distance_1": 1.1905970084048465, "KL_distance_2": 0.5316197459823817, "KL_distance_3": 0.9168034286175896, "reward_param_1": 9.05462659686386, "reward_param_2": 4.218165483558783, "reward_param_3": 8.526819029995611, "reward_param_4": 1.8423005029711415, "group_weight_1": 0.32081594959396437, "group_weight_2": 0.29502077984673103, "group_weight_3": 0.38416327055930477, "hist_group_loss_1": 19.941435083818376, "hist_group_loss_2": 11.55925519134977, "hist_group_loss_3": 37.96144038669791, "cur_group_loss_1": 0.1986680745113144, "cur_group_loss_2": 0.11592594344727569, "cur_group_loss_3": 0.37717310860893416, "train_group_loss_1": 21.255817743578604, "train_group_loss_2": 16.695549597614324, "train_group_loss_3": 18.479520941984603, "val_group_loss_1": 20.5005689550531, "val_group_loss_2": 14.650537504430535, "val_group_loss_3": 19.06155625464616, "_timestamp": 1726685317.2983181, "_runtime": 9.984845161437988, "_step": 2, "final/reward_err_1": 0.09212415547035253, "final/reward_err_2": 0.0013221331377147108, "final/reward_err_3": 0.051734982573595364, "final/reward_param_1": 9.05462659686386, "final/reward_param_2": 4.218165483558783, "final/reward_param_3": 8.526819029995611, "final/reward_param_4": 1.8423005029711415, "optimal_reward_1": 3.798083543777466, "optimal_reward_2": 3.798083543777466, "optimal_reward_3": 3.293947219848633, "final/reward_1": 3.763892412185669, "final/reward_2": 3.5496251583099365, "final/reward_3": 3.293947219848633, "reward_0_when_1_group_param_known": 3.798083543777466, "reward_1_when_1_group_param_known": 3.4340016841888428, "reward_2_when_1_group_param_known": 3.2582314014434814, "reward_0_when_2_group_param_known": 3.4340016841888428, "reward_1_when_2_group_param_known": 3.798083543777466, "reward_2_when_2_group_param_known": 3.1138041019439697, "reward_0_when_3_group_param_known": 3.763892412185669, "reward_1_when_3_group_param_known": 3.5496251583099365, "reward_2_when_3_group_param_known": 3.293947219848633, "reward_error_0_when_1_group_param_known": 0.0, "reward_error_1_when_1_group_param_known": 0.09585936048855775, "reward_error_2_when_1_group_param_known": 0.010842862991226866, "reward_error_0_when_2_group_param_known": 0.09585936048855775, "reward_error_1_when_2_group_param_known": 0.0, "reward_error_2_when_2_group_param_known": 0.054689133092102556, "reward_error_0_when_3_group_param_known": 0.009002206296334216, "reward_error_1_when_3_group_param_known": 0.06541677733092191, "reward_error_2_when_3_group_param_known": 0.0, "_wandb": {"runtime": 9}}