{"Iteration": 99, "train_loss": 15.571728317009926, "val_loss": 15.874205441231794, "grad_norm": 0.4754283709742144, "max_reward_err": 0.07335498200747204, "max_reward_err_index": 1, "max_kl_dist": 0.7506351339150388, "max_kl_dist_index": 0, "max_train_grp_loss": 20.890189390495465, "max_train_grp_loss_index": 0, "max_val_grp_loss": 20.305127476449197, "max_val_grp_loss_index": 0, "max_cur_train_grp_loss": 20.900364715732685, "max_cur_train_grp_loss_index": 0, "reward_err_1": 0.07097634157271657, "reward_err_2": 0.018520020369111285, "reward_err_3": 0.03841154613207022, "reward_param_1": 7.902795378458498, "reward_param_2": 4.95895950148283, "reward_param_3": 5.618512796796644, "reward_param_4": 2.667266031265093, "KL_distance_1": 0.7506351339150388, "KL_distance_2": 0.3892458933336448, "KL_distance_3": 0.5836629626070114, "hist_group_loss_1": 2168.5181034464144, "hist_group_loss_2": 1237.54815025587, "hist_group_loss_3": 2003.3172557891548, "cur_group_loss_1": 20.900364715732685, "cur_group_loss_2": 9.329572175745094, "cur_group_loss_3": 18.78973155135407, "train_group_loss_1": 20.890189390495465, "train_group_loss_2": 9.293426194234002, "train_group_loss_3": 18.771979396284127, "val_group_loss_1": 20.305127476449197, "val_group_loss_2": 9.947172067274117, "val_group_loss_3": 19.587406388210553, "_timestamp": 1726687353.3832269, "_runtime": 8.394702911376953, "_step": 2, "final/reward_err_1": 0.07097634157271657, "final/reward_err_2": 0.018520020369111285, "final/reward_err_3": 0.03841154613207022, "final/reward_param_1": 7.902795378458498, "final/reward_param_2": 4.95895950148283, "final/reward_param_3": 5.618512796796644, "final/reward_param_4": 2.667266031265093, "optimal_reward_1": 3.8246958255767822, "optimal_reward_2": 3.8246958255767822, "optimal_reward_3": 3.274172782897949, "final/reward_1": 3.7828567028045654, "final/reward_2": 3.5981593132019043, "final/reward_3": 3.274172782897949, "reward_0_when_1_group_param_known": 3.8246958255767822, "reward_1_when_1_group_param_known": 3.493746519088745, "reward_2_when_1_group_param_known": 3.228804111480713, "reward_0_when_2_group_param_known": 3.493746519088745, "reward_1_when_2_group_param_known": 3.8246958255767822, "reward_2_when_2_group_param_known": 3.1130502223968506, "reward_0_when_3_group_param_known": 3.7828567028045654, "reward_1_when_3_group_param_known": 3.5981593132019043, "reward_2_when_3_group_param_known": 3.274172782897949, "reward_error_0_when_1_group_param_known": 0.0, "reward_error_1_when_1_group_param_known": 0.08652957557432123, "reward_error_2_when_1_group_param_known": 0.013856529397046912, "reward_error_0_when_2_group_param_known": 0.08652957557432123, "reward_error_1_when_2_group_param_known": 0.0, "reward_error_2_when_2_group_param_known": 0.049210158163519424, "reward_error_0_when_3_group_param_known": 0.010939202666111954, "reward_error_1_when_3_group_param_known": 0.059229942119832533, "reward_error_2_when_3_group_param_known": 0.0, "_wandb": {"runtime": 8}}