{"Iteration": 99, "train_loss": 18.68181722245543, "val_loss": 18.89455772779719, "grad_norm": 0.34162460344371315, "max_reward_err": 0.08947952638212442, "max_reward_err_index": 1, "max_kl_dist": 0.446591825373927, "max_kl_dist_index": 0, "max_train_grp_loss": 20.699725877019578, "max_train_grp_loss_index": 0, "max_val_grp_loss": 19.575090108624877, "max_val_grp_loss_index": 0, "max_cur_train_grp_loss": 20.709854452205892, "max_cur_train_grp_loss_index": 0, "reward_err_1": 0.046853805097334354, "reward_err_2": 0.030633673281853527, "reward_err_3": 0.017448320224554836, "reward_param_1": 5.528699675045781, "reward_param_2": 3.5282960816527287, "reward_param_3": 4.9388913872631335, "reward_param_4": 5.30823210018004, "KL_distance_1": 0.446591825373927, "KL_distance_2": 0.35276127585161987, "KL_distance_3": 0.3390957451112896, "hist_group_loss_1": 2144.8138079601877, "hist_group_loss_2": 1729.784301971313, "hist_group_loss_3": 2038.6905052481698, "cur_group_loss_1": 20.709854452205892, "cur_group_loss_2": 16.053033077284855, "cur_group_loss_3": 19.3291345360387, "train_group_loss_1": 20.699725877019578, "train_group_loss_2": 16.04180742093914, "train_group_loss_3": 19.313273055402828, "val_group_loss_1": 19.575090108624877, "val_group_loss_2": 17.959265810490223, "val_group_loss_3": 19.024420492802943, "_timestamp": 1726684462.89395, "_runtime": 8.590995073318481, "_step": 2, "final/reward_err_1": 0.046853805097334354, "final/reward_err_2": 0.030633673281853527, "final/reward_err_3": 0.017448320224554836, "final/reward_param_1": 5.528699675045781, "final/reward_param_2": 3.5282960816527287, "final/reward_param_3": 4.9388913872631335, "final/reward_param_4": 5.30823210018004, "optimal_reward_1": 3.815298318862915, "optimal_reward_2": 3.815298318862915, "optimal_reward_3": 3.2616615295410156, "final/reward_1": 3.7792916297912598, "final/reward_2": 3.547971248626709, "final/reward_3": 3.2616615295410156, "reward_0_when_1_group_param_known": 3.815298318862915, "reward_1_when_1_group_param_known": 3.4180736541748047, "reward_2_when_1_group_param_known": 3.2313497066497803, "reward_0_when_2_group_param_known": 3.4180736541748047, "reward_1_when_2_group_param_known": 3.815298318862915, "reward_2_when_2_group_param_known": 3.058016777038574, "reward_0_when_3_group_param_known": 3.7792916297912598, "reward_1_when_3_group_param_known": 3.547971248626709, "reward_2_when_3_group_param_known": 3.2616615295410156, "reward_error_0_when_1_group_param_known": 0.0, "reward_error_1_when_1_group_param_known": 0.10411365809174691, "reward_error_2_when_1_group_param_known": 0.00929336861495278, "reward_error_0_when_2_group_param_known": 0.10411365809174691, "reward_error_1_when_2_group_param_known": 0.0, "reward_error_2_when_2_group_param_known": 0.06243589368731908, "reward_error_0_when_3_group_param_known": 0.009437450511703749, "reward_error_1_when_3_group_param_known": 0.07006714754506493, "reward_error_2_when_3_group_param_known": 0.0, "_wandb": {"runtime": 8}}