{"Iteration": 99, "train_loss": 17.545538180022742, "val_loss": 17.504409093553015, "grad_norm": 0.4033262483926261, "max_reward_err": 0.10360633295087102, "max_reward_err_index": 0, "max_kl_dist": 0.7051428476613839, "max_kl_dist_index": 0, "max_train_grp_loss": 20.64567647106407, "max_train_grp_loss_index": 0, "max_val_grp_loss": 20.94533541468304, "max_val_grp_loss_index": 0, "max_cur_train_grp_loss": 20.657514563502275, "max_cur_train_grp_loss_index": 0, "reward_err_1": 0.09293046750607419, "reward_err_2": 0.007469520808553345, "reward_err_3": 0.05824188793326571, "reward_param_1": 4.460566900199062, "reward_param_2": 2.6419673371452967, "reward_param_3": 8.043072128082459, "reward_param_4": 3.587268150341653, "KL_distance_1": 0.7051428476613839, "KL_distance_2": 0.2638410104649198, "KL_distance_3": 0.5450638699217512, "hist_group_loss_1": 2154.5805011317707, "hist_group_loss_2": 1570.8097179700956, "hist_group_loss_3": 2070.9122157648694, "cur_group_loss_1": 20.657514563502275, "cur_group_loss_2": 13.849987508375172, "cur_group_loss_3": 19.604224253368347, "train_group_loss_1": 20.64567647106407, "train_group_loss_2": 13.829391222727628, "train_group_loss_3": 19.58857875695998, "val_group_loss_1": 20.94533541468304, "val_group_loss_2": 11.713137435835737, "val_group_loss_3": 19.85748854769825, "_timestamp": 1726682606.1219468, "_runtime": 8.591715812683105, "_step": 2, "final/reward_err_1": 0.09293046750607419, "final/reward_err_2": 0.007469520808553345, "final/reward_err_3": 0.05824188793326571, "final/reward_param_1": 4.460566900199062, "final/reward_param_2": 2.6419673371452967, "final/reward_param_3": 8.043072128082459, "final/reward_param_4": 3.587268150341653, "optimal_reward_1": 3.843956232070923, "optimal_reward_2": 3.843956232070923, "optimal_reward_3": 3.254488229751587, "final/reward_1": 3.8041796684265137, "final/reward_2": 3.590562105178833, "final/reward_3": 3.254488229751587, "reward_0_when_1_group_param_known": 3.843956232070923, "reward_1_when_1_group_param_known": 3.4647014141082764, "reward_2_when_1_group_param_known": 3.2180964946746826, "reward_0_when_2_group_param_known": 3.4647014141082764, "reward_1_when_2_group_param_known": 3.843956232070923, "reward_2_when_2_group_param_known": 3.0630156993865967, "reward_0_when_3_group_param_known": 3.8041796684265137, "reward_1_when_3_group_param_known": 3.590562105178833, "reward_2_when_3_group_param_known": 3.254488229751587, "reward_error_0_when_1_group_param_known": 0.0, "reward_error_1_when_1_group_param_known": 0.09866262648841967, "reward_error_2_when_1_group_param_known": 0.011182014654169469, "reward_error_0_when_2_group_param_known": 0.09866262648841967, "reward_error_1_when_2_group_param_known": 0.0, "reward_error_2_when_2_group_param_known": 0.058833376201703216, "reward_error_0_when_3_group_param_known": 0.010347819080910722, "reward_error_1_when_3_group_param_known": 0.06592013841832281, "reward_error_2_when_3_group_param_known": 0.0, "_wandb": {"runtime": 8}}