{"Iteration": 99, "train_loss": 18.14214123785383, "val_loss": 16.391120582329965, "grad_norm": 0.3786210230115469, "max_reward_err": 0.07341293292699871, "max_reward_err_index": 0, "max_kl_dist": 0.6839538063001208, "max_kl_dist_index": 0, "max_train_grp_loss": 20.928312823174707, "max_train_grp_loss_index": 0, "max_val_grp_loss": 20.213127574958918, "max_val_grp_loss_index": 0, "max_cur_train_grp_loss": 20.933563762758407, "max_cur_train_grp_loss_index": 0, "reward_err_1": 0.08997718227318902, "reward_err_2": 0.015499010408465099, "reward_err_3": 0.05448178983833552, "reward_param_1": 3.891034857578632, "reward_param_2": 2.933804754127785, "reward_param_3": 7.9811701340145325, "reward_param_4": 4.349643748634317, "KL_distance_1": 0.6839538063001208, "KL_distance_2": 0.2841831083053972, "KL_distance_3": 0.531344815753719, "hist_group_loss_1": 2131.6413514060573, "hist_group_loss_2": 1660.1985836534927, "hist_group_loss_3": 2118.8401356795357, "cur_group_loss_1": 20.933563762758407, "cur_group_loss_2": 14.599241725173071, "cur_group_loss_3": 20.592891064349786, "train_group_loss_1": 20.928312823174707, "train_group_loss_2": 14.574266488287371, "train_group_loss_3": 20.584068176455624, "val_group_loss_1": 20.213127574958918, "val_group_loss_2": 9.622808730528769, "val_group_loss_3": 19.834792091707172, "_timestamp": 1726689607.919549, "_runtime": 8.608896017074585, "_step": 2, "final/reward_err_1": 0.08997718227318902, "final/reward_err_2": 0.015499010408465099, "final/reward_err_3": 0.05448178983833552, "final/reward_param_1": 3.891034857578632, "final/reward_param_2": 2.933804754127785, "final/reward_param_3": 7.9811701340145325, "final/reward_param_4": 4.349643748634317, "optimal_reward_1": 3.8608431816101074, "optimal_reward_2": 3.8608431816101074, "optimal_reward_3": 3.3174452781677246, "final/reward_1": 3.8267719745635986, "final/reward_2": 3.5796079635620117, "final/reward_3": 3.3174452781677246, "reward_0_when_1_group_param_known": 3.8608431816101074, "reward_1_when_1_group_param_known": 3.4672656059265137, "reward_2_when_1_group_param_known": 3.286299705505371, "reward_0_when_2_group_param_known": 3.4672656059265137, "reward_1_when_2_group_param_known": 3.8608431816101074, "reward_2_when_2_group_param_known": 3.1212518215179443, "reward_0_when_3_group_param_known": 3.8267719745635986, "reward_1_when_3_group_param_known": 3.5796079635620117, "reward_2_when_3_group_param_known": 3.3174452781677246, "reward_error_0_when_1_group_param_known": 0.0, "reward_error_1_when_1_group_param_known": 0.10194083446804438, "reward_error_2_when_1_group_param_known": 0.009388420923571552, "reward_error_0_when_2_group_param_known": 0.10194083446804438, "reward_error_1_when_2_group_param_known": 0.0, "reward_error_2_when_2_group_param_known": 0.05913992250028639, "reward_error_0_when_3_group_param_known": 0.008824809878006984, "reward_error_1_when_3_group_param_known": 0.07284295290408836, "reward_error_2_when_3_group_param_known": 0.0, "_wandb": {"runtime": 8}}