{"Iteration": 99, "train_loss": 16.999462890786756, "val_loss": 20.056400392069875, "grad_norm": 0.007622365575941744, "live_grad": 2.186322036565878e-14, "train_weighted_loss": 50.998388672360264, "val_weighted_loss": 60.16920117620964, "max_reward_err": 0.07645349330074706, "max_reward_err_index": 0, "max_kl_dist": 1.173179785808365, "max_kl_dist_index": 0, "max_train_grp_loss": 19.786944086120588, "max_train_grp_loss_index": 0, "max_val_grp_loss": 22.261973715888246, "max_val_grp_loss_index": 1, "max_cur_train_grp_loss": 0.22233929191032356, "max_cur_train_grp_loss_index": 0, "reward_err_1": 0.07645349330074706, "reward_err_2": 0.01893002848995693, "reward_err_3": 0.040397121416063164, "KL_distance_1": 1.173179785808365, "KL_distance_2": 0.6754996665380449, "KL_distance_3": 0.9520387035362965, "reward_param_1": 10.383190141743805, "reward_param_2": 3.091926926010953, "reward_param_3": 6.919839663664644, "reward_param_4": 6.795896172073214, "group_weight_1": 0.3496606741898478, "group_weight_2": 0.3165264239201354, "group_weight_3": 0.33381290189001683, "hist_group_loss_1": 22.32897735874084, "hist_group_loss_2": 12.373331768864567, "hist_group_loss_3": 17.6907253728669, "cur_group_loss_1": 0.22233929191032356, "cur_group_loss_2": 0.12444018861995765, "cur_group_loss_3": 0.17600556693279398, "train_group_loss_1": 19.786944086120588, "train_group_loss_2": 13.192990910878954, "train_group_loss_3": 18.47946482874405, "val_group_loss_1": 19.536994005567298, "val_group_loss_2": 22.261973715888246, "val_group_loss_3": 18.388993944903568, "_timestamp": 1726605915.424216, "_runtime": 10.104416131973267, "_step": 2, "final/reward_err_1": 0.07645349330074706, "final/reward_err_2": 0.01893002848995693, "final/reward_err_3": 0.040397121416063164, "final/reward_param_1": 10.383190141743805, "final/reward_param_2": 3.091926926010953, "final/reward_param_3": 6.919839663664644, "final/reward_param_4": 6.795896172073214, "optimal_reward_1": 3.7967944145202637, "optimal_reward_2": 3.7967944145202637, "optimal_reward_3": 3.2860965728759766, "final/reward_1": 3.762887954711914, "final/reward_2": 3.552025556564331, "final/reward_3": 3.2860965728759766, "reward_0_when_1_group_param_known": 3.7967944145202637, "reward_1_when_1_group_param_known": 3.4310121536254883, "reward_2_when_1_group_param_known": 3.2510554790496826, "reward_0_when_2_group_param_known": 3.4310121536254883, "reward_1_when_2_group_param_known": 3.7967944145202637, "reward_2_when_2_group_param_known": 3.104628562927246, "reward_0_when_3_group_param_known": 3.762887954711914, "reward_1_when_3_group_param_known": 3.552025556564331, "reward_2_when_3_group_param_known": 3.2860965728759766, "reward_error_0_when_1_group_param_known": 0.0, "reward_error_1_when_1_group_param_known": 0.09633975953396283, "reward_error_2_when_1_group_param_known": 0.010663440056974997, "reward_error_0_when_2_group_param_known": 0.09633975953396283, "reward_error_1_when_2_group_param_known": 0.0, "reward_error_2_when_2_group_param_known": 0.05522296923547518, "reward_error_0_when_3_group_param_known": 0.008930285948240838, "reward_error_1_when_3_group_param_known": 0.06446724031721372, "reward_error_2_when_3_group_param_known": 0.0, "_wandb": {"runtime": 9}}