{"Iteration": 99, "train_loss": 18.17826889676377, "val_loss": 18.474166572711287, "grad_norm": 0.34183806259110305, "max_reward_err": 0.045451708668490645, "max_reward_err_index": 0, "max_kl_dist": 0.5265778041776193, "max_kl_dist_index": 0, "max_train_grp_loss": 20.486831348808085, "max_train_grp_loss_index": 0, "max_val_grp_loss": 20.22906508223368, "max_val_grp_loss_index": 0, "max_cur_train_grp_loss": 20.49683584152687, "max_cur_train_grp_loss_index": 0, "reward_err_1": 0.057419014084723975, "reward_err_2": 0.013879444836992532, "reward_err_3": 0.025665947034487668, "reward_param_1": 6.013623373015301, "reward_param_2": 3.7150727593750617, "reward_param_3": 5.462690359740583, "reward_param_4": 4.1766944270488375, "KL_distance_1": 0.5265778041776193, "KL_distance_2": 0.28305462763444417, "KL_distance_3": 0.38491882616701406, "hist_group_loss_1": 2124.1269051091804, "hist_group_loss_2": 1588.3906126008674, "hist_group_loss_3": 2086.675401371745, "cur_group_loss_1": 20.49683584152687, "cur_group_loss_2": 14.723676714269898, "cur_group_loss_3": 19.897640783425857, "train_group_loss_1": 20.486831348808085, "train_group_loss_2": 14.711138906063578, "train_group_loss_3": 19.883339759495833, "val_group_loss_1": 20.22906508223368, "val_group_loss_2": 15.493511650523983, "val_group_loss_3": 19.474542299692132, "_timestamp": 1726682439.1999, "_runtime": 8.687484979629517, "_step": 2, "final/reward_err_1": 0.057419014084723975, "final/reward_err_2": 0.013879444836992532, "final/reward_err_3": 0.025665947034487668, "final/reward_param_1": 6.013623373015301, "final/reward_param_2": 3.7150727593750617, "final/reward_param_3": 5.462690359740583, "final/reward_param_4": 4.1766944270488375, "optimal_reward_1": 3.8699047565460205, "optimal_reward_2": 3.8699047565460205, "optimal_reward_3": 3.375126361846924, "final/reward_1": 3.831815481185913, "final/reward_2": 3.603090763092041, "final/reward_3": 3.375126361846924, "reward_0_when_1_group_param_known": 3.8699047565460205, "reward_1_when_1_group_param_known": 3.4682676792144775, "reward_2_when_1_group_param_known": 3.3350672721862793, "reward_0_when_2_group_param_known": 3.4682676792144775, "reward_1_when_2_group_param_known": 3.8699047565460205, "reward_2_when_2_group_param_known": 3.164400100708008, "reward_0_when_3_group_param_known": 3.831815481185913, "reward_1_when_3_group_param_known": 3.603090763092041, "reward_2_when_3_group_param_known": 3.375126361846924, "reward_error_0_when_1_group_param_known": 0.0, "reward_error_1_when_1_group_param_known": 0.10378474474137016, "reward_error_2_when_1_group_param_known": 0.011868915520758028, "reward_error_0_when_2_group_param_known": 0.10378474474137016, "reward_error_1_when_2_group_param_known": 0.0, "reward_error_2_when_2_group_param_known": 0.06243507310452317, "reward_error_0_when_3_group_param_known": 0.009842432244793276, "reward_error_1_when_3_group_param_known": 0.06894588116223231, "reward_error_2_when_3_group_param_known": 0.0, "_wandb": {"runtime": 8}}