{"Iteration": 99, "train_loss": 18.45193108274346, "val_loss": 18.239993257064942, "grad_norm": 0.012874438139484039, "live_grad": 3.678375135673038e-14, "train_weighted_loss": 55.355793248230384, "val_weighted_loss": 54.71997977119483, "max_reward_err": 0.09973074148853728, "max_reward_err_index": 0, "max_kl_dist": 1.3000415320928533, "max_kl_dist_index": 0, "max_train_grp_loss": 19.730466446722406, "max_train_grp_loss_index": 0, "max_val_grp_loss": 20.14285410554143, "max_val_grp_loss_index": 0, "max_cur_train_grp_loss": 0.40390387807273237, "max_cur_train_grp_loss_index": 2, "reward_err_1": 0.09973074148853728, "reward_err_2": 0.004425861860464452, "reward_err_3": 0.06339045005751656, "KL_distance_1": 1.3000415320928533, "KL_distance_2": 0.6174006834090106, "KL_distance_3": 1.0725864172106099, "reward_param_1": 6.317301986249923, "reward_param_2": 4.873171097918714, "reward_param_3": 11.563803743707833, "reward_param_4": 3.522494231414991, "group_weight_1": 0.3078981323654729, "group_weight_2": 0.29858761822254465, "group_weight_3": 0.3935142494119825, "hist_group_loss_1": 16.10190192940217, "hist_group_loss_2": 13.031344824517994, "hist_group_loss_3": 40.63673092761793, "cur_group_loss_1": 0.16042085107088183, "cur_group_loss_2": 0.1308779088434415, "cur_group_loss_3": 0.40390387807273237, "train_group_loss_1": 19.730466446722406, "train_group_loss_2": 16.885607612799717, "train_group_loss_3": 19.38517853802122, "val_group_loss_1": 20.14285410554143, "val_group_loss_2": 15.775605733409348, "val_group_loss_3": 18.802811534746645, "_timestamp": 1726685011.857901, "_runtime": 9.877796173095703, "_step": 2, "final/reward_err_1": 0.09973074148853728, "final/reward_err_2": 0.004425861860464452, "final/reward_err_3": 0.06339045005751656, "final/reward_param_1": 6.317301986249923, "final/reward_param_2": 4.873171097918714, "final/reward_param_3": 11.563803743707833, "final/reward_param_4": 3.522494231414991, "optimal_reward_1": 3.8385727405548096, "optimal_reward_2": 3.8385727405548096, "optimal_reward_3": 3.2517144680023193, "final/reward_1": 3.796536684036255, "final/reward_2": 3.582489252090454, "final/reward_3": 3.2517144680023193, "reward_0_when_1_group_param_known": 3.8385727405548096, "reward_1_when_1_group_param_known": 3.460787534713745, "reward_2_when_1_group_param_known": 3.2131664752960205, "reward_0_when_2_group_param_known": 3.460787534713745, "reward_1_when_2_group_param_known": 3.8385727405548096, "reward_2_when_2_group_param_known": 3.0634775161743164, "reward_0_when_3_group_param_known": 3.796536684036255, "reward_1_when_3_group_param_known": 3.582489252090454, "reward_2_when_3_group_param_known": 3.2517144680023193, "reward_error_0_when_1_group_param_known": 0.0, "reward_error_1_when_1_group_param_known": 0.09841814428830158, "reward_error_2_when_1_group_param_known": 0.011854667156547932, "reward_error_0_when_2_group_param_known": 0.09841814428830158, "reward_error_1_when_2_group_param_known": 0.0, "reward_error_2_when_2_group_param_known": 0.057888524247839544, "reward_error_0_when_3_group_param_known": 0.010950959994698183, "reward_error_1_when_3_group_param_known": 0.06671320456137621, "reward_error_2_when_3_group_param_known": 0.0, "_wandb": {"runtime": 9}}