{"Iteration": 199, "train_loss": 13.770827767817497, "val_loss": 14.589541529020094, "grad_norm": 0.05680992925207724, "live_grad": 1.856277588590468e-14, "train_weighted_loss": 41.3124833034525, "val_weighted_loss": 43.768624587060295, "max_reward_err": 0.07700300395100945, "max_reward_err_index": 0, "max_kl_dist": 1.7881312579578958, "max_kl_dist_index": 0, "max_train_grp_loss": 19.391214088709194, "max_train_grp_loss_index": 0, "max_val_grp_loss": 19.366607280712984, "max_val_grp_loss_index": 0, "max_cur_train_grp_loss": 0.3768283733706618, "max_cur_train_grp_loss_index": 2, "reward_err_1": 0.07700300395100945, "reward_err_2": 0.0028771832903375376, "reward_err_3": 0.04157368494407317, "KL_distance_1": 1.7881312579578958, "KL_distance_2": 1.0490332060497913, "KL_distance_3": 1.4784670934457005, "reward_param_1": 12.636472758460577, "reward_param_2": 5.015731294943813, "reward_param_3": 10.981667027510683, "reward_param_4": 5.4016121748827555, "group_weight_1": 0.2961065610470559, "group_weight_2": 0.2383900945334915, "group_weight_3": 0.4655033444194528, "hist_group_loss_1": 31.713911791534663, "hist_group_loss_2": 10.032810939201553, "hist_group_loss_3": 76.95390061055224, "cur_group_loss_1": 0.15640377533751285, "cur_group_loss_2": 0.05370511549165213, "cur_group_loss_3": 0.3768283733706618, "train_group_loss_1": 19.391214088709194, "train_group_loss_2": 6.934194335928856, "train_group_loss_3": 17.70695136192524, "val_group_loss_1": 19.366607280712984, "val_group_loss_2": 6.921175946705881, "val_group_loss_3": 17.080564345459095, "_timestamp": 1726698153.9679549, "_runtime": 14.208010911941528, "_step": 3, "final/reward_err_1": 0.07700300395100945, "final/reward_err_2": 0.0028771832903375376, "final/reward_err_3": 0.04157368494407317, "final/reward_param_1": 12.636472758460577, "final/reward_param_2": 5.015731294943813, "final/reward_param_3": 10.981667027510683, "final/reward_param_4": 5.4016121748827555, "optimal_reward_1": 3.8668251037597656, "optimal_reward_2": 3.8668251037597656, "optimal_reward_3": 3.3220629692077637, "final/reward_1": 3.8242225646972656, "final/reward_2": 3.634657144546509, "final/reward_3": 3.3220629692077637, "reward_0_when_1_group_param_known": 3.8668251037597656, "reward_1_when_1_group_param_known": 3.533245086669922, "reward_2_when_1_group_param_known": 3.2733237743377686, "reward_0_when_2_group_param_known": 3.533245086669922, "reward_1_when_2_group_param_known": 3.8668251037597656, "reward_2_when_2_group_param_known": 3.158748149871826, "reward_0_when_3_group_param_known": 3.8242225646972656, "reward_1_when_3_group_param_known": 3.634657144546509, "reward_2_when_3_group_param_known": 3.3220629692077637, "reward_error_0_when_1_group_param_known": 0.0, "reward_error_1_when_1_group_param_known": 0.08626715926859466, "reward_error_2_when_1_group_param_known": 0.014671363945162757, "reward_error_0_when_2_group_param_known": 0.08626715926859466, "reward_error_1_when_2_group_param_known": 0.0, "reward_error_2_when_2_group_param_known": 0.04916066337384459, "reward_error_0_when_3_group_param_known": 0.011017446592316002, "reward_error_1_when_3_group_param_known": 0.06004097754189007, "reward_error_2_when_3_group_param_known": 0.0, "_wandb": {"runtime": 14}}