{"Iteration": 99, "train_loss": 17.217022186324375, "val_loss": 14.573946642358042, "grad_norm": 0.00930758501712468, "live_grad": 1.0592226089936668e-14, "train_weighted_loss": 51.65106655897311, "val_weighted_loss": 43.72183992707413, "max_reward_err": 0.0830492724758321, "max_reward_err_index": 0, "max_kl_dist": 1.3577361849356822, "max_kl_dist_index": 0, "max_train_grp_loss": 19.40150745347814, "max_train_grp_loss_index": 0, "max_val_grp_loss": 18.50558417902187, "max_val_grp_loss_index": 0, "max_cur_train_grp_loss": 0.378653338966823, "max_cur_train_grp_loss_index": 2, "reward_err_1": 0.0830492724758321, "reward_err_2": 0.003980887354182966, "reward_err_3": 0.04518940181146126, "KL_distance_1": 1.3577361849356822, "KL_distance_2": 0.7502185281501392, "KL_distance_3": 1.0846782261950993, "reward_param_1": 9.88952876509495, "reward_param_2": 4.9954443177393815, "reward_param_3": 9.790096884222468, "reward_param_4": 4.926203600350895, "group_weight_1": 0.3072825170741525, "group_weight_2": 0.3021352942913534, "group_weight_3": 0.3905821886344941, "hist_group_loss_1": 14.111711547923827, "hist_group_loss_2": 12.422445140517018, "hist_group_loss_3": 38.0987957396345, "cur_group_loss_1": 0.1405983254894341, "cur_group_loss_2": 0.12484558672127506, "cur_group_loss_3": 0.378653338966823, "train_group_loss_1": 19.40150745347814, "train_group_loss_2": 14.359369004751782, "train_group_loss_3": 17.795131739805814, "val_group_loss_1": 18.50558417902187, "val_group_loss_2": 7.331731885117773, "val_group_loss_3": 17.359061429923912, "_timestamp": 1726690667.178921, "_runtime": 9.78744888305664, "_step": 2, "final/reward_err_1": 0.0830492724758321, "final/reward_err_2": 0.003980887354182966, "final/reward_err_3": 0.04518940181146126, "final/reward_param_1": 9.88952876509495, "final/reward_param_2": 4.9954443177393815, "final/reward_param_3": 9.790096884222468, "final/reward_param_4": 4.926203600350895, "optimal_reward_1": 3.8699047565460205, "optimal_reward_2": 3.8699047565460205, "optimal_reward_3": 3.375126361846924, "final/reward_1": 3.831815481185913, "final/reward_2": 3.603090763092041, "final/reward_3": 3.375126361846924, "reward_0_when_1_group_param_known": 3.8699047565460205, "reward_1_when_1_group_param_known": 3.4682676792144775, "reward_2_when_1_group_param_known": 3.3350672721862793, "reward_0_when_2_group_param_known": 3.4682676792144775, "reward_1_when_2_group_param_known": 3.8699047565460205, "reward_2_when_2_group_param_known": 3.164400100708008, "reward_0_when_3_group_param_known": 3.831815481185913, "reward_1_when_3_group_param_known": 3.603090763092041, "reward_2_when_3_group_param_known": 3.375126361846924, "reward_error_0_when_1_group_param_known": 0.0, "reward_error_1_when_1_group_param_known": 0.10378474474137016, "reward_error_2_when_1_group_param_known": 0.011868915520758028, "reward_error_0_when_2_group_param_known": 0.10378474474137016, "reward_error_1_when_2_group_param_known": 0.0, "reward_error_2_when_2_group_param_known": 0.06243507310452317, "reward_error_0_when_3_group_param_known": 0.009842432244793276, "reward_error_1_when_3_group_param_known": 0.06894588116223231, "reward_error_2_when_3_group_param_known": 0.0, "_wandb": {"runtime": 9}}