{"Iteration": 99, "train_loss": 18.61815316777125, "val_loss": 18.83539013923076, "grad_norm": 0.3323090184310379, "max_reward_err": 0.06443084132282142, "max_reward_err_index": 0, "max_kl_dist": 0.6127044455827048, "max_kl_dist_index": 0, "max_train_grp_loss": 21.065648418096455, "max_train_grp_loss_index": 0, "max_val_grp_loss": 20.432904140910974, "max_val_grp_loss_index": 0, "max_cur_train_grp_loss": 21.073366577618707, "max_cur_train_grp_loss_index": 0, "reward_err_1": 0.06381387506797138, "reward_err_2": 0.029095422124070354, "reward_err_3": 0.03457168333435887, "reward_param_1": 7.443571788662221, "reward_param_2": 5.430824497165634, "reward_param_3": 4.056034071382827, "reward_param_4": 2.6213589341860293, "KL_distance_1": 0.6127044455827048, "KL_distance_2": 0.3807950706665915, "KL_distance_3": 0.48291385867038045, "hist_group_loss_1": 2163.2105757369595, "hist_group_loss_2": 1574.6601459100184, "hist_group_loss_3": 2027.066344602802, "cur_group_loss_1": 21.073366577618707, "cur_group_loss_2": 14.78052319202686, "cur_group_loss_3": 19.239254812714243, "train_group_loss_1": 21.065648418096455, "train_group_loss_2": 14.76985945524097, "train_group_loss_3": 19.223587226441875, "val_group_loss_1": 20.432904140910974, "val_group_loss_2": 16.693756812824724, "val_group_loss_3": 19.3703506877159, "_timestamp": 1726666435.6124601, "_runtime": 8.09330701828003, "_step": 2, "final/reward_err_1": 0.06381387506797138, "final/reward_err_2": 0.029095422124070354, "final/reward_err_3": 0.03457168333435887, "final/reward_param_1": 7.443571788662221, "final/reward_param_2": 5.430824497165634, "final/reward_param_3": 4.056034071382827, "final/reward_param_4": 2.6213589341860293, "optimal_reward_1": 3.833841323852539, "optimal_reward_2": 3.833841323852539, "optimal_reward_3": 3.2741200923919678, "final/reward_1": 3.798693895339966, "final/reward_2": 3.570518970489502, "final/reward_3": 3.2741200923919678, "reward_0_when_1_group_param_known": 3.833841323852539, "reward_1_when_1_group_param_known": 3.4367165565490723, "reward_2_when_1_group_param_known": 3.2448534965515137, "reward_0_when_2_group_param_known": 3.4367165565490723, "reward_1_when_2_group_param_known": 3.833841323852539, "reward_2_when_2_group_param_known": 3.0692381858825684, "reward_0_when_3_group_param_known": 3.798693895339966, "reward_1_when_3_group_param_known": 3.570518970489502, "reward_2_when_3_group_param_known": 3.2741200923919678, "reward_error_0_when_1_group_param_known": 0.0, "reward_error_1_when_1_group_param_known": 0.10358403850277383, "reward_error_2_when_1_group_param_known": 0.008938766757047344, "reward_error_0_when_2_group_param_known": 0.10358403850277383, "reward_error_1_when_2_group_param_known": 0.0, "reward_error_2_when_2_group_param_known": 0.06257617336196096, "reward_error_0_when_3_group_param_known": 0.009167679500427106, "reward_error_1_when_3_group_param_known": 0.06868368592219944, "reward_error_2_when_3_group_param_known": 0.0, "_wandb": {"runtime": 8}}