{"Iteration": 99, "train_loss": 21.642960197563966, "val_loss": 21.596207851213514, "grad_norm": 0.24831174716020457, "max_reward_err": 0.06327772414113106, "max_reward_err_index": 1, "max_kl_dist": 0.36193493381602376, "max_kl_dist_index": 0, "max_train_grp_loss": 24.211683160624258, "max_train_grp_loss_index": 0, "max_val_grp_loss": 23.880342730033703, "max_val_grp_loss_index": 0, "max_cur_train_grp_loss": 24.21030244264598, "max_cur_train_grp_loss_index": 0, "reward_err_1": 0.0629740067568077, "reward_err_2": 0.017864895596919284, "reward_err_3": 0.030941675889535503, "reward_param_1": 5.437558362776193, "reward_param_2": 2.999758539820077, "reward_param_3": 3.9512295710090406, "reward_param_4": 3.897874159655094, "KL_distance_1": 0.36193493381602376, "KL_distance_2": 0.19102433928712242, "KL_distance_3": 0.2510481082103435, "hist_group_loss_1": 2414.5603870592854, "hist_group_loss_2": 2101.6299382212173, "hist_group_loss_3": 2049.4911179087794, "cur_group_loss_1": 24.21030244264598, "cur_group_loss_2": 20.165059661542223, "cur_group_loss_3": 19.767600421333537, "train_group_loss_1": 24.211683160624258, "train_group_loss_2": 20.154913865624184, "train_group_loss_3": 19.75555511262336, "val_group_loss_1": 23.880342730033703, "val_group_loss_2": 20.422235082357332, "val_group_loss_3": 20.28740292308661, "_timestamp": 1726611439.096012, "_runtime": 8.059314012527466, "_step": 2, "final/reward_err_1": 0.0629740067568077, "final/reward_err_2": 0.017864895596919284, "final/reward_err_3": 0.030941675889535503, "final/reward_param_1": 5.437558362776193, "final/reward_param_2": 2.999758539820077, "final/reward_param_3": 3.9512295710090406, "final/reward_param_4": 3.897874159655094, "optimal_reward_1": 3.8896820545196533, "optimal_reward_2": 3.8896820545196533, "optimal_reward_3": 3.3616816997528076, "final/reward_1": 3.855863332748413, "final/reward_2": 3.632194757461548, "final/reward_3": 3.3616816997528076, "reward_0_when_1_group_param_known": 3.8896820545196533, "reward_1_when_1_group_param_known": 3.4789624214172363, "reward_2_when_1_group_param_known": 3.324706554412842, "reward_0_when_2_group_param_known": 3.4789624214172363, "reward_1_when_2_group_param_known": 3.8896820545196533, "reward_2_when_2_group_param_known": 3.1460585594177246, "reward_0_when_3_group_param_known": 3.855863332748413, "reward_1_when_3_group_param_known": 3.632194757461548, "reward_2_when_3_group_param_known": 3.3616816997528076, "reward_error_0_when_1_group_param_known": 0.0, "reward_error_1_when_1_group_param_known": 0.10559208370904696, "reward_error_2_when_1_group_param_known": 0.010999002476256063, "reward_error_0_when_2_group_param_known": 0.10559208370904696, "reward_error_1_when_2_group_param_known": 0.0, "reward_error_2_when_2_group_param_known": 0.06414145049810584, "reward_error_0_when_3_group_param_known": 0.00869446944434552, "reward_error_1_when_3_group_param_known": 0.06619751780455053, "reward_error_2_when_3_group_param_known": 0.0, "_wandb": {"runtime": 7}}