{"Iteration": 99, "train_loss": 14.041068810306127, "val_loss": 15.571005562222428, "grad_norm": 0.017399320441868933, "live_grad": 3.444501600237755e-14, "train_weighted_loss": 42.12320643091838, "val_weighted_loss": 46.71301668666729, "max_reward_err": 0.10153556390097028, "max_reward_err_index": 0, "max_kl_dist": 1.8998430350243736, "max_kl_dist_index": 0, "max_train_grp_loss": 20.241271982187513, "max_train_grp_loss_index": 0, "max_val_grp_loss": 20.71496966180199, "max_val_grp_loss_index": 0, "max_cur_train_grp_loss": 0.34584307716073953, "max_cur_train_grp_loss_index": 2, "reward_err_1": 0.10153556390097028, "reward_err_2": 0.0030284516798520563, "reward_err_3": 0.06459780264192552, "KL_distance_1": 1.8998430350243736, "KL_distance_2": 1.0192228932932084, "KL_distance_3": 1.6038918266323172, "reward_param_1": 8.315794035326482, "reward_param_2": 5.527181215069983, "reward_param_3": 14.627711344580183, "reward_param_4": 4.7036406728271025, "group_weight_1": 0.322870942084493, "group_weight_2": 0.2891639753387084, "group_weight_3": 0.3879650825767987, "hist_group_loss_1": 16.55007064597899, "hist_group_loss_2": 5.524193911604384, "hist_group_loss_3": 34.91633654073333, "cur_group_loss_1": 0.16458055858711804, "cur_group_loss_2": 0.05561496224758733, "cur_group_loss_3": 0.34584307716073953, "train_group_loss_1": 20.241271982187513, "train_group_loss_2": 7.177822214857599, "train_group_loss_3": 16.598023407627995, "val_group_loss_1": 20.71496966180199, "val_group_loss_2": 8.12154989062186, "val_group_loss_3": 17.540981705101363, "_timestamp": 1726690240.2834592, "_runtime": 9.744739294052124, "_step": 2, "final/reward_err_1": 0.10153556390097028, "final/reward_err_2": 0.0030284516798520563, "final/reward_err_3": 0.06459780264192552, "final/reward_param_1": 8.315794035326482, "final/reward_param_2": 5.527181215069983, "final/reward_param_3": 14.627711344580183, "final/reward_param_4": 4.7036406728271025, "optimal_reward_1": 3.8380610942840576, "optimal_reward_2": 3.8380610942840576, "optimal_reward_3": 3.256373405456543, "final/reward_1": 3.7958598136901855, "final/reward_2": 3.5798747539520264, "final/reward_3": 3.256373405456543, "reward_0_when_1_group_param_known": 3.8380610942840576, "reward_1_when_1_group_param_known": 3.4578683376312256, "reward_2_when_1_group_param_known": 3.2186596393585205, "reward_0_when_2_group_param_known": 3.4578683376312256, "reward_1_when_2_group_param_known": 3.8380610942840576, "reward_2_when_2_group_param_known": 3.066926956176758, "reward_0_when_3_group_param_known": 3.7958598136901855, "reward_1_when_3_group_param_known": 3.5798747539520264, "reward_2_when_3_group_param_known": 3.256373405456543, "reward_error_0_when_1_group_param_known": 0.0, "reward_error_1_when_1_group_param_known": 0.09905854735325735, "reward_error_2_when_1_group_param_known": 0.011581523800319515, "reward_error_0_when_2_group_param_known": 0.09905854735325735, "reward_error_1_when_2_group_param_known": 0.0, "reward_error_2_when_2_group_param_known": 0.05817712703412304, "reward_error_0_when_3_group_param_known": 0.010995468690355538, "reward_error_1_when_3_group_param_known": 0.06726999231891923, "reward_error_2_when_3_group_param_known": 0.0, "_wandb": {"runtime": 9}}