{"Iteration": 99, "train_loss": 15.60862720049834, "val_loss": 14.610051426044974, "grad_norm": 0.011289220064709607, "live_grad": 1.8242825833464353e-14, "train_weighted_loss": 46.82588160149502, "val_weighted_loss": 43.83015427813492, "max_reward_err": 0.09134397695063025, "max_reward_err_index": 0, "max_kl_dist": 1.5109170459288703, "max_kl_dist_index": 0, "max_train_grp_loss": 19.08904823260054, "max_train_grp_loss_index": 0, "max_val_grp_loss": 18.898233003169384, "max_val_grp_loss_index": 0, "max_cur_train_grp_loss": 0.35362394847006484, "max_cur_train_grp_loss_index": 2, "reward_err_1": 0.09134397695063025, "reward_err_2": 0.001973422698230486, "reward_err_3": 0.04895831364991151, "KL_distance_1": 1.5109170459288703, "KL_distance_2": 0.8230502555563743, "KL_distance_3": 1.2197550884965522, "reward_param_1": 9.783741283901714, "reward_param_2": 3.619205177637148, "reward_param_3": 11.14467850162085, "reward_param_4": 5.32937500348232, "group_weight_1": 0.3124420994287371, "group_weight_2": 0.29915319568331866, "group_weight_3": 0.38840470488794426, "hist_group_loss_1": 13.898449454979495, "hist_group_loss_2": 9.552112669209947, "hist_group_loss_3": 35.66131742236792, "cur_group_loss_1": 0.13833484098836665, "cur_group_loss_2": 0.0957998940542332, "cur_group_loss_3": 0.35362394847006484, "train_group_loss_1": 19.08904823260054, "train_group_loss_2": 11.019333232743309, "train_group_loss_3": 16.61864217627972, "val_group_loss_1": 18.898233003169384, "val_group_loss_2": 6.090643382709544, "val_group_loss_3": 18.2025754804906, "_timestamp": 1726690460.758614, "_runtime": 9.877231121063232, "_step": 2, "final/reward_err_1": 0.09134397695063025, "final/reward_err_2": 0.001973422698230486, "final/reward_err_3": 0.04895831364991151, "final/reward_param_1": 9.783741283901714, "final/reward_param_2": 3.619205177637148, "final/reward_param_3": 11.14467850162085, "final/reward_param_4": 5.32937500348232, "optimal_reward_1": 3.863293409347534, "optimal_reward_2": 3.863293409347534, "optimal_reward_3": 3.305746555328369, "final/reward_1": 3.8207428455352783, "final/reward_2": 3.5901966094970703, "final/reward_3": 3.305746555328369, "reward_0_when_1_group_param_known": 3.863293409347534, "reward_1_when_1_group_param_known": 3.4657766819000244, "reward_2_when_1_group_param_known": 3.2736518383026123, "reward_0_when_2_group_param_known": 3.4657766819000244, "reward_1_when_2_group_param_known": 3.863293409347534, "reward_2_when_2_group_param_known": 3.112474203109741, "reward_0_when_3_group_param_known": 3.8207428455352783, "reward_1_when_3_group_param_known": 3.5901966094970703, "reward_2_when_3_group_param_known": 3.305746555328369, "reward_error_0_when_1_group_param_known": 0.0, "reward_error_1_when_1_group_param_known": 0.10289581590818021, "reward_error_2_when_1_group_param_known": 0.00970876517258256, "reward_error_0_when_2_group_param_known": 0.10289581590818021, "reward_error_1_when_2_group_param_known": 0.0, "reward_error_2_when_2_group_param_known": 0.058465568664694455, "reward_error_0_when_3_group_param_known": 0.011014064763836345, "reward_error_1_when_3_group_param_known": 0.07069015239424613, "reward_error_2_when_3_group_param_known": 0.0, "_wandb": {"runtime": 10}}