{"Iteration": 99, "train_loss": 16.444047322478, "val_loss": 17.049751203465334, "grad_norm": 0.3135009154731992, "max_reward_err": 0.05682207048989106, "max_reward_err_index": 1, "max_kl_dist": 0.6927018807627245, "max_kl_dist_index": 0, "max_train_grp_loss": 19.44961496774236, "max_train_grp_loss_index": 0, "max_val_grp_loss": 19.567879751712297, "max_val_grp_loss_index": 0, "max_cur_train_grp_loss": 19.453143965404443, "max_cur_train_grp_loss_index": 0, "reward_err_1": 0.06518515656826007, "reward_err_2": 0.020564771519715683, "reward_err_3": 0.028266595775095046, "reward_param_1": 7.311515892948993, "reward_param_2": 4.2754989552607965, "reward_param_3": 6.04696340613123, "reward_param_4": 5.261663444502717, "KL_distance_1": 0.6927018807627245, "KL_distance_2": 0.4431852166253328, "KL_distance_3": 0.544415291384517, "hist_group_loss_1": 1973.5088294291866, "hist_group_loss_2": 1355.2445775957985, "hist_group_loss_3": 1877.4702784305916, "cur_group_loss_1": 19.453143965404443, "cur_group_loss_2": 12.202176191973617, "cur_group_loss_3": 18.050419642414354, "train_group_loss_1": 19.44961496774236, "train_group_loss_2": 12.185212680678916, "train_group_loss_3": 18.03974197695486, "val_group_loss_1": 19.567879751712297, "val_group_loss_2": 12.434292351337515, "val_group_loss_3": 18.785009805589862, "_timestamp": 1726682253.001054, "_runtime": 8.611885070800781, "_step": 2, "final/reward_err_1": 0.06518515656826007, "final/reward_err_2": 0.020564771519715683, "final/reward_err_3": 0.028266595775095046, "final/reward_param_1": 7.311515892948993, "final/reward_param_2": 4.2754989552607965, "final/reward_param_3": 6.04696340613123, "final/reward_param_4": 5.261663444502717, "optimal_reward_1": 3.863293409347534, "optimal_reward_2": 3.863293409347534, "optimal_reward_3": 3.305746555328369, "final/reward_1": 3.8207428455352783, "final/reward_2": 3.5901966094970703, "final/reward_3": 3.305746555328369, "reward_0_when_1_group_param_known": 3.863293409347534, "reward_1_when_1_group_param_known": 3.4657766819000244, "reward_2_when_1_group_param_known": 3.2736518383026123, "reward_0_when_2_group_param_known": 3.4657766819000244, "reward_1_when_2_group_param_known": 3.863293409347534, "reward_2_when_2_group_param_known": 3.112474203109741, "reward_0_when_3_group_param_known": 3.8207428455352783, "reward_1_when_3_group_param_known": 3.5901966094970703, "reward_2_when_3_group_param_known": 3.305746555328369, "reward_error_0_when_1_group_param_known": 0.0, "reward_error_1_when_1_group_param_known": 0.10289581590818021, "reward_error_2_when_1_group_param_known": 0.00970876517258256, "reward_error_0_when_2_group_param_known": 0.10289581590818021, "reward_error_1_when_2_group_param_known": 0.0, "reward_error_2_when_2_group_param_known": 0.058465568664694455, "reward_error_0_when_3_group_param_known": 0.011014064763836345, "reward_error_1_when_3_group_param_known": 0.07069015239424613, "reward_error_2_when_3_group_param_known": 0.0, "_wandb": {"runtime": 9}}