{"Iteration": 199, "train_loss": 20.075528302797867, "val_loss": 15.955349314033796, "grad_norm": 0.038367380970259886, "live_grad": 1.5671064435979332e-14, "train_weighted_loss": 60.22658490839359, "val_weighted_loss": 47.86604794210139, "max_reward_err": 0.09332943109007555, "max_reward_err_index": 0, "max_kl_dist": 1.0384181674648785, "max_kl_dist_index": 0, "max_train_grp_loss": 21.02617656956715, "max_train_grp_loss_index": 2, "max_val_grp_loss": 20.905036592847427, "max_val_grp_loss_index": 0, "max_cur_train_grp_loss": 0.43809790630775886, "max_cur_train_grp_loss_index": 2, "reward_err_1": 0.09332943109007555, "reward_err_2": 0.003930773028633724, "reward_err_3": 0.05524669947873984, "KL_distance_1": 1.0384181674648785, "KL_distance_2": 0.5091864781168791, "KL_distance_3": 0.8209576928830372, "reward_param_1": 9.579572863092267, "reward_param_2": 4.362450185395591, "reward_param_3": 7.050184103335759, "reward_param_4": 2.8355548255771525, "group_weight_1": 0.2721831490997569, "group_weight_2": 0.2586821294363336, "group_weight_3": 0.4691347214639095, "hist_group_loss_1": 34.14716791434956, "hist_group_loss_2": 29.059650563932575, "hist_group_loss_3": 88.5886476947631, "cur_group_loss_1": 0.1695107150771039, "cur_group_loss_2": 0.1471452835104457, "cur_group_loss_3": 0.43809790630775886, "train_group_loss_1": 20.84818798233931, "train_group_loss_2": 18.985076695134893, "train_group_loss_3": 21.02617656956715, "val_group_loss_1": 20.905036592847427, "val_group_loss_2": 8.041006594821143, "val_group_loss_3": 18.896665825187945, "_timestamp": 1726693234.9004428, "_runtime": 14.09905195236206, "_step": 3, "final/reward_err_1": 0.09332943109007555, "final/reward_err_2": 0.003930773028633724, "final/reward_err_3": 0.05524669947873984, "final/reward_param_1": 9.579572863092267, "final/reward_param_2": 4.362450185395591, "final/reward_param_3": 7.050184103335759, "final/reward_param_4": 2.8355548255771525, "optimal_reward_1": 3.8385727405548096, "optimal_reward_2": 3.8385727405548096, "optimal_reward_3": 3.2517144680023193, "final/reward_1": 3.796536684036255, "final/reward_2": 3.582489252090454, "final/reward_3": 3.2517144680023193, "reward_0_when_1_group_param_known": 3.8385727405548096, "reward_1_when_1_group_param_known": 3.460787534713745, "reward_2_when_1_group_param_known": 3.2131664752960205, "reward_0_when_2_group_param_known": 3.460787534713745, "reward_1_when_2_group_param_known": 3.8385727405548096, "reward_2_when_2_group_param_known": 3.0634775161743164, "reward_0_when_3_group_param_known": 3.796536684036255, "reward_1_when_3_group_param_known": 3.582489252090454, "reward_2_when_3_group_param_known": 3.2517144680023193, "reward_error_0_when_1_group_param_known": 0.0, "reward_error_1_when_1_group_param_known": 0.09841814428830158, "reward_error_2_when_1_group_param_known": 0.011854667156547932, "reward_error_0_when_2_group_param_known": 0.09841814428830158, "reward_error_1_when_2_group_param_known": 0.0, "reward_error_2_when_2_group_param_known": 0.057888524247839544, "reward_error_0_when_3_group_param_known": 0.010950959994698183, "reward_error_1_when_3_group_param_known": 0.06671320456137621, "reward_error_2_when_3_group_param_known": 0.0, "_wandb": {"runtime": 14}}