{"Iteration": 99, "train_loss": 18.040995135383806, "val_loss": 16.501627283093974, "grad_norm": 0.004855918527564496, "live_grad": 1.8430454603601646e-14, "train_weighted_loss": 54.122985406151415, "val_weighted_loss": 49.50488184928193, "max_reward_err": 0.08037445143425107, "max_reward_err_index": 0, "max_kl_dist": 1.4253145807737848, "max_kl_dist_index": 0, "max_train_grp_loss": 19.712606514641585, "max_train_grp_loss_index": 0, "max_val_grp_loss": 19.45444571310192, "max_val_grp_loss_index": 0, "max_cur_train_grp_loss": 0.21427540741586312, "max_cur_train_grp_loss_index": 0, "reward_err_1": 0.08037445143425107, "reward_err_2": 0.004241882673648743, "reward_err_3": 0.04340640885224843, "KL_distance_1": 1.4253145807737848, "KL_distance_2": 0.779554413969742, "KL_distance_3": 1.1506283002921531, "reward_param_1": 9.091917618063977, "reward_param_2": 4.651149135106504, "reward_param_3": 10.566862384931378, "reward_param_4": 4.955318819573157, "group_weight_1": 0.34389225658852385, "group_weight_2": 0.32371662236573706, "group_weight_3": 0.3323911210457391, "hist_group_loss_1": 21.48147347309372, "hist_group_loss_2": 15.43548447678658, "hist_group_loss_3": 18.07986849778924, "cur_group_loss_1": 0.21427540741586312, "cur_group_loss_2": 0.1545400953601711, "cur_group_loss_3": 0.180101701406874, "train_group_loss_1": 19.712606514641585, "train_group_loss_2": 17.155252628467903, "train_group_loss_3": 17.469130922764737, "val_group_loss_1": 19.45444571310192, "val_group_loss_2": 12.277874973112556, "val_group_loss_3": 17.958564625316207, "_timestamp": 1726602758.611522, "_runtime": 9.371288061141968, "_step": 2, "final/reward_err_1": 0.08037445143425107, "final/reward_err_2": 0.004241882673648743, "final/reward_err_3": 0.04340640885224843, "final/reward_param_1": 9.091917618063977, "final/reward_param_2": 4.651149135106504, "final/reward_param_3": 10.566862384931378, "final/reward_param_4": 4.955318819573157, "optimal_reward_1": 3.872750997543335, "optimal_reward_2": 3.872750997543335, "optimal_reward_3": 3.321218729019165, "final/reward_1": 3.8364126682281494, "final/reward_2": 3.625859260559082, "final/reward_3": 3.321218729019165, "reward_0_when_1_group_param_known": 3.872750997543335, "reward_1_when_1_group_param_known": 3.4923548698425293, "reward_2_when_1_group_param_known": 3.280984401702881, "reward_0_when_2_group_param_known": 3.4923548698425293, "reward_1_when_2_group_param_known": 3.872750997543335, "reward_2_when_2_group_param_known": 3.128255605697632, "reward_0_when_3_group_param_known": 3.8364126682281494, "reward_1_when_3_group_param_known": 3.625859260559082, "reward_2_when_3_group_param_known": 3.321218729019165, "reward_error_0_when_1_group_param_known": 0.0, "reward_error_1_when_1_group_param_known": 0.09822375049212008, "reward_error_2_when_1_group_param_known": 0.012114326275694084, "reward_error_0_when_2_group_param_known": 0.09822375049212008, "reward_error_1_when_2_group_param_known": 0.0, "reward_error_2_when_2_group_param_known": 0.05810009489453885, "reward_error_0_when_3_group_param_known": 0.00938307919570265, "reward_error_1_when_3_group_param_known": 0.06375099693754331, "reward_error_2_when_3_group_param_known": 0.0, "_wandb": {"runtime": 9}}