{"Iteration": 99, "train_loss": 20.302913856073214, "val_loss": 20.270829157496205, "grad_norm": 0.1857715063338894, "max_reward_err": 0.0927122203167503, "max_reward_err_index": 0, "max_kl_dist": 0.5180022776643235, "max_kl_dist_index": 0, "max_train_grp_loss": 23.342948622738923, "max_train_grp_loss_index": 2, "max_val_grp_loss": 22.35774441533986, "max_val_grp_loss_index": 2, "max_cur_train_grp_loss": 23.345666163970623, "max_cur_train_grp_loss_index": 2, "reward_err_1": 0.07356612176279984, "reward_err_2": 0.009130647154283486, "reward_err_3": 0.03440997946264454, "reward_param_1": 5.511134121981565, "reward_param_2": 3.268208970630259, "reward_param_3": 5.809643913723465, "reward_param_4": 3.3048028096237103, "KL_distance_1": 0.5180022776643235, "KL_distance_2": 0.21412437588160527, "KL_distance_3": 0.3709874315364982, "hist_group_loss_1": 2326.379580063654, "hist_group_loss_2": 1519.4072067195837, "hist_group_loss_3": 2356.298069148415, "cur_group_loss_1": 22.954608102684865, "cur_group_loss_2": 14.724542397195759, "cur_group_loss_3": 23.345666163970623, "train_group_loss_1": 22.95069214049569, "train_group_loss_2": 14.720933777549092, "train_group_loss_3": 23.342948622738923, "val_group_loss_1": 22.28142002315194, "val_group_loss_2": 16.26044074638254, "val_group_loss_3": 22.35774441533986, "_timestamp": 1726609756.074228, "_runtime": 10.574974060058594, "_step": 2, "final/reward_err_1": 0.07356612176279984, "final/reward_err_2": 0.009130647154283486, "final/reward_err_3": 0.03440997946264454, "final/reward_param_1": 5.511134121981565, "final/reward_param_2": 3.268208970630259, "final/reward_param_3": 5.809643913723465, "final/reward_param_4": 3.3048028096237103, "optimal_reward_1": 3.8672773838043213, "optimal_reward_2": 3.8672773838043213, "optimal_reward_3": 3.3083386421203613, "final/reward_1": 3.824310302734375, "final/reward_2": 3.597230911254883, "final/reward_3": 3.3083386421203613, "reward_0_when_1_group_param_known": 3.8672773838043213, "reward_1_when_1_group_param_known": 3.4776079654693604, "reward_2_when_1_group_param_known": 3.2754199504852295, "reward_0_when_2_group_param_known": 3.4776079654693604, "reward_1_when_2_group_param_known": 3.8672773838043213, "reward_2_when_2_group_param_known": 3.11952543258667, "reward_0_when_3_group_param_known": 3.824310302734375, "reward_1_when_3_group_param_known": 3.597230911254883, "reward_2_when_3_group_param_known": 3.3083386421203613, "reward_error_0_when_1_group_param_known": 0.0, "reward_error_1_when_1_group_param_known": 0.10076065915696872, "reward_error_2_when_1_group_param_known": 0.009950218280566882, "reward_error_0_when_2_group_param_known": 0.10076065915696872, "reward_error_1_when_2_group_param_known": 0.0, "reward_error_2_when_2_group_param_known": 0.05707191130007124, "reward_error_0_when_3_group_param_known": 0.011110421313425073, "reward_error_1_when_3_group_param_known": 0.06982857595898335, "reward_error_2_when_3_group_param_known": 0.0, "_wandb": {"runtime": 7}}