{"Iteration": 99, "train_loss": 18.15917371542775, "val_loss": 19.1378778457515, "grad_norm": 0.22742345085057356, "max_reward_err": 0.05998955362549285, "max_reward_err_index": 0, "max_kl_dist": 0.6253668886389397, "max_kl_dist_index": 0, "max_train_grp_loss": 22.461540880613867, "max_train_grp_loss_index": 0, "max_val_grp_loss": 21.20914323564065, "max_val_grp_loss_index": 2, "max_cur_train_grp_loss": 22.463462087612594, "max_cur_train_grp_loss_index": 0, "reward_err_1": 0.06743322717474874, "reward_err_2": 0.03128303974090526, "reward_err_3": 0.032537619948562094, "reward_param_1": 5.339439897321458, "reward_param_2": 3.5398506079415433, "reward_param_3": 7.0109513059235535, "reward_param_4": 5.542984579905962, "KL_distance_1": 0.6253668886389397, "KL_distance_2": 0.412087035730876, "KL_distance_3": 0.4846516926712021, "hist_group_loss_1": 2263.906383587281, "hist_group_loss_2": 1351.4753884439663, "hist_group_loss_3": 2041.057640606771, "cur_group_loss_1": 22.463462087612594, "cur_group_loss_2": 13.003355006441664, "cur_group_loss_3": 19.868379454443545, "train_group_loss_1": 22.461540880613867, "train_group_loss_2": 12.997870549684615, "train_group_loss_3": 19.860432410263698, "val_group_loss_1": 20.83728139057378, "val_group_loss_2": 14.629096645417793, "val_group_loss_3": 21.20914323564065, "_timestamp": 1726608237.186562, "_runtime": 8.295866012573242, "_step": 2, "final/reward_err_1": 0.06743322717474874, "final/reward_err_2": 0.03128303974090526, "final/reward_err_3": 0.032537619948562094, "final/reward_param_1": 5.339439897321458, "final/reward_param_2": 3.5398506079415433, "final/reward_param_3": 7.0109513059235535, "final/reward_param_4": 5.542984579905962, "optimal_reward_1": 3.8685142993927, "optimal_reward_2": 3.8685142993927, "optimal_reward_3": 3.3593173027038574, "final/reward_1": 3.8328397274017334, "final/reward_2": 3.5916991233825684, "final/reward_3": 3.3593173027038574, "reward_0_when_1_group_param_known": 3.8685142993927, "reward_1_when_1_group_param_known": 3.4599270820617676, "reward_2_when_1_group_param_known": 3.3229901790618896, "reward_0_when_2_group_param_known": 3.4599270820617676, "reward_1_when_2_group_param_known": 3.8685142993927, "reward_2_when_2_group_param_known": 3.1513752937316895, "reward_0_when_3_group_param_known": 3.8328397274017334, "reward_1_when_3_group_param_known": 3.5916991233825684, "reward_2_when_3_group_param_known": 3.3593173027038574, "reward_error_0_when_1_group_param_known": 0.0, "reward_error_1_when_1_group_param_known": 0.10561863953690821, "reward_error_2_when_1_group_param_known": 0.010813841137521808, "reward_error_0_when_2_group_param_known": 0.10561863953690821, "reward_error_1_when_2_group_param_known": 0.0, "reward_error_2_when_2_group_param_known": 0.06190007975870543, "reward_error_0_when_3_group_param_known": 0.00922177591448148, "reward_error_1_when_3_group_param_known": 0.0715559397191805, "reward_error_2_when_3_group_param_known": 0.0, "_wandb": {"runtime": 8}}