{"Iteration": 99, "train_loss": 18.183172106312494, "val_loss": 18.20040264419944, "grad_norm": 0.26936941712760903, "max_reward_err": 0.084776006836645, "max_reward_err_index": 0, "max_kl_dist": 0.6781762901089264, "max_kl_dist_index": 0, "max_train_grp_loss": 20.265328616262146, "max_train_grp_loss_index": 0, "max_val_grp_loss": 20.07764203229039, "max_val_grp_loss_index": 0, "max_cur_train_grp_loss": 20.275892977783442, "max_cur_train_grp_loss_index": 0, "reward_err_1": 0.06648767742618278, "reward_err_2": 0.016217461350224723, "reward_err_3": 0.03346260244577161, "reward_param_1": 6.18459915894644, "reward_param_2": 2.5669203216694645, "reward_param_3": 6.851378742905666, "reward_param_4": 4.877641232895566, "KL_distance_1": 0.6781762901089264, "KL_distance_2": 0.3630761069856308, "KL_distance_3": 0.5108478530393968, "hist_group_loss_1": 2105.022532316083, "hist_group_loss_2": 1589.2473011010213, "hist_group_loss_3": 1967.6760161287928, "cur_group_loss_1": 20.275892977783442, "cur_group_loss_2": 15.552484030137757, "cur_group_loss_3": 18.71741510961046, "train_group_loss_1": 20.265328616262146, "train_group_loss_2": 15.552619086958424, "train_group_loss_3": 18.70365949202216, "val_group_loss_1": 20.07764203229039, "val_group_loss_2": 14.62955012591484, "val_group_loss_3": 19.95269531822254, "_timestamp": 1726684636.466051, "_runtime": 8.308643102645874, "_step": 2, "final/reward_err_1": 0.06648767742618278, "final/reward_err_2": 0.016217461350224723, "final/reward_err_3": 0.03346260244577161, "final/reward_param_1": 6.18459915894644, "final/reward_param_2": 2.5669203216694645, "final/reward_param_3": 6.851378742905666, "final/reward_param_4": 4.877641232895566, "optimal_reward_1": 3.7643983364105225, "optimal_reward_2": 3.7643983364105225, "optimal_reward_3": 3.2276272773742676, "final/reward_1": 3.725473642349243, "final/reward_2": 3.5370585918426514, "final/reward_3": 3.2276272773742676, "reward_0_when_1_group_param_known": 3.7643983364105225, "reward_1_when_1_group_param_known": 3.4167792797088623, "reward_2_when_1_group_param_known": 3.185643196105957, "reward_0_when_2_group_param_known": 3.4167792797088623, "reward_1_when_2_group_param_known": 3.7643983364105225, "reward_2_when_2_group_param_known": 3.0518436431884766, "reward_0_when_3_group_param_known": 3.725473642349243, "reward_1_when_3_group_param_known": 3.5370585918426514, "reward_2_when_3_group_param_known": 3.2276272773742676, "reward_error_0_when_1_group_param_known": 0.0, "reward_error_1_when_1_group_param_known": 0.09234385568056709, "reward_error_2_when_1_group_param_known": 0.013007722906117384, "reward_error_0_when_2_group_param_known": 0.09234385568056709, "reward_error_1_when_2_group_param_known": 0.0, "reward_error_2_when_2_group_param_known": 0.05446218509120859, "reward_error_0_when_3_group_param_known": 0.010340216571871954, "reward_error_1_when_3_group_param_known": 0.06039205319186466, "reward_error_2_when_3_group_param_known": 0.0, "_wandb": {"runtime": 8}}