{"Iteration": 199, "train_loss": 18.239714001506886, "val_loss": 16.036253989774803, "grad_norm": 0.16219088951515176, "max_reward_err": 0.056193589709852214, "max_reward_err_index": 0, "max_kl_dist": 0.7950475882064184, "max_kl_dist_index": 0, "max_train_grp_loss": 19.471651551471496, "max_train_grp_loss_index": 0, "max_val_grp_loss": 19.928989416662525, "max_val_grp_loss_index": 0, "max_cur_train_grp_loss": 19.47414575308252, "max_cur_train_grp_loss_index": 0, "reward_err_1": 0.0688794012837294, "reward_err_2": 0.012622765843906538, "reward_err_3": 0.03188917458200266, "reward_param_1": 7.781383072590973, "reward_param_2": 3.707589480067803, "reward_param_3": 6.643947624000701, "reward_param_4": 5.290894203074718, "KL_distance_1": 0.7950475882064184, "KL_distance_2": 0.464597789337462, "KL_distance_3": 0.6228710297441237, "hist_group_loss_1": 3988.2126992717044, "hist_group_loss_2": 3401.253103445716, "hist_group_loss_3": 4034.089716138431, "cur_group_loss_1": 19.47414575308252, "cur_group_loss_2": 16.3306820422648, "cur_group_loss_3": 19.302996997158854, "train_group_loss_1": 19.471651551471496, "train_group_loss_2": 16.32912060988048, "train_group_loss_3": 19.297391834313714, "val_group_loss_1": 19.928989416662525, "val_group_loss_2": 8.873297717276635, "val_group_loss_3": 18.244697261481367, "_timestamp": 1726692527.733275, "_runtime": 11.470947027206421, "_step": 3, "final/reward_err_1": 0.0688794012837294, "final/reward_err_2": 0.012622765843906538, "final/reward_err_3": 0.03188917458200266, "final/reward_param_1": 7.781383072590973, "final/reward_param_2": 3.707589480067803, "final/reward_param_3": 6.643947624000701, "final/reward_param_4": 5.290894203074718, "optimal_reward_1": 3.8686554431915283, "optimal_reward_2": 3.8686554431915283, "optimal_reward_3": 3.3082499504089355, "final/reward_1": 3.8281407356262207, "final/reward_2": 3.6051533222198486, "final/reward_3": 3.3082499504089355, "reward_0_when_1_group_param_known": 3.8686554431915283, "reward_1_when_1_group_param_known": 3.4855799674987793, "reward_2_when_1_group_param_known": 3.2765629291534424, "reward_0_when_2_group_param_known": 3.4855799674987793, "reward_1_when_2_group_param_known": 3.8686554431915283, "reward_2_when_2_group_param_known": 3.1214022636413574, "reward_0_when_3_group_param_known": 3.8281407356262207, "reward_1_when_3_group_param_known": 3.6051533222198486, "reward_2_when_3_group_param_known": 3.3082499504089355, "reward_error_0_when_1_group_param_known": 0.0, "reward_error_1_when_1_group_param_known": 0.09902031372861753, "reward_error_2_when_1_group_param_known": 0.009578182341263635, "reward_error_0_when_2_group_param_known": 0.09902031372861753, "reward_error_1_when_2_group_param_known": 0.0, "reward_error_2_when_2_group_param_known": 0.05647931370617318, "reward_error_0_when_3_group_param_known": 0.01047255517071434, "reward_error_1_when_3_group_param_known": 0.068112067575162, "reward_error_2_when_3_group_param_known": 0.0, "_wandb": {"runtime": 11}}