{"Iteration": 99, "train_loss": 17.32774368307482, "val_loss": 18.28739495672324, "grad_norm": 0.4521410532882102, "max_reward_err": 0.07433000314766153, "max_reward_err_index": 1, "max_kl_dist": 0.6788593753731081, "max_kl_dist_index": 0, "max_train_grp_loss": 21.343929369009505, "max_train_grp_loss_index": 0, "max_val_grp_loss": 21.555635368295064, "max_val_grp_loss_index": 0, "max_cur_train_grp_loss": 21.346489762620806, "max_cur_train_grp_loss_index": 0, "reward_err_1": 0.06612905010011173, "reward_err_2": 0.016024664391902966, "reward_err_3": 0.03220705730528175, "reward_param_1": 7.4864808498014295, "reward_param_2": 4.697362900058691, "reward_param_3": 5.290487256050246, "reward_param_4": 3.7368723886936137, "KL_distance_1": 0.6788593753731081, "KL_distance_2": 0.36617107375068736, "KL_distance_3": 0.524559429894146, "hist_group_loss_1": 2156.296200772411, "hist_group_loss_2": 1502.2089031426815, "hist_group_loss_3": 2028.0633651788028, "cur_group_loss_1": 21.346489762620806, "cur_group_loss_2": 11.74856330463054, "cur_group_loss_3": 19.611957107903166, "train_group_loss_1": 21.343929369009505, "train_group_loss_2": 11.702941944390801, "train_group_loss_3": 19.60191947595405, "val_group_loss_1": 21.555635368295064, "val_group_loss_2": 12.373189145457937, "val_group_loss_3": 20.33346206512342, "_timestamp": 1726606990.074582, "_runtime": 8.428175210952759, "_step": 2, "final/reward_err_1": 0.06612905010011173, "final/reward_err_2": 0.016024664391902966, "final/reward_err_3": 0.03220705730528175, "final/reward_param_1": 7.4864808498014295, "final/reward_param_2": 4.697362900058691, "final/reward_param_3": 5.290487256050246, "final/reward_param_4": 3.7368723886936137, "optimal_reward_1": 3.793292999267578, "optimal_reward_2": 3.793292999267578, "optimal_reward_3": 3.287027359008789, "final/reward_1": 3.759493589401245, "final/reward_2": 3.5484824180603027, "final/reward_3": 3.287027359008789, "reward_0_when_1_group_param_known": 3.793292999267578, "reward_1_when_1_group_param_known": 3.4222915172576904, "reward_2_when_1_group_param_known": 3.2522172927856445, "reward_0_when_2_group_param_known": 3.4222915172576904, "reward_1_when_2_group_param_known": 3.793292999267578, "reward_2_when_2_group_param_known": 3.1010961532592773, "reward_0_when_3_group_param_known": 3.759493589401245, "reward_1_when_3_group_param_known": 3.5484824180603027, "reward_2_when_3_group_param_known": 3.287027359008789, "reward_error_0_when_1_group_param_known": 0.0, "reward_error_1_when_1_group_param_known": 0.0978045940773681, "reward_error_2_when_1_group_param_known": 0.010590135834355084, "reward_error_0_when_2_group_param_known": 0.0978045940773681, "reward_error_1_when_2_group_param_known": 0.0, "reward_error_2_when_2_group_param_known": 0.0565651530827476, "reward_error_0_when_3_group_param_known": 0.008910308239532014, "reward_error_1_when_3_group_param_known": 0.0645377462944582, "reward_error_2_when_3_group_param_known": 0.0, "_wandb": {"runtime": 8}}