{"Iteration": 99, "train_loss": 16.097835538521828, "val_loss": 14.722276027371406, "grad_norm": 0.022523650399430276, "live_grad": 2.07240309565071e-14, "train_weighted_loss": 48.293506615565484, "val_weighted_loss": 44.166828082114215, "max_reward_err": 0.11434848584085215, "max_reward_err_index": 0, "max_kl_dist": 1.689054919931903, "max_kl_dist_index": 0, "max_train_grp_loss": 22.10233579726138, "max_train_grp_loss_index": 0, "max_val_grp_loss": 19.21752768829299, "max_val_grp_loss_index": 0, "max_cur_train_grp_loss": 0.3914256235490076, "max_cur_train_grp_loss_index": 2, "reward_err_1": 0.11434848584085215, "reward_err_2": 0.0011076128297995626, "reward_err_3": 0.0743595227740124, "KL_distance_1": 1.689054919931903, "KL_distance_2": 0.7187262197232497, "KL_distance_3": 1.3762823042404353, "reward_param_1": 7.407395282912598, "reward_param_2": 4.26510980693284, "reward_param_3": 12.895278846130983, "reward_param_4": 3.6585656284846393, "group_weight_1": 0.32479938938485114, "group_weight_2": 0.28386606499182654, "group_weight_3": 0.39133454562332226, "hist_group_loss_1": 20.785782424047568, "hist_group_loss_2": 7.315262070795289, "hist_group_loss_3": 39.42129054875465, "cur_group_loss_1": 0.20658951101871267, "cur_group_loss_2": 0.07350561035388366, "cur_group_loss_3": 0.3914256235490076, "train_group_loss_1": 22.10233579726138, "train_group_loss_2": 10.58815349649869, "train_group_loss_3": 19.177686280689183, "val_group_loss_1": 19.21752768829299, "val_group_loss_2": 6.394026681790504, "val_group_loss_3": 18.117026642120766, "_timestamp": 1726690546.467078, "_runtime": 9.983154058456421, "_step": 2, "final/reward_err_1": 0.11434848584085215, "final/reward_err_2": 0.0011076128297995626, "final/reward_err_3": 0.0743595227740124, "final/reward_param_1": 7.407395282912598, "final/reward_param_2": 4.26510980693284, "final/reward_param_3": 12.895278846130983, "final/reward_param_4": 3.6585656284846393, "optimal_reward_1": 3.80763578414917, "optimal_reward_2": 3.80763578414917, "optimal_reward_3": 3.3006885051727295, "final/reward_1": 3.773042917251587, "final/reward_2": 3.553501844406128, "final/reward_3": 3.3006885051727295, "reward_0_when_1_group_param_known": 3.80763578414917, "reward_1_when_1_group_param_known": 3.4319357872009277, "reward_2_when_1_group_param_known": 3.266146421432495, "reward_0_when_2_group_param_known": 3.4319357872009277, "reward_1_when_2_group_param_known": 3.80763578414917, "reward_2_when_2_group_param_known": 3.1126708984375, "reward_0_when_3_group_param_known": 3.773042917251587, "reward_1_when_3_group_param_known": 3.553501844406128, "reward_2_when_3_group_param_known": 3.3006885051727295, "reward_error_0_when_1_group_param_known": 0.0, "reward_error_1_when_1_group_param_known": 0.09867015078286794, "reward_error_2_when_1_group_param_known": 0.010465114683224778, "reward_error_0_when_2_group_param_known": 0.09867015078286794, "reward_error_1_when_2_group_param_known": 0.0, "reward_error_2_when_2_group_param_known": 0.056963147670728256, "reward_error_0_when_3_group_param_known": 0.009085130211663064, "reward_error_1_when_3_group_param_known": 0.06674323757565724, "reward_error_2_when_3_group_param_known": 0.0, "_wandb": {"runtime": 9}}