{"reward_error_1_when_2_group_param_known":0,"reward_0_when_2_group_param_known":3.493690185546875,"final/reward_2":7.10487548828125,"final/reward_param_2":6.768143129863318,"max_val_grp_loss":12.850000226184196,"grad_norm":0.014777395116722719,"final/reward_1":3.850873046875,"hist_group_loss_2":23.074366988071215,"reward_error_0_when_2_group_param_known":0.10085360176489651,"final/reward_3":3.320061279296875,"optimal_reward_1":3.885563232421875,"train_group_loss_1":11.480967440330403,"train_weighted_loss":37.88813862582396,"reward_error_0_when_3_group_param_known":0.008927968346368324,"final/reward_err_3":0.0016174017872380919,"cur_group_loss_3":0.2546072527426694,"max_reward_err":0.018920928116322337,"_timestamp":1.728255565505431e+09,"KL_distance_3":0.6812127685546875,"group_weight_2":0.2398593886735465,"_wandb":{"runtime":209},"reward_error_2_when_3_group_param_known":0,"reward_param_1":4.79605672813692,"max_reward_err_index":1,"_step":201,"reward_2_when_1_group_param_known":3.291370361328125,"hist_group_loss_1":17.719145222216014,"group_weight_1":0.20426051596027459,"live_grad":1.953802763674036e-14,"final/reward_param_4":10.414330012233751,"final/reward_err_2":0.018920928116322337,"cur_group_loss_2":0.11538515316411907,"Iteration":199,"max_cur_train_grp_loss_index":2,"final/reward_param_3":5.8235326948373975,"reward_1_when_1_group_param_known":6.83889453125,"reward_param_4":10.414330012233751,"reward_param_2":6.768143129863318,"val_weighted_loss":36.7414702629071,"max_train_grp_loss_index":1,"optimal_reward_2":7.24602734375,"train_loss":12.629379541941319,"reward_error_0_when_1_group_param_known":0,"optimal_reward_3":3.320061279296875,"val_group_loss_2":12.850000226184196,"max_kl_dist_index":0,"hist_group_loss_3":51.091025123313074,"reward_error_1_when_1_group_param_known":0.05618703783269167,"reward_2_when_3_group_param_known":3.320061279296875,"reward_0_when_1_group_param_known":3.885563232421875,"reward_0_when_3_group_param_known":3.850873046875,"cur_group_loss_1":0.08831952244063365,"KL_distance_2":0.32723443603515623,"final/reward_param_1":4.79605672813692,"reward_1_when_3_group_param_known":7.10487548828125,"train_group_loss_3":12.984636850208174,"max_train_grp_loss":13.731694251922917,"KL_distance_1":0.6813023071289063,"val_group_loss_1":12.64040891345112,"train_group_loss_2":13.731694251922917,"max_cur_train_grp_loss":0.2546072527426694,"val_loss":12.247156754302367,"_runtime":209.805024,"reward_param_3":5.8235326948373975,"reward_err_2":0.018920928116322337,"group_weight_3":0.5558800953661789,"reward_2_when_2_group_param_known":3.1155205078125,"reward_err_3":0.0016174017872380919,"reward_err_1":0.010311922508117532,"reward_1_when_2_group_param_known":7.24602734375,"reward_error_1_when_3_group_param_known":0.019479895503085456,"max_kl_dist":0.6813023071289063,"val_group_loss_3":11.249250782515375,"reward_error_2_when_1_group_param_known":0.008641683256769945,"reward_error_2_when_2_group_param_known":0.06160752898142066,"final/reward_err_1":0.010311922508117532,"max_val_grp_loss_index":1}