{"Iteration": 99, "train_loss": 18.48340247993118, "val_loss": 18.670823410920104, "grad_norm": 0.44227259737428076, "max_reward_err": 0.06310649390187768, "max_reward_err_index": 1, "max_kl_dist": 0.43492991332491554, "max_kl_dist_index": 0, "max_train_grp_loss": 21.467927197121433, "max_train_grp_loss_index": 0, "max_val_grp_loss": 21.1690825208397, "max_val_grp_loss_index": 0, "max_cur_train_grp_loss": 21.47521066664588, "max_cur_train_grp_loss_index": 0, "reward_err_1": 0.05138865531690537, "reward_err_2": 0.018724402828365655, "reward_err_3": 0.021087844990351687, "reward_param_1": 5.282847966335855, "reward_param_2": 3.0165210519802907, "reward_param_3": 5.312580531321094, "reward_param_4": 4.388252910378075, "KL_distance_1": 0.43492991332491554, "KL_distance_2": 0.25274143664492266, "KL_distance_3": 0.3173389336933516, "hist_group_loss_1": 2202.144395870737, "hist_group_loss_2": 1624.4527376973613, "hist_group_loss_3": 2162.2429206425754, "cur_group_loss_1": 21.47521066664588, "cur_group_loss_2": 13.506142411728524, "cur_group_loss_3": 20.624093356823188, "train_group_loss_1": 21.467927197121433, "train_group_loss_2": 13.470296281478836, "train_group_loss_3": 20.60913609244326, "val_group_loss_1": 21.1690825208397, "val_group_loss_2": 14.295499620878646, "val_group_loss_3": 20.405080591844747, "_timestamp": 1726606838.000681, "_runtime": 8.176793813705444, "_step": 2, "final/reward_err_1": 0.05138865531690537, "final/reward_err_2": 0.018724402828365655, "final/reward_err_3": 0.021087844990351687, "final/reward_param_1": 5.282847966335855, "final/reward_param_2": 3.0165210519802907, "final/reward_param_3": 5.312580531321094, "final/reward_param_4": 4.388252910378075, "optimal_reward_1": 3.8717610836029053, "optimal_reward_2": 3.8717610836029053, "optimal_reward_3": 3.3254706859588623, "final/reward_1": 3.828972101211548, "final/reward_2": 3.640883684158325, "final/reward_3": 3.3254706859588623, "reward_0_when_1_group_param_known": 3.8717610836029053, "reward_1_when_1_group_param_known": 3.543931722640991, "reward_2_when_1_group_param_known": 3.2762246131896973, "reward_0_when_2_group_param_known": 3.543931722640991, "reward_1_when_2_group_param_known": 3.8717610836029053, "reward_2_when_2_group_param_known": 3.1653871536254883, "reward_0_when_3_group_param_known": 3.828972101211548, "reward_1_when_3_group_param_known": 3.640883684158325, "reward_2_when_3_group_param_known": 3.3254706859588623, "reward_error_0_when_1_group_param_known": 0.0, "reward_error_1_when_1_group_param_known": 0.08467189836436118, "reward_error_2_when_1_group_param_known": 0.014808752630746911, "reward_error_0_when_2_group_param_known": 0.08467189836436118, "reward_error_1_when_2_group_param_known": 0.0, "reward_error_2_when_2_group_param_known": 0.04813860877177323, "reward_error_0_when_3_group_param_known": 0.01105155547241043, "reward_error_1_when_3_group_param_known": 0.05963110699737052, "reward_error_2_when_3_group_param_known": 0.0, "_wandb": {"runtime": 8}}