{"Iteration": 99, "train_loss": 21.271164032821776, "val_loss": 21.007407435794583, "grad_norm": 0.2784439616379913, "max_reward_err": 0.09061401343567277, "max_reward_err_index": 0, "max_kl_dist": 0.6181757392627931, "max_kl_dist_index": 0, "max_train_grp_loss": 23.764562388683814, "max_train_grp_loss_index": 2, "max_val_grp_loss": 23.194054821760187, "max_val_grp_loss_index": 0, "max_cur_train_grp_loss": 23.76713932468703, "max_cur_train_grp_loss_index": 2, "reward_err_1": 0.10247717400556429, "reward_err_2": 0.017946987214715406, "reward_err_3": 0.0645727901580691, "reward_param_1": 7.233860424484861, "reward_param_2": 3.4291983271411506, "reward_param_3": 3.2612950220431136, "reward_param_4": 1.5686889054430517, "KL_distance_1": 0.6181757392627931, "KL_distance_2": 0.16293921542699502, "KL_distance_3": 0.46157312567354186, "hist_group_loss_1": 2304.0753478215543, "hist_group_loss_2": 1791.582612934824, "hist_group_loss_3": 2394.1884269923603, "cur_group_loss_1": 22.90199550432023, "cur_group_loss_2": 16.48233942462424, "cur_group_loss_3": 23.76713932468703, "train_group_loss_1": 22.900104623730826, "train_group_loss_2": 16.461768594922173, "train_group_loss_3": 23.764562388683814, "val_group_loss_1": 23.194054821760187, "val_group_loss_2": 16.95948290828978, "val_group_loss_3": 22.7110226884234, "_timestamp": 1726609716.0181272, "_runtime": 8.517117261886597, "_step": 2, "final/reward_err_1": 0.10247717400556429, "final/reward_err_2": 0.017946987214715406, "final/reward_err_3": 0.0645727901580691, "final/reward_param_1": 7.233860424484861, "final/reward_param_2": 3.4291983271411506, "final/reward_param_3": 3.2612950220431136, "final/reward_param_4": 1.5686889054430517, "optimal_reward_1": 3.9157958030700684, "optimal_reward_2": 3.9157958030700684, "optimal_reward_3": 3.396507501602173, "final/reward_1": 3.87447190284729, "final/reward_2": 3.635368585586548, "final/reward_3": 3.396507501602173, "reward_0_when_1_group_param_known": 3.9157958030700684, "reward_1_when_1_group_param_known": 3.5013632774353027, "reward_2_when_1_group_param_known": 3.3614559173583984, "reward_0_when_2_group_param_known": 3.5013632774353027, "reward_1_when_2_group_param_known": 3.9157958030700684, "reward_2_when_2_group_param_known": 3.188211441040039, "reward_0_when_3_group_param_known": 3.87447190284729, "reward_1_when_3_group_param_known": 3.635368585586548, "reward_2_when_3_group_param_known": 3.396507501602173, "reward_error_0_when_1_group_param_known": 0.0, "reward_error_1_when_1_group_param_known": 0.1058360921960848, "reward_error_2_when_1_group_param_known": 0.01031989013044728, "reward_error_0_when_2_group_param_known": 0.1058360921960848, "reward_error_1_when_2_group_param_known": 0.0, "reward_error_2_when_2_group_param_known": 0.06132654218013005, "reward_error_0_when_3_group_param_known": 0.010553129504449515, "reward_error_1_when_3_group_param_known": 0.07161436182746289, "reward_error_2_when_3_group_param_known": 0.0, "_wandb": {"runtime": 8}}