{"Iteration": 99, "train_loss": 18.14623935314657, "val_loss": 18.599110292383322, "grad_norm": 0.2334299755839286, "max_reward_err": 0.052652759745169704, "max_reward_err_index": 0, "max_kl_dist": 0.6838152500189212, "max_kl_dist_index": 0, "max_train_grp_loss": 20.06118318977515, "max_train_grp_loss_index": 0, "max_val_grp_loss": 19.92563600216053, "max_val_grp_loss_index": 0, "max_cur_train_grp_loss": 20.06528633159011, "max_cur_train_grp_loss_index": 0, "reward_err_1": 0.07170962267586502, "reward_err_2": 0.01234563063664838, "reward_err_3": 0.03453836497039255, "reward_param_1": 5.763602371545035, "reward_param_2": 4.243960889074643, "reward_param_3": 7.194271120023931, "reward_param_4": 4.0516242286235675, "KL_distance_1": 0.6838152500189212, "KL_distance_2": 0.35146111169501604, "KL_distance_3": 0.5202450881466161, "hist_group_loss_1": 2037.2225375870478, "hist_group_loss_2": 1677.057765228336, "hist_group_loss_3": 1874.8287230037438, "cur_group_loss_1": 20.06528633159011, "cur_group_loss_2": 16.268627613597634, "cur_group_loss_3": 18.101408745195815, "train_group_loss_1": 20.06118318977515, "train_group_loss_2": 16.263216992311538, "train_group_loss_3": 18.091730864938445, "val_group_loss_1": 19.92563600216053, "val_group_loss_2": 16.592393490895137, "val_group_loss_3": 19.04825797317769, "_timestamp": 1726684673.9755971, "_runtime": 8.55762004852295, "_step": 2, "final/reward_err_1": 0.07170962267586502, "final/reward_err_2": 0.01234563063664838, "final/reward_err_3": 0.03453836497039255, "final/reward_param_1": 5.763602371545035, "final/reward_param_2": 4.243960889074643, "final/reward_param_3": 7.194271120023931, "final/reward_param_4": 4.0516242286235675, "optimal_reward_1": 3.894106388092041, "optimal_reward_2": 3.894106388092041, "optimal_reward_3": 3.3780486583709717, "final/reward_1": 3.8587565422058105, "final/reward_2": 3.6140236854553223, "final/reward_3": 3.3780486583709717, "reward_0_when_1_group_param_known": 3.894106388092041, "reward_1_when_1_group_param_known": 3.4839439392089844, "reward_2_when_1_group_param_known": 3.341844081878662, "reward_0_when_2_group_param_known": 3.4839439392089844, "reward_1_when_2_group_param_known": 3.894106388092041, "reward_2_when_2_group_param_known": 3.171762704849243, "reward_0_when_3_group_param_known": 3.8587565422058105, "reward_1_when_3_group_param_known": 3.6140236854553223, "reward_2_when_3_group_param_known": 3.3780486583709717, "reward_error_0_when_1_group_param_known": 0.0, "reward_error_1_when_1_group_param_known": 0.10532903007922702, "reward_error_2_when_1_group_param_known": 0.010717600648703753, "reward_error_0_when_2_group_param_known": 0.10532903007922702, "reward_error_1_when_2_group_param_known": 0.0, "reward_error_2_when_2_group_param_known": 0.06106660216706521, "reward_error_0_when_3_group_param_known": 0.009077781232256088, "reward_error_1_when_3_group_param_known": 0.0719247690543833, "reward_error_2_when_3_group_param_known": 0.0, "_wandb": {"runtime": 8}}