{"Iteration": 99, "train_loss": 17.71119255959456, "val_loss": 16.597899847111396, "grad_norm": 0.007962370058286629, "live_grad": 2.8114206918790543e-14, "train_weighted_loss": 53.13357767878368, "val_weighted_loss": 49.79369954133419, "max_reward_err": 0.08941482198976815, "max_reward_err_index": 0, "max_kl_dist": 1.6839494665307688, "max_kl_dist_index": 0, "max_train_grp_loss": 21.274223168452732, "max_train_grp_loss_index": 0, "max_val_grp_loss": 19.43051603082699, "max_val_grp_loss_index": 0, "max_cur_train_grp_loss": 0.23905512195861625, "max_cur_train_grp_loss_index": 0, "reward_err_1": 0.08941482198976815, "reward_err_2": 0.001603695231075261, "reward_err_3": 0.04838514007701063, "KL_distance_1": 1.6839494665307688, "KL_distance_2": 0.8088122488075792, "KL_distance_3": 1.3427141279461776, "reward_param_1": 11.380138950531542, "reward_param_2": 3.5439927430489475, "reward_param_3": 9.893453641035482, "reward_param_4": 5.159395903284681, "group_weight_1": 0.35268569736527966, "group_weight_2": 0.3172301792895423, "group_weight_3": 0.33008412334517795, "hist_group_loss_1": 24.010548916952718, "hist_group_loss_2": 13.41558326059463, "hist_group_loss_3": 17.38757457938564, "cur_group_loss_1": 0.23905512195861625, "cur_group_loss_2": 0.13456570339414647, "cur_group_loss_3": 0.17304321738020711, "train_group_loss_1": 21.274223168452732, "train_group_loss_2": 14.26645479365325, "train_group_loss_3": 18.168644740560303, "val_group_loss_1": 19.43051603082699, "val_group_loss_2": 11.995705548711056, "val_group_loss_3": 17.71826116751333, "_timestamp": 1726600674.2280262, "_runtime": 9.251570224761963, "_step": 2, "final/reward_err_1": 0.08941482198976815, "final/reward_err_2": 0.001603695231075261, "final/reward_err_3": 0.04838514007701063, "final/reward_param_1": 11.380138950531542, "final/reward_param_2": 3.5439927430489475, "final/reward_param_3": 9.893453641035482, "final/reward_param_4": 5.159395903284681, "optimal_reward_1": 3.895703077316284, "optimal_reward_2": 3.895703077316284, "optimal_reward_3": 3.399937152862549, "final/reward_1": 3.8558998107910156, "final/reward_2": 3.6177587509155273, "final/reward_3": 3.399937152862549, "reward_0_when_1_group_param_known": 3.895703077316284, "reward_1_when_1_group_param_known": 3.5065040588378906, "reward_2_when_1_group_param_known": 3.358201503753662, "reward_0_when_2_group_param_known": 3.5065040588378906, "reward_1_when_2_group_param_known": 3.895703077316284, "reward_2_when_2_group_param_known": 3.206737756729126, "reward_0_when_3_group_param_known": 3.8558998107910156, "reward_1_when_3_group_param_known": 3.6177587509155273, "reward_2_when_3_group_param_known": 3.399937152862549, "reward_error_0_when_1_group_param_known": 0.0, "reward_error_1_when_1_group_param_known": 0.09990469262008268, "reward_error_2_when_1_group_param_known": 0.012275417818752249, "reward_error_0_when_2_group_param_known": 0.09990469262008268, "reward_error_1_when_2_group_param_known": 0.0, "reward_error_2_when_2_group_param_known": 0.056824402171893156, "reward_error_0_when_3_group_param_known": 0.010217222856904351, "reward_error_1_when_3_group_param_known": 0.07134638366541791, "reward_error_2_when_3_group_param_known": 0.0, "_wandb": {"runtime": 9}}