{"Iteration": 99, "train_loss": 16.5541788749079, "val_loss": 17.58101923276473, "grad_norm": 0.004375864823197032, "live_grad": 9.282155029523445e-15, "train_weighted_loss": 49.66253662472369, "val_weighted_loss": 52.743057698294194, "max_reward_err": 0.09702534361898327, "max_reward_err_index": 0, "max_kl_dist": 1.6163844799068865, "max_kl_dist_index": 0, "max_train_grp_loss": 18.723174104937975, "max_train_grp_loss_index": 0, "max_val_grp_loss": 19.626573212826294, "max_val_grp_loss_index": 0, "max_cur_train_grp_loss": 0.18723795408881627, "max_cur_train_grp_loss_index": 0, "reward_err_1": 0.09702534361898327, "reward_err_2": 0.0055807221953543835, "reward_err_3": 0.059505678271835546, "KL_distance_1": 1.6163844799068865, "KL_distance_2": 0.7921173885580066, "KL_distance_3": 1.3363955956016964, "reward_param_1": 7.452401616417776, "reward_param_2": 3.9791629117940857, "reward_param_3": 12.697791883862287, "reward_param_4": 5.385626883053553, "group_weight_1": 0.3403005562637229, "group_weight_2": 0.32367867205352563, "group_weight_3": 0.3360207716827514, "hist_group_loss_1": 18.77651016489728, "hist_group_loss_2": 13.768715627478375, "hist_group_loss_3": 17.510886405276967, "cur_group_loss_1": 0.18723795408881627, "cur_group_loss_2": 0.1379142036940812, "cur_group_loss_3": 0.17433402050357455, "train_group_loss_1": 18.723174104937975, "train_group_loss_2": 14.482216825965867, "train_group_loss_3": 16.56108931844375, "val_group_loss_1": 19.626573212826294, "val_group_loss_2": 14.857092433392488, "val_group_loss_3": 18.409618421600427, "_timestamp": 1726667640.919534, "_runtime": 9.363677978515625, "_step": 2, "final/reward_err_1": 0.09702534361898327, "final/reward_err_2": 0.0055807221953543835, "final/reward_err_3": 0.059505678271835546, "final/reward_param_1": 7.452401616417776, "final/reward_param_2": 3.9791629117940857, "final/reward_param_3": 12.697791883862287, "final/reward_param_4": 5.385626883053553, "optimal_reward_1": 3.792543649673462, "optimal_reward_2": 3.792543649673462, "optimal_reward_3": 3.247636318206787, "final/reward_1": 3.758143424987793, "final/reward_2": 3.5266289710998535, "final/reward_3": 3.247636318206787, "reward_0_when_1_group_param_known": 3.792543649673462, "reward_1_when_1_group_param_known": 3.4004008769989014, "reward_2_when_1_group_param_known": 3.214235782623291, "reward_0_when_2_group_param_known": 3.4004008769989014, "reward_1_when_2_group_param_known": 3.792543649673462, "reward_2_when_2_group_param_known": 3.046867847442627, "reward_0_when_3_group_param_known": 3.758143424987793, "reward_1_when_3_group_param_known": 3.5266289710998535, "reward_2_when_3_group_param_known": 3.247636318206787, "reward_error_0_when_1_group_param_known": 0.0, "reward_error_1_when_1_group_param_known": 0.10339835448125272, "reward_error_2_when_1_group_param_known": 0.010284567701206924, "reward_error_0_when_2_group_param_known": 0.10339835448125272, "reward_error_1_when_2_group_param_known": 0.0, "reward_error_2_when_2_group_param_known": 0.06181987485440376, "reward_error_0_when_3_group_param_known": 0.00907048879678176, "reward_error_1_when_3_group_param_known": 0.07011512671620897, "reward_error_2_when_3_group_param_known": 0.0, "_wandb": {"runtime": 9}}