{"Iteration": 199, "train_loss": 17.724801148326016, "val_loss": 15.187538948632493, "grad_norm": 0.028738902993010396, "live_grad": 2.656092573116799e-14, "train_weighted_loss": 53.17440344497804, "val_weighted_loss": 45.56261684589747, "max_reward_err": 0.09747190147887727, "max_reward_err_index": 0, "max_kl_dist": 1.492681821804972, "max_kl_dist_index": 0, "max_train_grp_loss": 19.37546625750981, "max_train_grp_loss_index": 0, "max_val_grp_loss": 19.337800402654164, "max_val_grp_loss_index": 0, "max_cur_train_grp_loss": 0.39000786551713607, "max_cur_train_grp_loss_index": 2, "reward_err_1": 0.09747190147887727, "reward_err_2": 0.004407439485029939, "reward_err_3": 0.05886313241505155, "KL_distance_1": 1.492681821804972, "KL_distance_2": 0.6677489699623672, "KL_distance_3": 1.234744551503413, "reward_param_1": 6.1789546753257625, "reward_param_2": 4.610657625305798, "reward_param_3": 12.355840651740719, "reward_param_4": 4.6397447435218035, "group_weight_1": 0.27894944736803734, "group_weight_2": 0.2649851735639193, "group_weight_3": 0.45606537906804323, "hist_group_loss_1": 30.29691762230461, "hist_group_loss_2": 25.161247865386027, "hist_group_loss_3": 79.4574777434601, "cur_group_loss_1": 0.15021046563504384, "cur_group_loss_2": 0.12793396593987744, "cur_group_loss_3": 0.39000786551713607, "train_group_loss_1": 19.37546625750981, "train_group_loss_2": 16.63481713771839, "train_group_loss_3": 15.987291935991433, "val_group_loss_1": 19.337800402654164, "val_group_loss_2": 7.343085117797105, "val_group_loss_3": 18.024503269515584, "_timestamp": 1726693342.713289, "_runtime": 14.184391975402832, "_step": 3, "final/reward_err_1": 0.09747190147887727, "final/reward_err_2": 0.004407439485029939, "final/reward_err_3": 0.05886313241505155, "final/reward_param_1": 6.1789546753257625, "final/reward_param_2": 4.610657625305798, "final/reward_param_3": 12.355840651740719, "final/reward_param_4": 4.6397447435218035, "optimal_reward_1": 3.894106388092041, "optimal_reward_2": 3.894106388092041, "optimal_reward_3": 3.3780486583709717, "final/reward_1": 3.8587565422058105, "final/reward_2": 3.6140236854553223, "final/reward_3": 3.3780486583709717, "reward_0_when_1_group_param_known": 3.894106388092041, "reward_1_when_1_group_param_known": 3.4839439392089844, "reward_2_when_1_group_param_known": 3.341844081878662, "reward_0_when_2_group_param_known": 3.4839439392089844, "reward_1_when_2_group_param_known": 3.894106388092041, "reward_2_when_2_group_param_known": 3.171762704849243, "reward_0_when_3_group_param_known": 3.8587565422058105, "reward_1_when_3_group_param_known": 3.6140236854553223, "reward_2_when_3_group_param_known": 3.3780486583709717, "reward_error_0_when_1_group_param_known": 0.0, "reward_error_1_when_1_group_param_known": 0.10532903007922702, "reward_error_2_when_1_group_param_known": 0.010717600648703753, "reward_error_0_when_2_group_param_known": 0.10532903007922702, "reward_error_1_when_2_group_param_known": 0.0, "reward_error_2_when_2_group_param_known": 0.06106660216706521, "reward_error_0_when_3_group_param_known": 0.009077781232256088, "reward_error_1_when_3_group_param_known": 0.0719247690543833, "reward_error_2_when_3_group_param_known": 0.0, "_wandb": {"runtime": 14}}