{"final/reward_param_4":10.299358930608754,"final/reward_2":7.0068994140625,"_wandb":{"runtime":104},"final/reward_err_1":7.391002593606173e-05,"_timestamp":1.7283143466906419e+09,"reward_0_when_2_group_param_known":3.46072314453125,"final/reward_param_3":4.153352542743489,"reward_error_2_when_2_group_param_known":0.06241101610796404,"reward_error_1_when_3_group_param_known":0.02112789329121925,"max_reward_err":0.06350585019149561,"cur_group_loss_2":0.14185186850040038,"reward_2_when_2_group_param_known":3.12821826171875,"reward_error_0_when_2_group_param_known":0.10530859550248342,"final/reward_1":3.83464501953125,"cur_group_loss_1":0.08417710132823072,"reward_error_1_when_1_group_param_known":0.06401383587376193,"optimal_reward_3":3.336449462890625,"reward_param_1":2.9671138365631977,"train_weighted_loss":41.61773679191865,"_runtime":104.592421,"reward_param_4":10.299358930608754,"max_val_grp_loss_index":1,"max_reward_err_index":1,"train_group_loss_2":18.299123101502254,"_step":101,"train_group_loss_1":10.437882790776454,"reward_error_2_when_3_group_param_known":0,"reward_error_0_when_3_group_param_known":0.008639583407495802,"reward_0_when_3_group_param_known":3.83464501953125,"max_cur_train_grp_loss_index":2,"group_weight_2":6.98267831946612e-05,"final/reward_3":3.336449462890625,"reward_err_1":7.391002593606173e-05,"reward_param_2":10.53636024585556,"val_group_loss_2":18.265127700084648,"reward_2_when_1_group_param_known":3.30809521484375,"max_cur_train_grp_loss":0.229465520698527,"cur_group_loss_3":0.229465520698527,"reward_error_1_when_2_group_param_known":0,"final/reward_param_2":10.53636024585556,"max_train_grp_loss_index":1,"reward_1_when_2_group_param_known":7.1581357421875,"KL_distance_2":0.4903651428222656,"max_kl_dist":0.8501603393554688,"reward_error_0_when_1_group_param_known":0,"group_weight_3":0.9999296958119958,"KL_distance_1":0.7538668823242187,"reward_error_2_when_1_group_param_known":0.00849832984501714,"final/reward_param_1":2.9671138365631977,"grad_norm":0.4481668867235893,"max_val_grp_loss":18.265127700084648,"reward_2_when_3_group_param_known":3.336449462890625,"reward_1_when_3_group_param_known":7.0068994140625,"val_group_loss_3":11.154647625334137,"reward_0_when_1_group_param_known":3.8680634765625,"group_weight_1":4.774048096347687e-07,"hist_group_loss_3":23.301234660409914,"optimal_reward_2":7.1581357421875,"max_kl_dist_index":2,"reward_err_3":0.008550429577662194,"reward_param_3":4.153352542743489,"val_loss":12.982090141270866,"optimal_reward_1":3.8680634765625,"final/reward_err_2":0.06350585019149561,"val_group_loss_1":9.558130053835812,"reward_err_2":0.06350585019149561,"Iteration":99,"val_weighted_loss":38.94627042381261,"hist_group_loss_1":8.746403918620365,"KL_distance_3":0.8501603393554688,"train_group_loss_3":10.784879426421153,"train_loss":13.87257893063955,"reward_1_when_1_group_param_known":6.699916015625,"max_train_grp_loss":18.299123101502254,"live_grad":4.1545587830509356e-14,"final/reward_err_3":0.008550429577662194,"hist_group_loss_2":13.731812058664831}