{"Iteration": 199, "train_loss": 17.01364578779516, "val_loss": 14.628243680128348, "grad_norm": 0.014747123107508092, "live_grad": 1.4230356972351837e-14, "train_weighted_loss": 51.04093736338547, "val_weighted_loss": 43.884731040385034, "max_reward_err": 0.07648050001974663, "max_reward_err_index": 0, "max_kl_dist": 1.3251941430882144, "max_kl_dist_index": 0, "max_train_grp_loss": 19.917076474015865, "max_train_grp_loss_index": 0, "max_val_grp_loss": 19.688767880985385, "max_val_grp_loss_index": 0, "max_cur_train_grp_loss": 0.24594357036104875, "max_cur_train_grp_loss_index": 2, "reward_err_1": 0.07648050001974663, "reward_err_2": 0.005392903742375225, "reward_err_3": 0.040393404786635584, "KL_distance_1": 1.3251941430882144, "KL_distance_2": 0.7377692586195373, "KL_distance_3": 1.0693869353065624, "reward_param_1": 9.056819804994772, "reward_param_2": 5.173259624095563, "reward_param_3": 10.142182533602165, "reward_param_4": 4.758891089613992, "group_weight_1": 0.318405020873125, "group_weight_2": 0.3007722865678224, "group_weight_3": 0.38082269255905254, "hist_group_loss_1": 31.740136189395624, "hist_group_loss_2": 26.04305943846058, "hist_group_loss_3": 49.6411031920097, "cur_group_loss_1": 0.1580779987281739, "cur_group_loss_2": 0.13145847255274049, "cur_group_loss_3": 0.24594357036104875, "train_group_loss_1": 19.917076474015865, "train_group_loss_2": 14.725083397574698, "train_group_loss_3": 15.247302582002936, "val_group_loss_1": 19.688767880985385, "val_group_loss_2": 7.216336988981254, "val_group_loss_3": 17.144061376890075, "_timestamp": 1726699275.23147, "_runtime": 14.51336121559143, "_step": 3, "final/reward_err_1": 0.07648050001974663, "final/reward_err_2": 0.005392903742375225, "final/reward_err_3": 0.040393404786635584, "final/reward_param_1": 9.056819804994772, "final/reward_param_2": 5.173259624095563, "final/reward_param_3": 10.142182533602165, "final/reward_param_4": 4.758891089613992, "optimal_reward_1": 3.791201591491699, "optimal_reward_2": 3.791201591491699, "optimal_reward_3": 3.2667675018310547, "final/reward_1": 3.751282215118408, "final/reward_2": 3.552793025970459, "final/reward_3": 3.2667675018310547, "reward_0_when_1_group_param_known": 3.791201591491699, "reward_1_when_1_group_param_known": 3.43137788772583, "reward_2_when_1_group_param_known": 3.2245421409606934, "reward_0_when_2_group_param_known": 3.43137788772583, "reward_1_when_2_group_param_known": 3.791201591491699, "reward_2_when_2_group_param_known": 3.0854053497314453, "reward_0_when_3_group_param_known": 3.751282215118408, "reward_1_when_3_group_param_known": 3.552793025970459, "reward_2_when_3_group_param_known": 3.2667675018310547, "reward_error_0_when_1_group_param_known": 0.0, "reward_error_1_when_1_group_param_known": 0.0949102006533743, "reward_error_2_when_1_group_param_known": 0.012925731888386182, "reward_error_0_when_2_group_param_known": 0.0949102006533743, "reward_error_1_when_2_group_param_known": 0.0, "reward_error_2_when_2_group_param_known": 0.055517312449678204, "reward_error_0_when_3_group_param_known": 0.010529478691631431, "reward_error_1_when_3_group_param_known": 0.06288469757352977, "reward_error_2_when_3_group_param_known": 0.0, "_wandb": {"runtime": 14}}