{"Iteration": 99, "train_loss": 17.339406549128793, "val_loss": 17.884339853273236, "grad_norm": 0.3804837687339503, "max_reward_err": 0.06688382863836057, "max_reward_err_index": 0, "max_kl_dist": 0.7972232610461647, "max_kl_dist_index": 0, "max_train_grp_loss": 20.34642105817905, "max_train_grp_loss_index": 0, "max_val_grp_loss": 20.97945925073147, "max_val_grp_loss_index": 0, "max_cur_train_grp_loss": 20.354267440661673, "max_cur_train_grp_loss_index": 0, "reward_err_1": 0.0870896415084261, "reward_err_2": 0.005224699885284589, "reward_err_3": 0.050170717988829196, "reward_param_1": 5.5138586009759045, "reward_param_2": 3.4801868422221482, "reward_param_3": 8.136663677711123, "reward_param_4": 3.549500967170596, "KL_distance_1": 0.7972232610461647, "KL_distance_2": 0.32229413524385125, "KL_distance_3": 0.6104861353536791, "hist_group_loss_1": 2090.418670306323, "hist_group_loss_2": 1574.5254665688453, "hist_group_loss_3": 1970.1358453567432, "cur_group_loss_1": 20.354267440661673, "cur_group_loss_2": 13.809556984144832, "cur_group_loss_3": 18.7134495439748, "train_group_loss_1": 20.34642105817905, "train_group_loss_2": 13.78878749695074, "train_group_loss_3": 18.698417906948286, "val_group_loss_1": 20.97945925073147, "val_group_loss_2": 13.177404692166567, "val_group_loss_3": 19.61100058172012, "_timestamp": 1726682345.647512, "_runtime": 8.455232858657837, "_step": 2, "final/reward_err_1": 0.0870896415084261, "final/reward_err_2": 0.005224699885284589, "final/reward_err_3": 0.050170717988829196, "final/reward_param_1": 5.5138586009759045, "final/reward_param_2": 3.4801868422221482, "final/reward_param_3": 8.136663677711123, "final/reward_param_4": 3.549500967170596, "optimal_reward_1": 3.8295645713806152, "optimal_reward_2": 3.8295645713806152, "optimal_reward_3": 3.2923295497894287, "final/reward_1": 3.7937707901000977, "final/reward_2": 3.5698022842407227, "final/reward_3": 3.2923295497894287, "reward_0_when_1_group_param_known": 3.8295645713806152, "reward_1_when_1_group_param_known": 3.440261125564575, "reward_2_when_1_group_param_known": 3.2583417892456055, "reward_0_when_2_group_param_known": 3.440261125564575, "reward_1_when_2_group_param_known": 3.8295645713806152, "reward_2_when_2_group_param_known": 3.092778205871582, "reward_0_when_3_group_param_known": 3.7937707901000977, "reward_1_when_3_group_param_known": 3.5698022842407227, "reward_2_when_3_group_param_known": 3.2923295497894287, "reward_error_0_when_1_group_param_known": 0.0, "reward_error_1_when_1_group_param_known": 0.10165736562464864, "reward_error_2_when_1_group_param_known": 0.010323316675876822, "reward_error_0_when_2_group_param_known": 0.10165736562464864, "reward_error_1_when_2_group_param_known": 0.0, "reward_error_2_when_2_group_param_known": 0.0606109871141574, "reward_error_0_when_3_group_param_known": 0.009346697415161585, "reward_error_1_when_3_group_param_known": 0.06783076307974209, "reward_error_2_when_3_group_param_known": 0.0, "_wandb": {"runtime": 8}}