{"Iteration": 99, "train_loss": 14.776616235494249, "val_loss": 14.606577435405622, "grad_norm": 0.021697134287218353, "live_grad": 1.9693553982989562e-14, "train_weighted_loss": 44.32984870648275, "val_weighted_loss": 43.81973230621688, "max_reward_err": 0.09696627228947508, "max_reward_err_index": 0, "max_kl_dist": 1.8490275560552356, "max_kl_dist_index": 0, "max_train_grp_loss": 19.322414054584456, "max_train_grp_loss_index": 0, "max_val_grp_loss": 19.196712400099393, "max_val_grp_loss_index": 0, "max_cur_train_grp_loss": 0.4319968486943894, "max_cur_train_grp_loss_index": 2, "reward_err_1": 0.09696627228947508, "reward_err_2": 0.0028955783560659113, "reward_err_3": 0.05624233230795264, "KL_distance_1": 1.8490275560552356, "KL_distance_2": 1.0086409192835242, "KL_distance_3": 1.5357856498266693, "reward_param_1": 9.171532263657376, "reward_param_2": 5.194986770742511, "reward_param_3": 13.687136565004675, "reward_param_4": 5.324926052979278, "group_weight_1": 0.3073061491430648, "group_weight_2": 0.2838080486818752, "group_weight_3": 0.40888580217506, "hist_group_loss_1": 15.085003444674285, "hist_group_loss_2": 7.130368000754877, "hist_group_loss_3": 43.64414600523809, "cur_group_loss_1": 0.14980399435224664, "cur_group_loss_2": 0.0718241965409884, "cur_group_loss_3": 0.4319968486943894, "train_group_loss_1": 19.322414054584456, "train_group_loss_2": 9.341044364335554, "train_group_loss_3": 17.708724152274584, "val_group_loss_1": 19.196712400099393, "val_group_loss_2": 6.441217508399517, "val_group_loss_3": 17.5981476938371, "_timestamp": 1726690317.941445, "_runtime": 9.814844131469727, "_step": 2, "final/reward_err_1": 0.09696627228947508, "final/reward_err_2": 0.0028955783560659113, "final/reward_err_3": 0.05624233230795264, "final/reward_param_1": 9.171532263657376, "final/reward_param_2": 5.194986770742511, "final/reward_param_3": 13.687136565004675, "final/reward_param_4": 5.324926052979278, "optimal_reward_1": 3.860621452331543, "optimal_reward_2": 3.860621452331543, "optimal_reward_3": 3.3138341903686523, "final/reward_1": 3.8245344161987305, "final/reward_2": 3.578054666519165, "final/reward_3": 3.3138341903686523, "reward_0_when_1_group_param_known": 3.860621452331543, "reward_1_when_1_group_param_known": 3.4612629413604736, "reward_2_when_1_group_param_known": 3.285645008087158, "reward_0_when_2_group_param_known": 3.4612629413604736, "reward_1_when_2_group_param_known": 3.860621452331543, "reward_2_when_2_group_param_known": 3.115248203277588, "reward_0_when_3_group_param_known": 3.8245344161987305, "reward_1_when_3_group_param_known": 3.578054666519165, "reward_2_when_3_group_param_known": 3.3138341903686523, "reward_error_0_when_1_group_param_known": 0.0, "reward_error_1_when_1_group_param_known": 0.1034440998430149, "reward_error_2_when_1_group_param_known": 0.008506515613672933, "reward_error_0_when_2_group_param_known": 0.1034440998430149, "reward_error_1_when_2_group_param_known": 0.0, "reward_error_2_when_2_group_param_known": 0.0599263498663379, "reward_error_0_when_3_group_param_known": 0.009347468167597338, "reward_error_1_when_3_group_param_known": 0.07319204674722188, "reward_error_2_when_3_group_param_known": 0.0, "_wandb": {"runtime": 9}}