{"Iteration": 99, "train_loss": 15.254862981276219, "val_loss": 16.41146447263059, "grad_norm": 0.3741130707243634, "max_reward_err": 0.04822724817593744, "max_reward_err_index": 1, "max_kl_dist": 0.7802240327671024, "max_kl_dist_index": 0, "max_train_grp_loss": 20.71563184726852, "max_train_grp_loss_index": 0, "max_val_grp_loss": 19.766880266494496, "max_val_grp_loss_index": 0, "max_cur_train_grp_loss": 20.719632558514125, "max_cur_train_grp_loss_index": 0, "reward_err_1": 0.06496734531225783, "reward_err_2": 0.01346658388203003, "reward_err_3": 0.03010868180480326, "reward_param_1": 7.821562710390334, "reward_param_2": 4.801619027484241, "reward_param_3": 6.681597992745338, "reward_param_4": 4.513388748135342, "KL_distance_1": 0.7802240327671024, "KL_distance_2": 0.47254546343031295, "KL_distance_3": 0.6204433575642626, "hist_group_loss_1": 2106.444744507542, "hist_group_loss_2": 1072.866827260148, "hist_group_loss_3": 1969.7893127950613, "cur_group_loss_1": 20.719632558514125, "cur_group_loss_2": 8.734915325036322, "cur_group_loss_3": 18.860946449489973, "train_group_loss_1": 20.71563184726852, "train_group_loss_2": 8.710814563919277, "train_group_loss_3": 18.848772883817762, "val_group_loss_1": 19.766880266494496, "val_group_loss_2": 10.257357638598041, "val_group_loss_3": 18.876941369237972, "_timestamp": 1726682040.471425, "_runtime": 8.911750078201294, "_step": 2, "final/reward_err_1": 0.06496734531225783, "final/reward_err_2": 0.01346658388203003, "final/reward_err_3": 0.03010868180480326, "final/reward_param_1": 7.821562710390334, "final/reward_param_2": 4.801619027484241, "final/reward_param_3": 6.681597992745338, "final/reward_param_4": 4.513388748135342, "optimal_reward_1": 3.8380610942840576, "optimal_reward_2": 3.8380610942840576, "optimal_reward_3": 3.256373405456543, "final/reward_1": 3.7958598136901855, "final/reward_2": 3.5798747539520264, "final/reward_3": 3.256373405456543, "reward_0_when_1_group_param_known": 3.8380610942840576, "reward_1_when_1_group_param_known": 3.4578683376312256, "reward_2_when_1_group_param_known": 3.2186596393585205, "reward_0_when_2_group_param_known": 3.4578683376312256, "reward_1_when_2_group_param_known": 3.8380610942840576, "reward_2_when_2_group_param_known": 3.066926956176758, "reward_0_when_3_group_param_known": 3.7958598136901855, "reward_1_when_3_group_param_known": 3.5798747539520264, "reward_2_when_3_group_param_known": 3.256373405456543, "reward_error_0_when_1_group_param_known": 0.0, "reward_error_1_when_1_group_param_known": 0.09905854735325735, "reward_error_2_when_1_group_param_known": 0.011581523800319515, "reward_error_0_when_2_group_param_known": 0.09905854735325735, "reward_error_1_when_2_group_param_known": 0.0, "reward_error_2_when_2_group_param_known": 0.05817712703412304, "reward_error_0_when_3_group_param_known": 0.010995468690355538, "reward_error_1_when_3_group_param_known": 0.06726999231891923, "reward_error_2_when_3_group_param_known": 0.0, "_wandb": {"runtime": 8}}