{"Iteration": 99, "train_loss": 16.935666461489898, "val_loss": 19.055596896318107, "grad_norm": 0.010316382491630648, "live_grad": 1.6889991854661992e-14, "train_weighted_loss": 50.80699938446969, "val_weighted_loss": 57.16679068895432, "max_reward_err": 0.09101121022813417, "max_reward_err_index": 0, "max_kl_dist": 1.440553159167367, "max_kl_dist_index": 0, "max_train_grp_loss": 20.298878021169372, "max_train_grp_loss_index": 0, "max_val_grp_loss": 20.345521004248283, "max_val_grp_loss_index": 0, "max_cur_train_grp_loss": 0.313257752020034, "max_cur_train_grp_loss_index": 2, "reward_err_1": 0.09101121022813417, "reward_err_2": 0.004952983876207892, "reward_err_3": 0.05325232115274865, "KL_distance_1": 1.440553159167367, "KL_distance_2": 0.7805173402285752, "KL_distance_3": 1.1895029256452876, "reward_param_1": 11.832523779213428, "reward_param_2": 4.869935607245024, "reward_param_3": 7.912470832468895, "reward_param_4": 5.14679079513266, "group_weight_1": 0.3194668691152841, "group_weight_2": 0.3060675138702464, "group_weight_3": 0.3744656170144694, "hist_group_loss_1": 15.684930633211058, "hist_group_loss_2": 11.40014451103985, "hist_group_loss_3": 31.56957222983226, "cur_group_loss_1": 0.1561578119678821, "cur_group_loss_2": 0.11488022191982253, "cur_group_loss_3": 0.313257752020034, "train_group_loss_1": 20.298878021169372, "train_group_loss_2": 13.673602488153614, "train_group_loss_3": 15.974256854993559, "val_group_loss_1": 20.345521004248283, "val_group_loss_2": 19.53865556663042, "val_group_loss_3": 17.43510799585653, "_timestamp": 1726685177.388302, "_runtime": 9.73638916015625, "_step": 2, "final/reward_err_1": 0.09101121022813417, "final/reward_err_2": 0.004952983876207892, "final/reward_err_3": 0.05325232115274865, "final/reward_param_1": 11.832523779213428, "final/reward_param_2": 4.869935607245024, "final/reward_param_3": 7.912470832468895, "final/reward_param_4": 5.14679079513266, "optimal_reward_1": 3.852689266204834, "optimal_reward_2": 3.852689266204834, "optimal_reward_3": 3.3024346828460693, "final/reward_1": 3.8164188861846924, "final/reward_2": 3.5882885456085205, "final/reward_3": 3.3024346828460693, "reward_0_when_1_group_param_known": 3.852689266204834, "reward_1_when_1_group_param_known": 3.475465774536133, "reward_2_when_1_group_param_known": 3.27390193939209, "reward_0_when_2_group_param_known": 3.475465774536133, "reward_1_when_2_group_param_known": 3.852689266204834, "reward_2_when_2_group_param_known": 3.1151528358459473, "reward_0_when_3_group_param_known": 3.8164188861846924, "reward_1_when_3_group_param_known": 3.5882885456085205, "reward_2_when_3_group_param_known": 3.3024346828460693, "reward_error_0_when_1_group_param_known": 0.0, "reward_error_1_when_1_group_param_known": 0.09791173531113566, "reward_error_2_when_1_group_param_known": 0.008639911518065122, "reward_error_0_when_2_group_param_known": 0.09791173531113566, "reward_error_1_when_2_group_param_known": 0.0, "reward_error_2_when_2_group_param_known": 0.0567102350193103, "reward_error_0_when_3_group_param_known": 0.00941430193664968, "reward_error_1_when_3_group_param_known": 0.06862757474774667, "reward_error_2_when_3_group_param_known": 0.0, "_wandb": {"runtime": 9}}