{"Iteration": 99, "train_loss": 17.795800995735437, "val_loss": 18.29018022965644, "grad_norm": 0.3660588172802434, "max_reward_err": 0.09450373572223984, "max_reward_err_index": 0, "max_kl_dist": 0.7268599363368775, "max_kl_dist_index": 0, "max_train_grp_loss": 20.75993380609427, "max_train_grp_loss_index": 0, "max_val_grp_loss": 21.061548268776505, "max_val_grp_loss_index": 0, "max_cur_train_grp_loss": 20.76907698497075, "max_cur_train_grp_loss_index": 0, "reward_err_1": 0.08585828991865979, "reward_err_2": 0.007955082871904755, "reward_err_3": 0.04936714500529081, "reward_param_1": 4.828069838748181, "reward_param_2": 3.3409714464858755, "reward_param_3": 8.006649198839401, "reward_param_4": 3.682941671821171, "KL_distance_1": 0.7268599363368775, "KL_distance_2": 0.3003237446366542, "KL_distance_3": 0.5617471674589776, "hist_group_loss_1": 2141.791499823267, "hist_group_loss_2": 1541.8026626351973, "hist_group_loss_3": 2073.864292766804, "cur_group_loss_1": 20.76907698497075, "cur_group_loss_2": 13.715765801198375, "cur_group_loss_3": 19.815502308181618, "train_group_loss_1": 20.75993380609427, "train_group_loss_2": 13.697861435634572, "train_group_loss_3": 19.80202731544828, "val_group_loss_1": 21.061548268776505, "val_group_loss_2": 14.112507515002994, "val_group_loss_3": 19.924166859463448, "_timestamp": 1726684146.208218, "_runtime": 8.886009216308594, "_step": 2, "final/reward_err_1": 0.08585828991865979, "final/reward_err_2": 0.007955082871904755, "final/reward_err_3": 0.04936714500529081, "final/reward_param_1": 4.828069838748181, "final/reward_param_2": 3.3409714464858755, "final/reward_param_3": 8.006649198839401, "final/reward_param_4": 3.682941671821171, "optimal_reward_1": 3.784027576446533, "optimal_reward_2": 3.784027576446533, "optimal_reward_3": 3.210723400115967, "final/reward_1": 3.743748664855957, "final/reward_2": 3.5277538299560547, "final/reward_3": 3.210723400115967, "reward_0_when_1_group_param_known": 3.784027576446533, "reward_1_when_1_group_param_known": 3.406392812728882, "reward_2_when_1_group_param_known": 3.1765923500061035, "reward_0_when_2_group_param_known": 3.406392812728882, "reward_1_when_2_group_param_known": 3.784027576446533, "reward_2_when_2_group_param_known": 3.023632764816284, "reward_0_when_3_group_param_known": 3.743748664855957, "reward_1_when_3_group_param_known": 3.5277538299560547, "reward_2_when_3_group_param_known": 3.210723400115967, "reward_error_0_when_1_group_param_known": 0.0, "reward_error_1_when_1_group_param_known": 0.09979704325312472, "reward_error_2_when_1_group_param_known": 0.010630330257857316, "reward_error_0_when_2_group_param_known": 0.09979704325312472, "reward_error_1_when_2_group_param_known": 0.0, "reward_error_2_when_2_group_param_known": 0.058270555256465, "reward_error_0_when_3_group_param_known": 0.010644455088353476, "reward_error_1_when_3_group_param_known": 0.06772512655183595, "reward_error_2_when_3_group_param_known": 0.0, "_wandb": {"runtime": 8}}