{"Iteration": 99, "train_loss": 21.86424296076682, "val_loss": 21.468184197872965, "grad_norm": 0.0007526034223272997, "live_grad": 1.830658541680624e-14, "train_weighted_loss": 65.59272888230046, "val_weighted_loss": 64.40455259361889, "max_reward_err": 0.06841733882295577, "max_reward_err_index": 0, "max_kl_dist": 0.6146435588297849, "max_kl_dist_index": 0, "max_train_grp_loss": 23.695834210445753, "max_train_grp_loss_index": 0, "max_val_grp_loss": 23.551206819066508, "max_val_grp_loss_index": 0, "max_cur_train_grp_loss": 0.22567521319017503, "max_cur_train_grp_loss_index": 0, "reward_err_1": 0.06841733882295577, "reward_err_2": 0.014054698840270847, "reward_err_3": 0.03180416597434478, "KL_distance_1": 0.6146435588297849, "KL_distance_2": 0.3221698622513652, "KL_distance_3": 0.46029375663514405, "reward_param_1": 5.969993528126142, "reward_param_2": 3.0985946247737775, "reward_param_3": 6.603307600709822, "reward_param_4": 4.614121781800088, "group_weight_1": 0.33642816216471133, "group_weight_2": 0.3290132613738016, "group_weight_3": 0.3345585764614871, "hist_group_loss_1": 22.572039545306854, "hist_group_loss_2": 20.343381263423055, "hist_group_loss_3": 22.014773526812853, "cur_group_loss_1": 0.22567521319017503, "cur_group_loss_2": 0.20309998048337466, "cur_group_loss_3": 0.22005384181467708, "train_group_loss_1": 23.695834210445753, "train_group_loss_2": 18.279118172999887, "train_group_loss_3": 23.105615814888118, "val_group_loss_1": 23.551206819066508, "val_group_loss_2": 17.891718993530425, "val_group_loss_3": 22.880465356292216, "_timestamp": 1726610937.574303, "_runtime": 9.432976961135864, "_step": 2, "final/reward_err_1": 0.06841733882295577, "final/reward_err_2": 0.014054698840270847, "final/reward_err_3": 0.03180416597434478, "final/reward_param_1": 5.969993528126142, "final/reward_param_2": 3.0985946247737775, "final/reward_param_3": 6.603307600709822, "final/reward_param_4": 4.614121781800088, "optimal_reward_1": 3.9039058685302734, "optimal_reward_2": 3.9039058685302734, "optimal_reward_3": 3.373443365097046, "final/reward_1": 3.8642210960388184, "final/reward_2": 3.6309494972229004, "final/reward_3": 3.373443365097046, "reward_0_when_1_group_param_known": 3.9039058685302734, "reward_1_when_1_group_param_known": 3.4975547790527344, "reward_2_when_1_group_param_known": 3.3393921852111816, "reward_0_when_2_group_param_known": 3.4975547790527344, "reward_1_when_2_group_param_known": 3.9039058685302734, "reward_2_when_2_group_param_known": 3.1683003902435303, "reward_0_when_3_group_param_known": 3.8642210960388184, "reward_1_when_3_group_param_known": 3.6309494972229004, "reward_2_when_3_group_param_known": 3.373443365097046, "reward_error_0_when_1_group_param_known": 0.0, "reward_error_1_when_1_group_param_known": 0.10408834207637298, "reward_error_2_when_1_group_param_known": 0.010093894042559297, "reward_error_0_when_2_group_param_known": 0.10408834207637298, "reward_error_1_when_2_group_param_known": 0.0, "reward_error_2_when_2_group_param_known": 0.06081115129306881, "reward_error_0_when_3_group_param_known": 0.010165401991722571, "reward_error_1_when_3_group_param_known": 0.06991878915618796, "reward_error_2_when_3_group_param_known": 0.0, "_wandb": {"runtime": 9}}