{"Iteration": 99, "train_loss": 16.38958301644956, "val_loss": 16.730478074791215, "grad_norm": 0.004378141192536619, "live_grad": 2.361568924380453e-14, "train_weighted_loss": 49.168749049348676, "val_weighted_loss": 50.191434224373644, "max_reward_err": 0.08275420085773885, "max_reward_err_index": 0, "max_kl_dist": 1.7785503769923967, "max_kl_dist_index": 0, "max_train_grp_loss": 18.321154493112278, "max_train_grp_loss_index": 0, "max_val_grp_loss": 19.316160081744002, "max_val_grp_loss_index": 0, "max_cur_train_grp_loss": 0.1761713644969431, "max_cur_train_grp_loss_index": 0, "reward_err_1": 0.08275420085773885, "reward_err_2": 0.004674670463139874, "reward_err_3": 0.046623672801395864, "KL_distance_1": 1.7785503769923967, "KL_distance_2": 1.0465618283666236, "KL_distance_3": 1.4660224489774336, "reward_param_1": 10.520722723241873, "reward_param_2": 4.777501302220141, "reward_param_3": 12.500893327316525, "reward_param_4": 6.216103015224382, "group_weight_1": 0.3384783645056951, "group_weight_2": 0.32427305585279326, "group_weight_3": 0.3372485796415116, "hist_group_loss_1": 17.68853232974073, "hist_group_loss_2": 13.401107461905632, "hist_group_loss_3": 17.324543226568114, "cur_group_loss_1": 0.1761713644969431, "cur_group_loss_2": 0.133983836269811, "cur_group_loss_3": 0.17250606355332995, "train_group_loss_1": 18.321154493112278, "train_group_loss_2": 12.194158068103537, "train_group_loss_3": 18.112442413845432, "val_group_loss_1": 19.316160081744002, "val_group_loss_2": 15.157577038718287, "val_group_loss_3": 15.65254735685508, "_timestamp": 1726602127.4440582, "_runtime": 9.191968202590942, "_step": 2, "final/reward_err_1": 0.08275420085773885, "final/reward_err_2": 0.004674670463139874, "final/reward_err_3": 0.046623672801395864, "final/reward_param_1": 10.520722723241873, "final/reward_param_2": 4.777501302220141, "final/reward_param_3": 12.500893327316525, "final/reward_param_4": 6.216103015224382, "optimal_reward_1": 3.779723644256592, "optimal_reward_2": 3.779723644256592, "optimal_reward_3": 3.248685598373413, "final/reward_1": 3.741098642349243, "final/reward_2": 3.5430009365081787, "final/reward_3": 3.248685598373413, "reward_0_when_1_group_param_known": 3.779723644256592, "reward_1_when_1_group_param_known": 3.4200356006622314, "reward_2_when_1_group_param_known": 3.2069242000579834, "reward_0_when_2_group_param_known": 3.4200356006622314, "reward_1_when_2_group_param_known": 3.779723644256592, "reward_2_when_2_group_param_known": 3.065584421157837, "reward_0_when_3_group_param_known": 3.741098642349243, "reward_1_when_3_group_param_known": 3.5430009365081787, "reward_2_when_3_group_param_known": 3.248685598373413, "reward_error_0_when_1_group_param_known": 0.0, "reward_error_1_when_1_group_param_known": 0.0951625244191907, "reward_error_2_when_1_group_param_known": 0.012854859927454733, "reward_error_0_when_2_group_param_known": 0.0951625244191907, "reward_error_1_when_2_group_param_known": 0.0, "reward_error_2_when_2_group_param_known": 0.05636161815943446, "reward_error_0_when_3_group_param_known": 0.01021900158389636, "reward_error_1_when_3_group_param_known": 0.06262963381148795, "reward_error_2_when_3_group_param_known": 0.0, "_wandb": {"runtime": 9}}