{"Iteration": 199, "train_loss": 15.788530780885376, "val_loss": 15.189994813883631, "grad_norm": 0.03928252963187756, "live_grad": 1.6778629992785923e-14, "train_weighted_loss": 47.36559234265613, "val_weighted_loss": 45.5699844416509, "max_reward_err": 0.09804945042981106, "max_reward_err_index": 0, "max_kl_dist": 1.7169752989064135, "max_kl_dist_index": 0, "max_train_grp_loss": 20.784408168806515, "max_train_grp_loss_index": 0, "max_val_grp_loss": 19.16539674589901, "max_val_grp_loss_index": 0, "max_cur_train_grp_loss": 0.3982728673262886, "max_cur_train_grp_loss_index": 2, "reward_err_1": 0.09804945042981106, "reward_err_2": 0.002226201039907912, "reward_err_3": 0.05596242647763831, "KL_distance_1": 1.7169752989064135, "KL_distance_2": 0.9131613674838295, "KL_distance_3": 1.3977545189180531, "reward_param_1": 12.60118780382243, "reward_param_2": 5.297307050257099, "reward_param_3": 9.49962593574718, "reward_param_4": 4.434300356615838, "group_weight_1": 0.28829260740888685, "group_weight_2": 0.24454282661210291, "group_weight_3": 0.4671645659790103, "hist_group_loss_1": 32.50711386647887, "hist_group_loss_2": 16.048562990182376, "hist_group_loss_3": 80.77767616288311, "cur_group_loss_1": 0.16113366601141277, "cur_group_loss_2": 0.08198298165480675, "cur_group_loss_3": 0.3982728673262886, "train_group_loss_1": 20.784408168806515, "train_group_loss_2": 10.661268532387071, "train_group_loss_3": 16.326967592176892, "val_group_loss_1": 19.16539674589901, "val_group_loss_2": 6.69228981581112, "val_group_loss_3": 19.06204265410753, "_timestamp": 1726698828.235109, "_runtime": 14.476978063583374, "_step": 3, "final/reward_err_1": 0.09804945042981106, "final/reward_err_2": 0.002226201039907912, "final/reward_err_3": 0.05596242647763831, "final/reward_param_1": 12.60118780382243, "final/reward_param_2": 5.297307050257099, "final/reward_param_3": 9.49962593574718, "final/reward_param_4": 4.434300356615838, "optimal_reward_1": 3.887071371078491, "optimal_reward_2": 3.887071371078491, "optimal_reward_3": 3.37681245803833, "final/reward_1": 3.850891590118408, "final/reward_2": 3.6070683002471924, "final/reward_3": 3.37681245803833, "reward_0_when_1_group_param_known": 3.887071371078491, "reward_1_when_1_group_param_known": 3.4786219596862793, "reward_2_when_1_group_param_known": 3.3387703895568848, "reward_0_when_2_group_param_known": 3.4786219596862793, "reward_1_when_2_group_param_known": 3.887071371078491, "reward_2_when_2_group_param_known": 3.172039270401001, "reward_0_when_3_group_param_known": 3.850891590118408, "reward_1_when_3_group_param_known": 3.6070683002471924, "reward_2_when_3_group_param_known": 3.37681245803833, "reward_error_0_when_1_group_param_known": 0.0, "reward_error_1_when_1_group_param_known": 0.10507895852678548, "reward_error_2_when_1_group_param_known": 0.011265674050357196, "reward_error_0_when_2_group_param_known": 0.10507895852678548, "reward_error_1_when_2_group_param_known": 0.0, "reward_error_2_when_2_group_param_known": 0.06064097138408648, "reward_error_0_when_3_group_param_known": 0.00930772232001614, "reward_error_1_when_3_group_param_known": 0.07203445578968372, "reward_error_2_when_3_group_param_known": 0.0, "_wandb": {"runtime": 14}}