{"Iteration": 99, "train_loss": 15.171565894024054, "val_loss": 14.982763579606958, "grad_norm": 0.010099944779482072, "live_grad": 3.0283915096393293e-14, "train_weighted_loss": 45.514697682072175, "val_weighted_loss": 44.94829073882087, "max_reward_err": 0.09048677949013519, "max_reward_err_index": 0, "max_kl_dist": 2.315551733587001, "max_kl_dist_index": 0, "max_train_grp_loss": 18.779859949913227, "max_train_grp_loss_index": 0, "max_val_grp_loss": 17.85249783299237, "max_val_grp_loss_index": 0, "max_cur_train_grp_loss": 0.18059513791443, "max_cur_train_grp_loss_index": 0, "reward_err_1": 0.09048677949013519, "reward_err_2": 0.0030658551229468018, "reward_err_3": 0.050384805470062514, "KL_distance_1": 2.315551733587001, "KL_distance_2": 1.3587597832796687, "KL_distance_3": 1.9328620457741112, "reward_param_1": 15.593398647562498, "reward_param_2": 6.156979712913744, "reward_param_3": 11.688936931981834, "reward_param_4": 6.326356830786939, "group_weight_1": 0.34501281072456863, "group_weight_2": 0.31444470571265837, "group_weight_3": 0.340542483562773, "hist_group_loss_1": 18.19998430116024, "hist_group_loss_2": 8.922653832368697, "hist_group_loss_3": 16.89581801139294, "cur_group_loss_1": 0.18059513791443, "cur_group_loss_2": 0.09069012425806407, "cur_group_loss_3": 0.1675383779823694, "train_group_loss_1": 18.779859949913227, "train_group_loss_2": 8.257765148199185, "train_group_loss_3": 17.589597189810622, "val_group_loss_1": 17.85249783299237, "val_group_loss_2": 11.623561523070773, "val_group_loss_3": 15.515024497726595, "_timestamp": 1726659810.007128, "_runtime": 9.762980937957764, "_step": 2, "final/reward_err_1": 0.09048677949013519, "final/reward_err_2": 0.0030658551229468018, "final/reward_err_3": 0.050384805470062514, "final/reward_param_1": 15.593398647562498, "final/reward_param_2": 6.156979712913744, "final/reward_param_3": 11.688936931981834, "final/reward_param_4": 6.326356830786939, "optimal_reward_1": 3.8669028282165527, "optimal_reward_2": 3.8669028282165527, "optimal_reward_3": 3.3657867908477783, "final/reward_1": 3.8246397972106934, "final/reward_2": 3.594559669494629, "final/reward_3": 3.3657867908477783, "reward_0_when_1_group_param_known": 3.8669028282165527, "reward_1_when_1_group_param_known": 3.4664041996002197, "reward_2_when_1_group_param_known": 3.3253726959228516, "reward_0_when_2_group_param_known": 3.4664041996002197, "reward_1_when_2_group_param_known": 3.8669028282165527, "reward_2_when_2_group_param_known": 3.1640493869781494, "reward_0_when_3_group_param_known": 3.8246397972106934, "reward_1_when_3_group_param_known": 3.594559669494629, "reward_2_when_3_group_param_known": 3.3657867908477783, "reward_error_0_when_1_group_param_known": 0.0, "reward_error_1_when_1_group_param_known": 0.10357090581483432, "reward_error_2_when_1_group_param_known": 0.012007324716711247, "reward_error_0_when_2_group_param_known": 0.10357090581483432, "reward_error_1_when_2_group_param_known": 0.0, "reward_error_2_when_2_group_param_known": 0.05993766581358977, "reward_error_0_when_3_group_param_known": 0.01092942669711497, "reward_error_1_when_3_group_param_known": 0.07042927397467878, "reward_error_2_when_3_group_param_known": 0.0, "_wandb": {"runtime": 9}}