{"Iteration": 99, "train_loss": 15.45345049021713, "val_loss": 15.55404675044516, "grad_norm": 0.4771300941258941, "max_reward_err": 0.08400883857904098, "max_reward_err_index": 1, "max_kl_dist": 0.7036778090499745, "max_kl_dist_index": 0, "max_train_grp_loss": 20.245854249812986, "max_train_grp_loss_index": 0, "max_val_grp_loss": 20.338048658411864, "max_val_grp_loss_index": 0, "max_cur_train_grp_loss": 20.252906314880025, "max_cur_train_grp_loss_index": 0, "reward_err_1": 0.07568522409073794, "reward_err_2": 0.013830908574844859, "reward_err_3": 0.041877046023735695, "reward_param_1": 7.7885484139431425, "reward_param_2": 4.614764997277015, "reward_param_3": 5.163911267990188, "reward_param_4": 3.7203020324961664, "KL_distance_1": 0.7036778090499745, "KL_distance_2": 0.3697276299495554, "KL_distance_3": 0.5509338075135551, "hist_group_loss_1": 2085.7409744762845, "hist_group_loss_2": 1291.0665059712426, "hist_group_loss_3": 2057.5502356439465, "cur_group_loss_1": 20.252906314880025, "cur_group_loss_2": 9.381971882807361, "cur_group_loss_3": 19.600144948869833, "train_group_loss_1": 20.245854249812986, "train_group_loss_2": 9.340666755393402, "train_group_loss_3": 19.587302311544242, "val_group_loss_1": 20.338048658411864, "val_group_loss_2": 9.283157381825315, "val_group_loss_3": 19.60898246671136, "_timestamp": 1726687166.7465851, "_runtime": 8.492039203643799, "_step": 2, "final/reward_err_1": 0.07568522409073794, "final/reward_err_2": 0.013830908574844859, "final/reward_err_3": 0.041877046023735695, "final/reward_param_1": 7.7885484139431425, "final/reward_param_2": 4.614764997277015, "final/reward_param_3": 5.163911267990188, "final/reward_param_4": 3.7203020324961664, "optimal_reward_1": 3.863109827041626, "optimal_reward_2": 3.863109827041626, "optimal_reward_3": 3.3128116130828857, "final/reward_1": 3.8333048820495605, "final/reward_2": 3.584153175354004, "final/reward_3": 3.3128116130828857, "reward_0_when_1_group_param_known": 3.863109827041626, "reward_1_when_1_group_param_known": 3.465100049972534, "reward_2_when_1_group_param_known": 3.286677837371826, "reward_0_when_2_group_param_known": 3.465100049972534, "reward_1_when_2_group_param_known": 3.863109827041626, "reward_2_when_2_group_param_known": 3.1098380088806152, "reward_0_when_3_group_param_known": 3.8333048820495605, "reward_1_when_3_group_param_known": 3.584153175354004, "reward_2_when_3_group_param_known": 3.3128116130828857, "reward_error_0_when_1_group_param_known": 0.0, "reward_error_1_when_1_group_param_known": 0.10302833594919773, "reward_error_2_when_1_group_param_known": 0.00788869961933622, "reward_error_0_when_2_group_param_known": 0.10302833594919773, "reward_error_1_when_2_group_param_known": 0.0, "reward_error_2_when_2_group_param_known": 0.061269286608599004, "reward_error_0_when_3_group_param_known": 0.00771527249456692, "reward_error_1_when_3_group_param_known": 0.07221038597839902, "reward_error_2_when_3_group_param_known": 0.0, "_wandb": {"runtime": 8}}