{"Iteration": 199, "train_loss": 14.020217777276997, "val_loss": 15.134415764737916, "grad_norm": 0.1927233330988329, "max_reward_err": 0.0693109903173139, "max_reward_err_index": 0, "max_kl_dist": 1.288030278143328, "max_kl_dist_index": 0, "max_train_grp_loss": 20.106687554575377, "max_train_grp_loss_index": 0, "max_val_grp_loss": 19.988363360483284, "max_val_grp_loss_index": 0, "max_cur_train_grp_loss": 20.108436150229338, "max_cur_train_grp_loss_index": 0, "reward_err_1": 0.07343137279081353, "reward_err_2": 0.0030712192884236903, "reward_err_3": 0.03816490932586523, "reward_param_1": 9.407592524726054, "reward_param_2": 4.416848426063174, "reward_param_3": 9.831581764199266, "reward_param_4": 4.1659638416069305, "KL_distance_1": 1.288030278143328, "KL_distance_2": 0.6886459706250267, "KL_distance_3": 1.0337445243093912, "hist_group_loss_1": 4130.275918871055, "hist_group_loss_2": 1718.8309785847184, "hist_group_loss_3": 3858.568657399978, "cur_group_loss_1": 20.108436150229338, "cur_group_loss_2": 6.560773357468916, "cur_group_loss_3": 18.455110074060702, "train_group_loss_1": 20.106687554575377, "train_group_loss_2": 6.555025231493048, "train_group_loss_3": 18.45186854368403, "val_group_loss_1": 19.988363360483284, "val_group_loss_2": 6.870865372874783, "val_group_loss_3": 18.09185985425593, "_timestamp": 1726697041.829809, "_runtime": 11.399158954620361, "_step": 3, "final/reward_err_1": 0.07343137279081353, "final/reward_err_2": 0.0030712192884236903, "final/reward_err_3": 0.03816490932586523, "final/reward_param_1": 9.407592524726054, "final/reward_param_2": 4.416848426063174, "final/reward_param_3": 9.831581764199266, "final/reward_param_4": 4.1659638416069305, "optimal_reward_1": 3.8668251037597656, "optimal_reward_2": 3.8668251037597656, "optimal_reward_3": 3.3220629692077637, "final/reward_1": 3.8242225646972656, "final/reward_2": 3.634657144546509, "final/reward_3": 3.3220629692077637, "reward_0_when_1_group_param_known": 3.8668251037597656, "reward_1_when_1_group_param_known": 3.533245086669922, "reward_2_when_1_group_param_known": 3.2733237743377686, "reward_0_when_2_group_param_known": 3.533245086669922, "reward_1_when_2_group_param_known": 3.8668251037597656, "reward_2_when_2_group_param_known": 3.158748149871826, "reward_0_when_3_group_param_known": 3.8242225646972656, "reward_1_when_3_group_param_known": 3.634657144546509, "reward_2_when_3_group_param_known": 3.3220629692077637, "reward_error_0_when_1_group_param_known": 0.0, "reward_error_1_when_1_group_param_known": 0.08626715926859466, "reward_error_2_when_1_group_param_known": 0.014671363945162757, "reward_error_0_when_2_group_param_known": 0.08626715926859466, "reward_error_1_when_2_group_param_known": 0.0, "reward_error_2_when_2_group_param_known": 0.04916066337384459, "reward_error_0_when_3_group_param_known": 0.011017446592316002, "reward_error_1_when_3_group_param_known": 0.06004097754189007, "reward_error_2_when_3_group_param_known": 0.0, "_wandb": {"runtime": 11}}