{"Iteration": 99, "train_loss": 21.273164593570375, "val_loss": 20.50928992590896, "grad_norm": 0.2207399516697769, "max_reward_err": 0.07892740203099155, "max_reward_err_index": 0, "max_kl_dist": 0.4704645365148836, "max_kl_dist_index": 0, "max_train_grp_loss": 24.35502370364685, "max_train_grp_loss_index": 0, "max_val_grp_loss": 24.448437609461944, "max_val_grp_loss_index": 0, "max_cur_train_grp_loss": 24.35453329542763, "max_cur_train_grp_loss_index": 0, "reward_err_1": 0.08781767829094794, "reward_err_2": 0.0038274307690018563, "reward_err_3": 0.04944287688128512, "reward_param_1": 3.7784250888177024, "reward_param_2": 2.867176430285833, "reward_param_3": 6.116358440998444, "reward_param_4": 2.1657662651333096, "KL_distance_1": 0.4704645365148836, "KL_distance_2": 0.11312894790418579, "KL_distance_3": 0.3274767139002204, "hist_group_loss_1": 2435.1975606280357, "hist_group_loss_2": 1994.6478336769455, "hist_group_loss_3": 2098.2082515330544, "cur_group_loss_1": 24.35453329542763, "cur_group_loss_2": 19.48924874088336, "cur_group_loss_3": 20.31524221021149, "train_group_loss_1": 24.35502370364685, "train_group_loss_2": 19.484609514936817, "train_group_loss_3": 20.30489690922144, "val_group_loss_1": 24.448437609461944, "val_group_loss_2": 16.077614723454612, "val_group_loss_3": 20.677011292761257, "_timestamp": 1726611457.156784, "_runtime": 8.264538049697876, "_step": 2, "final/reward_err_1": 0.08781767829094794, "final/reward_err_2": 0.0038274307690018563, "final/reward_err_3": 0.04944287688128512, "final/reward_param_1": 3.7784250888177024, "final/reward_param_2": 2.867176430285833, "final/reward_param_3": 6.116358440998444, "final/reward_param_4": 2.1657662651333096, "optimal_reward_1": 3.877681255340576, "optimal_reward_2": 3.877681255340576, "optimal_reward_3": 3.3694965839385986, "final/reward_1": 3.841872215270996, "final/reward_2": 3.599954605102539, "final/reward_3": 3.3694965839385986, "reward_0_when_1_group_param_known": 3.877681255340576, "reward_1_when_1_group_param_known": 3.4682672023773193, "reward_2_when_1_group_param_known": 3.333303689956665, "reward_0_when_2_group_param_known": 3.4682672023773193, "reward_1_when_2_group_param_known": 3.877681255340576, "reward_2_when_2_group_param_known": 3.161881923675537, "reward_0_when_3_group_param_known": 3.841872215270996, "reward_1_when_3_group_param_known": 3.599954605102539, "reward_2_when_3_group_param_known": 3.3694965839385986, "reward_error_0_when_1_group_param_known": 0.0, "reward_error_1_when_1_group_param_known": 0.10558218326980516, "reward_error_2_when_1_group_param_known": 0.010741335710044788, "reward_error_0_when_2_group_param_known": 0.10558218326980516, "reward_error_1_when_2_group_param_known": 0.0, "reward_error_2_when_2_group_param_known": 0.06161592840090703, "reward_error_0_when_3_group_param_known": 0.009234652801919114, "reward_error_1_when_3_group_param_known": 0.071621835821481, "reward_error_2_when_3_group_param_known": 0.0, "_wandb": {"runtime": 7}}