{"Iteration": 99, "train_loss": 17.832830054604813, "val_loss": 18.235651123233584, "grad_norm": 0.40531387820322473, "max_reward_err": 0.09065846661470406, "max_reward_err_index": 1, "max_kl_dist": 0.5363031170577599, "max_kl_dist_index": 0, "max_train_grp_loss": 20.929639943271518, "max_train_grp_loss_index": 0, "max_val_grp_loss": 21.200011829560236, "max_val_grp_loss_index": 0, "max_cur_train_grp_loss": 20.93525672604117, "max_cur_train_grp_loss_index": 0, "reward_err_1": 0.06824165288202212, "reward_err_2": 0.01951027494854154, "reward_err_3": 0.03399750642540713, "reward_param_1": 6.380192494743708, "reward_param_2": 2.518537226738833, "reward_param_3": 5.27650875054117, "reward_param_4": 4.87676940739331, "KL_distance_1": 0.5363031170577599, "KL_distance_2": 0.3017812222705606, "KL_distance_3": 0.400724657275817, "hist_group_loss_1": 2136.300203911105, "hist_group_loss_2": 1623.9334883815238, "hist_group_loss_3": 2007.161232666031, "cur_group_loss_1": 20.93525672604117, "cur_group_loss_2": 13.960001365297623, "cur_group_loss_3": 19.05763355585568, "train_group_loss_1": 20.929639943271518, "train_group_loss_2": 13.931234932885006, "train_group_loss_3": 19.04272287731041, "val_group_loss_1": 21.200011829560236, "val_group_loss_2": 14.418004966744785, "val_group_loss_3": 20.90493357608777, "_timestamp": 1726687741.07284, "_runtime": 8.529083013534546, "_step": 2, "final/reward_err_1": 0.06824165288202212, "final/reward_err_2": 0.01951027494854154, "final/reward_err_3": 0.03399750642540713, "final/reward_param_1": 6.380192494743708, "final/reward_param_2": 2.518537226738833, "final/reward_param_3": 5.27650875054117, "final/reward_param_4": 4.87676940739331, "optimal_reward_1": 3.8660781383514404, "optimal_reward_2": 3.8660781383514404, "optimal_reward_3": 3.2904317378997803, "final/reward_1": 3.830267906188965, "final/reward_2": 3.6122817993164062, "final/reward_3": 3.2904317378997803, "reward_0_when_1_group_param_known": 3.8660781383514404, "reward_1_when_1_group_param_known": 3.4902846813201904, "reward_2_when_1_group_param_known": 3.2660531997680664, "reward_0_when_2_group_param_known": 3.4902846813201904, "reward_1_when_2_group_param_known": 3.8660781383514404, "reward_2_when_2_group_param_known": 3.1010468006134033, "reward_0_when_3_group_param_known": 3.830267906188965, "reward_1_when_3_group_param_known": 3.6122817993164062, "reward_2_when_3_group_param_known": 3.2904317378997803, "reward_error_0_when_1_group_param_known": 0.0, "reward_error_1_when_1_group_param_known": 0.09720275782928033, "reward_error_2_when_1_group_param_known": 0.00740891775717986, "reward_error_0_when_2_group_param_known": 0.09720275782928033, "reward_error_1_when_2_group_param_known": 0.0, "reward_error_2_when_2_group_param_known": 0.05755625777158889, "reward_error_0_when_3_group_param_known": 0.009262676769835195, "reward_error_1_when_3_group_param_known": 0.06564697607049845, "reward_error_2_when_3_group_param_known": 0.0, "_wandb": {"runtime": 8}}