{"Iteration": 99, "train_loss": 16.206042077940552, "val_loss": 16.850699377379883, "grad_norm": 0.013293371676119803, "live_grad": 1.6243059900815985e-14, "train_weighted_loss": 48.61812623382164, "val_weighted_loss": 50.55209813213965, "max_reward_err": 0.08927767217456656, "max_reward_err_index": 0, "max_kl_dist": 1.5035755393595225, "max_kl_dist_index": 0, "max_train_grp_loss": 19.214791703802813, "max_train_grp_loss_index": 0, "max_val_grp_loss": 19.809179029489247, "max_val_grp_loss_index": 0, "max_cur_train_grp_loss": 0.357195267090373, "max_cur_train_grp_loss_index": 2, "reward_err_1": 0.08927767217456656, "reward_err_2": 0.005629942985430313, "reward_err_3": 0.052558501772083904, "KL_distance_1": 1.5035755393595225, "KL_distance_2": 0.8979297370690627, "KL_distance_3": 1.2497867727884637, "reward_param_1": 12.284581861440168, "reward_param_2": 5.722914778229928, "reward_param_3": 8.67954211961004, "reward_param_4": 4.59298406047923, "group_weight_1": 0.31553717547553906, "group_weight_2": 0.29798637243478776, "group_weight_3": 0.3864764520896732, "hist_group_loss_1": 15.716845129960568, "hist_group_loss_2": 9.993970128457354, "hist_group_loss_3": 35.99628860515318, "cur_group_loss_1": 0.15623319304005245, "cur_group_loss_2": 0.100663474233922, "cur_group_loss_3": 0.357195267090373, "train_group_loss_1": 19.214791703802813, "train_group_loss_2": 12.988457334492956, "train_group_loss_3": 17.1433801596839, "val_group_loss_1": 19.809179029489247, "val_group_loss_2": 13.571033426001327, "val_group_loss_3": 17.19440999047475, "_timestamp": 1726684797.148889, "_runtime": 9.925282955169678, "_step": 2, "final/reward_err_1": 0.08927767217456656, "final/reward_err_2": 0.005629942985430313, "final/reward_err_3": 0.052558501772083904, "final/reward_param_1": 12.284581861440168, "final/reward_param_2": 5.722914778229928, "final/reward_param_3": 8.67954211961004, "final/reward_param_4": 4.59298406047923, "optimal_reward_1": 3.843956232070923, "optimal_reward_2": 3.843956232070923, "optimal_reward_3": 3.254488229751587, "final/reward_1": 3.8041796684265137, "final/reward_2": 3.590562105178833, "final/reward_3": 3.254488229751587, "reward_0_when_1_group_param_known": 3.843956232070923, "reward_1_when_1_group_param_known": 3.4647014141082764, "reward_2_when_1_group_param_known": 3.2180964946746826, "reward_0_when_2_group_param_known": 3.4647014141082764, "reward_1_when_2_group_param_known": 3.843956232070923, "reward_2_when_2_group_param_known": 3.0630156993865967, "reward_0_when_3_group_param_known": 3.8041796684265137, "reward_1_when_3_group_param_known": 3.590562105178833, "reward_2_when_3_group_param_known": 3.254488229751587, "reward_error_0_when_1_group_param_known": 0.0, "reward_error_1_when_1_group_param_known": 0.09866262648841967, "reward_error_2_when_1_group_param_known": 0.011182014654169469, "reward_error_0_when_2_group_param_known": 0.09866262648841967, "reward_error_1_when_2_group_param_known": 0.0, "reward_error_2_when_2_group_param_known": 0.058833376201703216, "reward_error_0_when_3_group_param_known": 0.010347819080910722, "reward_error_1_when_3_group_param_known": 0.06592013841832281, "reward_error_2_when_3_group_param_known": 0.0, "_wandb": {"runtime": 9}}