{"Iteration": 99, "train_loss": 18.07262564142993, "val_loss": 18.744244408445265, "grad_norm": 0.31753384596324646, "max_reward_err": 0.08475169268303255, "max_reward_err_index": 0, "max_kl_dist": 0.6759395902975368, "max_kl_dist_index": 0, "max_train_grp_loss": 21.916020509936505, "max_train_grp_loss_index": 0, "max_val_grp_loss": 22.281420451968902, "max_val_grp_loss_index": 0, "max_cur_train_grp_loss": 21.923184273801894, "max_cur_train_grp_loss_index": 0, "reward_err_1": 0.08531699169829562, "reward_err_2": 0.007444450525561567, "reward_err_3": 0.045398685035713295, "reward_param_1": 5.992281021717509, "reward_param_2": 3.2711461192326654, "reward_param_3": 7.246480474041257, "reward_param_4": 4.133174633113983, "KL_distance_1": 0.6759395902975368, "KL_distance_2": 0.3201046121095909, "KL_distance_3": 0.5127255702802054, "hist_group_loss_1": 2241.8024650537927, "hist_group_loss_2": 1271.4403639148802, "hist_group_loss_3": 2219.9556627805605, "cur_group_loss_1": 21.923184273801894, "cur_group_loss_2": 11.121203886486706, "cur_group_loss_3": 21.734283304180792, "train_group_loss_1": 21.916020509936505, "train_group_loss_2": 11.105190864440024, "train_group_loss_3": 21.727795796517114, "val_group_loss_1": 22.281420451968902, "val_group_loss_2": 13.57922376388606, "val_group_loss_3": 20.655529308701258, "_timestamp": 1726608604.407112, "_runtime": 8.082246780395508, "_step": 2, "final/reward_err_1": 0.08531699169829562, "final/reward_err_2": 0.007444450525561567, "final/reward_err_3": 0.045398685035713295, "final/reward_param_1": 5.992281021717509, "final/reward_param_2": 3.2711461192326654, "final/reward_param_3": 7.246480474041257, "final/reward_param_4": 4.133174633113983, "optimal_reward_1": 3.894500255584717, "optimal_reward_2": 3.894500255584717, "optimal_reward_3": 3.328740119934082, "final/reward_1": 3.8594319820404053, "final/reward_2": 3.600018262863159, "final/reward_3": 3.328740119934082, "reward_0_when_1_group_param_known": 3.894500255584717, "reward_1_when_1_group_param_known": 3.4684839248657227, "reward_2_when_1_group_param_known": 3.3039445877075195, "reward_0_when_2_group_param_known": 3.4684839248657227, "reward_1_when_2_group_param_known": 3.894500255584717, "reward_2_when_2_group_param_known": 3.1122233867645264, "reward_0_when_3_group_param_known": 3.8594319820404053, "reward_1_when_3_group_param_known": 3.600018262863159, "reward_2_when_3_group_param_known": 3.328740119934082, "reward_error_0_when_1_group_param_known": 0.0, "reward_error_1_when_1_group_param_known": 0.10938921626929832, "reward_error_2_when_1_group_param_known": 0.007448924017250562, "reward_error_0_when_2_group_param_known": 0.10938921626929832, "reward_error_1_when_2_group_param_known": 0.0, "reward_error_2_when_2_group_param_known": 0.06504464913705647, "reward_error_0_when_3_group_param_known": 0.009004563164175836, "reward_error_1_when_3_group_param_known": 0.07561483461177597, "reward_error_2_when_3_group_param_known": 0.0, "_wandb": {"runtime": 7}}