{"Iteration": 199, "train_loss": 16.623538324572575, "val_loss": 15.251243866857596, "grad_norm": 0.05517375673529585, "live_grad": 8.906772431878214e-15, "train_weighted_loss": 49.87061497371772, "val_weighted_loss": 45.75373160057279, "max_reward_err": 0.09766454274065024, "max_reward_err_index": 0, "max_kl_dist": 1.290725347557708, "max_kl_dist_index": 0, "max_train_grp_loss": 19.88999688941395, "max_train_grp_loss_index": 0, "max_val_grp_loss": 18.982698695039314, "max_val_grp_loss_index": 0, "max_cur_train_grp_loss": 0.40177345076838, "max_cur_train_grp_loss_index": 2, "reward_err_1": 0.09766454274065024, "reward_err_2": 0.00950564716002956, "reward_err_3": 0.05811996819730861, "KL_distance_1": 1.290725347557708, "KL_distance_2": 0.6341405288200679, "KL_distance_3": 1.0433603891952075, "reward_param_1": 6.0279915794376535, "reward_param_2": 5.648223343869485, "reward_param_3": 10.998251427820346, "reward_param_4": 4.261474496454863, "group_weight_1": 0.2957047769553685, "group_weight_2": 0.24252120396695315, "group_weight_3": 0.46177401907767845, "hist_group_loss_1": 37.58348335963998, "hist_group_loss_2": 17.756239772663427, "hist_group_loss_3": 82.1548887352787, "cur_group_loss_1": 0.18590840510547188, "cur_group_loss_2": 0.09132333018044558, "cur_group_loss_3": 0.40177345076838, "train_group_loss_1": 19.88999688941395, "train_group_loss_2": 13.155572056779874, "train_group_loss_3": 19.682233755677082, "val_group_loss_1": 18.982698695039314, "val_group_loss_2": 8.312987882988626, "val_group_loss_3": 18.100163244630007, "_timestamp": 1726693112.9975302, "_runtime": 14.32357931137085, "_step": 3, "final/reward_err_1": 0.09766454274065024, "final/reward_err_2": 0.00950564716002956, "final/reward_err_3": 0.05811996819730861, "final/reward_param_1": 6.0279915794376535, "final/reward_param_2": 5.648223343869485, "final/reward_param_3": 10.998251427820346, "final/reward_param_4": 4.261474496454863, "optimal_reward_1": 3.875110387802124, "optimal_reward_2": 3.875110387802124, "optimal_reward_3": 3.3831582069396973, "final/reward_1": 3.835331678390503, "final/reward_2": 3.593684434890747, "final/reward_3": 3.3831582069396973, "reward_0_when_1_group_param_known": 3.875110387802124, "reward_1_when_1_group_param_known": 3.4832417964935303, "reward_2_when_1_group_param_known": 3.3414347171783447, "reward_0_when_2_group_param_known": 3.4832417964935303, "reward_1_when_2_group_param_known": 3.875110387802124, "reward_2_when_2_group_param_known": 3.1878042221069336, "reward_0_when_3_group_param_known": 3.835331678390503, "reward_1_when_3_group_param_known": 3.593684434890747, "reward_2_when_3_group_param_known": 3.3831582069396973, "reward_error_0_when_1_group_param_known": 0.0, "reward_error_1_when_1_group_param_known": 0.1011244976509825, "reward_error_2_when_1_group_param_known": 0.012332704298535996, "reward_error_0_when_2_group_param_known": 0.1011244976509825, "reward_error_1_when_2_group_param_known": 0.0, "reward_error_2_when_2_group_param_known": 0.05774308290757558, "reward_error_0_when_3_group_param_known": 0.010265180970543316, "reward_error_1_when_3_group_param_known": 0.07262398351211756, "reward_error_2_when_3_group_param_known": 0.0, "_wandb": {"runtime": 14}}