{"Iteration": 99, "train_loss": 19.25941450925535, "val_loss": 20.09122059177883, "grad_norm": 0.3650363214653997, "max_reward_err": 0.07236931804511078, "max_reward_err_index": 1, "max_kl_dist": 0.28643724797990694, "max_kl_dist_index": 0, "max_train_grp_loss": 21.63605903138291, "max_train_grp_loss_index": 0, "max_val_grp_loss": 21.369416877581735, "max_val_grp_loss_index": 0, "max_cur_train_grp_loss": 21.64647602104017, "max_cur_train_grp_loss_index": 0, "reward_err_1": 0.05133521215896362, "reward_err_2": 0.03230189516571004, "reward_err_3": 0.018446603980249228, "reward_param_1": 4.4006256874444, "reward_param_2": 2.668856045402969, "reward_param_3": 4.22819530217087, "reward_param_4": 4.287544685890701, "KL_distance_1": 0.28643724797990694, "KL_distance_2": 0.1947931817811534, "KL_distance_3": 0.1912840169175224, "hist_group_loss_1": 2248.9644416597807, "hist_group_loss_2": 1838.8307892908028, "hist_group_loss_3": 2176.661433294067, "cur_group_loss_1": 21.64647602104017, "cur_group_loss_2": 16.78275947651904, "cur_group_loss_3": 20.529229683552412, "train_group_loss_1": 21.63605903138291, "train_group_loss_2": 16.76791543261088, "train_group_loss_3": 20.512700894639018, "val_group_loss_1": 21.369416877581735, "val_group_loss_2": 18.324554480586468, "val_group_loss_3": 20.56166710998502, "_timestamp": 1726684575.9838238, "_runtime": 8.446345806121826, "_step": 2, "final/reward_err_1": 0.05133521215896362, "final/reward_err_2": 0.03230189516571004, "final/reward_err_3": 0.018446603980249228, "final/reward_param_1": 4.4006256874444, "final/reward_param_2": 2.668856045402969, "final/reward_param_3": 4.22819530217087, "final/reward_param_4": 4.287544685890701, "optimal_reward_1": 3.924014091491699, "optimal_reward_2": 3.924014091491699, "optimal_reward_3": 3.40653657913208, "final/reward_1": 3.8835723400115967, "final/reward_2": 3.6450908184051514, "final/reward_3": 3.40653657913208, "reward_0_when_1_group_param_known": 3.924014091491699, "reward_1_when_1_group_param_known": 3.5108532905578613, "reward_2_when_1_group_param_known": 3.372161388397217, "reward_0_when_2_group_param_known": 3.5108532905578613, "reward_1_when_2_group_param_known": 3.924014091491699, "reward_2_when_2_group_param_known": 3.199089765548706, "reward_0_when_3_group_param_known": 3.8835723400115967, "reward_1_when_3_group_param_known": 3.6450908184051514, "reward_2_when_3_group_param_known": 3.40653657913208, "reward_error_0_when_1_group_param_known": 0.0, "reward_error_1_when_1_group_param_known": 0.10529034588068371, "reward_error_2_when_1_group_param_known": 0.010090950129653801, "reward_error_0_when_2_group_param_known": 0.10529034588068371, "reward_error_1_when_2_group_param_known": 0.0, "reward_error_2_when_2_group_param_known": 0.060896693390630634, "reward_error_0_when_3_group_param_known": 0.010306219737536355, "reward_error_1_when_3_group_param_known": 0.0710811089316237, "reward_error_2_when_3_group_param_known": 0.0, "_wandb": {"runtime": 8}}