{"Iteration": 199, "train_loss": 16.474424964342287, "val_loss": 15.734877892360323, "grad_norm": 0.22021326694290463, "max_reward_err": 0.08671671097159729, "max_reward_err_index": 0, "max_kl_dist": 1.0042701906785994, "max_kl_dist_index": 0, "max_train_grp_loss": 21.98436230265947, "max_train_grp_loss_index": 0, "max_val_grp_loss": 19.881126681939268, "max_val_grp_loss_index": 0, "max_cur_train_grp_loss": 21.983195100952646, "max_cur_train_grp_loss_index": 0, "reward_err_1": 0.09913319543640221, "reward_err_2": 0.0026621154083853473, "reward_err_3": 0.059644508259877806, "reward_param_1": 6.594440791817071, "reward_param_2": 3.9867975327977394, "reward_param_3": 9.030202876927124, "reward_param_4": 3.26564597189268, "KL_distance_1": 1.0042701906785994, "KL_distance_2": 0.4186622327518407, "KL_distance_3": 0.7754571522706388, "hist_group_loss_1": 4431.305572420141, "hist_group_loss_2": 2768.471645173174, "hist_group_loss_3": 4182.027120760981, "cur_group_loss_1": 21.983195100952646, "cur_group_loss_2": 11.214731030757648, "cur_group_loss_3": 19.931723013020566, "train_group_loss_1": 21.98436230265947, "train_group_loss_2": 11.205227166857195, "train_group_loss_3": 19.927510426340536, "val_group_loss_1": 19.881126681939268, "val_group_loss_2": 7.871630540797681, "val_group_loss_3": 19.048785448324903, "_timestamp": 1726697660.482319, "_runtime": 11.684913158416748, "_step": 3, "final/reward_err_1": 0.09913319543640221, "final/reward_err_2": 0.0026621154083853473, "final/reward_err_3": 0.059644508259877806, "final/reward_param_1": 6.594440791817071, "final/reward_param_2": 3.9867975327977394, "final/reward_param_3": 9.030202876927124, "final/reward_param_4": 3.26564597189268, "optimal_reward_1": 3.80763578414917, "optimal_reward_2": 3.80763578414917, "optimal_reward_3": 3.3006885051727295, "final/reward_1": 3.773042917251587, "final/reward_2": 3.553501844406128, "final/reward_3": 3.3006885051727295, "reward_0_when_1_group_param_known": 3.80763578414917, "reward_1_when_1_group_param_known": 3.4319357872009277, "reward_2_when_1_group_param_known": 3.266146421432495, "reward_0_when_2_group_param_known": 3.4319357872009277, "reward_1_when_2_group_param_known": 3.80763578414917, "reward_2_when_2_group_param_known": 3.1126708984375, "reward_0_when_3_group_param_known": 3.773042917251587, "reward_1_when_3_group_param_known": 3.553501844406128, "reward_2_when_3_group_param_known": 3.3006885051727295, "reward_error_0_when_1_group_param_known": 0.0, "reward_error_1_when_1_group_param_known": 0.09867015078286794, "reward_error_2_when_1_group_param_known": 0.010465114683224778, "reward_error_0_when_2_group_param_known": 0.09867015078286794, "reward_error_1_when_2_group_param_known": 0.0, "reward_error_2_when_2_group_param_known": 0.056963147670728256, "reward_error_0_when_3_group_param_known": 0.009085130211663064, "reward_error_1_when_3_group_param_known": 0.06674323757565724, "reward_error_2_when_3_group_param_known": 0.0, "_wandb": {"runtime": 11}}