{"Iteration": 99, "train_loss": 19.75218238408041, "val_loss": 19.554061815159578, "grad_norm": 0.41920430188970503, "max_reward_err": 0.11887799528962402, "max_reward_err_index": 1, "max_kl_dist": 0.24285383166069657, "max_kl_dist_index": 0, "max_train_grp_loss": 21.661032024945147, "max_train_grp_loss_index": 0, "max_val_grp_loss": 21.087760759032392, "max_val_grp_loss_index": 0, "max_cur_train_grp_loss": 21.672918343542765, "max_cur_train_grp_loss_index": 0, "reward_err_1": 0.04960079800338911, "reward_err_2": 0.02699580057636006, "reward_err_3": 0.017404338893208974, "reward_param_1": 4.176585839869458, "reward_param_2": 3.2127637041152735, "reward_param_3": 3.818304006902194, "reward_param_4": 3.4704791157865396, "KL_distance_1": 0.24285383166069657, "KL_distance_2": 0.15464012735104837, "KL_distance_3": 0.15560623500500814, "hist_group_loss_1": 2262.03410332543, "hist_group_loss_2": 1990.6140764303566, "hist_group_loss_3": 2194.184641402618, "cur_group_loss_1": 21.672918343542765, "cur_group_loss_2": 17.868661891340427, "cur_group_loss_3": 20.458679902310934, "train_group_loss_1": 21.661032024945147, "train_group_loss_2": 17.847101778327147, "train_group_loss_3": 20.43794791585355, "val_group_loss_1": 21.087760759032392, "val_group_loss_2": 17.1440185548462, "val_group_loss_3": 20.42210398268491, "_timestamp": 1726684169.5800781, "_runtime": 9.153054237365723, "_step": 2, "final/reward_err_1": 0.04960079800338911, "final/reward_err_2": 0.02699580057636006, "final/reward_err_3": 0.017404338893208974, "final/reward_param_1": 4.176585839869458, "final/reward_param_2": 3.2127637041152735, "final/reward_param_3": 3.818304006902194, "final/reward_param_4": 3.4704791157865396, "optimal_reward_1": 3.927974224090576, "optimal_reward_2": 3.927974224090576, "optimal_reward_3": 3.4115631580352783, "final/reward_1": 3.887371301651001, "final/reward_2": 3.6481499671936035, "final/reward_3": 3.4115631580352783, "reward_0_when_1_group_param_known": 3.927974224090576, "reward_1_when_1_group_param_known": 3.5139124393463135, "reward_2_when_1_group_param_known": 3.376384735107422, "reward_0_when_2_group_param_known": 3.5139124393463135, "reward_1_when_2_group_param_known": 3.927974224090576, "reward_2_when_2_group_param_known": 3.203280210494995, "reward_0_when_3_group_param_known": 3.887371301651001, "reward_1_when_3_group_param_known": 3.6481499671936035, "reward_2_when_3_group_param_known": 3.4115631580352783, "reward_error_0_when_1_group_param_known": 0.0, "reward_error_1_when_1_group_param_known": 0.10541356972374948, "reward_error_2_when_1_group_param_known": 0.010311526211965462, "reward_error_0_when_2_group_param_known": 0.10541356972374948, "reward_error_1_when_2_group_param_known": 0.0, "reward_error_2_when_2_group_param_known": 0.061052056752844495, "reward_error_0_when_3_group_param_known": 0.010336860713228275, "reward_error_1_when_3_group_param_known": 0.07123882208309525, "reward_error_2_when_3_group_param_known": 0.0, "_wandb": {"runtime": 8}}