{"Iteration": 99, "train_loss": 19.53412597081616, "val_loss": 20.017501715599106, "grad_norm": 0.005566412021163013, "live_grad": 1.660331016754826e-14, "train_weighted_loss": 58.60237791244847, "val_weighted_loss": 60.05250514679731, "max_reward_err": 0.12091148437326445, "max_reward_err_index": 0, "max_kl_dist": 1.3576738844910288, "max_kl_dist_index": 0, "max_train_grp_loss": 22.68024400132574, "max_train_grp_loss_index": 2, "max_val_grp_loss": 22.993496771487138, "max_val_grp_loss_index": 0, "max_cur_train_grp_loss": 0.2507156903740128, "max_cur_train_grp_loss_index": 0, "reward_err_1": 0.12091148437326445, "reward_err_2": 0.0018914265912489076, "reward_err_3": 0.08096794482371544, "KL_distance_1": 1.3576738844910288, "KL_distance_2": 0.5055286300929501, "KL_distance_3": 1.0878518174824183, "reward_param_1": 5.906348078258379, "reward_param_2": 4.382904840083088, "reward_param_3": 11.252500870151842, "reward_param_4": 1.6964644555034332, "group_weight_1": 0.3503563041634017, "group_weight_2": 0.31129952804646344, "group_weight_3": 0.3383441677901349, "hist_group_loss_1": 25.119041842008883, "hist_group_loss_2": 13.299533123727656, "hist_group_loss_3": 21.630339518398348, "cur_group_loss_1": 0.2507156903740128, "cur_group_loss_2": 0.13286307119714696, "cur_group_loss_3": 0.21600549172865502, "train_group_loss_1": 22.313176511786377, "train_group_loss_2": 14.084334542987326, "train_group_loss_3": 22.68024400132574, "val_group_loss_1": 22.993496771487138, "val_group_loss_2": 15.194491331108846, "val_group_loss_3": 21.594377478012166, "_timestamp": 1726610026.566549, "_runtime": 10.696829080581665, "_step": 2, "final/reward_err_1": 0.12091148437326445, "final/reward_err_2": 0.0018914265912489076, "final/reward_err_3": 0.08096794482371544, "final/reward_param_1": 5.906348078258379, "final/reward_param_2": 4.382904840083088, "final/reward_param_3": 11.252500870151842, "final/reward_param_4": 1.6964644555034332, "optimal_reward_1": 3.7992148399353027, "optimal_reward_2": 3.7992148399353027, "optimal_reward_3": 3.289585590362549, "final/reward_1": 3.7646615505218506, "final/reward_2": 3.5522572994232178, "final/reward_3": 3.289585590362549, "reward_0_when_1_group_param_known": 3.7992148399353027, "reward_1_when_1_group_param_known": 3.425678014755249, "reward_2_when_1_group_param_known": 3.2561442852020264, "reward_0_when_2_group_param_known": 3.425678014755249, "reward_1_when_2_group_param_known": 3.7992148399353027, "reward_2_when_2_group_param_known": 3.103405237197876, "reward_0_when_3_group_param_known": 3.7646615505218506, "reward_1_when_3_group_param_known": 3.5522572994232178, "reward_2_when_3_group_param_known": 3.289585590362549, "reward_error_0_when_1_group_param_known": 0.0, "reward_error_1_when_1_group_param_known": 0.09831947939706792, "reward_error_2_when_1_group_param_known": 0.010165810933296573, "reward_error_0_when_2_group_param_known": 0.09831947939706792, "reward_error_1_when_2_group_param_known": 0.0, "reward_error_2_when_2_group_param_known": 0.05659690196543988, "reward_error_0_when_3_group_param_known": 0.009094850085930008, "reward_error_1_when_3_group_param_known": 0.06500225728647933, "reward_error_2_when_3_group_param_known": 0.0, "_wandb": {"runtime": 9}}