{"Iteration": 99, "train_loss": 17.554370784344293, "val_loss": 17.537690756977646, "grad_norm": 0.49192304790850117, "max_reward_err": 0.07551940039595036, "max_reward_err_index": 0, "max_kl_dist": 0.5661822567422711, "max_kl_dist_index": 0, "max_train_grp_loss": 22.044316111994146, "max_train_grp_loss_index": 0, "max_val_grp_loss": 21.073309913688274, "max_val_grp_loss_index": 2, "max_cur_train_grp_loss": 22.055432271253977, "max_cur_train_grp_loss_index": 0, "reward_err_1": 0.082199414250594, "reward_err_2": 0.003932270248477648, "reward_err_3": 0.04154220836300493, "reward_param_1": 5.827059501850766, "reward_param_2": 2.8296837761147913, "reward_param_3": 5.72595595059923, "reward_param_4": 3.0469240991417865, "KL_distance_1": 0.5661822567422711, "KL_distance_2": 0.1907270662551012, "KL_distance_3": 0.39922143665128373, "hist_group_loss_1": 2291.6346527288338, "hist_group_loss_2": 1573.645806419073, "hist_group_loss_3": 2139.0883718274513, "cur_group_loss_1": 22.055432271253977, "cur_group_loss_2": 12.460185132629137, "cur_group_loss_3": 19.721249685759965, "train_group_loss_1": 22.044316111994146, "train_group_loss_2": 12.423153816563229, "train_group_loss_3": 19.697181968361562, "val_group_loss_1": 21.007207364175354, "val_group_loss_2": 9.959111657093244, "val_group_loss_3": 21.073309913688274, "_timestamp": 1726689548.040241, "_runtime": 8.986119985580444, "_step": 2, "final/reward_err_1": 0.082199414250594, "final/reward_err_2": 0.003932270248477648, "final/reward_err_3": 0.04154220836300493, "final/reward_param_1": 5.827059501850766, "final/reward_param_2": 2.8296837761147913, "final/reward_param_3": 5.72595595059923, "final/reward_param_4": 3.0469240991417865, "optimal_reward_1": 3.887071371078491, "optimal_reward_2": 3.887071371078491, "optimal_reward_3": 3.37681245803833, "final/reward_1": 3.850891590118408, "final/reward_2": 3.6070683002471924, "final/reward_3": 3.37681245803833, "reward_0_when_1_group_param_known": 3.887071371078491, "reward_1_when_1_group_param_known": 3.4786219596862793, "reward_2_when_1_group_param_known": 3.3387703895568848, "reward_0_when_2_group_param_known": 3.4786219596862793, "reward_1_when_2_group_param_known": 3.887071371078491, "reward_2_when_2_group_param_known": 3.172039270401001, "reward_0_when_3_group_param_known": 3.850891590118408, "reward_1_when_3_group_param_known": 3.6070683002471924, "reward_2_when_3_group_param_known": 3.37681245803833, "reward_error_0_when_1_group_param_known": 0.0, "reward_error_1_when_1_group_param_known": 0.10507895852678548, "reward_error_2_when_1_group_param_known": 0.011265674050357196, "reward_error_0_when_2_group_param_known": 0.10507895852678548, "reward_error_1_when_2_group_param_known": 0.0, "reward_error_2_when_2_group_param_known": 0.06064097138408648, "reward_error_0_when_3_group_param_known": 0.00930772232001614, "reward_error_1_when_3_group_param_known": 0.07203445578968372, "reward_error_2_when_3_group_param_known": 0.0, "_wandb": {"runtime": 8}}