{"Iteration": 99, "train_loss": 18.786149708956486, "val_loss": 18.350801875434943, "grad_norm": 0.436717109428329, "max_reward_err": 0.16980193050813214, "max_reward_err_index": 1, "max_kl_dist": 0.3057741375398365, "max_kl_dist_index": 1, "max_train_grp_loss": 21.145596215445032, "max_train_grp_loss_index": 0, "max_val_grp_loss": 20.27785027092163, "max_val_grp_loss_index": 0, "max_cur_train_grp_loss": 21.154045648549815, "max_cur_train_grp_loss_index": 0, "reward_err_1": 0.028655147358067245, "reward_err_2": 0.04461694558232273, "reward_err_3": 0.006685355207465088, "reward_param_1": 3.7497973433529257, "reward_param_2": 4.826948692126145, "reward_param_3": 4.344814214805244, "reward_param_4": 4.071399065211796, "KL_distance_1": 0.2543711259652034, "KL_distance_2": 0.3057741375398365, "KL_distance_3": 0.1926257038424657, "hist_group_loss_1": 2188.394787485486, "hist_group_loss_2": 1856.4451831016363, "hist_group_loss_3": 2107.593003349428, "cur_group_loss_1": 21.154045648549815, "cur_group_loss_2": 15.64617836311928, "cur_group_loss_3": 19.710556989771796, "train_group_loss_1": 21.145596215445032, "train_group_loss_2": 15.615088122373315, "train_group_loss_3": 19.691446435980836, "val_group_loss_1": 20.27785027092163, "val_group_loss_2": 14.354652091908136, "val_group_loss_3": 19.935910710597586, "_timestamp": 1726689720.1058948, "_runtime": 8.490092754364014, "_step": 2, "final/reward_err_1": 0.028655147358067245, "final/reward_err_2": 0.04461694558232273, "final/reward_err_3": 0.006685355207465088, "final/reward_param_1": 3.7497973433529257, "final/reward_param_2": 4.826948692126145, "final/reward_param_3": 4.344814214805244, "final/reward_param_4": 4.071399065211796, "optimal_reward_1": 3.8741343021392822, "optimal_reward_2": 3.8741343021392822, "optimal_reward_3": 3.3486669063568115, "final/reward_1": 3.840017557144165, "final/reward_2": 3.611396074295044, "final/reward_3": 3.3486669063568115, "reward_0_when_1_group_param_known": 3.8741343021392822, "reward_1_when_1_group_param_known": 3.4676833152770996, "reward_2_when_1_group_param_known": 3.31387996673584, "reward_0_when_2_group_param_known": 3.4676833152770996, "reward_1_when_2_group_param_known": 3.8741343021392822, "reward_2_when_2_group_param_known": 3.1369452476501465, "reward_0_when_3_group_param_known": 3.840017557144165, "reward_1_when_3_group_param_known": 3.611396074295044, "reward_2_when_3_group_param_known": 3.3486669063568115, "reward_error_0_when_1_group_param_known": 0.0, "reward_error_1_when_1_group_param_known": 0.10491401566480076, "reward_error_2_when_1_group_param_known": 0.010388294982380973, "reward_error_0_when_2_group_param_known": 0.10491401566480076, "reward_error_1_when_2_group_param_known": 0.0, "reward_error_2_when_2_group_param_known": 0.0632256550523886, "reward_error_0_when_3_group_param_known": 0.008806288665903515, "reward_error_1_when_3_group_param_known": 0.06781856470467615, "reward_error_2_when_3_group_param_known": 0.0, "_wandb": {"runtime": 8}}