{"Iteration": 99, "train_loss": 15.760878132900846, "val_loss": 15.230921295059856, "grad_norm": 0.015187915635955437, "live_grad": 2.5657633628029996e-14, "train_weighted_loss": 47.28263439870255, "val_weighted_loss": 45.69276388517957, "max_reward_err": 0.1005140656711826, "max_reward_err_index": 0, "max_kl_dist": 1.6808465829082844, "max_kl_dist_index": 0, "max_train_grp_loss": 20.95487210696824, "max_train_grp_loss_index": 0, "max_val_grp_loss": 19.358502422333473, "max_val_grp_loss_index": 0, "max_cur_train_grp_loss": 0.4032058368910875, "max_cur_train_grp_loss_index": 2, "reward_err_1": 0.1005140656711826, "reward_err_2": 0.0017419509445759664, "reward_err_3": 0.05808593119522758, "KL_distance_1": 1.6808465829082844, "KL_distance_2": 0.8691804552980673, "KL_distance_3": 1.361943509096655, "reward_param_1": 12.397077397523475, "reward_param_2": 4.988540746424429, "reward_param_3": 9.334273862272097, "reward_param_4": 4.193840405018845, "group_weight_1": 0.3129103239118234, "group_weight_2": 0.2878215623225759, "group_weight_3": 0.39926811376560073, "hist_group_loss_1": 16.326772098397445, "hist_group_loss_2": 7.969178941932698, "hist_group_loss_3": 40.69842321160261, "cur_group_loss_1": 0.16245309525680568, "cur_group_loss_2": 0.07970685402659829, "cur_group_loss_3": 0.4032058368910875, "train_group_loss_1": 20.95487210696824, "train_group_loss_2": 10.364394157685803, "train_group_loss_3": 16.5296023798097, "val_group_loss_1": 19.358502422333473, "val_group_loss_2": 6.401918955723854, "val_group_loss_3": 19.256975739940255, "_timestamp": 1726690525.370425, "_runtime": 9.705025911331177, "_step": 2, "final/reward_err_1": 0.1005140656711826, "final/reward_err_2": 0.0017419509445759664, "final/reward_err_3": 0.05808593119522758, "final/reward_param_1": 12.397077397523475, "final/reward_param_2": 4.988540746424429, "final/reward_param_3": 9.334273862272097, "final/reward_param_4": 4.193840405018845, "optimal_reward_1": 3.887071371078491, "optimal_reward_2": 3.887071371078491, "optimal_reward_3": 3.37681245803833, "final/reward_1": 3.850891590118408, "final/reward_2": 3.6070683002471924, "final/reward_3": 3.37681245803833, "reward_0_when_1_group_param_known": 3.887071371078491, "reward_1_when_1_group_param_known": 3.4786219596862793, "reward_2_when_1_group_param_known": 3.3387703895568848, "reward_0_when_2_group_param_known": 3.4786219596862793, "reward_1_when_2_group_param_known": 3.887071371078491, "reward_2_when_2_group_param_known": 3.172039270401001, "reward_0_when_3_group_param_known": 3.850891590118408, "reward_1_when_3_group_param_known": 3.6070683002471924, "reward_2_when_3_group_param_known": 3.37681245803833, "reward_error_0_when_1_group_param_known": 0.0, "reward_error_1_when_1_group_param_known": 0.10507895852678548, "reward_error_2_when_1_group_param_known": 0.011265674050357196, "reward_error_0_when_2_group_param_known": 0.10507895852678548, "reward_error_1_when_2_group_param_known": 0.0, "reward_error_2_when_2_group_param_known": 0.06064097138408648, "reward_error_0_when_3_group_param_known": 0.00930772232001614, "reward_error_1_when_3_group_param_known": 0.07203445578968372, "reward_error_2_when_3_group_param_known": 0.0, "_wandb": {"runtime": 9}}