{"Iteration": 199, "train_loss": 18.21461006877733, "val_loss": 15.858308972108054, "grad_norm": 0.15803976839771877, "max_reward_err": 0.07530405248487256, "max_reward_err_index": 0, "max_kl_dist": 0.8659816598709855, "max_kl_dist_index": 0, "max_train_grp_loss": 21.062988029540758, "max_train_grp_loss_index": 0, "max_val_grp_loss": 20.180895184089852, "max_val_grp_loss_index": 0, "max_cur_train_grp_loss": 21.063680797937433, "max_cur_train_grp_loss_index": 0, "reward_err_1": 0.08111094929439172, "reward_err_2": 0.005175379818486053, "reward_err_3": 0.04355085554271341, "reward_param_1": 7.6282166285986035, "reward_param_2": 4.082575331018699, "reward_param_3": 7.403741126540522, "reward_param_4": 3.707076780904595, "KL_distance_1": 0.8659816598709855, "KL_distance_2": 0.4140297817288792, "KL_distance_3": 0.6629533768373691, "hist_group_loss_1": 4264.401170713932, "hist_group_loss_2": 3127.7202380488307, "hist_group_loss_3": 3910.2777260693647, "cur_group_loss_1": 21.063680797937433, "cur_group_loss_2": 14.711059298259986, "cur_group_loss_3": 18.67547495281284, "train_group_loss_1": 21.062988029540758, "train_group_loss_2": 14.707711581775232, "train_group_loss_3": 18.670581895654365, "val_group_loss_1": 20.180895184089852, "val_group_loss_2": 8.393680548330693, "val_group_loss_3": 18.22056072282303, "_timestamp": 1726692149.1520362, "_runtime": 11.515337228775024, "_step": 3, "final/reward_err_1": 0.08111094929439172, "final/reward_err_2": 0.005175379818486053, "final/reward_err_3": 0.04355085554271341, "final/reward_param_1": 7.6282166285986035, "final/reward_param_2": 4.082575331018699, "final/reward_param_3": 7.403741126540522, "final/reward_param_4": 3.707076780904595, "optimal_reward_1": 3.8651840686798096, "optimal_reward_2": 3.8651840686798096, "optimal_reward_3": 3.337219715118408, "final/reward_1": 3.8319525718688965, "final/reward_2": 3.6041877269744873, "final/reward_3": 3.337219715118408, "reward_0_when_1_group_param_known": 3.8651840686798096, "reward_1_when_1_group_param_known": 3.4605093002319336, "reward_2_when_1_group_param_known": 3.3015952110290527, "reward_0_when_2_group_param_known": 3.4605093002319336, "reward_1_when_2_group_param_known": 3.8651840686798096, "reward_2_when_2_group_param_known": 3.1258203983306885, "reward_0_when_3_group_param_known": 3.8319525718688965, "reward_1_when_3_group_param_known": 3.6041877269744873, "reward_2_when_3_group_param_known": 3.337219715118408, "reward_error_0_when_1_group_param_known": 0.0, "reward_error_1_when_1_group_param_known": 0.10469741188447372, "reward_error_2_when_1_group_param_known": 0.010674905199669023, "reward_error_0_when_2_group_param_known": 0.10469741188447372, "reward_error_1_when_2_group_param_known": 0.0, "reward_error_2_when_2_group_param_known": 0.0633459390851702, "reward_error_0_when_3_group_param_known": 0.00859764922457202, "reward_error_1_when_3_group_param_known": 0.06752494501367125, "reward_error_2_when_3_group_param_known": 0.0, "_wandb": {"runtime": 11}}