{"Iteration": 99, "train_loss": 17.93679902139236, "val_loss": 16.942792852569298, "grad_norm": 0.39035574807177753, "max_reward_err": 0.057788719006291074, "max_reward_err_index": 1, "max_kl_dist": 0.5758288122771271, "max_kl_dist_index": 0, "max_train_grp_loss": 21.816426627111777, "max_train_grp_loss_index": 0, "max_val_grp_loss": 20.30317338057211, "max_val_grp_loss_index": 0, "max_cur_train_grp_loss": 21.820658779694586, "max_cur_train_grp_loss_index": 0, "reward_err_1": 0.07044608383255996, "reward_err_2": 0.010352245227211615, "reward_err_3": 0.03512794247954775, "reward_param_1": 5.968305840930676, "reward_param_2": 2.9955917613676872, "reward_param_3": 6.076561248632176, "reward_param_4": 4.14986496645241, "KL_distance_1": 0.5758288122771271, "KL_distance_2": 0.27645781154512494, "KL_distance_3": 0.42067290948837205, "hist_group_loss_1": 2218.79276576168, "hist_group_loss_2": 1449.2838807896771, "hist_group_loss_3": 2128.2222960207205, "cur_group_loss_1": 21.820658779694586, "cur_group_loss_2": 12.140088557898906, "cur_group_loss_3": 20.650563547164435, "train_group_loss_1": 21.816426627111777, "train_group_loss_2": 12.108945001803221, "train_group_loss_3": 20.6419905208669, "val_group_loss_1": 20.30317338057211, "val_group_loss_2": 10.754512160820184, "val_group_loss_3": 19.39187623099666, "_timestamp": 1726682095.469514, "_runtime": 8.639649868011475, "_step": 2, "final/reward_err_1": 0.07044608383255996, "final/reward_err_2": 0.010352245227211615, "final/reward_err_3": 0.03512794247954775, "final/reward_param_1": 5.968305840930676, "final/reward_param_2": 2.9955917613676872, "final/reward_param_3": 6.076561248632176, "final/reward_param_4": 4.14986496645241, "optimal_reward_1": 3.8641457557678223, "optimal_reward_2": 3.8641457557678223, "optimal_reward_3": 3.3321304321289062, "final/reward_1": 3.8311407566070557, "final/reward_2": 3.6006405353546143, "final/reward_3": 3.3321304321289062, "reward_0_when_1_group_param_known": 3.8641457557678223, "reward_1_when_1_group_param_known": 3.4569623470306396, "reward_2_when_1_group_param_known": 3.297084093093872, "reward_0_when_2_group_param_known": 3.4569623470306396, "reward_1_when_2_group_param_known": 3.8641457557678223, "reward_2_when_2_group_param_known": 3.1191890239715576, "reward_0_when_3_group_param_known": 3.8311407566070557, "reward_1_when_3_group_param_known": 3.6006405353546143, "reward_2_when_3_group_param_known": 3.3321304321289062, "reward_error_0_when_1_group_param_known": 0.0, "reward_error_1_when_1_group_param_known": 0.10537475407841429, "reward_error_2_when_1_group_param_known": 0.010517697235712045, "reward_error_0_when_2_group_param_known": 0.10537475407841429, "reward_error_1_when_2_group_param_known": 0.0, "reward_error_2_when_2_group_param_known": 0.0639054840423218, "reward_error_0_when_3_group_param_known": 0.00854134425739548, "reward_error_1_when_3_group_param_known": 0.06819236050293563, "reward_error_2_when_3_group_param_known": 0.0, "_wandb": {"runtime": 8}}