{"Iteration": 99, "train_loss": 15.162610264019543, "val_loss": 15.794583612558913, "grad_norm": 0.4471104961408165, "max_reward_err": 0.055731942572563274, "max_reward_err_index": 0, "max_kl_dist": 0.9562367339525556, "max_kl_dist_index": 0, "max_train_grp_loss": 19.246506298453387, "max_train_grp_loss_index": 2, "max_val_grp_loss": 20.21754752034367, "max_val_grp_loss_index": 0, "max_cur_train_grp_loss": 19.256045984916298, "max_cur_train_grp_loss_index": 2, "reward_err_1": 0.08375154325744585, "reward_err_2": 0.004891196094619368, "reward_err_3": 0.044681286734061736, "reward_param_1": 6.693132830218633, "reward_param_2": 4.07605537917266, "reward_param_3": 8.91797364203635, "reward_param_4": 3.852880764063006, "KL_distance_1": 0.9562367339525556, "KL_distance_2": 0.4528518388410119, "KL_distance_3": 0.7492752718681127, "hist_group_loss_1": 1978.4398632910088, "hist_group_loss_2": 1167.435338238656, "hist_group_loss_3": 1990.0687318284856, "cur_group_loss_1": 19.099526062340736, "cur_group_loss_2": 8.817343461979291, "cur_group_loss_3": 19.256045984916298, "train_group_loss_1": 19.089490075902972, "train_group_loss_2": 8.78128393655602, "train_group_loss_3": 19.246506298453387, "val_group_loss_1": 20.21754752034367, "val_group_loss_2": 7.568668503116867, "val_group_loss_3": 18.722023417257407, "_timestamp": 1726689113.041928, "_runtime": 9.130421161651611, "_step": 2, "final/reward_err_1": 0.08375154325744585, "final/reward_err_2": 0.004891196094619368, "final/reward_err_3": 0.044681286734061736, "final/reward_param_1": 6.693132830218633, "final/reward_param_2": 4.07605537917266, "final/reward_param_3": 8.91797364203635, "final/reward_param_4": 3.852880764063006, "optimal_reward_1": 3.8518338203430176, "optimal_reward_2": 3.8518338203430176, "optimal_reward_3": 3.297445297241211, "final/reward_1": 3.8126895427703857, "final/reward_2": 3.589339256286621, "final/reward_3": 3.297445297241211, "reward_0_when_1_group_param_known": 3.8518338203430176, "reward_1_when_1_group_param_known": 3.4604334831237793, "reward_2_when_1_group_param_known": 3.266357421875, "reward_0_when_2_group_param_known": 3.4604334831237793, "reward_1_when_2_group_param_known": 3.8518338203430176, "reward_2_when_2_group_param_known": 3.1038687229156494, "reward_0_when_3_group_param_known": 3.8126895427703857, "reward_1_when_3_group_param_known": 3.589339256286621, "reward_2_when_3_group_param_known": 3.297445297241211, "reward_error_0_when_1_group_param_known": 0.0, "reward_error_1_when_1_group_param_known": 0.10161402476713881, "reward_error_2_when_1_group_param_known": 0.009427866898116682, "reward_error_0_when_2_group_param_known": 0.10161402476713881, "reward_error_1_when_2_group_param_known": 0.0, "reward_error_2_when_2_group_param_known": 0.058705014602521616, "reward_error_0_when_3_group_param_known": 0.010162504250805377, "reward_error_1_when_3_group_param_known": 0.06814794622500629, "reward_error_2_when_3_group_param_known": 0.0, "_wandb": {"runtime": 9}}