{"Iteration": 99, "train_loss": 17.82726221851072, "val_loss": 16.971418634554894, "grad_norm": 0.3769313081001221, "max_reward_err": 0.10233499403820553, "max_reward_err_index": 0, "max_kl_dist": 0.7270238776165586, "max_kl_dist_index": 0, "max_train_grp_loss": 22.19265183343752, "max_train_grp_loss_index": 0, "max_val_grp_loss": 21.232364391187456, "max_val_grp_loss_index": 0, "max_cur_train_grp_loss": 22.199984238012927, "max_cur_train_grp_loss_index": 0, "reward_err_1": 0.08687137775214396, "reward_err_2": 0.006011296278190608, "reward_err_3": 0.048539495734501, "reward_param_1": 5.161276512857951, "reward_param_2": 2.762134939766528, "reward_param_3": 7.692558531386186, "reward_param_4": 3.687732009389514, "KL_distance_1": 0.7270238776165586, "KL_distance_2": 0.27344414766073305, "KL_distance_3": 0.5470045384320299, "hist_group_loss_1": 2279.910590597564, "hist_group_loss_2": 1331.7914149959802, "hist_group_loss_3": 2152.437984929364, "cur_group_loss_1": 22.199984238012927, "cur_group_loss_2": 11.390143466235019, "cur_group_loss_3": 20.690236657909146, "train_group_loss_1": 22.19265183343752, "train_group_loss_2": 11.366572056771748, "train_group_loss_3": 20.679145347212827, "val_group_loss_1": 21.232364391187456, "val_group_loss_2": 11.252374198079519, "val_group_loss_3": 19.79311757614024, "_timestamp": 1726687464.9178529, "_runtime": 8.331955909729004, "_step": 2, "final/reward_err_1": 0.08687137775214396, "final/reward_err_2": 0.006011296278190608, "final/reward_err_3": 0.048539495734501, "final/reward_param_1": 5.161276512857951, "final/reward_param_2": 2.762134939766528, "final/reward_param_3": 7.692558531386186, "final/reward_param_4": 3.687732009389514, "optimal_reward_1": 3.867537021636963, "optimal_reward_2": 3.867537021636963, "optimal_reward_3": 3.3466084003448486, "final/reward_1": 3.8295094966888428, "final/reward_2": 3.5975382328033447, "final/reward_3": 3.3466084003448486, "reward_0_when_1_group_param_known": 3.867537021636963, "reward_1_when_1_group_param_known": 3.4543590545654297, "reward_2_when_1_group_param_known": 3.3120038509368896, "reward_0_when_2_group_param_known": 3.4543590545654297, "reward_1_when_2_group_param_known": 3.867537021636963, "reward_2_when_2_group_param_known": 3.135807514190674, "reward_0_when_3_group_param_known": 3.8295094966888428, "reward_1_when_3_group_param_known": 3.5975382328033447, "reward_2_when_3_group_param_known": 3.3466084003448486, "reward_error_0_when_1_group_param_known": 0.0, "reward_error_1_when_1_group_param_known": 0.10683232371403459, "reward_error_2_when_1_group_param_known": 0.010340184828435017, "reward_error_0_when_2_group_param_known": 0.10683232371403459, "reward_error_1_when_2_group_param_known": 0.0, "reward_error_2_when_2_group_param_known": 0.0629894092575794, "reward_error_0_when_3_group_param_known": 0.009832491514722383, "reward_error_1_when_3_group_param_known": 0.06981155896455755, "reward_error_2_when_3_group_param_known": 0.0, "_wandb": {"runtime": 8}}