{"Iteration": 99, "train_loss": 15.910410335964919, "val_loss": 18.1896828725112, "grad_norm": 0.010224298771547295, "live_grad": 3.382529365694763e-14, "train_weighted_loss": 47.73123100789476, "val_weighted_loss": 54.569048617533596, "max_reward_err": 0.1320723319629436, "max_reward_err_index": 0, "max_kl_dist": 2.511348952832064, "max_kl_dist_index": 0, "max_train_grp_loss": 23.224550671735248, "max_train_grp_loss_index": 0, "max_val_grp_loss": 22.84772035553834, "max_val_grp_loss_index": 0, "max_cur_train_grp_loss": 0.26097031018803785, "max_cur_train_grp_loss_index": 0, "reward_err_1": 0.1320723319629436, "reward_err_2": 0.0008887962318154389, "reward_err_3": 0.09361884098601106, "KL_distance_1": 2.511348952832064, "KL_distance_2": 0.9474830565151952, "KL_distance_3": 2.1278716528717876, "reward_param_1": 6.554818804954059, "reward_param_2": 4.11570251274851, "reward_param_3": 16.958334182044734, "reward_param_4": 2.8327181011674383, "group_weight_1": 0.3648545820240737, "group_weight_2": 0.30375871607504173, "group_weight_3": 0.33138670190088465, "hist_group_loss_1": 26.186626794350982, "hist_group_loss_2": 7.8601088299363875, "hist_group_loss_3": 16.565337631224512, "cur_group_loss_1": 0.26097031018803785, "cur_group_loss_2": 0.0789684437621733, "cur_group_loss_3": 0.16495684250024562, "train_group_loss_1": 23.224550671735248, "train_group_loss_2": 8.373212537145246, "train_group_loss_3": 17.319786305406122, "val_group_loss_1": 22.84772035553834, "val_group_loss_2": 10.700995006298749, "val_group_loss_3": 20.620912378973216, "_timestamp": 1726608445.728627, "_runtime": 9.422900915145874, "_step": 2, "final/reward_err_1": 0.1320723319629436, "final/reward_err_2": 0.0008887962318154389, "final/reward_err_3": 0.09361884098601106, "final/reward_param_1": 6.554818804954059, "final/reward_param_2": 4.11570251274851, "final/reward_param_3": 16.958334182044734, "final/reward_param_4": 2.8327181011674383, "optimal_reward_1": 3.7967944145202637, "optimal_reward_2": 3.7967944145202637, "optimal_reward_3": 3.2860965728759766, "final/reward_1": 3.762887954711914, "final/reward_2": 3.552025556564331, "final/reward_3": 3.2860965728759766, "reward_0_when_1_group_param_known": 3.7967944145202637, "reward_1_when_1_group_param_known": 3.4310121536254883, "reward_2_when_1_group_param_known": 3.2510554790496826, "reward_0_when_2_group_param_known": 3.4310121536254883, "reward_1_when_2_group_param_known": 3.7967944145202637, "reward_2_when_2_group_param_known": 3.104628562927246, "reward_0_when_3_group_param_known": 3.762887954711914, "reward_1_when_3_group_param_known": 3.552025556564331, "reward_2_when_3_group_param_known": 3.2860965728759766, "reward_error_0_when_1_group_param_known": 0.0, "reward_error_1_when_1_group_param_known": 0.09633975953396283, "reward_error_2_when_1_group_param_known": 0.010663440056974997, "reward_error_0_when_2_group_param_known": 0.09633975953396283, "reward_error_1_when_2_group_param_known": 0.0, "reward_error_2_when_2_group_param_known": 0.05522296923547518, "reward_error_0_when_3_group_param_known": 0.008930285948240838, "reward_error_1_when_3_group_param_known": 0.06446724031721372, "reward_error_2_when_3_group_param_known": 0.0, "_wandb": {"runtime": 9}}