{"Iteration": 99, "train_loss": 17.490448175861747, "val_loss": 17.910184981774616, "grad_norm": 0.008296847823674723, "live_grad": 2.7445935904004187e-14, "train_weighted_loss": 52.471344527585245, "val_weighted_loss": 53.730554945323846, "max_reward_err": 0.08615610694980913, "max_reward_err_index": 0, "max_kl_dist": 1.550925475508444, "max_kl_dist_index": 0, "max_train_grp_loss": 21.63787589743749, "max_train_grp_loss_index": 0, "max_val_grp_loss": 19.47935438869929, "max_val_grp_loss_index": 0, "max_cur_train_grp_loss": 0.21639447906276338, "max_cur_train_grp_loss_index": 0, "reward_err_1": 0.08615610694980913, "reward_err_2": 0.0017982334485196194, "reward_err_3": 0.04668460092456623, "KL_distance_1": 1.550925475508444, "KL_distance_2": 0.8448721321070481, "KL_distance_3": 1.2608951021442751, "reward_param_1": 11.196589374294831, "reward_param_2": 4.692239567657189, "reward_param_3": 9.931329149458808, "reward_param_4": 4.717280600066043, "group_weight_1": 0.34681972638385034, "group_weight_2": 0.3178713890311313, "group_weight_3": 0.33530888458501845, "hist_group_loss_1": 21.717499303891532, "hist_group_loss_2": 13.001673256168113, "hist_group_loss_3": 18.342201913863995, "cur_group_loss_1": 0.21639447906276338, "cur_group_loss_2": 0.13086064647218873, "cur_group_loss_3": 0.18252823630571696, "train_group_loss_1": 21.63787589743749, "train_group_loss_2": 13.873884746520131, "train_group_loss_3": 17.156543403017466, "val_group_loss_1": 19.47935438869929, "val_group_loss_2": 16.079477688029034, "val_group_loss_3": 18.206492127710412, "_timestamp": 1726602051.392273, "_runtime": 9.553298950195312, "_step": 2, "final/reward_err_1": 0.08615610694980913, "final/reward_err_2": 0.0017982334485196194, "final/reward_err_3": 0.04668460092456623, "final/reward_param_1": 11.196589374294831, "final/reward_param_2": 4.692239567657189, "final/reward_param_3": 9.931329149458808, "final/reward_param_4": 4.717280600066043, "optimal_reward_1": 3.807837963104248, "optimal_reward_2": 3.807837963104248, "optimal_reward_3": 3.245870590209961, "final/reward_1": 3.768700122833252, "final/reward_2": 3.5474116802215576, "final/reward_3": 3.245870590209961, "reward_0_when_1_group_param_known": 3.807837963104248, "reward_1_when_1_group_param_known": 3.4243876934051514, "reward_2_when_1_group_param_known": 3.211453914642334, "reward_0_when_2_group_param_known": 3.4243876934051514, "reward_1_when_2_group_param_known": 3.807837963104248, "reward_2_when_2_group_param_known": 3.0547919273376465, "reward_0_when_3_group_param_known": 3.768700122833252, "reward_1_when_3_group_param_known": 3.5474116802215576, "reward_2_when_3_group_param_known": 3.245870590209961, "reward_error_0_when_1_group_param_known": 0.0, "reward_error_1_when_1_group_param_known": 0.10070025915349037, "reward_error_2_when_1_group_param_known": 0.01060321864692723, "reward_error_0_when_2_group_param_known": 0.10070025915349037, "reward_error_1_when_2_group_param_known": 0.0, "reward_error_2_when_2_group_param_known": 0.05886823197715792, "reward_error_0_when_3_group_param_known": 0.010278231545097027, "reward_error_1_when_3_group_param_known": 0.06839216516198189, "reward_error_2_when_3_group_param_known": 0.0, "_wandb": {"runtime": 9}}