{"Iteration": 99, "train_loss": 17.88225520382324, "val_loss": 17.747795786699445, "grad_norm": 0.39878469519932513, "max_reward_err": 0.07159803904557163, "max_reward_err_index": 1, "max_kl_dist": 0.6026713156559239, "max_kl_dist_index": 0, "max_train_grp_loss": 21.968977944140683, "max_train_grp_loss_index": 0, "max_val_grp_loss": 20.47339382201228, "max_val_grp_loss_index": 0, "max_cur_train_grp_loss": 21.969550192248033, "max_cur_train_grp_loss_index": 0, "reward_err_1": 0.06383794795481469, "reward_err_2": 0.024627378630693243, "reward_err_3": 0.03334036965425284, "reward_param_1": 7.426063052664915, "reward_param_2": 4.417844859219782, "reward_param_3": 3.9827838914330886, "reward_param_4": 4.8101821538370935, "KL_distance_1": 0.6026713156559239, "KL_distance_2": 0.37155549956276535, "KL_distance_3": 0.4844881175390567, "hist_group_loss_1": 2207.1061790547083, "hist_group_loss_2": 1497.0784430851343, "hist_group_loss_3": 2061.074793454464, "cur_group_loss_1": 21.969550192248033, "cur_group_loss_2": 12.59260330478485, "cur_group_loss_3": 19.803135312492092, "train_group_loss_1": 21.968977944140683, "train_group_loss_2": 12.560401688514812, "train_group_loss_3": 19.790809001294114, "val_group_loss_1": 20.47339382201228, "val_group_loss_2": 12.843545770923779, "val_group_loss_3": 19.312076598895114, "_timestamp": 1726584875.640827, "_runtime": 7.806326866149902, "_step": 2, "final/reward_err_1": 0.06383794795481469, "final/reward_err_2": 0.024627378630693243, "final/reward_err_3": 0.03334036965425284, "final/reward_param_1": 7.426063052664915, "final/reward_param_2": 4.417844859219782, "final/reward_param_3": 3.9827838914330886, "final/reward_param_4": 4.8101821538370935, "optimal_reward_1": 3.8060805797576904, "optimal_reward_2": 3.8060805797576904, "optimal_reward_3": 3.2957820892333984, "final/reward_1": 3.772174119949341, "final/reward_2": 3.559548854827881, "final/reward_3": 3.2957820892333984, "reward_0_when_1_group_param_known": 3.8060805797576904, "reward_1_when_1_group_param_known": 3.436021089553833, "reward_2_when_1_group_param_known": 3.2607407569885254, "reward_0_when_2_group_param_known": 3.436021089553833, "reward_1_when_2_group_param_known": 3.8060805797576904, "reward_2_when_2_group_param_known": 3.1107161045074463, "reward_0_when_3_group_param_known": 3.772174119949341, "reward_1_when_3_group_param_known": 3.559548854827881, "reward_2_when_3_group_param_known": 3.2957820892333984, "reward_error_0_when_1_group_param_known": 0.0, "reward_error_1_when_1_group_param_known": 0.09722849594198997, "reward_error_2_when_1_group_param_known": 0.010632175094143948, "reward_error_0_when_2_group_param_known": 0.09722849594198997, "reward_error_1_when_2_group_param_known": 0.0, "reward_error_2_when_2_group_param_known": 0.056152372855754744, "reward_error_0_when_3_group_param_known": 0.008908497625793363, "reward_error_1_when_3_group_param_known": 0.06477312283953397, "reward_error_2_when_3_group_param_known": 0.0, "_wandb": {"runtime": 7}}