{"Iteration": 99, "train_loss": 21.057541412134928, "val_loss": 20.7698779855331, "grad_norm": 0.005466054492612416, "live_grad": 1.0203336173712812e-14, "train_weighted_loss": 63.172624236404786, "val_weighted_loss": 62.3096339565993, "max_reward_err": 0.08497772202115297, "max_reward_err_index": 0, "max_kl_dist": 0.887455250422294, "max_kl_dist_index": 0, "max_train_grp_loss": 25.23840995680502, "max_train_grp_loss_index": 0, "max_val_grp_loss": 24.345408660517865, "max_val_grp_loss_index": 0, "max_cur_train_grp_loss": 0.27433887098556164, "max_cur_train_grp_loss_index": 0, "reward_err_1": 0.08497772202115297, "reward_err_2": 0.016563541581859853, "reward_err_3": 0.04994485840997722, "KL_distance_1": 0.887455250422294, "KL_distance_2": 0.40000480341990646, "KL_distance_3": 0.6999135733718134, "reward_param_1": 8.987657992525063, "reward_param_2": 4.802157281057422, "reward_param_3": 4.760206630006187, "reward_param_4": 2.7642011950757515, "group_weight_1": 0.3518407982289701, "group_weight_2": 0.30658506301217897, "group_weight_3": 0.34157413875885084, "hist_group_loss_1": 27.466475113759124, "hist_group_loss_2": 13.698120269759793, "hist_group_loss_3": 24.505070844563868, "cur_group_loss_1": 0.27433887098556164, "cur_group_loss_2": 0.13717333939762036, "cur_group_loss_3": 0.24499246098999367, "train_group_loss_1": 25.23840995680502, "train_group_loss_2": 15.22706525704791, "train_group_loss_3": 23.76416973280514, "val_group_loss_1": 24.345408660517865, "val_group_loss_2": 15.542599700354238, "val_group_loss_3": 22.766049177443637, "_timestamp": 1726610956.4675589, "_runtime": 9.546060800552368, "_step": 2, "final/reward_err_1": 0.08497772202115297, "final/reward_err_2": 0.016563541581859853, "final/reward_err_3": 0.04994485840997722, "final/reward_param_1": 8.987657992525063, "final/reward_param_2": 4.802157281057422, "final/reward_param_3": 4.760206630006187, "final/reward_param_4": 2.7642011950757515, "optimal_reward_1": 3.8655567169189453, "optimal_reward_2": 3.8655567169189453, "optimal_reward_3": 3.3145885467529297, "final/reward_1": 3.827606201171875, "final/reward_2": 3.6067895889282227, "final/reward_3": 3.3145885467529297, "reward_0_when_1_group_param_known": 3.8655567169189453, "reward_1_when_1_group_param_known": 3.4700119495391846, "reward_2_when_1_group_param_known": 3.2730894088745117, "reward_0_when_2_group_param_known": 3.4700119495391846, "reward_1_when_2_group_param_known": 3.8655567169189453, "reward_2_when_2_group_param_known": 3.1137969493865967, "reward_0_when_3_group_param_known": 3.827606201171875, "reward_1_when_3_group_param_known": 3.6067895889282227, "reward_2_when_3_group_param_known": 3.3145885467529297, "reward_error_0_when_1_group_param_known": 0.0, "reward_error_1_when_1_group_param_known": 0.10232543365578425, "reward_error_2_when_1_group_param_known": 0.012520147612008063, "reward_error_0_when_2_group_param_known": 0.10232543365578425, "reward_error_1_when_2_group_param_known": 0.0, "reward_error_2_when_2_group_param_known": 0.06057813648183708, "reward_error_0_when_3_group_param_known": 0.009817606757900294, "reward_error_1_when_3_group_param_known": 0.0669417491297279, "reward_error_2_when_3_group_param_known": 0.0, "_wandb": {"runtime": 9}}