{"val_loss":12.267710044817559,"group_weight_3":0.5195889286888843,"reward_1_when_3_group_param_known":7.0068994140625,"reward_0_when_1_group_param_known":3.8680634765625,"_wandb":{"runtime":211},"Iteration":199,"reward_error_2_when_1_group_param_known":0.00849832984501714,"train_weighted_loss":40.3027677697353,"cur_group_loss_3":0.2371547992778523,"reward_1_when_2_group_param_known":7.1581357421875,"live_grad":2.573787003362425e-14,"train_group_loss_2":15.89242055983556,"reward_param_3":5.016007910972185,"reward_error_1_when_1_group_param_known":0.06401383587376193,"reward_1_when_1_group_param_known":6.699916015625,"reward_param_2":9.440727719120549,"final/reward_param_4":9.00796621838492,"_step":201,"reward_2_when_3_group_param_known":3.336449462890625,"val_group_loss_3":11.27997776831971,"val_group_loss_1":10.61591236501982,"final/reward_2":7.0068994140625,"final/reward_param_2":9.440727719120549,"KL_distance_1":0.6562462158203125,"reward_0_when_2_group_param_known":3.46072314453125,"reward_error_1_when_2_group_param_known":0,"final/reward_err_2":0.03143713085430133,"KL_distance_3":0.686627685546875,"reward_param_4":9.00796621838492,"max_kl_dist_index":2,"final/reward_err_3":0.0012864682579086135,"KL_distance_2":0.3502342529296875,"_timestamp":1.7282553500302668e+09,"hist_group_loss_2":24.675456837548253,"hist_group_loss_1":19.038775147184783,"max_reward_err":0.03143713085430133,"reward_error_2_when_2_group_param_known":0.06241101610796404,"max_train_grp_loss":15.89242055983556,"final/reward_param_1":4.1205590625221085,"reward_err_1":0.0034947891853789044,"cur_group_loss_1":0.0947155382913742,"reward_0_when_3_group_param_known":3.83464501953125,"val_weighted_loss":36.80313013445269,"grad_norm":0.006375270617360394,"optimal_reward_3":3.336449462890625,"hist_group_loss_3":47.69422070858341,"final/reward_1":3.83464501953125,"max_cur_train_grp_loss":0.2371547992778523,"max_val_grp_loss_index":1,"train_group_loss_3":11.1460318049707,"reward_error_0_when_3_group_param_known":0.008639583407495802,"final/reward_param_3":5.016007910972185,"reward_err_2":0.03143713085430133,"max_kl_dist":0.686627685546875,"cur_group_loss_2":0.1231928910693146,"reward_error_1_when_3_group_param_known":0.02112789329121925,"train_loss":13.434255923245097,"max_cur_train_grp_loss_index":2,"optimal_reward_2":7.1581357421875,"reward_err_3":0.0012864682579086135,"final/reward_3":3.336449462890625,"max_reward_err_index":1,"_runtime":211.317815,"reward_error_0_when_2_group_param_known":0.10530859550248342,"reward_2_when_1_group_param_known":3.30809521484375,"reward_param_1":4.1205590625221085,"train_group_loss_1":11.744282499363859,"reward_2_when_2_group_param_known":3.12821826171875,"val_group_loss_2":14.923140783982403,"final/reward_err_1":0.0034947891853789044,"reward_error_2_when_3_group_param_known":0,"reward_error_0_when_1_group_param_known":0,"max_val_grp_loss":14.923140783982403,"optimal_reward_1":3.8680634765625,"group_weight_1":0.21994436111725624,"max_train_grp_loss_index":1,"group_weight_2":0.26046671019385964}