{"Iteration": 99, "train_loss": 19.116151662702503, "val_loss": 18.288756826706845, "grad_norm": 0.0008546397944403001, "live_grad": 2.3237813414902573e-14, "train_weighted_loss": 57.34845498810752, "val_weighted_loss": 54.866270480120534, "max_reward_err": 0.08963445432987215, "max_reward_err_index": 0, "max_kl_dist": 1.2886723406053548, "max_kl_dist_index": 0, "max_train_grp_loss": 20.366651454003613, "max_train_grp_loss_index": 0, "max_val_grp_loss": 19.12084406560076, "max_val_grp_loss_index": 0, "max_cur_train_grp_loss": 0.2099669898022025, "max_cur_train_grp_loss_index": 0, "reward_err_1": 0.08963445432987215, "reward_err_2": 0.0017826659022094674, "reward_err_3": 0.04956799250850256, "KL_distance_1": 1.2886723406053548, "KL_distance_2": 0.641212765158268, "KL_distance_3": 1.027046484889647, "reward_param_1": 10.236356513712964, "reward_param_2": 4.440230424098186, "reward_param_3": 8.387055292208816, "reward_param_4": 4.0149204458987064, "group_weight_1": 0.3394405136757686, "group_weight_2": 0.33178995971960024, "group_weight_3": 0.3287695266046311, "hist_group_loss_1": 21.032923553391434, "hist_group_loss_2": 18.75326385985349, "hist_group_loss_3": 17.838749958146465, "cur_group_loss_1": 0.2099669898022025, "cur_group_loss_2": 0.1871467657897817, "cur_group_loss_3": 0.17783368783346382, "train_group_loss_1": 20.366651454003613, "train_group_loss_2": 18.902054439820006, "train_group_loss_3": 18.138949111280187, "val_group_loss_1": 19.12084406560076, "val_group_loss_2": 17.70246007510127, "val_group_loss_3": 18.063935660392033, "_timestamp": 1726605757.069802, "_runtime": 9.39795708656311, "_step": 2, "final/reward_err_1": 0.08963445432987215, "final/reward_err_2": 0.0017826659022094674, "final/reward_err_3": 0.04956799250850256, "final/reward_param_1": 10.236356513712964, "final/reward_param_2": 4.440230424098186, "final/reward_param_3": 8.387055292208816, "final/reward_param_4": 4.0149204458987064, "optimal_reward_1": 3.871049165725708, "optimal_reward_2": 3.871049165725708, "optimal_reward_3": 3.332228183746338, "final/reward_1": 3.837705135345459, "final/reward_2": 3.5914864540100098, "final/reward_3": 3.332228183746338, "reward_0_when_1_group_param_known": 3.871049165725708, "reward_1_when_1_group_param_known": 3.479905843734741, "reward_2_when_1_group_param_known": 3.301387310028076, "reward_0_when_2_group_param_known": 3.479905843734741, "reward_1_when_2_group_param_known": 3.871049165725708, "reward_2_when_2_group_param_known": 3.1377174854278564, "reward_0_when_3_group_param_known": 3.837705135345459, "reward_1_when_3_group_param_known": 3.5914864540100098, "reward_2_when_3_group_param_known": 3.332228183746338, "reward_error_0_when_1_group_param_known": 0.0, "reward_error_1_when_1_group_param_known": 0.10104323278922729, "reward_error_2_when_1_group_param_known": 0.009255330672939727, "reward_error_0_when_2_group_param_known": 0.10104323278922729, "reward_error_1_when_2_group_param_known": 0.0, "reward_error_2_when_2_group_param_known": 0.058372562619585705, "reward_error_0_when_3_group_param_known": 0.008613693330344977, "reward_error_1_when_3_group_param_known": 0.07221884810736792, "reward_error_2_when_3_group_param_known": 0.0, "_wandb": {"runtime": 9}}