{"Iteration": 99, "train_loss": 15.169020084862662, "val_loss": 15.448341732260163, "grad_norm": 0.015199827472887608, "live_grad": 2.9279243301621295e-14, "train_weighted_loss": 45.507060254587984, "val_weighted_loss": 46.34502519678049, "max_reward_err": 0.09553496547325294, "max_reward_err_index": 0, "max_kl_dist": 1.612917699555162, "max_kl_dist_index": 0, "max_train_grp_loss": 19.045522583501878, "max_train_grp_loss_index": 0, "max_val_grp_loss": 20.544472143802018, "max_val_grp_loss_index": 0, "max_cur_train_grp_loss": 0.4309172883617335, "max_cur_train_grp_loss_index": 2, "reward_err_1": 0.09553496547325294, "reward_err_2": 0.0012071030012749723, "reward_err_3": 0.05854197513514883, "KL_distance_1": 1.612917699555162, "KL_distance_2": 0.8352331071151092, "KL_distance_3": 1.3004396834937775, "reward_param_1": 12.164789731248879, "reward_param_2": 3.706892720251943, "reward_param_3": 9.024465630517362, "reward_param_4": 4.990236329604915, "group_weight_1": 0.30805531084125726, "group_weight_2": 0.28520086377919773, "group_weight_3": 0.406743825379545, "hist_group_loss_1": 15.693535132436905, "hist_group_loss_2": 7.984972103440519, "hist_group_loss_3": 43.48395694217739, "cur_group_loss_1": 0.1561234898672938, "cur_group_loss_2": 0.08005410731088121, "cur_group_loss_3": 0.4309172883617335, "train_group_loss_1": 19.045522583501878, "train_group_loss_2": 10.969914169804335, "train_group_loss_3": 17.665220219716463, "val_group_loss_1": 20.544472143802018, "val_group_loss_2": 8.073426590160592, "val_group_loss_3": 17.502651820568495, "_timestamp": 1726683198.597687, "_runtime": 10.0935800075531, "_step": 2, "final/reward_err_1": 0.09553496547325294, "final/reward_err_2": 0.0012071030012749723, "final/reward_err_3": 0.05854197513514883, "final/reward_param_1": 12.164789731248879, "final/reward_param_2": 3.706892720251943, "final/reward_param_3": 9.024465630517362, "final/reward_param_4": 4.990236329604915, "optimal_reward_1": 3.7869174480438232, "optimal_reward_2": 3.7869174480438232, "optimal_reward_3": 3.255725145339966, "final/reward_1": 3.7558434009552, "final/reward_2": 3.5533955097198486, "final/reward_3": 3.255725145339966, "reward_0_when_1_group_param_known": 3.7869174480438232, "reward_1_when_1_group_param_known": 3.424971103668213, "reward_2_when_1_group_param_known": 3.222290515899658, "reward_0_when_2_group_param_known": 3.424971103668213, "reward_1_when_2_group_param_known": 3.7869174480438232, "reward_2_when_2_group_param_known": 3.0696070194244385, "reward_0_when_3_group_param_known": 3.7558434009552, "reward_1_when_3_group_param_known": 3.5533955097198486, "reward_2_when_3_group_param_known": 3.255725145339966, "reward_error_0_when_1_group_param_known": 0.0, "reward_error_1_when_1_group_param_known": 0.09557809203434788, "reward_error_2_when_1_group_param_known": 0.010269487732453024, "reward_error_0_when_2_group_param_known": 0.09557809203434788, "reward_error_1_when_2_group_param_known": 0.0, "reward_error_2_when_2_group_param_known": 0.057166412275902585, "reward_error_0_when_3_group_param_known": 0.00820563096897576, "reward_error_1_when_3_group_param_known": 0.0616654420192347, "reward_error_2_when_3_group_param_known": 0.0, "_wandb": {"runtime": 10}}