{"Iteration": 199, "train_loss": 17.097863225851192, "val_loss": 15.72815768496852, "grad_norm": 0.22637120645990305, "max_reward_err": 0.08589655516658376, "max_reward_err_index": 0, "max_kl_dist": 1.0519627009478805, "max_kl_dist_index": 0, "max_train_grp_loss": 21.75590573579596, "max_train_grp_loss_index": 0, "max_val_grp_loss": 20.087802161526778, "max_val_grp_loss_index": 0, "max_cur_train_grp_loss": 21.75680191718304, "max_cur_train_grp_loss_index": 0, "reward_err_1": 0.08976953863426106, "reward_err_2": 0.003032256496136765, "reward_err_3": 0.05278246200907157, "reward_param_1": 6.61571882248394, "reward_param_2": 4.162483552576765, "reward_param_3": 9.590620842564835, "reward_param_4": 3.6374699858344393, "KL_distance_1": 1.0519627009478805, "KL_distance_2": 0.4744650375557168, "KL_distance_3": 0.8298749651605308, "hist_group_loss_1": 4429.517572233864, "hist_group_loss_2": 2622.926564452228, "hist_group_loss_3": 4136.143693498621, "cur_group_loss_1": 21.75680191718304, "cur_group_loss_2": 10.330604834834913, "cur_group_loss_3": 19.914899518982608, "train_group_loss_1": 21.75590573579596, "train_group_loss_2": 10.319626985311425, "train_group_loss_3": 19.911813557222665, "val_group_loss_1": 20.087802161526778, "val_group_loss_2": 7.79198144734689, "val_group_loss_3": 18.814079855025188, "_timestamp": 1726697402.0176482, "_runtime": 11.658823251724243, "_step": 3, "final/reward_err_1": 0.08976953863426106, "final/reward_err_2": 0.003032256496136765, "final/reward_err_3": 0.05278246200907157, "final/reward_param_1": 6.61571882248394, "final/reward_param_2": 4.162483552576765, "final/reward_param_3": 9.590620842564835, "final/reward_param_4": 3.6374699858344393, "optimal_reward_1": 3.8641457557678223, "optimal_reward_2": 3.8641457557678223, "optimal_reward_3": 3.3321304321289062, "final/reward_1": 3.8311407566070557, "final/reward_2": 3.6006405353546143, "final/reward_3": 3.3321304321289062, "reward_0_when_1_group_param_known": 3.8641457557678223, "reward_1_when_1_group_param_known": 3.4569623470306396, "reward_2_when_1_group_param_known": 3.297084093093872, "reward_0_when_2_group_param_known": 3.4569623470306396, "reward_1_when_2_group_param_known": 3.8641457557678223, "reward_2_when_2_group_param_known": 3.1191890239715576, "reward_0_when_3_group_param_known": 3.8311407566070557, "reward_1_when_3_group_param_known": 3.6006405353546143, "reward_2_when_3_group_param_known": 3.3321304321289062, "reward_error_0_when_1_group_param_known": 0.0, "reward_error_1_when_1_group_param_known": 0.10537475407841429, "reward_error_2_when_1_group_param_known": 0.010517697235712045, "reward_error_0_when_2_group_param_known": 0.10537475407841429, "reward_error_1_when_2_group_param_known": 0.0, "reward_error_2_when_2_group_param_known": 0.0639054840423218, "reward_error_0_when_3_group_param_known": 0.00854134425739548, "reward_error_1_when_3_group_param_known": 0.06819236050293563, "reward_error_2_when_3_group_param_known": 0.0, "_wandb": {"runtime": 11}}