{"Iteration": 99, "train_loss": 18.451135371934665, "val_loss": 17.301901697547038, "grad_norm": 0.37866469289851284, "max_reward_err": 0.062060858618593985, "max_reward_err_index": 1, "max_kl_dist": 0.5436664561290109, "max_kl_dist_index": 0, "max_train_grp_loss": 20.889734608550114, "max_train_grp_loss_index": 0, "max_val_grp_loss": 20.863958127385327, "max_val_grp_loss_index": 0, "max_cur_train_grp_loss": 20.89567202471139, "max_cur_train_grp_loss_index": 0, "reward_err_1": 0.07461688264638949, "reward_err_2": 0.013084965277794892, "reward_err_3": 0.04063555571914873, "reward_param_1": 6.685446582422994, "reward_param_2": 3.7141619024795367, "reward_param_3": 4.535743385904863, "reward_param_4": 3.761754075204706, "KL_distance_1": 0.5436664561290109, "KL_distance_2": 0.2536454502536738, "KL_distance_3": 0.4019780958558889, "hist_group_loss_1": 2137.7128857061402, "hist_group_loss_2": 1667.5694516181659, "hist_group_loss_3": 2105.6264661430882, "cur_group_loss_1": 20.89567202471139, "cur_group_loss_2": 14.85124251296085, "cur_group_loss_3": 20.17309028401148, "train_group_loss_1": 20.889734608550114, "train_group_loss_2": 14.82638437093101, "train_group_loss_3": 20.160064530711008, "val_group_loss_1": 20.863958127385327, "val_group_loss_2": 10.492676349890019, "val_group_loss_3": 19.701230757991095, "_timestamp": 1726689867.559953, "_runtime": 8.63034200668335, "_step": 2, "final/reward_err_1": 0.07461688264638949, "final/reward_err_2": 0.013084965277794892, "final/reward_err_3": 0.04063555571914873, "final/reward_param_1": 6.685446582422994, "final/reward_param_2": 3.7141619024795367, "final/reward_param_3": 4.535743385904863, "final/reward_param_4": 3.761754075204706, "optimal_reward_1": 3.869661331176758, "optimal_reward_2": 3.869661331176758, "optimal_reward_3": 3.3746607303619385, "final/reward_1": 3.832443952560425, "final/reward_2": 3.602559804916382, "final/reward_3": 3.3746607303619385, "reward_0_when_1_group_param_known": 3.869661331176758, "reward_1_when_1_group_param_known": 3.4677367210388184, "reward_2_when_1_group_param_known": 3.334665060043335, "reward_0_when_2_group_param_known": 3.4677367210388184, "reward_1_when_2_group_param_known": 3.869661331176758, "reward_2_when_2_group_param_known": 3.163583993911743, "reward_0_when_3_group_param_known": 3.832443952560425, "reward_1_when_3_group_param_known": 3.602559804916382, "reward_2_when_3_group_param_known": 3.3746607303619385, "reward_error_0_when_1_group_param_known": 0.0, "reward_error_1_when_1_group_param_known": 0.1038655778219524, "reward_error_2_when_1_group_param_known": 0.011851760373646185, "reward_error_0_when_2_group_param_known": 0.1038655778219524, "reward_error_1_when_2_group_param_known": 0.0, "reward_error_2_when_2_group_param_known": 0.06254754279478546, "reward_error_0_when_3_group_param_known": 0.00961773536006451, "reward_error_1_when_3_group_param_known": 0.06902452266517878, "reward_error_2_when_3_group_param_known": 0.0, "_wandb": {"runtime": 8}}