{"Iteration": 99, "train_loss": 17.620224374002174, "val_loss": 18.547119265977315, "grad_norm": 0.0048212579368011885, "live_grad": 8.851200407275939e-15, "train_weighted_loss": 52.86067312200651, "val_weighted_loss": 55.64135779793196, "max_reward_err": 0.09316140694088469, "max_reward_err_index": 0, "max_kl_dist": 1.5651754510844424, "max_kl_dist_index": 0, "max_train_grp_loss": 20.997379280757503, "max_train_grp_loss_index": 0, "max_val_grp_loss": 20.421809646846583, "max_val_grp_loss_index": 0, "max_cur_train_grp_loss": 0.22338557755055144, "max_cur_train_grp_loss_index": 0, "reward_err_1": 0.09316140694088469, "reward_err_2": 0.002614941508179384, "reward_err_3": 0.05350892237400559, "KL_distance_1": 1.5651754510844424, "KL_distance_2": 0.7557472399117535, "KL_distance_3": 1.275666204662265, "reward_param_1": 8.054949773863923, "reward_param_2": 5.153772072430287, "reward_param_3": 12.23474928147177, "reward_param_4": 3.9778950965195468, "group_weight_1": 0.3484400660472549, "group_weight_2": 0.3233962711585467, "group_weight_3": 0.3281636627941984, "hist_group_loss_1": 22.39772890206329, "hist_group_loss_2": 14.938946747319964, "hist_group_loss_3": 16.40235063912349, "cur_group_loss_1": 0.22338557755055144, "cur_group_loss_2": 0.14952863571993827, "cur_group_loss_3": 0.163078203922605, "train_group_loss_1": 20.997379280757503, "train_group_loss_2": 16.449489881853555, "train_group_loss_3": 15.654893466724532, "val_group_loss_1": 20.421809646846583, "val_group_loss_2": 17.47329160782473, "val_group_loss_3": 17.648918312040273, "_timestamp": 1726603816.361572, "_runtime": 10.002749919891357, "_step": 2, "final/reward_err_1": 0.09316140694088469, "final/reward_err_2": 0.002614941508179384, "final/reward_err_3": 0.05350892237400559, "final/reward_param_1": 8.054949773863923, "final/reward_param_2": 5.153772072430287, "final/reward_param_3": 12.23474928147177, "final/reward_param_4": 3.9778950965195468, "optimal_reward_1": 3.8667526245117188, "optimal_reward_2": 3.8667526245117188, "optimal_reward_3": 3.3613686561584473, "final/reward_1": 3.8306260108947754, "final/reward_2": 3.5890326499938965, "final/reward_3": 3.3613686561584473, "reward_0_when_1_group_param_known": 3.8667526245117188, "reward_1_when_1_group_param_known": 3.4561731815338135, "reward_2_when_1_group_param_known": 3.324531078338623, "reward_0_when_2_group_param_known": 3.4561731815338135, "reward_1_when_2_group_param_known": 3.8667526245117188, "reward_2_when_2_group_param_known": 3.1526591777801514, "reward_0_when_3_group_param_known": 3.8306260108947754, "reward_1_when_3_group_param_known": 3.5890326499938965, "reward_2_when_3_group_param_known": 3.3613686561584473, "reward_error_0_when_1_group_param_known": 0.0, "reward_error_1_when_1_group_param_known": 0.10618197822513974, "reward_error_2_when_1_group_param_known": 0.01095910076757965, "reward_error_0_when_2_group_param_known": 0.10618197822513974, "reward_error_1_when_2_group_param_known": 0.0, "reward_error_2_when_2_group_param_known": 0.062090624304452315, "reward_error_0_when_3_group_param_known": 0.009342882031794137, "reward_error_1_when_3_group_param_known": 0.07182253469159845, "reward_error_2_when_3_group_param_known": 0.0, "_wandb": {"runtime": 9}}