{"Iteration": 99, "train_loss": 17.007492551128397, "val_loss": 14.66976639215969, "grad_norm": 0.006729491553649352, "live_grad": 1.492703010883289e-14, "train_weighted_loss": 51.022477653385195, "val_weighted_loss": 44.00929917647907, "max_reward_err": 0.07711207756373444, "max_reward_err_index": 0, "max_kl_dist": 1.3002223396932786, "max_kl_dist_index": 0, "max_train_grp_loss": 19.99148040395562, "max_train_grp_loss_index": 0, "max_val_grp_loss": 19.76729472098016, "max_val_grp_loss_index": 0, "max_cur_train_grp_loss": 0.2478394076912494, "max_cur_train_grp_loss_index": 2, "reward_err_1": 0.07711207756373444, "reward_err_2": 0.0050792216962325205, "reward_err_3": 0.040871078694970066, "KL_distance_1": 1.3002223396932786, "KL_distance_2": 0.7149379597235238, "KL_distance_3": 1.0460484867371787, "reward_param_1": 8.99912412344086, "reward_param_2": 5.076910316352776, "reward_param_3": 9.980347427401961, "reward_param_4": 4.642824435623279, "group_weight_1": 0.32617670041550706, "group_weight_2": 0.3167532985932957, "group_weight_3": 0.3570700009911971, "hist_group_loss_1": 15.903009655691692, "hist_group_loss_2": 12.971406923564448, "hist_group_loss_3": 24.952267998476973, "cur_group_loss_1": 0.15866838319897142, "cur_group_loss_2": 0.1299842191548198, "cur_group_loss_3": 0.2478394076912494, "train_group_loss_1": 19.99148040395562, "train_group_loss_2": 14.55980315151273, "train_group_loss_3": 15.36489163662397, "val_group_loss_1": 19.76729472098016, "val_group_loss_2": 7.159637072330931, "val_group_loss_3": 17.24880061382043, "_timestamp": 1726690886.819842, "_runtime": 9.589153051376343, "_step": 2, "final/reward_err_1": 0.07711207756373444, "final/reward_err_2": 0.0050792216962325205, "final/reward_err_3": 0.040871078694970066, "final/reward_param_1": 8.99912412344086, "final/reward_param_2": 5.076910316352776, "final/reward_param_3": 9.980347427401961, "final/reward_param_4": 4.642824435623279, "optimal_reward_1": 3.791201591491699, "optimal_reward_2": 3.791201591491699, "optimal_reward_3": 3.2667675018310547, "final/reward_1": 3.751282215118408, "final/reward_2": 3.552793025970459, "final/reward_3": 3.2667675018310547, "reward_0_when_1_group_param_known": 3.791201591491699, "reward_1_when_1_group_param_known": 3.43137788772583, "reward_2_when_1_group_param_known": 3.2245421409606934, "reward_0_when_2_group_param_known": 3.43137788772583, "reward_1_when_2_group_param_known": 3.791201591491699, "reward_2_when_2_group_param_known": 3.0854053497314453, "reward_0_when_3_group_param_known": 3.751282215118408, "reward_1_when_3_group_param_known": 3.552793025970459, "reward_2_when_3_group_param_known": 3.2667675018310547, "reward_error_0_when_1_group_param_known": 0.0, "reward_error_1_when_1_group_param_known": 0.0949102006533743, "reward_error_2_when_1_group_param_known": 0.012925731888386182, "reward_error_0_when_2_group_param_known": 0.0949102006533743, "reward_error_1_when_2_group_param_known": 0.0, "reward_error_2_when_2_group_param_known": 0.055517312449678204, "reward_error_0_when_3_group_param_known": 0.010529478691631431, "reward_error_1_when_3_group_param_known": 0.06288469757352977, "reward_error_2_when_3_group_param_known": 0.0, "_wandb": {"runtime": 9}}