{"Iteration": 99, "train_loss": 16.41414796486871, "val_loss": 17.47869011938547, "grad_norm": 0.019445270847599547, "live_grad": 2.9106958648955225e-14, "train_weighted_loss": 49.24244389460613, "val_weighted_loss": 52.43607035815641, "max_reward_err": 0.0921645660283591, "max_reward_err_index": 0, "max_kl_dist": 1.5489701153371012, "max_kl_dist_index": 0, "max_train_grp_loss": 21.392776988771917, "max_train_grp_loss_index": 0, "max_val_grp_loss": 19.6621169341878, "max_val_grp_loss_index": 0, "max_cur_train_grp_loss": 0.4478379097132159, "max_cur_train_grp_loss_index": 2, "reward_err_1": 0.0921645660283591, "reward_err_2": 0.0020057307821159487, "reward_err_3": 0.04995039898161529, "KL_distance_1": 1.5489701153371012, "KL_distance_2": 0.806791966029004, "KL_distance_3": 1.2411038936995291, "reward_param_1": 10.02249721122654, "reward_param_2": 3.6862660173754023, "reward_param_3": 10.911776017245115, "reward_param_4": 5.184338712444642, "group_weight_1": 0.3077192503283654, "group_weight_2": 0.28303017030733524, "group_weight_3": 0.4092505793642993, "hist_group_loss_1": 16.680467714179898, "hist_group_loss_2": 8.317033558834327, "hist_group_loss_3": 45.19444666911305, "cur_group_loss_1": 0.16585132750570575, "cur_group_loss_2": 0.08351653770710439, "cur_group_loss_3": 0.4478379097132159, "train_group_loss_1": 21.392776988771917, "train_group_loss_2": 10.86047014678218, "train_group_loss_3": 18.358903386032992, "val_group_loss_1": 19.6621169341878, "val_group_loss_2": 14.567656926072617, "val_group_loss_3": 17.808956323982212, "_timestamp": 1726684878.0663161, "_runtime": 10.282146215438843, "_step": 2, "final/reward_err_1": 0.0921645660283591, "final/reward_err_2": 0.0020057307821159487, "final/reward_err_3": 0.04995039898161529, "final/reward_param_1": 10.02249721122654, "final/reward_param_2": 3.6862660173754023, "final/reward_param_3": 10.911776017245115, "final/reward_param_4": 5.184338712444642, "optimal_reward_1": 3.8849852085113525, "optimal_reward_2": 3.8849852085113525, "optimal_reward_3": 3.3731210231781006, "final/reward_1": 3.8491885662078857, "final/reward_2": 3.6059226989746094, "final/reward_3": 3.3731210231781006, "reward_0_when_1_group_param_known": 3.8849852085113525, "reward_1_when_1_group_param_known": 3.4774763584136963, "reward_2_when_1_group_param_known": 3.335669994354248, "reward_0_when_2_group_param_known": 3.4774763584136963, "reward_1_when_2_group_param_known": 3.8849852085113525, "reward_2_when_2_group_param_known": 3.1690282821655273, "reward_0_when_3_group_param_known": 3.8491885662078857, "reward_1_when_3_group_param_known": 3.6059226989746094, "reward_2_when_3_group_param_known": 3.3731210231781006, "reward_error_0_when_1_group_param_known": 0.0, "reward_error_1_when_1_group_param_known": 0.10489328227167315, "reward_error_2_when_1_group_param_known": 0.011102782428057319, "reward_error_0_when_2_group_param_known": 0.10489328227167315, "reward_error_1_when_2_group_param_known": 0.0, "reward_error_2_when_2_group_param_known": 0.06050560878491111, "reward_error_0_when_3_group_param_known": 0.009214100024124247, "reward_error_1_when_3_group_param_known": 0.07183103527018941, "reward_error_2_when_3_group_param_known": 0.0, "_wandb": {"runtime": 9}}