{"Iteration": 99, "train_loss": 18.450354191494828, "val_loss": 18.175889969430173, "grad_norm": 0.384579642177139, "max_reward_err": 0.10760958630525706, "max_reward_err_index": 0, "max_kl_dist": 0.5596101819635865, "max_kl_dist_index": 0, "max_train_grp_loss": 21.482490439496384, "max_train_grp_loss_index": 0, "max_val_grp_loss": 21.83065937371294, "max_val_grp_loss_index": 0, "max_cur_train_grp_loss": 21.49510788427415, "max_cur_train_grp_loss_index": 0, "reward_err_1": 0.07825651088183674, "reward_err_2": 0.0037458588251357175, "reward_err_3": 0.04157706311343518, "reward_param_1": 5.725968213713624, "reward_param_2": 2.354584444538789, "reward_param_3": 6.145911374563202, "reward_param_4": 3.6356200180911684, "KL_distance_1": 0.5596101819635865, "KL_distance_2": 0.2262417366275842, "KL_distance_3": 0.40471064547780156, "hist_group_loss_1": 2244.0647877750603, "hist_group_loss_2": 1629.05337791361, "hist_group_loss_3": 2062.6835626537736, "cur_group_loss_1": 21.49510788427415, "cur_group_loss_2": 14.782535700823267, "cur_group_loss_3": 19.334177349977953, "train_group_loss_1": 21.482490439496384, "train_group_loss_2": 14.766987966184004, "train_group_loss_3": 19.315900634078872, "val_group_loss_1": 21.83065937371294, "val_group_loss_2": 13.651400004770515, "val_group_loss_3": 20.985948480231208, "_timestamp": 1726687927.1011178, "_runtime": 8.414614915847778, "_step": 2, "final/reward_err_1": 0.07825651088183674, "final/reward_err_2": 0.0037458588251357175, "final/reward_err_3": 0.04157706311343518, "final/reward_param_1": 5.725968213713624, "final/reward_param_2": 2.354584444538789, "final/reward_param_3": 6.145911374563202, "final/reward_param_4": 3.6356200180911684, "optimal_reward_1": 3.8660781383514404, "optimal_reward_2": 3.8660781383514404, "optimal_reward_3": 3.2904317378997803, "final/reward_1": 3.830267906188965, "final/reward_2": 3.6122817993164062, "final/reward_3": 3.2904317378997803, "reward_0_when_1_group_param_known": 3.8660781383514404, "reward_1_when_1_group_param_known": 3.4902846813201904, "reward_2_when_1_group_param_known": 3.2660531997680664, "reward_0_when_2_group_param_known": 3.4902846813201904, "reward_1_when_2_group_param_known": 3.8660781383514404, "reward_2_when_2_group_param_known": 3.1010468006134033, "reward_0_when_3_group_param_known": 3.830267906188965, "reward_1_when_3_group_param_known": 3.6122817993164062, "reward_2_when_3_group_param_known": 3.2904317378997803, "reward_error_0_when_1_group_param_known": 0.0, "reward_error_1_when_1_group_param_known": 0.09720275782928033, "reward_error_2_when_1_group_param_known": 0.00740891775717986, "reward_error_0_when_2_group_param_known": 0.09720275782928033, "reward_error_1_when_2_group_param_known": 0.0, "reward_error_2_when_2_group_param_known": 0.05755625777158889, "reward_error_0_when_3_group_param_known": 0.009262676769835195, "reward_error_1_when_3_group_param_known": 0.06564697607049845, "reward_error_2_when_3_group_param_known": 0.0, "_wandb": {"runtime": 8}}