{"Iteration": 199, "train_loss": 20.36133362085871, "val_loss": 17.521432709501028, "grad_norm": 0.18600806208547468, "max_reward_err": 0.05989115250605569, "max_reward_err_index": 0, "max_kl_dist": 0.5330796515703055, "max_kl_dist_index": 0, "max_train_grp_loss": 21.703222460075818, "max_train_grp_loss_index": 2, "max_val_grp_loss": 21.44156436733806, "max_val_grp_loss_index": 0, "max_cur_train_grp_loss": 21.7049921825911, "max_cur_train_grp_loss_index": 2, "reward_err_1": 0.07264141351308663, "reward_err_2": 0.007431115044271973, "reward_err_3": 0.03625857020316997, "reward_param_1": 6.1971380118448085, "reward_param_2": 3.4815051978387017, "reward_param_3": 5.504908729996053, "reward_param_4": 2.7520376249583065, "KL_distance_1": 0.5330796515703055, "KL_distance_2": 0.21975616041059468, "KL_distance_3": 0.386833059848432, "hist_group_loss_1": 4369.204530497884, "hist_group_loss_2": 4096.7121101212515, "hist_group_loss_3": 4422.0750850739105, "cur_group_loss_1": 21.38494706264701, "cur_group_loss_2": 18.89338773469843, "cur_group_loss_3": 21.7049921825911, "train_group_loss_1": 21.38277850982592, "train_group_loss_2": 18.888090321437094, "train_group_loss_3": 21.703222460075818, "val_group_loss_1": 21.44156436733806, "val_group_loss_2": 11.007186195323085, "val_group_loss_3": 20.092694235006512, "_timestamp": 1726692507.122045, "_runtime": 11.564576148986816, "_step": 3, "final/reward_err_1": 0.07264141351308663, "final/reward_err_2": 0.007431115044271973, "final/reward_err_3": 0.03625857020316997, "final/reward_param_1": 6.1971380118448085, "final/reward_param_2": 3.4815051978387017, "final/reward_param_3": 5.504908729996053, "final/reward_param_4": 2.7520376249583065, "optimal_reward_1": 3.8385727405548096, "optimal_reward_2": 3.8385727405548096, "optimal_reward_3": 3.2517144680023193, "final/reward_1": 3.796536684036255, "final/reward_2": 3.582489252090454, "final/reward_3": 3.2517144680023193, "reward_0_when_1_group_param_known": 3.8385727405548096, "reward_1_when_1_group_param_known": 3.460787534713745, "reward_2_when_1_group_param_known": 3.2131664752960205, "reward_0_when_2_group_param_known": 3.460787534713745, "reward_1_when_2_group_param_known": 3.8385727405548096, "reward_2_when_2_group_param_known": 3.0634775161743164, "reward_0_when_3_group_param_known": 3.796536684036255, "reward_1_when_3_group_param_known": 3.582489252090454, "reward_2_when_3_group_param_known": 3.2517144680023193, "reward_error_0_when_1_group_param_known": 0.0, "reward_error_1_when_1_group_param_known": 0.09841814428830158, "reward_error_2_when_1_group_param_known": 0.011854667156547932, "reward_error_0_when_2_group_param_known": 0.09841814428830158, "reward_error_1_when_2_group_param_known": 0.0, "reward_error_2_when_2_group_param_known": 0.057888524247839544, "reward_error_0_when_3_group_param_known": 0.010950959994698183, "reward_error_1_when_3_group_param_known": 0.06671320456137621, "reward_error_2_when_3_group_param_known": 0.0, "_wandb": {"runtime": 11}}