{"Iteration": 99, "train_loss": 18.939106813849016, "val_loss": 18.633703669138352, "grad_norm": 0.3600728120946185, "max_reward_err": 0.0750421019466903, "max_reward_err_index": 0, "max_kl_dist": 0.5850797397145903, "max_kl_dist_index": 0, "max_train_grp_loss": 20.255126601619605, "max_train_grp_loss_index": 0, "max_val_grp_loss": 21.500509465066138, "max_val_grp_loss_index": 0, "max_cur_train_grp_loss": 20.267942613968263, "max_cur_train_grp_loss_index": 0, "reward_err_1": 0.06676760140813531, "reward_err_2": 0.021261184126140566, "reward_err_3": 0.03749012433499933, "reward_param_1": 3.8093819306706167, "reward_param_2": 3.9807279212819866, "reward_param_3": 7.226687220459961, "reward_param_4": 4.422150365552517, "KL_distance_1": 0.5850797397145903, "KL_distance_2": 0.3324446806356779, "KL_distance_3": 0.45871803211325746, "hist_group_loss_1": 2109.5641405254705, "hist_group_loss_2": 1723.5045036538327, "hist_group_loss_3": 2090.3853787159765, "cur_group_loss_1": 20.267942613968263, "cur_group_loss_2": 16.19838232159268, "cur_group_loss_3": 19.99641714601375, "train_group_loss_1": 20.255126601619605, "train_group_loss_2": 16.186867786905243, "train_group_loss_3": 19.982149049173085, "val_group_loss_1": 21.500509465066138, "val_group_loss_2": 14.765296250495258, "val_group_loss_3": 19.483064521041577, "_timestamp": 1726666359.918657, "_runtime": 8.29858112335205, "_step": 2, "final/reward_err_1": 0.06676760140813531, "final/reward_err_2": 0.021261184126140566, "final/reward_err_3": 0.03749012433499933, "final/reward_param_1": 3.8093819306706167, "final/reward_param_2": 3.9807279212819866, "final/reward_param_3": 7.226687220459961, "final/reward_param_4": 4.422150365552517, "optimal_reward_1": 3.7881884574890137, "optimal_reward_2": 3.7881884574890137, "optimal_reward_3": 3.2413690090179443, "final/reward_1": 3.7553627490997314, "final/reward_2": 3.5580506324768066, "final/reward_3": 3.2413690090179443, "reward_0_when_1_group_param_known": 3.7881884574890137, "reward_1_when_1_group_param_known": 3.4343247413635254, "reward_2_when_1_group_param_known": 3.2098934650421143, "reward_0_when_2_group_param_known": 3.4343247413635254, "reward_1_when_2_group_param_known": 3.7881884574890137, "reward_2_when_2_group_param_known": 3.060838222503662, "reward_0_when_3_group_param_known": 3.7553627490997314, "reward_1_when_3_group_param_known": 3.5580506324768066, "reward_2_when_3_group_param_known": 3.2413690090179443, "reward_error_0_when_1_group_param_known": 0.0, "reward_error_1_when_1_group_param_known": 0.093412384335294, "reward_error_2_when_1_group_param_known": 0.009710571023620171, "reward_error_0_when_2_group_param_known": 0.093412384335294, "reward_error_1_when_2_group_param_known": 0.0, "reward_error_2_when_2_group_param_known": 0.055695845185173364, "reward_error_0_when_3_group_param_known": 0.008665278604180274, "reward_error_1_when_3_group_param_known": 0.06075141920598982, "reward_error_2_when_3_group_param_known": 0.0, "_wandb": {"runtime": 8}}