{"Iteration": 99, "train_loss": 16.41921986276027, "val_loss": 16.504463824374238, "grad_norm": 0.0034695787091656295, "live_grad": 2.5847043556216548e-14, "train_weighted_loss": 49.2576595882808, "val_weighted_loss": 49.51339147312271, "max_reward_err": 0.08133859742854962, "max_reward_err_index": 0, "max_kl_dist": 1.9048807281736841, "max_kl_dist_index": 0, "max_train_grp_loss": 18.22325698120885, "max_train_grp_loss_index": 0, "max_val_grp_loss": 19.06197659694753, "max_val_grp_loss_index": 0, "max_cur_train_grp_loss": 0.17522972590408883, "max_cur_train_grp_loss_index": 0, "reward_err_1": 0.08133859742854962, "reward_err_2": 0.0032115059883393434, "reward_err_3": 0.04498320303684691, "KL_distance_1": 1.9048807281736841, "KL_distance_2": 1.1226836925656682, "KL_distance_3": 1.5701167281641757, "reward_param_1": 11.549363100118645, "reward_param_2": 4.93703367852954, "reward_param_3": 12.698459096033599, "reward_param_4": 6.050856852201705, "group_weight_1": 0.33788753982209907, "group_weight_2": 0.3263099609785903, "group_weight_3": 0.33580249919931066, "hist_group_loss_1": 17.60459322692883, "hist_group_loss_2": 14.118054476048169, "hist_group_loss_3": 16.985600170948516, "cur_group_loss_1": 0.17522972590408883, "cur_group_loss_2": 0.1409729145277285, "cur_group_loss_3": 0.16898686675135766, "train_group_loss_1": 18.22325698120885, "train_group_loss_2": 12.83006827459361, "train_group_loss_3": 17.74296209327944, "val_group_loss_1": 19.06197659694753, "val_group_loss_2": 13.77994953016501, "val_group_loss_3": 16.558615641516294, "_timestamp": 1726667563.91873, "_runtime": 9.766550064086914, "_step": 2, "final/reward_err_1": 0.08133859742854962, "final/reward_err_2": 0.0032115059883393434, "final/reward_err_3": 0.04498320303684691, "final/reward_param_1": 11.549363100118645, "final/reward_param_2": 4.93703367852954, "final/reward_param_3": 12.698459096033599, "final/reward_param_4": 6.050856852201705, "optimal_reward_1": 3.779723644256592, "optimal_reward_2": 3.779723644256592, "optimal_reward_3": 3.248685598373413, "final/reward_1": 3.741098642349243, "final/reward_2": 3.5430009365081787, "final/reward_3": 3.248685598373413, "reward_0_when_1_group_param_known": 3.779723644256592, "reward_1_when_1_group_param_known": 3.4200356006622314, "reward_2_when_1_group_param_known": 3.2069242000579834, "reward_0_when_2_group_param_known": 3.4200356006622314, "reward_1_when_2_group_param_known": 3.779723644256592, "reward_2_when_2_group_param_known": 3.065584421157837, "reward_0_when_3_group_param_known": 3.741098642349243, "reward_1_when_3_group_param_known": 3.5430009365081787, "reward_2_when_3_group_param_known": 3.248685598373413, "reward_error_0_when_1_group_param_known": 0.0, "reward_error_1_when_1_group_param_known": 0.0951625244191907, "reward_error_2_when_1_group_param_known": 0.012854859927454733, "reward_error_0_when_2_group_param_known": 0.0951625244191907, "reward_error_1_when_2_group_param_known": 0.0, "reward_error_2_when_2_group_param_known": 0.05636161815943446, "reward_error_0_when_3_group_param_known": 0.01021900158389636, "reward_error_1_when_3_group_param_known": 0.06262963381148795, "reward_error_2_when_3_group_param_known": 0.0, "_wandb": {"runtime": 9}}