{"Iteration": 99, "train_loss": 16.624409382550013, "val_loss": 14.804124998701328, "grad_norm": 0.020231102247815175, "live_grad": 1.0975496590932791e-14, "train_weighted_loss": 49.87322814765006, "val_weighted_loss": 44.41237499610399, "max_reward_err": 0.09620591875243176, "max_reward_err_index": 0, "max_kl_dist": 1.5672713236924674, "max_kl_dist_index": 0, "max_train_grp_loss": 21.467707799238273, "max_train_grp_loss_index": 0, "max_val_grp_loss": 19.55965585112875, "max_val_grp_loss_index": 0, "max_cur_train_grp_loss": 0.3434405735660942, "max_cur_train_grp_loss_index": 2, "reward_err_1": 0.09620591875243176, "reward_err_2": 0.0012114834937764856, "reward_err_3": 0.05614315945772057, "KL_distance_1": 1.5672713236924674, "KL_distance_2": 0.8472574573394177, "KL_distance_3": 1.2601535092622367, "reward_param_1": 11.123205351847393, "reward_param_2": 4.500491551542834, "reward_param_3": 10.385513765882479, "reward_param_4": 4.4650225641497725, "group_weight_1": 0.32069369246058527, "group_weight_2": 0.2951949492050757, "group_weight_3": 0.3841113583343391, "hist_group_loss_1": 16.6198775866319, "hist_group_loss_2": 8.33483202385078, "hist_group_loss_3": 34.66448436069229, "cur_group_loss_1": 0.16515569005072184, "cur_group_loss_2": 0.08460085598213932, "cur_group_loss_3": 0.3434405735660942, "train_group_loss_1": 21.467707799238273, "train_group_loss_2": 9.565233442384715, "train_group_loss_3": 19.57279687499222, "val_group_loss_1": 19.55965585112875, "val_group_loss_2": 6.7134937758084865, "val_group_loss_3": 17.609307621963264, "_timestamp": 1726690297.980723, "_runtime": 9.882638931274414, "_step": 2, "final/reward_err_1": 0.09620591875243176, "final/reward_err_2": 0.0012114834937764856, "final/reward_err_3": 0.05614315945772057, "final/reward_param_1": 11.123205351847393, "final/reward_param_2": 4.500491551542834, "final/reward_param_3": 10.385513765882479, "final/reward_param_4": 4.4650225641497725, "optimal_reward_1": 3.8641457557678223, "optimal_reward_2": 3.8641457557678223, "optimal_reward_3": 3.3321304321289062, "final/reward_1": 3.8311407566070557, "final/reward_2": 3.6006405353546143, "final/reward_3": 3.3321304321289062, "reward_0_when_1_group_param_known": 3.8641457557678223, "reward_1_when_1_group_param_known": 3.4569623470306396, "reward_2_when_1_group_param_known": 3.297084093093872, "reward_0_when_2_group_param_known": 3.4569623470306396, "reward_1_when_2_group_param_known": 3.8641457557678223, "reward_2_when_2_group_param_known": 3.1191890239715576, "reward_0_when_3_group_param_known": 3.8311407566070557, "reward_1_when_3_group_param_known": 3.6006405353546143, "reward_2_when_3_group_param_known": 3.3321304321289062, "reward_error_0_when_1_group_param_known": 0.0, "reward_error_1_when_1_group_param_known": 0.10537475407841429, "reward_error_2_when_1_group_param_known": 0.010517697235712045, "reward_error_0_when_2_group_param_known": 0.10537475407841429, "reward_error_1_when_2_group_param_known": 0.0, "reward_error_2_when_2_group_param_known": 0.0639054840423218, "reward_error_0_when_3_group_param_known": 0.00854134425739548, "reward_error_1_when_3_group_param_known": 0.06819236050293563, "reward_error_2_when_3_group_param_known": 0.0, "_wandb": {"runtime": 9}}