{"Iteration": 99, "train_loss": 15.760842839137421, "val_loss": 15.823800682895818, "grad_norm": 0.01514529763971478, "live_grad": 2.1129652020520778e-14, "train_weighted_loss": 47.282528517412246, "val_weighted_loss": 47.47140204868745, "max_reward_err": 0.1005140656711826, "max_reward_err_index": 0, "max_kl_dist": 1.6808297963481778, "max_kl_dist_index": 0, "max_train_grp_loss": 20.955286022433466, "max_train_grp_loss_index": 0, "max_val_grp_loss": 19.164877965606827, "max_val_grp_loss_index": 0, "max_cur_train_grp_loss": 0.4032149625979712, "max_cur_train_grp_loss_index": 2, "reward_err_1": 0.1005140656711826, "reward_err_2": 0.0017419509445759664, "reward_err_3": 0.05808593119522758, "KL_distance_1": 1.6808297963481778, "KL_distance_2": 0.8691168878496032, "KL_distance_3": 1.3619184728186156, "reward_param_1": 12.396957993639328, "reward_param_2": 4.987896532963948, "reward_param_3": 9.334029269524894, "reward_param_4": 4.1932353800849125, "group_weight_1": 0.31289367212384034, "group_weight_2": 0.28790013698037503, "group_weight_3": 0.39920619089578463, "hist_group_loss_1": 16.312587802783145, "hist_group_loss_2": 7.987612428487944, "hist_group_loss_3": 40.674050344838484, "cur_group_loss_1": 0.16245630073944345, "cur_group_loss_2": 0.07970217108689215, "cur_group_loss_3": 0.4032149625979712, "train_group_loss_1": 20.955286022433466, "train_group_loss_2": 10.363783818783995, "train_group_loss_3": 16.529977034277806, "val_group_loss_1": 19.164877965606827, "val_group_loss_2": 10.19317192239705, "val_group_loss_3": 17.62213963311683, "_timestamp": 1726683302.244695, "_runtime": 10.878612995147705, "_step": 2, "final/reward_err_1": 0.1005140656711826, "final/reward_err_2": 0.0017419509445759664, "final/reward_err_3": 0.05808593119522758, "final/reward_param_1": 12.396957993639328, "final/reward_param_2": 4.987896532963948, "final/reward_param_3": 9.334029269524894, "final/reward_param_4": 4.1932353800849125, "optimal_reward_1": 3.887071371078491, "optimal_reward_2": 3.887071371078491, "optimal_reward_3": 3.37681245803833, "final/reward_1": 3.850891590118408, "final/reward_2": 3.6070683002471924, "final/reward_3": 3.37681245803833, "reward_0_when_1_group_param_known": 3.887071371078491, "reward_1_when_1_group_param_known": 3.4786219596862793, "reward_2_when_1_group_param_known": 3.3387703895568848, "reward_0_when_2_group_param_known": 3.4786219596862793, "reward_1_when_2_group_param_known": 3.887071371078491, "reward_2_when_2_group_param_known": 3.172039270401001, "reward_0_when_3_group_param_known": 3.850891590118408, "reward_1_when_3_group_param_known": 3.6070683002471924, "reward_2_when_3_group_param_known": 3.37681245803833, "reward_error_0_when_1_group_param_known": 0.0, "reward_error_1_when_1_group_param_known": 0.10507895852678548, "reward_error_2_when_1_group_param_known": 0.011265674050357196, "reward_error_0_when_2_group_param_known": 0.10507895852678548, "reward_error_1_when_2_group_param_known": 0.0, "reward_error_2_when_2_group_param_known": 0.06064097138408648, "reward_error_0_when_3_group_param_known": 0.00930772232001614, "reward_error_1_when_3_group_param_known": 0.07203445578968372, "reward_error_2_when_3_group_param_known": 0.0, "_wandb": {"runtime": 9}}