{"Iteration": 99, "train_loss": 18.875644672063032, "val_loss": 21.058056502021582, "grad_norm": 0.0070355818070036566, "live_grad": 2.3291674686694784e-14, "train_weighted_loss": 56.6269340161891, "val_weighted_loss": 63.17416950606474, "max_reward_err": 0.09964529108472203, "max_reward_err_index": 0, "max_kl_dist": 1.5205791857021898, "max_kl_dist_index": 0, "max_train_grp_loss": 23.926489403064384, "max_train_grp_loss_index": 0, "max_val_grp_loss": 23.689121885609072, "max_val_grp_loss_index": 0, "max_cur_train_grp_loss": 0.2466699154586281, "max_cur_train_grp_loss_index": 0, "reward_err_1": 0.09964529108472203, "reward_err_2": 3.513922654740208e-06, "reward_err_3": 0.05749437746070139, "KL_distance_1": 1.5205791857021898, "KL_distance_2": 0.7300481931057075, "KL_distance_3": 1.2031275077015988, "reward_param_1": 10.448261785462806, "reward_param_2": 3.293835913531978, "reward_param_3": 10.133670982282187, "reward_param_4": 3.5090828064821156, "group_weight_1": 0.352080409651297, "group_weight_2": 0.3046903245076846, "group_weight_3": 0.3432292658410183, "hist_group_loss_1": 24.685948377197168, "hist_group_loss_2": 10.229582908042008, "hist_group_loss_3": 22.139853515993103, "cur_group_loss_1": 0.2466699154586281, "cur_group_loss_2": 0.1021244723192002, "cur_group_loss_3": 0.22106776042383586, "train_group_loss_1": 23.926489403064384, "train_group_loss_2": 10.315831533808565, "train_group_loss_3": 22.548283770656866, "val_group_loss_1": 23.689121885609072, "val_group_loss_2": 17.69731221606109, "val_group_loss_3": 21.9395436526578, "_timestamp": 1726610290.35357, "_runtime": 9.408154964447021, "_step": 2, "final/reward_err_1": 0.09964529108472203, "final/reward_err_2": 3.513922654740208e-06, "final/reward_err_3": 0.05749437746070139, "final/reward_param_1": 10.448261785462806, "final/reward_param_2": 3.293835913531978, "final/reward_param_3": 10.133670982282187, "final/reward_param_4": 3.5090828064821156, "optimal_reward_1": 3.8674325942993164, "optimal_reward_2": 3.8674325942993164, "optimal_reward_3": 3.324373483657837, "final/reward_1": 3.834221601486206, "final/reward_2": 3.589629888534546, "final/reward_3": 3.324373483657837, "reward_0_when_1_group_param_known": 3.8674325942993164, "reward_1_when_1_group_param_known": 3.479376792907715, "reward_2_when_1_group_param_known": 3.2942817211151123, "reward_0_when_2_group_param_known": 3.479376792907715, "reward_1_when_2_group_param_known": 3.8674325942993164, "reward_2_when_2_group_param_known": 3.131351947784424, "reward_0_when_3_group_param_known": 3.834221601486206, "reward_1_when_3_group_param_known": 3.589629888534546, "reward_2_when_3_group_param_known": 3.324373483657837, "reward_error_0_when_1_group_param_known": 0.0, "reward_error_1_when_1_group_param_known": 0.10033938328068204, "reward_error_2_when_1_group_param_known": 0.009051859753620217, "reward_error_0_when_2_group_param_known": 0.10033938328068204, "reward_error_1_when_2_group_param_known": 0.0, "reward_error_2_when_2_group_param_known": 0.058062530224801887, "reward_error_0_when_3_group_param_known": 0.008587348842760469, "reward_error_1_when_3_group_param_known": 0.07183129866936996, "reward_error_2_when_3_group_param_known": 0.0, "_wandb": {"runtime": 9}}