{"Iteration": 99, "train_loss": 17.267166411070672, "val_loss": 17.122069093705353, "grad_norm": 0.4210100144751789, "max_reward_err": 0.07894746356529846, "max_reward_err_index": 1, "max_kl_dist": 0.6560717829443485, "max_kl_dist_index": 0, "max_train_grp_loss": 20.24790933498177, "max_train_grp_loss_index": 0, "max_val_grp_loss": 20.333941449897925, "max_val_grp_loss_index": 0, "max_cur_train_grp_loss": 20.252426508319157, "max_cur_train_grp_loss_index": 0, "reward_err_1": 0.07547604045449344, "reward_err_2": 0.01267114005601752, "reward_err_3": 0.04129602010641886, "reward_param_1": 4.884029957836647, "reward_param_2": 4.230263492993129, "reward_param_3": 7.485917841963816, "reward_param_4": 3.8471783309449292, "KL_distance_1": 0.6560717829443485, "KL_distance_2": 0.3245013283750408, "KL_distance_3": 0.5063214741230482, "hist_group_loss_1": 2059.8258826974297, "hist_group_loss_2": 1597.1305157255306, "hist_group_loss_3": 2044.3350282035422, "cur_group_loss_1": 20.252426508319157, "cur_group_loss_2": 13.387699209810258, "cur_group_loss_3": 19.60872434289944, "train_group_loss_1": 20.24790933498177, "train_group_loss_2": 13.354944556049576, "train_group_loss_3": 19.595863738845686, "val_group_loss_1": 20.333941449897925, "val_group_loss_2": 11.843879697177176, "val_group_loss_3": 19.331714957344644, "_timestamp": 1726682153.882473, "_runtime": 8.348166942596436, "_step": 2, "final/reward_err_1": 0.07547604045449344, "final/reward_err_2": 0.01267114005601752, "final/reward_err_3": 0.04129602010641886, "final/reward_param_1": 4.884029957836647, "final/reward_param_2": 4.230263492993129, "final/reward_param_3": 7.485917841963816, "final/reward_param_4": 3.8471783309449292, "optimal_reward_1": 3.824740409851074, "optimal_reward_2": 3.824740409851074, "optimal_reward_3": 3.2862327098846436, "final/reward_1": 3.7884345054626465, "final/reward_2": 3.5667476654052734, "final/reward_3": 3.2862327098846436, "reward_0_when_1_group_param_known": 3.824740409851074, "reward_1_when_1_group_param_known": 3.4372060298919678, "reward_2_when_1_group_param_known": 3.2528157234191895, "reward_0_when_2_group_param_known": 3.4372060298919678, "reward_1_when_2_group_param_known": 3.824740409851074, "reward_2_when_2_group_param_known": 3.087484836578369, "reward_0_when_3_group_param_known": 3.7884345054626465, "reward_1_when_3_group_param_known": 3.5667476654052734, "reward_2_when_3_group_param_known": 3.2862327098846436, "reward_error_0_when_1_group_param_known": 0.0, "reward_error_1_when_1_group_param_known": 0.10132305422897865, "reward_error_2_when_1_group_param_known": 0.010168782741690603, "reward_error_0_when_2_group_param_known": 0.10132305422897865, "reward_error_1_when_2_group_param_known": 0.0, "reward_error_2_when_2_group_param_known": 0.060478940736138874, "reward_error_0_when_3_group_param_known": 0.00949238392621825, "reward_error_1_when_3_group_param_known": 0.06745366137302018, "reward_error_2_when_3_group_param_known": 0.0, "_wandb": {"runtime": 8}}