{"Iteration": 99, "train_loss": 16.91669103245719, "val_loss": 16.928076183127622, "grad_norm": 0.007349947439649072, "live_grad": 2.675153738489036e-14, "train_weighted_loss": 50.75007309737158, "val_weighted_loss": 50.78422854938287, "max_reward_err": 0.10197618372867767, "max_reward_err_index": 0, "max_kl_dist": 1.7171404387828524, "max_kl_dist_index": 0, "max_train_grp_loss": 20.460662721630964, "max_train_grp_loss_index": 0, "max_val_grp_loss": 20.91658894477961, "max_val_grp_loss_index": 0, "max_cur_train_grp_loss": 0.20461711842128957, "max_cur_train_grp_loss_index": 0, "reward_err_1": 0.10197618372867767, "reward_err_2": 0.0007237693742088951, "reward_err_3": 0.06003610208926043, "KL_distance_1": 1.7171404387828524, "KL_distance_2": 0.9488059021578151, "KL_distance_3": 1.415804160808422, "reward_param_1": 13.105718865327493, "reward_param_2": 4.108383318053527, "reward_param_3": 9.56211376044045, "reward_param_4": 5.1546324205847265, "group_weight_1": 0.3441273794829102, "group_weight_2": 0.31282066131998165, "group_weight_3": 0.3430519591971083, "hist_group_loss_1": 20.54623962736277, "hist_group_loss_2": 11.00805775488533, "hist_group_loss_3": 20.23324384788367, "cur_group_loss_1": 0.20461711842128957, "cur_group_loss_2": 0.10984740456388162, "cur_group_loss_3": 0.2014128300039904, "train_group_loss_1": 20.460662721630964, "train_group_loss_2": 11.535863869671179, "train_group_loss_3": 19.13342453956407, "val_group_loss_1": 20.91658894477961, "val_group_loss_2": 10.890553046019608, "val_group_loss_3": 19.339256731831412, "_timestamp": 1726607009.194728, "_runtime": 9.651134967803955, "_step": 2, "final/reward_err_1": 0.10197618372867767, "final/reward_err_2": 0.0007237693742088951, "final/reward_err_3": 0.06003610208926043, "final/reward_param_1": 13.105718865327493, "final/reward_param_2": 4.108383318053527, "final/reward_param_3": 9.56211376044045, "final/reward_param_4": 5.1546324205847265, "optimal_reward_1": 3.88508939743042, "optimal_reward_2": 3.88508939743042, "optimal_reward_3": 3.318911552429199, "final/reward_1": 3.85002064704895, "final/reward_2": 3.5887107849121094, "final/reward_3": 3.318911552429199, "reward_0_when_1_group_param_known": 3.88508939743042, "reward_1_when_1_group_param_known": 3.4581034183502197, "reward_2_when_1_group_param_known": 3.2941160202026367, "reward_0_when_2_group_param_known": 3.4581034183502197, "reward_1_when_2_group_param_known": 3.88508939743042, "reward_2_when_2_group_param_known": 3.1016483306884766, "reward_0_when_3_group_param_known": 3.85002064704895, "reward_1_when_3_group_param_known": 3.5887107849121094, "reward_2_when_3_group_param_known": 3.318911552429199, "reward_error_0_when_1_group_param_known": 0.0, "reward_error_1_when_1_group_param_known": 0.10990377193446481, "reward_error_2_when_1_group_param_known": 0.007470983132531505, "reward_error_0_when_2_group_param_known": 0.10990377193446481, "reward_error_1_when_2_group_param_known": 0.0, "reward_error_2_when_2_group_param_known": 0.06546219093476653, "reward_error_0_when_3_group_param_known": 0.009026497666865538, "reward_error_1_when_3_group_param_known": 0.07628617573493521, "reward_error_2_when_3_group_param_known": 0.0, "_wandb": {"runtime": 9}}