{"Iteration": 199, "train_loss": 16.991713407338434, "val_loss": 15.522299193964123, "grad_norm": 0.24066622110509062, "max_reward_err": 0.08232639539199403, "max_reward_err_index": 0, "max_kl_dist": 1.1265210673476678, "max_kl_dist_index": 0, "max_train_grp_loss": 20.138426085282788, "max_train_grp_loss_index": 0, "max_val_grp_loss": 20.611598934407557, "max_val_grp_loss_index": 0, "max_cur_train_grp_loss": 20.139584157849033, "max_cur_train_grp_loss_index": 0, "reward_err_1": 0.09744357726674312, "reward_err_2": 0.00043557421423104034, "reward_err_3": 0.05736793846659655, "reward_param_1": 9.3754814960899, "reward_param_2": 3.138973602832475, "reward_param_3": 7.863954562997607, "reward_param_4": 3.451912375399489, "KL_distance_1": 1.1265210673476678, "KL_distance_2": 0.49575386251902714, "KL_distance_3": 0.8721240017062816, "hist_group_loss_1": 4077.3017313284454, "hist_group_loss_2": 3188.9517807334937, "hist_group_loss_3": 3981.290516448756, "cur_group_loss_1": 20.139584157849033, "cur_group_loss_2": 13.066028154433333, "cur_group_loss_3": 18.970904477448446, "train_group_loss_1": 20.138426085282788, "train_group_loss_2": 13.055630061079853, "train_group_loss_3": 18.965140078123994, "val_group_loss_1": 20.611598934407557, "val_group_loss_2": 6.772975088082071, "val_group_loss_3": 19.56373422139902, "_timestamp": 1726691998.1223612, "_runtime": 12.27259111404419, "_step": 3, "final/reward_err_1": 0.09744357726674312, "final/reward_err_2": 0.00043557421423104034, "final/reward_err_3": 0.05736793846659655, "final/reward_param_1": 9.3754814960899, "final/reward_param_2": 3.138973602832475, "final/reward_param_3": 7.863954562997607, "final/reward_param_4": 3.451912375399489, "optimal_reward_1": 3.822805166244507, "optimal_reward_2": 3.822805166244507, "optimal_reward_3": 3.2835702896118164, "final/reward_1": 3.7867486476898193, "final/reward_2": 3.5572304725646973, "final/reward_3": 3.2835702896118164, "reward_0_when_1_group_param_known": 3.822805166244507, "reward_1_when_1_group_param_known": 3.427518129348755, "reward_2_when_1_group_param_known": 3.2508020401000977, "reward_0_when_2_group_param_known": 3.427518129348755, "reward_1_when_2_group_param_known": 3.822805166244507, "reward_2_when_2_group_param_known": 3.080749988555908, "reward_0_when_3_group_param_known": 3.7867486476898193, "reward_1_when_3_group_param_known": 3.5572304725646973, "reward_2_when_3_group_param_known": 3.2835702896118164, "reward_error_0_when_1_group_param_known": 0.0, "reward_error_1_when_1_group_param_known": 0.10340234976821452, "reward_error_2_when_1_group_param_known": 0.009979457304564846, "reward_error_0_when_2_group_param_known": 0.10340234976821452, "reward_error_1_when_2_group_param_known": 0.0, "reward_error_2_when_2_group_param_known": 0.061768222747528155, "reward_error_0_when_3_group_param_known": 0.009431952973451988, "reward_error_1_when_3_group_param_known": 0.06947115590008163, "reward_error_2_when_3_group_param_known": 0.0, "_wandb": {"runtime": 11}}