{"Iteration": 99, "train_loss": 17.28000698335958, "val_loss": 18.329538584712296, "grad_norm": 0.008002992303417913, "live_grad": 2.2776625140612204e-14, "train_weighted_loss": 51.84002095007875, "val_weighted_loss": 54.98861575413689, "max_reward_err": 0.10135106097332075, "max_reward_err_index": 0, "max_kl_dist": 1.4908843897995978, "max_kl_dist_index": 0, "max_train_grp_loss": 21.156330554951676, "max_train_grp_loss_index": 2, "max_val_grp_loss": 21.77532692733757, "max_val_grp_loss_index": 0, "max_cur_train_grp_loss": 0.2227052913667373, "max_cur_train_grp_loss_index": 2, "reward_err_1": 0.10135106097332075, "reward_err_2": 0.016144753769241686, "reward_err_3": 0.06320469328052619, "KL_distance_1": 1.4908843897995978, "KL_distance_2": 0.7836900694586729, "KL_distance_3": 1.255936400511227, "reward_param_1": 6.250050715430249, "reward_param_2": 3.4161242091275, "reward_param_3": 12.727520854942863, "reward_param_4": 6.438883960222492, "group_weight_1": 0.3429386640214845, "group_weight_2": 0.30843390962121037, "group_weight_3": 0.3486274263573052, "hist_group_loss_1": 20.67633380695864, "hist_group_loss_2": 10.071931800993259, "hist_group_loss_3": 22.321553470393518, "cur_group_loss_1": 0.2059694771706773, "cur_group_loss_2": 0.10107675796698541, "cur_group_loss_3": 0.2227052913667373, "train_group_loss_1": 20.59582134602368, "train_group_loss_2": 10.614938644619974, "train_group_loss_3": 21.156330554951676, "val_group_loss_1": 21.77532692733757, "val_group_loss_2": 13.763300729310245, "val_group_loss_3": 19.703474938565996, "_timestamp": 1726608791.456893, "_runtime": 9.32399606704712, "_step": 2, "final/reward_err_1": 0.10135106097332075, "final/reward_err_2": 0.016144753769241686, "final/reward_err_3": 0.06320469328052619, "final/reward_param_1": 6.250050715430249, "final/reward_param_2": 3.4161242091275, "final/reward_param_3": 12.727520854942863, "final/reward_param_4": 6.438883960222492, "optimal_reward_1": 3.894500255584717, "optimal_reward_2": 3.894500255584717, "optimal_reward_3": 3.328740119934082, "final/reward_1": 3.8594319820404053, "final/reward_2": 3.600018262863159, "final/reward_3": 3.328740119934082, "reward_0_when_1_group_param_known": 3.894500255584717, "reward_1_when_1_group_param_known": 3.4684839248657227, "reward_2_when_1_group_param_known": 3.3039445877075195, "reward_0_when_2_group_param_known": 3.4684839248657227, "reward_1_when_2_group_param_known": 3.894500255584717, "reward_2_when_2_group_param_known": 3.1122233867645264, "reward_0_when_3_group_param_known": 3.8594319820404053, "reward_1_when_3_group_param_known": 3.600018262863159, "reward_2_when_3_group_param_known": 3.328740119934082, "reward_error_0_when_1_group_param_known": 0.0, "reward_error_1_when_1_group_param_known": 0.10938921626929832, "reward_error_2_when_1_group_param_known": 0.007448924017250562, "reward_error_0_when_2_group_param_known": 0.10938921626929832, "reward_error_1_when_2_group_param_known": 0.0, "reward_error_2_when_2_group_param_known": 0.06504464913705647, "reward_error_0_when_3_group_param_known": 0.009004563164175836, "reward_error_1_when_3_group_param_known": 0.07561483461177597, "reward_error_2_when_3_group_param_known": 0.0, "_wandb": {"runtime": 9}}