{"Iteration": 99, "train_loss": 15.200382489700788, "val_loss": 15.178921417719652, "grad_norm": 0.022433596021956513, "live_grad": 1.1404536016353946e-14, "train_weighted_loss": 45.601147469102365, "val_weighted_loss": 45.53676425315894, "max_reward_err": 0.10640049681798328, "max_reward_err_index": 0, "max_kl_dist": 1.7397729404855433, "max_kl_dist_index": 0, "max_train_grp_loss": 20.617816014816757, "max_train_grp_loss_index": 0, "max_val_grp_loss": 20.563981180202777, "max_val_grp_loss_index": 0, "max_cur_train_grp_loss": 0.4001050632325263, "max_cur_train_grp_loss_index": 2, "reward_err_1": 0.10640049681798328, "reward_err_2": 0.0002716588516514851, "reward_err_3": 0.06348332482725506, "KL_distance_1": 1.7397729404855433, "KL_distance_2": 0.7999105477672249, "KL_distance_3": 1.380599018320769, "reward_param_1": 9.702146939352257, "reward_param_2": 3.6939838909686173, "reward_param_3": 11.745358100431332, "reward_param_4": 4.184181546919886, "group_weight_1": 0.32116486411746176, "group_weight_2": 0.2828181077413747, "group_weight_3": 0.39601702814116335, "hist_group_loss_1": 19.39062283019508, "hist_group_loss_2": 6.675560381085329, "hist_group_loss_3": 40.340885232186544, "cur_group_loss_1": 0.19271047633514946, "cur_group_loss_2": 0.06717938515136253, "cur_group_loss_3": 0.4001050632325263, "train_group_loss_1": 20.617816014816757, "train_group_loss_2": 9.677073973747914, "train_group_loss_3": 19.602240430717217, "val_group_loss_1": 20.563981180202777, "val_group_loss_2": 5.869474913858849, "val_group_loss_3": 18.456518966458738, "_timestamp": 1726690336.2578409, "_runtime": 10.187575817108154, "_step": 2, "final/reward_err_1": 0.10640049681798328, "final/reward_err_2": 0.0002716588516514851, "final/reward_err_3": 0.06348332482725506, "final/reward_param_1": 9.702146939352257, "final/reward_param_2": 3.6939838909686173, "final/reward_param_3": 11.745358100431332, "final/reward_param_4": 4.184181546919886, "optimal_reward_1": 3.8721461296081543, "optimal_reward_2": 3.8721461296081543, "optimal_reward_3": 3.377051591873169, "final/reward_1": 3.834397315979004, "final/reward_2": 3.592139482498169, "final/reward_3": 3.377051591873169, "reward_0_when_1_group_param_known": 3.8721461296081543, "reward_1_when_1_group_param_known": 3.473419189453125, "reward_2_when_1_group_param_known": 3.3377835750579834, "reward_0_when_2_group_param_known": 3.473419189453125, "reward_1_when_2_group_param_known": 3.8721461296081543, "reward_2_when_2_group_param_known": 3.1756153106689453, "reward_0_when_3_group_param_known": 3.834397315979004, "reward_1_when_3_group_param_known": 3.592139482498169, "reward_2_when_3_group_param_known": 3.377051591873169, "reward_error_0_when_1_group_param_known": 0.0, "reward_error_1_when_1_group_param_known": 0.10297311279297687, "reward_error_2_when_1_group_param_known": 0.01162789958841124, "reward_error_0_when_2_group_param_known": 0.10297311279297687, "reward_error_1_when_2_group_param_known": 0.0, "reward_error_2_when_2_group_param_known": 0.05964856494611378, "reward_error_0_when_3_group_param_known": 0.00974880915276057, "reward_error_1_when_3_group_param_known": 0.07231303719891401, "reward_error_2_when_3_group_param_known": 0.0, "_wandb": {"runtime": 9}}