{"Iteration": 1999, "train_loss": 16.83010621109541, "val_loss": 16.322528402999737, "grad_norm": 0.24752831232495429, "live_grad": 2.0157198962043246e-14, "train_weighted_loss": 50.49031863328622, "val_weighted_loss": 48.967585208999225, "max_reward_err": 0.05355572511146288, "max_reward_err_index": 0, "max_kl_dist": 1.8239139212874849, "max_kl_dist_index": 0, "max_train_grp_loss": 18.26810790532061, "max_train_grp_loss_index": 1, "max_val_grp_loss": 17.311379755229822, "max_val_grp_loss_index": 0, "max_cur_train_grp_loss": 0.178226142973667, "max_cur_train_grp_loss_index": 0, "reward_err_1": 0.05355572511146288, "reward_err_2": 0.021493217301833324, "reward_err_3": 0.022083919142412225, "KL_distance_1": 1.8239139212874849, "KL_distance_2": 1.538204094293209, "KL_distance_3": 1.6184736620608682, "reward_param_1": 10.884810849757573, "reward_param_2": 9.432063556787792, "reward_param_3": 12.659412944922419, "reward_param_4": 9.090732421869093, "group_weight_1": 0.5098902208696429, "group_weight_2": 0.12703654902603706, "group_weight_3": 0.36307323010432013, "hist_group_loss_1": 379.7560997412129, "hist_group_loss_2": 240.78403807231018, "hist_group_loss_3": 345.7970097804312, "cur_group_loss_1": 0.178226142973667, "cur_group_loss_2": 0.16456614511677156, "cur_group_loss_3": 0.1607829832620866, "train_group_loss_1": 16.396593210892902, "train_group_loss_2": 18.26810790532061, "train_group_loss_3": 15.595724849854516, "val_group_loss_1": 17.311379755229822, "val_group_loss_2": 16.5601484926435, "val_group_loss_3": 15.150918332659028, "_timestamp": 1726580944.2096992, "_runtime": 92.33355617523193, "_step": 21, "final/reward_err_1": 0.05355572511146288, "final/reward_err_2": 0.021493217301833324, "final/reward_err_3": 0.022083919142412225, "final/reward_param_1": 10.884810849757573, "final/reward_param_2": 9.432063556787792, "final/reward_param_3": 12.659412944922419, "final/reward_param_4": 9.090732421869093, "optimal_reward_1": 3.8428120613098145, "optimal_reward_2": 3.8428120613098145, "optimal_reward_3": 3.246764659881592, "final/reward_1": 3.8028461933135986, "final/reward_2": 3.5883326530456543, "final/reward_3": 3.246764659881592, "reward_0_when_1_group_param_known": 3.8428120613098145, "reward_1_when_1_group_param_known": 3.466555118560791, "reward_2_when_1_group_param_known": 3.208935022354126, "reward_0_when_2_group_param_known": 3.466555118560791, "reward_1_when_2_group_param_known": 3.8428120613098145, "reward_2_when_2_group_param_known": 3.0578837394714355, "reward_0_when_3_group_param_known": 3.8028461933135986, "reward_1_when_3_group_param_known": 3.5883326530456543, "reward_2_when_3_group_param_known": 3.246764659881592, "reward_error_0_when_1_group_param_known": 0.0, "reward_error_1_when_1_group_param_known": 0.09791187722586076, "reward_error_2_when_1_group_param_known": 0.01165148740064377, "reward_error_0_when_2_group_param_known": 0.09791187722586076, "reward_error_1_when_2_group_param_known": 0.0, "reward_error_2_when_2_group_param_known": 0.05817511898661749, "reward_error_0_when_3_group_param_known": 0.010400162005995563, "reward_error_1_when_3_group_param_known": 0.06622218422449246, "reward_error_2_when_3_group_param_known": 0.0, "_wandb": {"runtime": 92}}