{"Iteration": 199, "train_loss": 14.53946964175836, "val_loss": 14.668305835086933, "grad_norm": 0.06835272486348815, "live_grad": 1.761880675304962e-14, "train_weighted_loss": 43.618408925275084, "val_weighted_loss": 44.0049175052608, "max_reward_err": 0.09949606672669402, "max_reward_err_index": 0, "max_kl_dist": 2.027641441011553, "max_kl_dist_index": 0, "max_train_grp_loss": 20.611413144299874, "max_train_grp_loss_index": 0, "max_val_grp_loss": 19.303817891532034, "max_val_grp_loss_index": 0, "max_cur_train_grp_loss": 0.4438877679494355, "max_cur_train_grp_loss_index": 2, "reward_err_1": 0.09949606672669402, "reward_err_2": 0.003212327591211305, "reward_err_3": 0.060210178579702414, "KL_distance_1": 2.027641441011553, "KL_distance_2": 1.0444571392770552, "KL_distance_3": 1.7015821019691488, "reward_param_1": 8.389511743873767, "reward_param_2": 4.791555874358988, "reward_param_3": 14.959075954621284, "reward_param_4": 5.4549312877240785, "group_weight_1": 0.27867664671819, "group_weight_2": 0.22405342343615317, "group_weight_3": 0.4972699298456569, "hist_group_loss_1": 32.437137625498764, "hist_group_loss_2": 10.620375979952918, "hist_group_loss_3": 90.34522359605997, "cur_group_loss_1": 0.15980484772657183, "cur_group_loss_2": 0.056572394675884756, "cur_group_loss_3": 0.4438877679494355, "train_group_loss_1": 20.611413144299874, "train_group_loss_2": 7.361040668998182, "train_group_loss_3": 18.195934388855136, "val_group_loss_1": 19.303817891532034, "val_group_loss_2": 6.242027587598405, "val_group_loss_3": 17.865778169169236, "_timestamp": 1726698329.0206451, "_runtime": 14.380276203155518, "_step": 3, "final/reward_err_1": 0.09949606672669402, "final/reward_err_2": 0.003212327591211305, "final/reward_err_3": 0.060210178579702414, "final/reward_param_1": 8.389511743873767, "final/reward_param_2": 4.791555874358988, "final/reward_param_3": 14.959075954621284, "final/reward_param_4": 5.4549312877240785, "optimal_reward_1": 3.860621452331543, "optimal_reward_2": 3.860621452331543, "optimal_reward_3": 3.3138341903686523, "final/reward_1": 3.8245344161987305, "final/reward_2": 3.578054666519165, "final/reward_3": 3.3138341903686523, "reward_0_when_1_group_param_known": 3.860621452331543, "reward_1_when_1_group_param_known": 3.4612629413604736, "reward_2_when_1_group_param_known": 3.285645008087158, "reward_0_when_2_group_param_known": 3.4612629413604736, "reward_1_when_2_group_param_known": 3.860621452331543, "reward_2_when_2_group_param_known": 3.115248203277588, "reward_0_when_3_group_param_known": 3.8245344161987305, "reward_1_when_3_group_param_known": 3.578054666519165, "reward_2_when_3_group_param_known": 3.3138341903686523, "reward_error_0_when_1_group_param_known": 0.0, "reward_error_1_when_1_group_param_known": 0.1034440998430149, "reward_error_2_when_1_group_param_known": 0.008506515613672933, "reward_error_0_when_2_group_param_known": 0.1034440998430149, "reward_error_1_when_2_group_param_known": 0.0, "reward_error_2_when_2_group_param_known": 0.0599263498663379, "reward_error_0_when_3_group_param_known": 0.009347468167597338, "reward_error_1_when_3_group_param_known": 0.07319204674722188, "reward_error_2_when_3_group_param_known": 0.0, "_wandb": {"runtime": 13}}