{"Iteration": 99, "train_loss": 16.03889843851329, "val_loss": 17.025233204742516, "grad_norm": 0.49495970543380424, "max_reward_err": 0.07435241685398511, "max_reward_err_index": 1, "max_kl_dist": 0.5650625739496744, "max_kl_dist_index": 0, "max_train_grp_loss": 21.267823770926327, "max_train_grp_loss_index": 0, "max_val_grp_loss": 20.54493073651361, "max_val_grp_loss_index": 0, "max_cur_train_grp_loss": 21.27862163258521, "max_cur_train_grp_loss_index": 0, "reward_err_1": 0.06413721990765797, "reward_err_2": 0.02028874342512436, "reward_err_3": 0.030670328160351507, "reward_param_1": 6.858201605482861, "reward_param_2": 4.767387774435467, "reward_param_3": 5.301700884078122, "reward_param_4": 3.20311802674428, "KL_distance_1": 0.5650625739496744, "KL_distance_2": 0.3272057355773778, "KL_distance_3": 0.4329655018054787, "hist_group_loss_1": 2214.8389086728953, "hist_group_loss_2": 1307.400013568543, "hist_group_loss_3": 2123.9196338200118, "cur_group_loss_1": 21.27862163258521, "cur_group_loss_2": 9.712523907872429, "cur_group_loss_3": 19.766842664195767, "train_group_loss_1": 21.267823770926327, "train_group_loss_2": 9.673770036845333, "train_group_loss_3": 19.74605985368752, "val_group_loss_1": 20.54493073651361, "val_group_loss_2": 12.231141123403885, "val_group_loss_3": 19.939698613629698, "_timestamp": 1726687407.9901052, "_runtime": 8.246447086334229, "_step": 2, "final/reward_err_1": 0.06413721990765797, "final/reward_err_2": 0.02028874342512436, "final/reward_err_3": 0.030670328160351507, "final/reward_param_1": 6.858201605482861, "final/reward_param_2": 4.767387774435467, "final/reward_param_3": 5.301700884078122, "final/reward_param_4": 3.20311802674428, "optimal_reward_1": 3.8611395359039307, "optimal_reward_2": 3.8611395359039307, "optimal_reward_3": 3.2724251747131348, "final/reward_1": 3.8194594383239746, "final/reward_2": 3.5984597206115723, "final/reward_3": 3.2724251747131348, "reward_0_when_1_group_param_known": 3.8611395359039307, "reward_1_when_1_group_param_known": 3.4739019870758057, "reward_2_when_1_group_param_known": 3.2350029945373535, "reward_0_when_2_group_param_known": 3.4739019870758057, "reward_1_when_2_group_param_known": 3.8611395359039307, "reward_2_when_2_group_param_known": 3.0771708488464355, "reward_0_when_3_group_param_known": 3.8194594383239746, "reward_1_when_3_group_param_known": 3.5984597206115723, "reward_2_when_3_group_param_known": 3.2724251747131348, "reward_error_0_when_1_group_param_known": 0.0, "reward_error_1_when_1_group_param_known": 0.10029100094085797, "reward_error_2_when_1_group_param_known": 0.011435610648931562, "reward_error_0_when_2_group_param_known": 0.10029100094085797, "reward_error_1_when_2_group_param_known": 0.0, "reward_error_2_when_2_group_param_known": 0.059666551698562664, "reward_error_0_when_3_group_param_known": 0.010794765947301704, "reward_error_1_when_3_group_param_known": 0.0680316815410978, "reward_error_2_when_3_group_param_known": 0.0, "_wandb": {"runtime": 8}}