{"Iteration": 99, "train_loss": 16.56546891066212, "val_loss": 18.06955150602856, "grad_norm": 0.021363411895107248, "live_grad": 2.6633367880591278e-14, "train_weighted_loss": 49.696406731986336, "val_weighted_loss": 54.20865451808568, "max_reward_err": 0.10732185056029231, "max_reward_err_index": 0, "max_kl_dist": 1.3620164698787338, "max_kl_dist_index": 0, "max_train_grp_loss": 20.124010531569542, "max_train_grp_loss_index": 2, "max_val_grp_loss": 20.933981369595696, "max_val_grp_loss_index": 0, "max_cur_train_grp_loss": 0.41077890618073887, "max_cur_train_grp_loss_index": 2, "reward_err_1": 0.10732185056029231, "reward_err_2": 0.00777105528317137, "reward_err_3": 0.0678578158665888, "KL_distance_1": 1.3620164698787338, "KL_distance_2": 0.5899349186278618, "KL_distance_3": 1.107073592014262, "reward_param_1": 5.388747033476432, "reward_param_2": 5.286622314446727, "reward_param_3": 11.505899044373011, "reward_param_4": 3.891120062747276, "group_weight_1": 0.3166489205282109, "group_weight_2": 0.2862342597521104, "group_weight_3": 0.39711681971967866, "hist_group_loss_1": 18.898450623434226, "hist_group_loss_2": 8.800141790643151, "hist_group_loss_3": 41.54213459385908, "cur_group_loss_1": 0.18782340163599492, "cur_group_loss_2": 0.08839074421063137, "cur_group_loss_3": 0.41077890618073887, "train_group_loss_1": 20.09520393043043, "train_group_loss_2": 12.73178705969216, "train_group_loss_3": 20.124010531569542, "val_group_loss_1": 20.933981369595696, "val_group_loss_2": 14.38917993864102, "val_group_loss_3": 18.541974295840646, "_timestamp": 1726685114.3462589, "_runtime": 9.729134798049927, "_step": 2, "final/reward_err_1": 0.10732185056029231, "final/reward_err_2": 0.00777105528317137, "final/reward_err_3": 0.0678578158665888, "final/reward_param_1": 5.388747033476432, "final/reward_param_2": 5.286622314446727, "final/reward_param_3": 11.505899044373011, "final/reward_param_4": 3.891120062747276, "optimal_reward_1": 3.875110387802124, "optimal_reward_2": 3.875110387802124, "optimal_reward_3": 3.3831582069396973, "final/reward_1": 3.835331678390503, "final/reward_2": 3.593684434890747, "final/reward_3": 3.3831582069396973, "reward_0_when_1_group_param_known": 3.875110387802124, "reward_1_when_1_group_param_known": 3.4832417964935303, "reward_2_when_1_group_param_known": 3.3414347171783447, "reward_0_when_2_group_param_known": 3.4832417964935303, "reward_1_when_2_group_param_known": 3.875110387802124, "reward_2_when_2_group_param_known": 3.1878042221069336, "reward_0_when_3_group_param_known": 3.835331678390503, "reward_1_when_3_group_param_known": 3.593684434890747, "reward_2_when_3_group_param_known": 3.3831582069396973, "reward_error_0_when_1_group_param_known": 0.0, "reward_error_1_when_1_group_param_known": 0.1011244976509825, "reward_error_2_when_1_group_param_known": 0.012332704298535996, "reward_error_0_when_2_group_param_known": 0.1011244976509825, "reward_error_1_when_2_group_param_known": 0.0, "reward_error_2_when_2_group_param_known": 0.05774308290757558, "reward_error_0_when_3_group_param_known": 0.010265180970543316, "reward_error_1_when_3_group_param_known": 0.07262398351211756, "reward_error_2_when_3_group_param_known": 0.0, "_wandb": {"runtime": 9}}