{"Iteration": 99, "train_loss": 20.857185047219282, "val_loss": 18.883832203278793, "grad_norm": 0.005771005845441923, "live_grad": 1.5284932742729728e-14, "train_weighted_loss": 62.571555141657846, "val_weighted_loss": 56.6514966098364, "max_reward_err": 0.1064295656547374, "max_reward_err_index": 0, "max_kl_dist": 1.1102261357328234, "max_kl_dist_index": 0, "max_train_grp_loss": 24.51082414142434, "max_train_grp_loss_index": 0, "max_val_grp_loss": 23.351253782005493, "max_val_grp_loss_index": 0, "max_cur_train_grp_loss": 0.24511507160267965, "max_cur_train_grp_loss_index": 0, "reward_err_1": 0.1064295656547374, "reward_err_2": 0.0001712019262342094, "reward_err_3": 0.06563154972996012, "KL_distance_1": 1.1102261357328234, "KL_distance_2": 0.4586039746743871, "KL_distance_3": 0.8547885766627564, "reward_param_1": 9.215863181807226, "reward_param_2": 2.635400454610589, "reward_param_3": 7.676104155039411, "reward_param_4": 2.514311878970986, "group_weight_1": 0.34458570078439166, "group_weight_2": 0.31484355558855354, "group_weight_3": 0.3405707436270549, "hist_group_loss_1": 24.537577902272304, "hist_group_loss_2": 15.510881743135588, "hist_group_loss_3": 23.36558188676115, "cur_group_loss_1": 0.24511507160267965, "cur_group_loss_2": 0.15529478043658554, "cur_group_loss_3": 0.23326187024117653, "train_group_loss_1": 24.51082414142434, "train_group_loss_2": 16.462496363797513, "train_group_loss_3": 21.926047717668233, "val_group_loss_1": 23.351253782005493, "val_group_loss_2": 10.218399601292179, "val_group_loss_3": 22.231066856494223, "_timestamp": 1726609891.888413, "_runtime": 9.452314853668213, "_step": 2, "final/reward_err_1": 0.1064295656547374, "final/reward_err_2": 0.0001712019262342094, "final/reward_err_3": 0.06563154972996012, "final/reward_param_1": 9.215863181807226, "final/reward_param_2": 2.635400454610589, "final/reward_param_3": 7.676104155039411, "final/reward_param_4": 2.514311878970986, "optimal_reward_1": 3.8700804710388184, "optimal_reward_2": 3.8700804710388184, "optimal_reward_3": 3.3138818740844727, "final/reward_1": 3.8352792263031006, "final/reward_2": 3.614060401916504, "final/reward_3": 3.3138818740844727, "reward_0_when_1_group_param_known": 3.8700804710388184, "reward_1_when_1_group_param_known": 3.487717866897583, "reward_2_when_1_group_param_known": 3.2859814167022705, "reward_0_when_2_group_param_known": 3.487717866897583, "reward_1_when_2_group_param_known": 3.8700804710388184, "reward_2_when_2_group_param_known": 3.1208972930908203, "reward_0_when_3_group_param_known": 3.8352792263031006, "reward_1_when_3_group_param_known": 3.614060401916504, "reward_2_when_3_group_param_known": 3.3138818740844727, "reward_error_0_when_1_group_param_known": 0.0, "reward_error_1_when_1_group_param_known": 0.09879965210092917, "reward_error_2_when_1_group_param_known": 0.008419267325245327, "reward_error_0_when_2_group_param_known": 0.09879965210092917, "reward_error_1_when_2_group_param_known": 0.0, "reward_error_2_when_2_group_param_known": 0.058235202196809825, "reward_error_0_when_3_group_param_known": 0.008992382715591524, "reward_error_1_when_3_group_param_known": 0.06615368105087303, "reward_error_2_when_3_group_param_known": 0.0, "_wandb": {"runtime": 9}}