{"Iteration": 99, "train_loss": 16.62182646022469, "val_loss": 17.265636684720427, "grad_norm": 0.45854627543492066, "max_reward_err": 0.06917325846559302, "max_reward_err_index": 1, "max_kl_dist": 0.7951261388062685, "max_kl_dist_index": 0, "max_train_grp_loss": 20.94816339760998, "max_train_grp_loss_index": 0, "max_val_grp_loss": 21.335259100243192, "max_val_grp_loss_index": 0, "max_cur_train_grp_loss": 20.950968728066936, "max_cur_train_grp_loss_index": 0, "reward_err_1": 0.08393530935175181, "reward_err_2": 0.008904328970205154, "reward_err_3": 0.04672298665935709, "reward_param_1": 6.020736197220569, "reward_param_2": 4.6402997119442375, "reward_param_3": 7.695883493377603, "reward_param_4": 2.2600542898858746, "KL_distance_1": 0.7951261388062685, "KL_distance_2": 0.3630088026345369, "KL_distance_3": 0.6012778810312028, "hist_group_loss_1": 2116.04544307234, "hist_group_loss_2": 1453.5048730324759, "hist_group_loss_3": 1971.1790200214277, "cur_group_loss_1": 20.950968728066936, "cur_group_loss_2": 11.21451230024701, "cur_group_loss_3": 18.768431812579866, "train_group_loss_1": 20.94816339760998, "train_group_loss_2": 11.172850603321757, "train_group_loss_3": 18.753922562047148, "val_group_loss_1": 21.335259100243192, "val_group_loss_2": 11.283463464868243, "val_group_loss_3": 19.036676906677112, "_timestamp": 1726658389.484504, "_runtime": 8.148667097091675, "_step": 2, "final/reward_err_1": 0.08393530935175181, "final/reward_err_2": 0.008904328970205154, "final/reward_err_3": 0.04672298665935709, "final/reward_param_1": 6.020736197220569, "final/reward_param_2": 4.6402997119442375, "final/reward_param_3": 7.695883493377603, "final/reward_param_4": 2.2600542898858746, "optimal_reward_1": 3.8684823513031006, "optimal_reward_2": 3.8684823513031006, "optimal_reward_3": 3.312178611755371, "final/reward_1": 3.832144021987915, "final/reward_2": 3.6156766414642334, "final/reward_3": 3.312178611755371, "reward_0_when_1_group_param_known": 3.8684823513031006, "reward_1_when_1_group_param_known": 3.4799795150756836, "reward_2_when_1_group_param_known": 3.271944284439087, "reward_0_when_2_group_param_known": 3.4799795150756836, "reward_1_when_2_group_param_known": 3.8684823513031006, "reward_2_when_2_group_param_known": 3.1135053634643555, "reward_0_when_3_group_param_known": 3.832144021987915, "reward_1_when_3_group_param_known": 3.6156766414642334, "reward_2_when_3_group_param_known": 3.312178611755371, "reward_error_0_when_1_group_param_known": 0.0, "reward_error_1_when_1_group_param_known": 0.10042771323398944, "reward_error_2_when_1_group_param_known": 0.012147390594663916, "reward_error_0_when_2_group_param_known": 0.10042771323398944, "reward_error_1_when_2_group_param_known": 0.0, "reward_error_2_when_2_group_param_known": 0.059982649361328924, "reward_error_0_when_3_group_param_known": 0.009393432880195242, "reward_error_1_when_3_group_param_known": 0.06535010034457296, "reward_error_2_when_3_group_param_known": 0.0, "_wandb": {"runtime": 7}}