{"Iteration": 199, "train_loss": 14.465807898200698, "val_loss": 14.947340948141028, "grad_norm": 0.2593605934138728, "max_reward_err": 0.09884520067700119, "max_reward_err_index": 0, "max_kl_dist": 1.3039908239005376, "max_kl_dist_index": 0, "max_train_grp_loss": 21.828508070270637, "max_train_grp_loss_index": 0, "max_val_grp_loss": 21.004685363339856, "max_val_grp_loss_index": 0, "max_cur_train_grp_loss": 21.830124533693763, "max_cur_train_grp_loss_index": 0, "reward_err_1": 0.10272355335666834, "reward_err_2": 0.00013228928577999085, "reward_err_3": 0.05971478612498653, "reward_param_1": 9.91379021659178, "reward_param_2": 3.6199462891538583, "reward_param_3": 9.404232212433516, "reward_param_4": 3.3461212437782315, "KL_distance_1": 1.3039908239005376, "KL_distance_2": 0.6553700092473849, "KL_distance_3": 1.0346442836858258, "hist_group_loss_1": 4488.481034091229, "hist_group_loss_2": 1805.9978859800312, "hist_group_loss_3": 3874.522735028508, "cur_group_loss_1": 21.830124533693763, "cur_group_loss_2": 5.862534444799124, "cur_group_loss_3": 17.603437601821312, "train_group_loss_1": 21.828508070270637, "train_group_loss_2": 5.851629388442311, "train_group_loss_3": 17.59450374242182, "val_group_loss_1": 21.004685363339856, "val_group_loss_2": 6.046838171620646, "val_group_loss_3": 18.34736553702613, "_timestamp": 1726697020.505936, "_runtime": 11.744789838790894, "_step": 3, "final/reward_err_1": 0.10272355335666834, "final/reward_err_2": 0.00013228928577999085, "final/reward_err_3": 0.05971478612498653, "final/reward_param_1": 9.91379021659178, "final/reward_param_2": 3.6199462891538583, "final/reward_param_3": 9.404232212433516, "final/reward_param_4": 3.3461212437782315, "optimal_reward_1": 3.8748409748077393, "optimal_reward_2": 3.8748409748077393, "optimal_reward_3": 3.300816535949707, "final/reward_1": 3.8403704166412354, "final/reward_2": 3.587584972381592, "final/reward_3": 3.300816535949707, "reward_0_when_1_group_param_known": 3.8748409748077393, "reward_1_when_1_group_param_known": 3.4526655673980713, "reward_2_when_1_group_param_known": 3.2780399322509766, "reward_0_when_2_group_param_known": 3.4526655673980713, "reward_1_when_2_group_param_known": 3.8748409748077393, "reward_2_when_2_group_param_known": 3.086048126220703, "reward_0_when_3_group_param_known": 3.8403704166412354, "reward_1_when_3_group_param_known": 3.587584972381592, "reward_2_when_3_group_param_known": 3.300816535949707, "reward_error_0_when_1_group_param_known": 0.0, "reward_error_1_when_1_group_param_known": 0.10895296352919757, "reward_error_2_when_1_group_param_known": 0.00690029374570411, "reward_error_0_when_2_group_param_known": 0.10895296352919757, "reward_error_1_when_2_group_param_known": 0.0, "reward_error_2_when_2_group_param_known": 0.06506523685576818, "reward_error_0_when_3_group_param_known": 0.008895992994451664, "reward_error_1_when_3_group_param_known": 0.07413362362319925, "reward_error_2_when_3_group_param_known": 0.0, "_wandb": {"runtime": 11}}