{"Iteration": 99, "train_loss": 17.96796208037891, "val_loss": 17.127218080456426, "grad_norm": 0.3343132182997969, "max_reward_err": 0.08202546534744123, "max_reward_err_index": 1, "max_kl_dist": 0.46575124438864485, "max_kl_dist_index": 0, "max_train_grp_loss": 20.243715913535638, "max_train_grp_loss_index": 0, "max_val_grp_loss": 20.246237429516576, "max_val_grp_loss_index": 0, "max_cur_train_grp_loss": 20.247400147185648, "max_cur_train_grp_loss_index": 0, "reward_err_1": 0.044767609901284484, "reward_err_2": 0.029169474586345952, "reward_err_3": 0.01721625804929799, "reward_param_1": 4.6435791510113225, "reward_param_2": 5.173296549490891, "reward_param_3": 5.922524758765905, "reward_param_4": 4.457523577274997, "KL_distance_1": 0.46575124438864485, "KL_distance_2": 0.3929161275934943, "KL_distance_3": 0.36457468903982, "hist_group_loss_1": 2054.925390679712, "hist_group_loss_2": 1685.5049705686822, "hist_group_loss_3": 1890.0764973994221, "cur_group_loss_1": 20.247400147185648, "cur_group_loss_2": 15.510341945125358, "cur_group_loss_3": 17.82905097892601, "train_group_loss_1": 20.243715913535638, "train_group_loss_2": 15.493648461010514, "train_group_loss_3": 17.812770828629127, "val_group_loss_1": 20.246237429516576, "val_group_loss_2": 12.358430044098467, "val_group_loss_3": 18.881958957261062, "_timestamp": 1726689886.194644, "_runtime": 8.367423057556152, "_step": 2, "final/reward_err_1": 0.044767609901284484, "final/reward_err_2": 0.029169474586345952, "final/reward_err_3": 0.01721625804929799, "final/reward_param_1": 4.6435791510113225, "final/reward_param_2": 5.173296549490891, "final/reward_param_3": 5.922524758765905, "final/reward_param_4": 4.457523577274997, "optimal_reward_1": 3.791201591491699, "optimal_reward_2": 3.791201591491699, "optimal_reward_3": 3.2667675018310547, "final/reward_1": 3.751282215118408, "final/reward_2": 3.552793025970459, "final/reward_3": 3.2667675018310547, "reward_0_when_1_group_param_known": 3.791201591491699, "reward_1_when_1_group_param_known": 3.43137788772583, "reward_2_when_1_group_param_known": 3.2245421409606934, "reward_0_when_2_group_param_known": 3.43137788772583, "reward_1_when_2_group_param_known": 3.791201591491699, "reward_2_when_2_group_param_known": 3.0854053497314453, "reward_0_when_3_group_param_known": 3.751282215118408, "reward_1_when_3_group_param_known": 3.552793025970459, "reward_2_when_3_group_param_known": 3.2667675018310547, "reward_error_0_when_1_group_param_known": 0.0, "reward_error_1_when_1_group_param_known": 0.0949102006533743, "reward_error_2_when_1_group_param_known": 0.012925731888386182, "reward_error_0_when_2_group_param_known": 0.0949102006533743, "reward_error_1_when_2_group_param_known": 0.0, "reward_error_2_when_2_group_param_known": 0.055517312449678204, "reward_error_0_when_3_group_param_known": 0.010529478691631431, "reward_error_1_when_3_group_param_known": 0.06288469757352977, "reward_error_2_when_3_group_param_known": 0.0, "_wandb": {"runtime": 8}}