{"Iteration": 99, "train_loss": 16.040200341191284, "val_loss": 15.69862168436633, "grad_norm": 0.01740266253764244, "live_grad": 1.6518089041814657e-14, "train_weighted_loss": 48.120601023573855, "val_weighted_loss": 47.09586505309899, "max_reward_err": 0.0707787344534032, "max_reward_err_index": 0, "max_kl_dist": 1.4869315997428763, "max_kl_dist_index": 0, "max_train_grp_loss": 21.519446846201056, "max_train_grp_loss_index": 0, "max_val_grp_loss": 19.559390304566946, "max_val_grp_loss_index": 0, "max_cur_train_grp_loss": 0.39826973467131965, "max_cur_train_grp_loss_index": 2, "reward_err_1": 0.0707787344534032, "reward_err_2": 0.0041961993847197225, "reward_err_3": 0.036031706348961044, "KL_distance_1": 1.4869315997428763, "KL_distance_2": 0.8572852857073145, "KL_distance_3": 1.2142468207359676, "reward_param_1": 10.297064743531573, "reward_param_2": 5.589259066379899, "reward_param_3": 10.714839155471237, "reward_param_4": 4.271392714272443, "group_weight_1": 0.3164455531494877, "group_weight_2": 0.2866612992709081, "group_weight_3": 0.3968931475796042, "hist_group_loss_1": 17.441482030249436, "hist_group_loss_2": 7.556499841105648, "hist_group_loss_3": 40.09307162668514, "cur_group_loss_1": 0.1735589932537059, "cur_group_loss_2": 0.07593193844213701, "cur_group_loss_3": 0.39826973467131965, "train_group_loss_1": 21.519446846201056, "train_group_loss_2": 9.798094147224134, "train_group_loss_3": 18.716905285883865, "val_group_loss_1": 19.559390304566946, "val_group_loss_2": 10.709077600928948, "val_group_loss_3": 17.436699746819816, "_timestamp": 1726683156.1406431, "_runtime": 9.926761150360107, "_step": 2, "final/reward_err_1": 0.0707787344534032, "final/reward_err_2": 0.0041961993847197225, "final/reward_err_3": 0.036031706348961044, "final/reward_param_1": 10.297064743531573, "final/reward_param_2": 5.589259066379899, "final/reward_param_3": 10.714839155471237, "final/reward_param_4": 4.271392714272443, "optimal_reward_1": 3.8586065769195557, "optimal_reward_2": 3.8586065769195557, "optimal_reward_3": 3.3168587684631348, "final/reward_1": 3.8154232501983643, "final/reward_2": 3.627133369445801, "final/reward_3": 3.3168587684631348, "reward_0_when_1_group_param_known": 3.8586065769195557, "reward_1_when_1_group_param_known": 3.531782627105713, "reward_2_when_1_group_param_known": 3.266848564147949, "reward_0_when_2_group_param_known": 3.531782627105713, "reward_1_when_2_group_param_known": 3.8586065769195557, "reward_2_when_2_group_param_known": 3.1579184532165527, "reward_0_when_3_group_param_known": 3.8154232501983643, "reward_1_when_3_group_param_known": 3.627133369445801, "reward_2_when_3_group_param_known": 3.3168587684631348, "reward_error_0_when_1_group_param_known": 0.0, "reward_error_1_when_1_group_param_known": 0.08469999293754285, "reward_error_2_when_1_group_param_known": 0.015077580266813035, "reward_error_0_when_2_group_param_known": 0.08469999293754285, "reward_error_1_when_2_group_param_known": 0.0, "reward_error_2_when_2_group_param_known": 0.04791892761844273, "reward_error_0_when_3_group_param_known": 0.011191430341588746, "reward_error_1_when_3_group_param_known": 0.05998880758103799, "reward_error_2_when_3_group_param_known": 0.0, "_wandb": {"runtime": 9}}