{"Iteration": 199, "train_loss": 17.640620381128148, "val_loss": 15.768651884650287, "grad_norm": 0.25780695984267693, "max_reward_err": 0.05053421084387676, "max_reward_err_index": 0, "max_kl_dist": 0.7895845960782792, "max_kl_dist_index": 0, "max_train_grp_loss": 19.520519087314167, "max_train_grp_loss_index": 0, "max_val_grp_loss": 20.33549279425093, "max_val_grp_loss_index": 0, "max_cur_train_grp_loss": 19.52622327865604, "max_cur_train_grp_loss_index": 0, "reward_err_1": 0.07162986134962111, "reward_err_2": 0.011868979878522342, "reward_err_3": 0.03559506375341436, "reward_param_1": 7.761759536593666, "reward_param_2": 4.527260473300498, "reward_param_3": 6.6356750083827585, "reward_param_4": 4.421093061842482, "KL_distance_1": 0.7895845960782792, "KL_distance_2": 0.44774140390076994, "KL_distance_3": 0.6208964707863374, "hist_group_loss_1": 4109.491029574708, "hist_group_loss_2": 3492.2350707498103, "hist_group_loss_3": 3929.6961865127173, "cur_group_loss_1": 19.52622327865604, "cur_group_loss_2": 15.361255965541401, "cur_group_loss_3": 18.191696114316073, "train_group_loss_1": 19.520519087314167, "train_group_loss_2": 15.354382994793905, "train_group_loss_3": 18.183275619747597, "val_group_loss_1": 20.33549279425093, "val_group_loss_2": 8.349692070401368, "val_group_loss_3": 18.564150545801684, "_timestamp": 1726692254.494365, "_runtime": 11.580678939819336, "_step": 3, "final/reward_err_1": 0.07162986134962111, "final/reward_err_2": 0.011868979878522342, "final/reward_err_3": 0.03559506375341436, "final/reward_param_1": 7.761759536593666, "final/reward_param_2": 4.527260473300498, "final/reward_param_3": 6.6356750083827585, "final/reward_param_4": 4.421093061842482, "optimal_reward_1": 3.852689266204834, "optimal_reward_2": 3.852689266204834, "optimal_reward_3": 3.3024346828460693, "final/reward_1": 3.8164188861846924, "final/reward_2": 3.5882885456085205, "final/reward_3": 3.3024346828460693, "reward_0_when_1_group_param_known": 3.852689266204834, "reward_1_when_1_group_param_known": 3.475465774536133, "reward_2_when_1_group_param_known": 3.27390193939209, "reward_0_when_2_group_param_known": 3.475465774536133, "reward_1_when_2_group_param_known": 3.852689266204834, "reward_2_when_2_group_param_known": 3.1151528358459473, "reward_0_when_3_group_param_known": 3.8164188861846924, "reward_1_when_3_group_param_known": 3.5882885456085205, "reward_2_when_3_group_param_known": 3.3024346828460693, "reward_error_0_when_1_group_param_known": 0.0, "reward_error_1_when_1_group_param_known": 0.09791173531113566, "reward_error_2_when_1_group_param_known": 0.008639911518065122, "reward_error_0_when_2_group_param_known": 0.09791173531113566, "reward_error_1_when_2_group_param_known": 0.0, "reward_error_2_when_2_group_param_known": 0.0567102350193103, "reward_error_0_when_3_group_param_known": 0.00941430193664968, "reward_error_1_when_3_group_param_known": 0.06862757474774667, "reward_error_2_when_3_group_param_known": 0.0, "_wandb": {"runtime": 11}}