{"Iteration": 199, "train_loss": 17.145843192804694, "val_loss": 15.216768386226905, "grad_norm": 0.21582832477698746, "max_reward_err": 0.08558106103307328, "max_reward_err_index": 0, "max_kl_dist": 0.9867618379730908, "max_kl_dist_index": 0, "max_train_grp_loss": 20.461187128033348, "max_train_grp_loss_index": 0, "max_val_grp_loss": 20.568140920651636, "max_val_grp_loss_index": 0, "max_cur_train_grp_loss": 20.46711960667566, "max_cur_train_grp_loss_index": 0, "reward_err_1": 0.08300573069910447, "reward_err_2": 0.005359086384646762, "reward_err_3": 0.04466370876417844, "reward_param_1": 7.187339566233346, "reward_param_2": 3.147297685575289, "reward_param_3": 8.785283211236784, "reward_param_4": 4.524137811286222, "KL_distance_1": 0.9867618379730908, "KL_distance_2": 0.4805118067988277, "KL_distance_3": 0.7735876995140784, "hist_group_loss_1": 4346.225065865469, "hist_group_loss_2": 2839.9658194146036, "hist_group_loss_3": 4141.159018494259, "cur_group_loss_1": 20.46711960667566, "cur_group_loss_2": 12.690129793360235, "cur_group_loss_3": 19.103822947407686, "train_group_loss_1": 20.461187128033348, "train_group_loss_2": 12.688336754544371, "train_group_loss_3": 19.09581485110378, "val_group_loss_1": 20.568140920651636, "val_group_loss_2": 7.123884936735134, "val_group_loss_3": 18.398074258066963, "_timestamp": 1726692039.010224, "_runtime": 11.455713033676147, "_step": 3, "final/reward_err_1": 0.08300573069910447, "final/reward_err_2": 0.005359086384646762, "final/reward_err_3": 0.04466370876417844, "final/reward_param_1": 7.187339566233346, "final/reward_param_2": 3.147297685575289, "final/reward_param_3": 8.785283211236784, "final/reward_param_4": 4.524137811286222, "optimal_reward_1": 3.784027576446533, "optimal_reward_2": 3.784027576446533, "optimal_reward_3": 3.210723400115967, "final/reward_1": 3.743748664855957, "final/reward_2": 3.5277538299560547, "final/reward_3": 3.210723400115967, "reward_0_when_1_group_param_known": 3.784027576446533, "reward_1_when_1_group_param_known": 3.406392812728882, "reward_2_when_1_group_param_known": 3.1765923500061035, "reward_0_when_2_group_param_known": 3.406392812728882, "reward_1_when_2_group_param_known": 3.784027576446533, "reward_2_when_2_group_param_known": 3.023632764816284, "reward_0_when_3_group_param_known": 3.743748664855957, "reward_1_when_3_group_param_known": 3.5277538299560547, "reward_2_when_3_group_param_known": 3.210723400115967, "reward_error_0_when_1_group_param_known": 0.0, "reward_error_1_when_1_group_param_known": 0.09979704325312472, "reward_error_2_when_1_group_param_known": 0.010630330257857316, "reward_error_0_when_2_group_param_known": 0.09979704325312472, "reward_error_1_when_2_group_param_known": 0.0, "reward_error_2_when_2_group_param_known": 0.058270555256465, "reward_error_0_when_3_group_param_known": 0.010644455088353476, "reward_error_1_when_3_group_param_known": 0.06772512655183595, "reward_error_2_when_3_group_param_known": 0.0, "_wandb": {"runtime": 11}}