{"Iteration": 99, "train_loss": 17.949366823436, "val_loss": 17.504329032730674, "grad_norm": 0.002885278216608037, "live_grad": 2.260060698588879e-14, "train_weighted_loss": 53.84810047030801, "val_weighted_loss": 52.51298709819202, "max_reward_err": 0.09164285083392988, "max_reward_err_index": 0, "max_kl_dist": 1.4391044771535095, "max_kl_dist_index": 0, "max_train_grp_loss": 18.202580294438402, "max_train_grp_loss_index": 2, "max_val_grp_loss": 19.73040313180397, "max_val_grp_loss_index": 0, "max_cur_train_grp_loss": 0.19814566005073525, "max_cur_train_grp_loss_index": 1, "reward_err_1": 0.09164285083392988, "reward_err_2": 0.0024774848504126876, "reward_err_3": 0.05003531903203432, "KL_distance_1": 1.4391044771535095, "KL_distance_2": 0.718055143980385, "KL_distance_3": 1.1438655446539954, "reward_param_1": 9.641486545621524, "reward_param_2": 3.887421290444908, "reward_param_3": 10.337644585235308, "reward_param_4": 4.71779454693332, "group_weight_1": 0.32965226248063195, "group_weight_2": 0.33942258354746785, "group_weight_3": 0.3309251539719002, "hist_group_loss_1": 16.971185118276853, "hist_group_loss_2": 19.891939257361955, "hist_group_loss_3": 17.356573124291575, "cur_group_loss_1": 0.16944712467998005, "cur_group_loss_2": 0.19814566005073525, "cur_group_loss_3": 0.17335357358731265, "train_group_loss_1": 17.622969677821136, "train_group_loss_2": 18.030222743091983, "train_group_loss_3": 18.202580294438402, "val_group_loss_1": 19.73040313180397, "val_group_loss_2": 14.89423779871633, "val_group_loss_3": 17.853479219745697, "_timestamp": 1726602797.384106, "_runtime": 9.716037034988403, "_step": 2, "final/reward_err_1": 0.09164285083392988, "final/reward_err_2": 0.0024774848504126876, "final/reward_err_3": 0.05003531903203432, "final/reward_param_1": 9.641486545621524, "final/reward_param_2": 3.887421290444908, "final/reward_param_3": 10.337644585235308, "final/reward_param_4": 4.71779454693332, "optimal_reward_1": 3.860046863555908, "optimal_reward_2": 3.860046863555908, "optimal_reward_3": 3.360363006591797, "final/reward_1": 3.817783832550049, "final/reward_2": 3.5882680416107178, "final/reward_3": 3.360363006591797, "reward_0_when_1_group_param_known": 3.860046863555908, "reward_1_when_1_group_param_known": 3.458197832107544, "reward_2_when_1_group_param_known": 3.31994891166687, "reward_0_when_2_group_param_known": 3.458197832107544, "reward_1_when_2_group_param_known": 3.860046863555908, "reward_2_when_2_group_param_known": 3.1573994159698486, "reward_0_when_3_group_param_known": 3.817783832550049, "reward_1_when_3_group_param_known": 3.5882680416107178, "reward_2_when_3_group_param_known": 3.360363006591797, "reward_error_0_when_1_group_param_known": 0.0, "reward_error_1_when_1_group_param_known": 0.10410470278026042, "reward_error_2_when_1_group_param_known": 0.012026705104671478, "reward_error_0_when_2_group_param_known": 0.10410470278026042, "reward_error_1_when_2_group_param_known": 0.0, "reward_error_2_when_2_group_param_known": 0.06039930514167913, "reward_error_0_when_3_group_param_known": 0.010948838835320851, "reward_error_1_when_3_group_param_known": 0.07040816641661844, "reward_error_2_when_3_group_param_known": 0.0, "_wandb": {"runtime": 9}}