{"Iteration": 99, "train_loss": 21.118277326375498, "val_loss": 20.250352324699683, "grad_norm": 0.20321811038202933, "max_reward_err": 0.06701525611659816, "max_reward_err_index": 0, "max_kl_dist": 0.49766420396805944, "max_kl_dist_index": 0, "max_train_grp_loss": 24.269784639961582, "max_train_grp_loss_index": 0, "max_val_grp_loss": 22.66511043901173, "max_val_grp_loss_index": 0, "max_cur_train_grp_loss": 24.27018534163906, "max_cur_train_grp_loss_index": 0, "reward_err_1": 0.07141222545711015, "reward_err_2": 0.024800647476801812, "reward_err_3": 0.03442593157017476, "reward_param_1": 6.021678922156221, "reward_param_2": 4.407658906195812, "reward_param_3": 4.733848983484585, "reward_param_4": 2.0980503696871002, "KL_distance_1": 0.49766420396805944, "KL_distance_2": 0.23205506740712195, "KL_distance_3": 0.3515347039073532, "hist_group_loss_1": 2430.8863454946368, "hist_group_loss_2": 1584.076278718909, "hist_group_loss_3": 2337.014139289549, "cur_group_loss_1": 24.27018534163906, "cur_group_loss_2": 15.08757598051548, "cur_group_loss_3": 23.23476660697383, "train_group_loss_1": 24.269784639961582, "train_group_loss_2": 15.076683082405477, "train_group_loss_3": 23.232832712930914, "val_group_loss_1": 22.66511043901173, "val_group_loss_2": 15.365521097805722, "val_group_loss_3": 22.54042932601145, "_timestamp": 1726610193.010258, "_runtime": 7.977561950683594, "_step": 2, "final/reward_err_1": 0.07141222545711015, "final/reward_err_2": 0.024800647476801812, "final/reward_err_3": 0.03442593157017476, "final/reward_param_1": 6.021678922156221, "final/reward_param_2": 4.407658906195812, "final/reward_param_3": 4.733848983484585, "final/reward_param_4": 2.0980503696871002, "optimal_reward_1": 3.863145351409912, "optimal_reward_2": 3.863145351409912, "optimal_reward_3": 3.371455669403076, "final/reward_1": 3.818671226501465, "final/reward_2": 3.593932867050171, "final/reward_3": 3.371455669403076, "reward_0_when_1_group_param_known": 3.863145351409912, "reward_1_when_1_group_param_known": 3.4663050174713135, "reward_2_when_1_group_param_known": 3.3296566009521484, "reward_0_when_2_group_param_known": 3.4663050174713135, "reward_1_when_2_group_param_known": 3.863145351409912, "reward_2_when_2_group_param_known": 3.172898530960083, "reward_0_when_3_group_param_known": 3.818671226501465, "reward_1_when_3_group_param_known": 3.593932867050171, "reward_2_when_3_group_param_known": 3.371455669403076, "reward_error_0_when_1_group_param_known": 0.0, "reward_error_1_when_1_group_param_known": 0.10272467066085564, "reward_error_2_when_1_group_param_known": 0.012397929129030592, "reward_error_0_when_2_group_param_known": 0.10272467066085564, "reward_error_1_when_2_group_param_known": 0.0, "reward_error_2_when_2_group_param_known": 0.058893593128023586, "reward_error_0_when_3_group_param_known": 0.01151241303727176, "reward_error_1_when_3_group_param_known": 0.06968738162064964, "reward_error_2_when_3_group_param_known": 0.0, "_wandb": {"runtime": 7}}