{"Iteration": 99, "train_loss": 14.616700696289579, "val_loss": 14.700670271365968, "grad_norm": 0.014322624826432366, "live_grad": 2.515194274143821e-14, "train_weighted_loss": 43.85010208886874, "val_weighted_loss": 44.10201081409791, "max_reward_err": 0.1000739798900049, "max_reward_err_index": 0, "max_kl_dist": 2.1644143722118696, "max_kl_dist_index": 0, "max_train_grp_loss": 21.004774645786327, "max_train_grp_loss_index": 0, "max_val_grp_loss": 19.016546439766472, "max_val_grp_loss_index": 0, "max_cur_train_grp_loss": 0.21007496875705847, "max_cur_train_grp_loss_index": 0, "reward_err_1": 0.1000739798900049, "reward_err_2": 0.0014324370881975156, "reward_err_3": 0.06238608215557042, "KL_distance_1": 2.1644143722118696, "KL_distance_2": 1.1925215014641912, "KL_distance_3": 1.8260729568730822, "reward_param_1": 9.355020592074496, "reward_param_2": 4.7437698578213805, "reward_param_3": 15.881873599542155, "reward_param_4": 5.390917223392818, "group_weight_1": 0.35344928722717045, "group_weight_2": 0.3053937631490337, "group_weight_3": 0.34115694962379584, "hist_group_loss_1": 21.151005350155923, "hist_group_loss_2": 6.537200816949932, "hist_group_loss_3": 17.611267172381023, "cur_group_loss_1": 0.21007496875705847, "cur_group_loss_2": 0.06604897184666263, "cur_group_loss_3": 0.17452144665474814, "train_group_loss_1": 21.004774645786327, "train_group_loss_2": 7.0059840116981125, "train_group_loss_3": 16.40317488370469, "val_group_loss_1": 19.016546439766472, "val_group_loss_2": 7.234333445141223, "val_group_loss_3": 17.65587385480179, "_timestamp": 1726666908.499973, "_runtime": 9.968215942382812, "_step": 2, "final/reward_err_1": 0.1000739798900049, "final/reward_err_2": 0.0014324370881975156, "final/reward_err_3": 0.06238608215557042, "final/reward_param_1": 9.355020592074496, "final/reward_param_2": 4.7437698578213805, "final/reward_param_3": 15.881873599542155, "final/reward_param_4": 5.390917223392818, "optimal_reward_1": 3.8573076725006104, "optimal_reward_2": 3.8573076725006104, "optimal_reward_3": 3.3040339946746826, "final/reward_1": 3.8217499256134033, "final/reward_2": 3.595449686050415, "final/reward_3": 3.3040339946746826, "reward_0_when_1_group_param_known": 3.8573076725006104, "reward_1_when_1_group_param_known": 3.4820022583007812, "reward_2_when_1_group_param_known": 3.2755494117736816, "reward_0_when_2_group_param_known": 3.4820022583007812, "reward_1_when_2_group_param_known": 3.8573076725006104, "reward_2_when_2_group_param_known": 3.1173529624938965, "reward_0_when_3_group_param_known": 3.8217499256134033, "reward_1_when_3_group_param_known": 3.595449686050415, "reward_2_when_3_group_param_known": 3.3040339946746826, "reward_error_0_when_1_group_param_known": 0.0, "reward_error_1_when_1_group_param_known": 0.09729724617910154, "reward_error_2_when_1_group_param_known": 0.008621153095552695, "reward_error_0_when_2_group_param_known": 0.09729724617910154, "reward_error_1_when_2_group_param_known": 0.0, "reward_error_2_when_2_group_param_known": 0.05650094172204995, "reward_error_0_when_3_group_param_known": 0.00921828122260097, "reward_error_1_when_3_group_param_known": 0.06788620682685609, "reward_error_2_when_3_group_param_known": 0.0, "_wandb": {"runtime": 9}}