{"Iteration": 99, "train_loss": 17.16538518811128, "val_loss": 17.116894138600944, "grad_norm": 0.3830894628311992, "max_reward_err": 0.05587574526224276, "max_reward_err_index": 1, "max_kl_dist": 0.6644036154773062, "max_kl_dist_index": 0, "max_train_grp_loss": 21.110732933230963, "max_train_grp_loss_index": 0, "max_val_grp_loss": 20.318233228469524, "max_val_grp_loss_index": 0, "max_cur_train_grp_loss": 21.114101911675508, "max_cur_train_grp_loss_index": 0, "reward_err_1": 0.07469811667274952, "reward_err_2": 0.009565802638951692, "reward_err_3": 0.03885719759984609, "reward_param_1": 7.02837254676696, "reward_param_2": 3.766570773793126, "reward_param_3": 5.9603117970114505, "reward_param_4": 4.171119361250255, "KL_distance_1": 0.6644036154773062, "KL_distance_2": 0.33796501430260845, "KL_distance_3": 0.5000029214686276, "hist_group_loss_1": 2141.1124074245545, "hist_group_loss_2": 1372.8236352304739, "hist_group_loss_3": 2038.8247334449156, "cur_group_loss_1": 21.114101911675508, "cur_group_loss_2": 11.437949158577899, "cur_group_loss_3": 19.59093791432386, "train_group_loss_1": 21.110732933230963, "train_group_loss_2": 11.408906946973513, "train_group_loss_3": 19.579189300093898, "val_group_loss_1": 20.318233228469524, "val_group_loss_2": 11.90969198821732, "val_group_loss_3": 18.763442665783373, "_timestamp": 1726682289.352062, "_runtime": 8.500186920166016, "_step": 2, "final/reward_err_1": 0.07469811667274952, "final/reward_err_2": 0.009565802638951692, "final/reward_err_3": 0.03885719759984609, "final/reward_param_1": 7.02837254676696, "final/reward_param_2": 3.766570773793126, "final/reward_param_3": 5.9603117970114505, "final/reward_param_4": 4.171119361250255, "optimal_reward_1": 3.8711791038513184, "optimal_reward_2": 3.8711791038513184, "optimal_reward_3": 3.3448379039764404, "final/reward_1": 3.8372890949249268, "final/reward_2": 3.6086676120758057, "final/reward_3": 3.3448379039764404, "reward_0_when_1_group_param_known": 3.8711791038513184, "reward_1_when_1_group_param_known": 3.4649550914764404, "reward_2_when_1_group_param_known": 3.310628890991211, "reward_0_when_2_group_param_known": 3.4649550914764404, "reward_1_when_2_group_param_known": 3.8711791038513184, "reward_2_when_2_group_param_known": 3.1331167221069336, "reward_0_when_3_group_param_known": 3.8372890949249268, "reward_1_when_3_group_param_known": 3.6086676120758057, "reward_2_when_3_group_param_known": 3.3448379039764404, "reward_error_0_when_1_group_param_known": 0.0, "reward_error_1_when_1_group_param_known": 0.10493547352813978, "reward_error_2_when_1_group_param_known": 0.010227405323457027, "reward_error_0_when_2_group_param_known": 0.10493547352813978, "reward_error_1_when_2_group_param_known": 0.0, "reward_error_2_when_2_group_param_known": 0.06329789004657192, "reward_error_0_when_3_group_param_known": 0.00875444096416915, "reward_error_1_when_3_group_param_known": 0.06781176606226975, "reward_error_2_when_3_group_param_known": 0.0, "_wandb": {"runtime": 8}}