{"Iteration": 99, "train_loss": 17.307856810360054, "val_loss": 17.92528489570978, "grad_norm": 0.5366416302265237, "max_reward_err": 0.129962274419614, "max_reward_err_index": 1, "max_kl_dist": 0.49828911421494226, "max_kl_dist_index": 0, "max_train_grp_loss": 20.144641406427404, "max_train_grp_loss_index": 0, "max_val_grp_loss": 20.58528767630901, "max_val_grp_loss_index": 0, "max_cur_train_grp_loss": 20.15867431695913, "max_cur_train_grp_loss_index": 0, "reward_err_1": 0.0506031291493356, "reward_err_2": 0.038283248557720875, "reward_err_3": 0.021798550165021927, "reward_param_1": 5.937042855119739, "reward_param_2": 5.8461246861447345, "reward_param_3": 5.020424395969214, "reward_param_4": 2.605197426105314, "KL_distance_1": 0.49828911421494226, "KL_distance_2": 0.39947994260396624, "KL_distance_3": 0.37413239321849934, "hist_group_loss_1": 2110.380560135777, "hist_group_loss_2": 1591.9767240850663, "hist_group_loss_3": 2057.346237767359, "cur_group_loss_1": 20.15867431695913, "cur_group_loss_2": 11.9882509716381, "cur_group_loss_3": 19.098786767378527, "train_group_loss_1": 20.144641406427404, "train_group_loss_2": 11.935793202427446, "train_group_loss_3": 19.075698163949223, "val_group_loss_1": 20.58528767630901, "val_group_loss_2": 13.002101580450029, "val_group_loss_3": 19.808456627563867, "_timestamp": 1726665430.251601, "_runtime": 8.43477201461792, "_step": 2, "final/reward_err_1": 0.0506031291493356, "final/reward_err_2": 0.038283248557720875, "final/reward_err_3": 0.021798550165021927, "final/reward_param_1": 5.937042855119739, "final/reward_param_2": 5.8461246861447345, "final/reward_param_3": 5.020424395969214, "final/reward_param_4": 2.605197426105314, "optimal_reward_1": 3.763953685760498, "optimal_reward_2": 3.763953685760498, "optimal_reward_3": 3.21937894821167, "final/reward_1": 3.730111837387085, "final/reward_2": 3.5351030826568604, "final/reward_3": 3.21937894821167, "reward_0_when_1_group_param_known": 3.763953685760498, "reward_1_when_1_group_param_known": 3.410576581954956, "reward_2_when_1_group_param_known": 3.186079502105713, "reward_0_when_2_group_param_known": 3.410576581954956, "reward_1_when_2_group_param_known": 3.763953685760498, "reward_2_when_2_group_param_known": 3.0397133827209473, "reward_0_when_3_group_param_known": 3.730111837387085, "reward_1_when_3_group_param_known": 3.5351030826568604, "reward_2_when_3_group_param_known": 3.21937894821167, "reward_error_0_when_1_group_param_known": 0.0, "reward_error_1_when_1_group_param_known": 0.0938845515401561, "reward_error_2_when_1_group_param_known": 0.010343437862279155, "reward_error_0_when_2_group_param_known": 0.0938845515401561, "reward_error_1_when_2_group_param_known": 0.0, "reward_error_2_when_2_group_param_known": 0.05580752324622267, "reward_error_0_when_3_group_param_known": 0.008991037403419968, "reward_error_1_when_3_group_param_known": 0.06080058954216355, "reward_error_2_when_3_group_param_known": 0.0, "_wandb": {"runtime": 8}}