{"Iteration": 99, "train_loss": 16.76903623084034, "val_loss": 17.439523889019327, "grad_norm": 0.012311675456641517, "live_grad": 2.442298348565041e-14, "train_weighted_loss": 50.30710869252104, "val_weighted_loss": 52.31857166705801, "max_reward_err": 0.09048303478932684, "max_reward_err_index": 0, "max_kl_dist": 1.5651894173331615, "max_kl_dist_index": 0, "max_train_grp_loss": 19.58098074997634, "max_train_grp_loss_index": 0, "max_val_grp_loss": 19.945723640628778, "max_val_grp_loss_index": 0, "max_cur_train_grp_loss": 0.3518624648567774, "max_cur_train_grp_loss_index": 2, "reward_err_1": 0.09048303478932684, "reward_err_2": 0.0031447836675894607, "reward_err_3": 0.05195344088217276, "KL_distance_1": 1.5651894173331615, "KL_distance_2": 0.8502487788012811, "KL_distance_3": 1.2870689377299886, "reward_param_1": 8.732574521093518, "reward_param_2": 4.227163685878961, "reward_param_3": 12.137117411041102, "reward_param_4": 5.352003470091995, "group_weight_1": 0.31402372775784726, "group_weight_2": 0.3013124709256298, "group_weight_3": 0.38466380131652306, "hist_group_loss_1": 15.146765800020429, "hist_group_loss_2": 11.0146944512553, "hist_group_loss_3": 35.43688182941395, "cur_group_loss_1": 0.1506362383699691, "cur_group_loss_2": 0.11084869559637367, "cur_group_loss_3": 0.3518624648567774, "train_group_loss_1": 19.58098074997634, "train_group_loss_2": 13.193990617766614, "train_group_loss_3": 17.943107612567673, "val_group_loss_1": 19.945723640628778, "val_group_loss_2": 14.605255943611471, "val_group_loss_3": 17.967954339946928, "_timestamp": 1726684756.4554398, "_runtime": 9.784485816955566, "_step": 2, "final/reward_err_1": 0.09048303478932684, "final/reward_err_2": 0.0031447836675894607, "final/reward_err_3": 0.05195344088217276, "final/reward_param_1": 8.732574521093518, "final/reward_param_2": 4.227163685878961, "final/reward_param_3": 12.137117411041102, "final/reward_param_4": 5.352003470091995, "optimal_reward_1": 3.784027576446533, "optimal_reward_2": 3.784027576446533, "optimal_reward_3": 3.210723400115967, "final/reward_1": 3.743748664855957, "final/reward_2": 3.5277538299560547, "final/reward_3": 3.210723400115967, "reward_0_when_1_group_param_known": 3.784027576446533, "reward_1_when_1_group_param_known": 3.406392812728882, "reward_2_when_1_group_param_known": 3.1765923500061035, "reward_0_when_2_group_param_known": 3.406392812728882, "reward_1_when_2_group_param_known": 3.784027576446533, "reward_2_when_2_group_param_known": 3.023632764816284, "reward_0_when_3_group_param_known": 3.743748664855957, "reward_1_when_3_group_param_known": 3.5277538299560547, "reward_2_when_3_group_param_known": 3.210723400115967, "reward_error_0_when_1_group_param_known": 0.0, "reward_error_1_when_1_group_param_known": 0.09979704325312472, "reward_error_2_when_1_group_param_known": 0.010630330257857316, "reward_error_0_when_2_group_param_known": 0.09979704325312472, "reward_error_1_when_2_group_param_known": 0.0, "reward_error_2_when_2_group_param_known": 0.058270555256465, "reward_error_0_when_3_group_param_known": 0.010644455088353476, "reward_error_1_when_3_group_param_known": 0.06772512655183595, "reward_error_2_when_3_group_param_known": 0.0, "_wandb": {"runtime": 9}}