{"Iteration": 199, "train_loss": 15.125297595988753, "val_loss": 15.397158719087969, "grad_norm": 0.26497803096528916, "max_reward_err": 0.076316433041719, "max_reward_err_index": 0, "max_kl_dist": 1.1258434621928546, "max_kl_dist_index": 0, "max_train_grp_loss": 21.36235614105053, "max_train_grp_loss_index": 0, "max_val_grp_loss": 20.170961238482523, "max_val_grp_loss_index": 0, "max_cur_train_grp_loss": 21.363309283572605, "max_cur_train_grp_loss_index": 0, "reward_err_1": 0.08827786979500538, "reward_err_2": 0.0028143067644396027, "reward_err_3": 0.047004696951514144, "reward_param_1": 8.594190864435312, "reward_param_2": 3.6962688478845274, "reward_param_3": 8.762081822825484, "reward_param_4": 4.513541496443081, "KL_distance_1": 1.1258434621928546, "KL_distance_2": 0.5607859808804706, "KL_distance_3": 0.8866847535557817, "hist_group_loss_1": 4343.196080313955, "hist_group_loss_2": 2242.2149670336426, "hist_group_loss_3": 4106.779617032187, "cur_group_loss_1": 21.363309283572605, "cur_group_loss_2": 7.541476157457617, "cur_group_loss_3": 19.59587006100841, "train_group_loss_1": 21.36235614105053, "train_group_loss_2": 7.527723488005303, "train_group_loss_3": 19.5912508087907, "val_group_loss_1": 20.170961238482523, "val_group_loss_2": 6.768788768931528, "val_group_loss_3": 18.64179098815189, "_timestamp": 1726697192.812997, "_runtime": 11.750239133834839, "_step": 3, "final/reward_err_1": 0.08827786979500538, "final/reward_err_2": 0.0028143067644396027, "final/reward_err_3": 0.047004696951514144, "final/reward_param_1": 8.594190864435312, "final/reward_param_2": 3.6962688478845274, "final/reward_param_3": 8.762081822825484, "final/reward_param_4": 4.513541496443081, "optimal_reward_1": 3.860621452331543, "optimal_reward_2": 3.860621452331543, "optimal_reward_3": 3.3138341903686523, "final/reward_1": 3.8245344161987305, "final/reward_2": 3.578054666519165, "final/reward_3": 3.3138341903686523, "reward_0_when_1_group_param_known": 3.860621452331543, "reward_1_when_1_group_param_known": 3.4612629413604736, "reward_2_when_1_group_param_known": 3.285645008087158, "reward_0_when_2_group_param_known": 3.4612629413604736, "reward_1_when_2_group_param_known": 3.860621452331543, "reward_2_when_2_group_param_known": 3.115248203277588, "reward_0_when_3_group_param_known": 3.8245344161987305, "reward_1_when_3_group_param_known": 3.578054666519165, "reward_2_when_3_group_param_known": 3.3138341903686523, "reward_error_0_when_1_group_param_known": 0.0, "reward_error_1_when_1_group_param_known": 0.1034440998430149, "reward_error_2_when_1_group_param_known": 0.008506515613672933, "reward_error_0_when_2_group_param_known": 0.1034440998430149, "reward_error_1_when_2_group_param_known": 0.0, "reward_error_2_when_2_group_param_known": 0.0599263498663379, "reward_error_0_when_3_group_param_known": 0.009347468167597338, "reward_error_1_when_3_group_param_known": 0.07319204674722188, "reward_error_2_when_3_group_param_known": 0.0, "_wandb": {"runtime": 11}}