{"Iteration": 99, "train_loss": 16.859583494219788, "val_loss": 16.544811794167597, "grad_norm": 0.36761322449131545, "max_reward_err": 0.035083861385657895, "max_reward_err_index": 0, "max_kl_dist": 0.8617709757188327, "max_kl_dist_index": 0, "max_train_grp_loss": 20.64378049219308, "max_train_grp_loss_index": 0, "max_val_grp_loss": 20.5277411595558, "max_val_grp_loss_index": 0, "max_cur_train_grp_loss": 20.647238217576067, "max_cur_train_grp_loss_index": 0, "reward_err_1": 0.06356460778551624, "reward_err_2": 0.007450145679814653, "reward_err_3": 0.030574445928467843, "reward_param_1": 7.6224634106602105, "reward_param_2": 4.60838917290164, "reward_param_3": 7.659504608644882, "reward_param_4": 3.760977676781156, "KL_distance_1": 0.8617709757188327, "KL_distance_2": 0.4645434092619101, "KL_distance_3": 0.6766072452481585, "hist_group_loss_1": 2088.2479228904, "hist_group_loss_2": 1264.2859720283354, "hist_group_loss_3": 2009.0376174763978, "cur_group_loss_1": 20.647238217576067, "cur_group_loss_2": 10.428970243909943, "cur_group_loss_3": 19.66481323538458, "train_group_loss_1": 20.64378049219308, "train_group_loss_2": 10.398908488866589, "train_group_loss_3": 19.65822140340865, "val_group_loss_1": 20.5277411595558, "val_group_loss_2": 10.080202980661625, "val_group_loss_3": 19.10865245901598, "_timestamp": 1726584726.900393, "_runtime": 7.880753040313721, "_step": 2, "final/reward_err_1": 0.06356460778551624, "final/reward_err_2": 0.007450145679814653, "final/reward_err_3": 0.030574445928467843, "final/reward_param_1": 7.6224634106602105, "final/reward_param_2": 4.60838917290164, "final/reward_param_3": 7.659504608644882, "final/reward_param_4": 3.760977676781156, "optimal_reward_1": 3.879298448562622, "optimal_reward_2": 3.879298448562622, "optimal_reward_3": 3.3300602436065674, "final/reward_1": 3.8373265266418457, "final/reward_2": 3.6485824584960938, "final/reward_3": 3.3300602436065674, "reward_0_when_1_group_param_known": 3.879298448562622, "reward_1_when_1_group_param_known": 3.552269458770752, "reward_2_when_1_group_param_known": 3.2809364795684814, "reward_0_when_2_group_param_known": 3.552269458770752, "reward_1_when_2_group_param_known": 3.879298448562622, "reward_2_when_2_group_param_known": 3.1701314449310303, "reward_0_when_3_group_param_known": 3.8373265266418457, "reward_1_when_3_group_param_known": 3.6485824584960938, "reward_2_when_3_group_param_known": 3.3300602436065674, "reward_error_0_when_1_group_param_known": 0.0, "reward_error_1_when_1_group_param_known": 0.08430106477449359, "reward_error_2_when_1_group_param_known": 0.014751614218511329, "reward_error_0_when_2_group_param_known": 0.08430106477449359, "reward_error_1_when_2_group_param_known": 0.0, "reward_error_2_when_2_group_param_known": 0.04802579742591348, "reward_error_0_when_3_group_param_known": 0.010819461940683636, "reward_error_1_when_3_group_param_known": 0.05947363759857518, "reward_error_2_when_3_group_param_known": 0.0, "_wandb": {"runtime": 7}}