{"Iteration": 99, "train_loss": 16.955103511150217, "val_loss": 16.706967635661435, "grad_norm": 0.004728168762867185, "live_grad": 8.561821867541719e-15, "train_weighted_loss": 50.86531053345064, "val_weighted_loss": 50.120902906984306, "max_reward_err": 0.07805854949130019, "max_reward_err_index": 0, "max_kl_dist": 1.6050823222470036, "max_kl_dist_index": 0, "max_train_grp_loss": 20.35599200155375, "max_train_grp_loss_index": 0, "max_val_grp_loss": 19.437624202910765, "max_val_grp_loss_index": 0, "max_cur_train_grp_loss": 0.18601713735214923, "max_cur_train_grp_loss_index": 2, "reward_err_1": 0.07805854949130019, "reward_err_2": 0.006686353178160602, "reward_err_3": 0.04227704403698672, "KL_distance_1": 1.6050823222470036, "KL_distance_2": 0.9667541164787553, "KL_distance_3": 1.3359559162784362, "reward_param_1": 12.305592578935126, "reward_param_2": 5.902910642631621, "reward_param_3": 8.907353597267578, "reward_param_4": 5.580293969286593, "group_weight_1": 0.3353097091552565, "group_weight_2": 0.3242362763491617, "group_weight_3": 0.3404540144955818, "hist_group_loss_1": 17.151958144298074, "hist_group_loss_2": 13.793746977978767, "hist_group_loss_3": 18.674503536102538, "cur_group_loss_1": 0.17106586956875922, "cur_group_loss_2": 0.13872255070894615, "cur_group_loss_3": 0.18601713735214923, "train_group_loss_1": 20.35599200155375, "train_group_loss_2": 12.486954566881046, "train_group_loss_3": 16.92683619935026, "val_group_loss_1": 19.437624202910765, "val_group_loss_2": 12.955124035614052, "val_group_loss_3": 17.40468244253753, "_timestamp": 1726660225.975588, "_runtime": 9.659651041030884, "_step": 2, "final/reward_err_1": 0.07805854949130019, "final/reward_err_2": 0.006686353178160602, "final/reward_err_3": 0.04227704403698672, "final/reward_param_1": 12.305592578935126, "final/reward_param_2": 5.902910642631621, "final/reward_param_3": 8.907353597267578, "final/reward_param_4": 5.580293969286593, "optimal_reward_1": 3.824658155441284, "optimal_reward_2": 3.824658155441284, "optimal_reward_3": 3.270369529724121, "final/reward_1": 3.789510726928711, "final/reward_2": 3.5579817295074463, "final/reward_3": 3.270369529724121, "reward_0_when_1_group_param_known": 3.824658155441284, "reward_1_when_1_group_param_known": 3.426182508468628, "reward_2_when_1_group_param_known": 3.241102933883667, "reward_0_when_2_group_param_known": 3.426182508468628, "reward_1_when_2_group_param_known": 3.824658155441284, "reward_2_when_2_group_param_known": 3.0655112266540527, "reward_0_when_3_group_param_known": 3.789510726928711, "reward_1_when_3_group_param_known": 3.5579817295074463, "reward_2_when_3_group_param_known": 3.270369529724121, "reward_error_0_when_1_group_param_known": 0.0, "reward_error_1_when_1_group_param_known": 0.10418595094721103, "reward_error_2_when_1_group_param_known": 0.008949018015992507, "reward_error_0_when_2_group_param_known": 0.10418595094721103, "reward_error_1_when_2_group_param_known": 0.0, "reward_error_2_when_2_group_param_known": 0.06264072032476085, "reward_error_0_when_3_group_param_known": 0.009189691492446068, "reward_error_1_when_3_group_param_known": 0.06972555849323195, "reward_error_2_when_3_group_param_known": 0.0, "_wandb": {"runtime": 9}}