{"Iteration": 99, "train_loss": 17.053972320454086, "val_loss": 15.025872711522506, "grad_norm": 0.0131197052502814, "live_grad": 2.5740913483228434e-14, "train_weighted_loss": 51.16191696136226, "val_weighted_loss": 45.07761813456751, "max_reward_err": 0.10048589892533433, "max_reward_err_index": 0, "max_kl_dist": 1.667808839781439, "max_kl_dist_index": 0, "max_train_grp_loss": 20.48384707593007, "max_train_grp_loss_index": 0, "max_val_grp_loss": 20.108264464441596, "max_val_grp_loss_index": 0, "max_cur_train_grp_loss": 0.38514804424891036, "max_cur_train_grp_loss_index": 2, "reward_err_1": 0.10048589892533433, "reward_err_2": 0.0006017053287704115, "reward_err_3": 0.05994035898355792, "KL_distance_1": 1.667808839781439, "KL_distance_2": 0.8484896194372679, "KL_distance_3": 1.3316602924193075, "reward_param_1": 11.676048090494637, "reward_param_2": 3.619596732344846, "reward_param_3": 10.331275064491757, "reward_param_4": 4.7170542347492574, "group_weight_1": 0.3095383291299443, "group_weight_2": 0.297132420404037, "group_weight_3": 0.39332925046601863, "hist_group_loss_1": 14.903607022794674, "hist_group_loss_2": 10.81320430540529, "hist_group_loss_3": 38.860119223770056, "cur_group_loss_1": 0.14844376624549493, "cur_group_loss_2": 0.10876291514397844, "cur_group_loss_3": 0.38514804424891036, "train_group_loss_1": 20.48384707593007, "train_group_loss_2": 12.510870048067748, "train_group_loss_3": 18.099377534682667, "val_group_loss_1": 20.108264464441596, "val_group_loss_2": 6.166775979692421, "val_group_loss_3": 17.687746198929666, "_timestamp": 1726690867.133622, "_runtime": 9.704931020736694, "_step": 2, "final/reward_err_1": 0.10048589892533433, "final/reward_err_2": 0.0006017053287704115, "final/reward_err_3": 0.05994035898355792, "final/reward_param_1": 11.676048090494637, "final/reward_param_2": 3.619596732344846, "final/reward_param_3": 10.331275064491757, "final/reward_param_4": 4.7170542347492574, "optimal_reward_1": 3.869661331176758, "optimal_reward_2": 3.869661331176758, "optimal_reward_3": 3.3746607303619385, "final/reward_1": 3.832443952560425, "final/reward_2": 3.602559804916382, "final/reward_3": 3.3746607303619385, "reward_0_when_1_group_param_known": 3.869661331176758, "reward_1_when_1_group_param_known": 3.4677367210388184, "reward_2_when_1_group_param_known": 3.334665060043335, "reward_0_when_2_group_param_known": 3.4677367210388184, "reward_1_when_2_group_param_known": 3.869661331176758, "reward_2_when_2_group_param_known": 3.163583993911743, "reward_0_when_3_group_param_known": 3.832443952560425, "reward_1_when_3_group_param_known": 3.602559804916382, "reward_2_when_3_group_param_known": 3.3746607303619385, "reward_error_0_when_1_group_param_known": 0.0, "reward_error_1_when_1_group_param_known": 0.1038655778219524, "reward_error_2_when_1_group_param_known": 0.011851760373646185, "reward_error_0_when_2_group_param_known": 0.1038655778219524, "reward_error_1_when_2_group_param_known": 0.0, "reward_error_2_when_2_group_param_known": 0.06254754279478546, "reward_error_0_when_3_group_param_known": 0.00961773536006451, "reward_error_1_when_3_group_param_known": 0.06902452266517878, "reward_error_2_when_3_group_param_known": 0.0, "_wandb": {"runtime": 9}}