{"Iteration": 99, "train_loss": 18.3590731607842, "val_loss": 18.691818533653056, "grad_norm": 0.3710716879639434, "max_reward_err": 0.0524404307569774, "max_reward_err_index": 1, "max_kl_dist": 0.5314205255000777, "max_kl_dist_index": 0, "max_train_grp_loss": 20.79641648450814, "max_train_grp_loss_index": 0, "max_val_grp_loss": 20.48932229742464, "max_val_grp_loss_index": 0, "max_cur_train_grp_loss": 20.805545985149724, "max_cur_train_grp_loss_index": 0, "reward_err_1": 0.0606254820799506, "reward_err_2": 0.012099829644133232, "reward_err_3": 0.026318740429245615, "reward_param_1": 5.698290437148232, "reward_param_2": 3.9883893761212494, "reward_param_3": 5.808135256591131, "reward_param_4": 3.3938172094076227, "KL_distance_1": 0.5314205255000777, "KL_distance_2": 0.25948572917709034, "KL_distance_3": 0.38579047882833745, "hist_group_loss_1": 2147.9809954666084, "hist_group_loss_2": 1704.5779399426606, "hist_group_loss_3": 2012.884278855609, "cur_group_loss_1": 20.805545985149724, "cur_group_loss_2": 15.663669060623356, "cur_group_loss_3": 19.045696090904848, "train_group_loss_1": 20.79641648450814, "train_group_loss_2": 15.648169447434217, "train_group_loss_3": 19.029856377961988, "val_group_loss_1": 20.48932229742464, "val_group_loss_2": 15.349763205543054, "val_group_loss_3": 19.901560700138184, "_timestamp": 1726603639.917099, "_runtime": 7.9713521003723145, "_step": 2, "final/reward_err_1": 0.0606254820799506, "final/reward_err_2": 0.012099829644133232, "final/reward_err_3": 0.026318740429245615, "final/reward_param_1": 5.698290437148232, "final/reward_param_2": 3.9883893761212494, "final/reward_param_3": 5.808135256591131, "final/reward_param_4": 3.3938172094076227, "optimal_reward_1": 3.793292999267578, "optimal_reward_2": 3.793292999267578, "optimal_reward_3": 3.287027359008789, "final/reward_1": 3.759493589401245, "final/reward_2": 3.5484824180603027, "final/reward_3": 3.287027359008789, "reward_0_when_1_group_param_known": 3.793292999267578, "reward_1_when_1_group_param_known": 3.4222915172576904, "reward_2_when_1_group_param_known": 3.2522172927856445, "reward_0_when_2_group_param_known": 3.4222915172576904, "reward_1_when_2_group_param_known": 3.793292999267578, "reward_2_when_2_group_param_known": 3.1010961532592773, "reward_0_when_3_group_param_known": 3.759493589401245, "reward_1_when_3_group_param_known": 3.5484824180603027, "reward_2_when_3_group_param_known": 3.287027359008789, "reward_error_0_when_1_group_param_known": 0.0, "reward_error_1_when_1_group_param_known": 0.0978045940773681, "reward_error_2_when_1_group_param_known": 0.010590135834355084, "reward_error_0_when_2_group_param_known": 0.0978045940773681, "reward_error_1_when_2_group_param_known": 0.0, "reward_error_2_when_2_group_param_known": 0.0565651530827476, "reward_error_0_when_3_group_param_known": 0.008910308239532014, "reward_error_1_when_3_group_param_known": 0.0645377462944582, "reward_error_2_when_3_group_param_known": 0.0, "_wandb": {"runtime": 7}}