{"Iteration": 99, "train_loss": 17.646862852986246, "val_loss": 16.594016440110273, "grad_norm": 0.010802829229665977, "live_grad": 1.2268843526489542e-14, "train_weighted_loss": 52.94058855895874, "val_weighted_loss": 49.78204932033082, "max_reward_err": 0.09827154980122027, "max_reward_err_index": 0, "max_kl_dist": 1.4461660592169554, "max_kl_dist_index": 0, "max_train_grp_loss": 23.17112563469784, "max_train_grp_loss_index": 0, "max_val_grp_loss": 21.25204481779876, "max_val_grp_loss_index": 0, "max_cur_train_grp_loss": 0.2317262509519207, "max_cur_train_grp_loss_index": 0, "reward_err_1": 0.09827154980122027, "reward_err_2": 0.002094887510231219, "reward_err_3": 0.05920144117746898, "KL_distance_1": 1.4461660592169554, "KL_distance_2": 0.7774614169106145, "KL_distance_3": 1.1674536919131133, "reward_param_1": 8.782443275757213, "reward_param_2": 5.4011803438763195, "reward_param_3": 11.459658902993594, "reward_param_4": 2.599639343471379, "group_weight_1": 0.35054518743856217, "group_weight_2": 0.3079479779999658, "group_weight_3": 0.341506834561472, "hist_group_loss_1": 23.239796175772735, "hist_group_loss_2": 10.283920691141823, "hist_group_loss_3": 20.627603296875435, "cur_group_loss_1": 0.2317262509519207, "cur_group_loss_2": 0.10321078347452743, "cur_group_loss_3": 0.20564642923967918, "train_group_loss_1": 23.17112563469784, "train_group_loss_2": 10.942675956695595, "train_group_loss_3": 19.33002809591868, "val_group_loss_1": 21.25204481779876, "val_group_loss_2": 9.222420446976574, "val_group_loss_3": 19.36717932009731, "_timestamp": 1726607047.458965, "_runtime": 9.450773000717163, "_step": 2, "final/reward_err_1": 0.09827154980122027, "final/reward_err_2": 0.002094887510231219, "final/reward_err_3": 0.05920144117746898, "final/reward_param_1": 8.782443275757213, "final/reward_param_2": 5.4011803438763195, "final/reward_param_3": 11.459658902993594, "final/reward_param_4": 2.599639343471379, "optimal_reward_1": 3.867140769958496, "optimal_reward_2": 3.867140769958496, "optimal_reward_3": 3.3081343173980713, "final/reward_1": 3.833752155303955, "final/reward_2": 3.6075756549835205, "final/reward_3": 3.3081343173980713, "reward_0_when_1_group_param_known": 3.867140769958496, "reward_1_when_1_group_param_known": 3.49029541015625, "reward_2_when_1_group_param_known": 3.2803642749786377, "reward_0_when_2_group_param_known": 3.49029541015625, "reward_1_when_2_group_param_known": 3.867140769958496, "reward_2_when_2_group_param_known": 3.118959903717041, "reward_0_when_3_group_param_known": 3.833752155303955, "reward_1_when_3_group_param_known": 3.6075756549835205, "reward_2_when_3_group_param_known": 3.3081343173980713, "reward_error_0_when_1_group_param_known": 0.0, "reward_error_1_when_1_group_param_known": 0.09744805845438374, "reward_error_2_when_1_group_param_known": 0.00839447245941193, "reward_error_0_when_2_group_param_known": 0.09744805845438374, "reward_error_1_when_2_group_param_known": 0.0, "reward_error_2_when_2_group_param_known": 0.05718462297196584, "reward_error_0_when_3_group_param_known": 0.008633927917472566, "reward_error_1_when_3_group_param_known": 0.06712067918276514, "reward_error_2_when_3_group_param_known": 0.0, "_wandb": {"runtime": 9}}