{"Iteration": 99, "train_loss": 13.385610595248599, "val_loss": 14.570246630275383, "grad_norm": 0.016837420073107845, "live_grad": 2.7796623514539474e-14, "train_weighted_loss": 40.1568317857458, "val_weighted_loss": 43.71073989082615, "max_reward_err": 0.10274235285218983, "max_reward_err_index": 0, "max_kl_dist": 2.2253069244723034, "max_kl_dist_index": 0, "max_train_grp_loss": 17.815966965280367, "max_train_grp_loss_index": 2, "max_val_grp_loss": 19.48078052121116, "max_val_grp_loss_index": 0, "max_cur_train_grp_loss": 0.37910974744267634, "max_cur_train_grp_loss_index": 2, "reward_err_1": 0.10274235285218983, "reward_err_2": 5.6326652992288445e-06, "reward_err_3": 0.05976115954838325, "KL_distance_1": 2.2253069244723034, "KL_distance_2": 1.2898218705171693, "KL_distance_3": 1.8248545820643758, "reward_param_1": 13.801889011392264, "reward_param_2": 4.888985491560872, "reward_param_3": 13.266628819837473, "reward_param_4": 4.12838604499586, "group_weight_1": 0.31063083543086906, "group_weight_2": 0.2890635101249803, "group_weight_3": 0.4003056544441506, "hist_group_loss_1": 12.824945018538093, "hist_group_loss_2": 5.629068960264772, "hist_group_loss_3": 38.187265883059645, "cur_group_loss_1": 0.12738765117839757, "cur_group_loss_2": 0.05687715052796738, "cur_group_loss_3": 0.37910974744267634, "train_group_loss_1": 17.577582669386064, "train_group_loss_2": 6.544576720270654, "train_group_loss_3": 17.815966965280367, "val_group_loss_1": 19.48078052121116, "val_group_loss_2": 6.670573021510775, "val_group_loss_3": 16.71281606327989, "_timestamp": 1726682822.881283, "_runtime": 9.93637204170227, "_step": 2, "final/reward_err_1": 0.10274235285218983, "final/reward_err_2": 5.6326652992288445e-06, "final/reward_err_3": 0.05976115954838325, "final/reward_param_1": 13.801889011392264, "final/reward_param_2": 4.888985491560872, "final/reward_param_3": 13.266628819837473, "final/reward_param_4": 4.12838604499586, "optimal_reward_1": 3.8518338203430176, "optimal_reward_2": 3.8518338203430176, "optimal_reward_3": 3.297445297241211, "final/reward_1": 3.8126895427703857, "final/reward_2": 3.589339256286621, "final/reward_3": 3.297445297241211, "reward_0_when_1_group_param_known": 3.8518338203430176, "reward_1_when_1_group_param_known": 3.4604334831237793, "reward_2_when_1_group_param_known": 3.266357421875, "reward_0_when_2_group_param_known": 3.4604334831237793, "reward_1_when_2_group_param_known": 3.8518338203430176, "reward_2_when_2_group_param_known": 3.1038687229156494, "reward_0_when_3_group_param_known": 3.8126895427703857, "reward_1_when_3_group_param_known": 3.589339256286621, "reward_2_when_3_group_param_known": 3.297445297241211, "reward_error_0_when_1_group_param_known": 0.0, "reward_error_1_when_1_group_param_known": 0.10161402476713881, "reward_error_2_when_1_group_param_known": 0.009427866898116682, "reward_error_0_when_2_group_param_known": 0.10161402476713881, "reward_error_1_when_2_group_param_known": 0.0, "reward_error_2_when_2_group_param_known": 0.058705014602521616, "reward_error_0_when_3_group_param_known": 0.010162504250805377, "reward_error_1_when_3_group_param_known": 0.06814794622500629, "reward_error_2_when_3_group_param_known": 0.0, "_wandb": {"runtime": 9}}