{"Iteration": 199, "train_loss": 15.999362327699885, "val_loss": 15.56982252912024, "grad_norm": 0.22026219990150955, "max_reward_err": 0.0728345840769591, "max_reward_err_index": 0, "max_kl_dist": 0.9551567995944628, "max_kl_dist_index": 0, "max_train_grp_loss": 19.452120653408997, "max_train_grp_loss_index": 0, "max_val_grp_loss": 19.416691966089946, "max_val_grp_loss_index": 0, "max_cur_train_grp_loss": 19.45574322666937, "max_cur_train_grp_loss_index": 0, "reward_err_1": 0.07914093380532883, "reward_err_2": 0.01091229868104615, "reward_err_3": 0.040129875244008316, "reward_param_1": 6.462906147968598, "reward_param_2": 3.637003835386342, "reward_param_3": 9.077181748256526, "reward_param_4": 5.216460094264579, "KL_distance_1": 0.9551567995944628, "KL_distance_2": 0.5076823692688912, "KL_distance_3": 0.7604073894949798, "hist_group_loss_1": 4090.5377580621002, "hist_group_loss_2": 2596.873164546943, "hist_group_loss_3": 3929.8100952776226, "cur_group_loss_1": 19.45574322666937, "cur_group_loss_2": 11.074380455184235, "cur_group_loss_3": 17.932197368843056, "train_group_loss_1": 19.452120653408997, "train_group_loss_2": 11.06958926194173, "train_group_loss_3": 17.923686872685643, "val_group_loss_1": 19.416691966089946, "val_group_loss_2": 7.729930320171432, "val_group_loss_3": 18.983259053853555, "_timestamp": 1726697568.836097, "_runtime": 11.589601993560791, "_step": 3, "final/reward_err_1": 0.07914093380532883, "final/reward_err_2": 0.01091229868104615, "final/reward_err_3": 0.040129875244008316, "final/reward_param_1": 6.462906147968598, "final/reward_param_2": 3.637003835386342, "final/reward_param_3": 9.077181748256526, "final/reward_param_4": 5.216460094264579, "optimal_reward_1": 3.863293409347534, "optimal_reward_2": 3.863293409347534, "optimal_reward_3": 3.305746555328369, "final/reward_1": 3.8207428455352783, "final/reward_2": 3.5901966094970703, "final/reward_3": 3.305746555328369, "reward_0_when_1_group_param_known": 3.863293409347534, "reward_1_when_1_group_param_known": 3.4657766819000244, "reward_2_when_1_group_param_known": 3.2736518383026123, "reward_0_when_2_group_param_known": 3.4657766819000244, "reward_1_when_2_group_param_known": 3.863293409347534, "reward_2_when_2_group_param_known": 3.112474203109741, "reward_0_when_3_group_param_known": 3.8207428455352783, "reward_1_when_3_group_param_known": 3.5901966094970703, "reward_2_when_3_group_param_known": 3.305746555328369, "reward_error_0_when_1_group_param_known": 0.0, "reward_error_1_when_1_group_param_known": 0.10289581590818021, "reward_error_2_when_1_group_param_known": 0.00970876517258256, "reward_error_0_when_2_group_param_known": 0.10289581590818021, "reward_error_1_when_2_group_param_known": 0.0, "reward_error_2_when_2_group_param_known": 0.058465568664694455, "reward_error_0_when_3_group_param_known": 0.011014064763836345, "reward_error_1_when_3_group_param_known": 0.07069015239424613, "reward_error_2_when_3_group_param_known": 0.0, "_wandb": {"runtime": 11}}