{"Iteration": 99, "train_loss": 14.309887163254464, "val_loss": 14.434161198597224, "grad_norm": 0.013928703225143476, "live_grad": 2.5660145992626975e-14, "train_weighted_loss": 42.92966148976339, "val_weighted_loss": 43.30248359579167, "max_reward_err": 0.1105349173906213, "max_reward_err_index": 0, "max_kl_dist": 2.027466283969512, "max_kl_dist_index": 0, "max_train_grp_loss": 20.841896619936605, "max_train_grp_loss_index": 0, "max_val_grp_loss": 19.84217169332871, "max_val_grp_loss_index": 0, "max_cur_train_grp_loss": 0.20844002370184317, "max_cur_train_grp_loss_index": 0, "reward_err_1": 0.1105349173906213, "reward_err_2": 0.0003336016348321853, "reward_err_3": 0.06795009617406544, "KL_distance_1": 2.027466283969512, "KL_distance_2": 1.1634110911962467, "KL_distance_3": 1.6856649303695501, "reward_param_1": 10.692128916235895, "reward_param_2": 4.701331529477064, "reward_param_3": 14.532422568639891, "reward_param_4": 4.8356856943536375, "group_weight_1": 0.3540108867761503, "group_weight_2": 0.30407286509214704, "group_weight_3": 0.34191624813170257, "hist_group_loss_1": 20.96501690255357, "hist_group_loss_2": 5.758986324850097, "hist_group_loss_3": 17.488832132842465, "cur_group_loss_1": 0.20844002370184317, "cur_group_loss_2": 0.05840901236726395, "cur_group_loss_3": 0.173357414709878, "train_group_loss_1": 20.841896619936605, "train_group_loss_2": 6.137136598815975, "train_group_loss_3": 16.46712783270528, "val_group_loss_1": 19.84217169332871, "val_group_loss_2": 5.917343818713859, "val_group_loss_3": 17.677299245453195, "_timestamp": 1726659507.1929522, "_runtime": 9.596977233886719, "_step": 2, "final/reward_err_1": 0.1105349173906213, "final/reward_err_2": 0.0003336016348321853, "final/reward_err_3": 0.06795009617406544, "final/reward_param_1": 10.692128916235895, "final/reward_param_2": 4.701331529477064, "final/reward_param_3": 14.532422568639891, "final/reward_param_4": 4.8356856943536375, "optimal_reward_1": 3.8835737705230713, "optimal_reward_2": 3.8835737705230713, "optimal_reward_3": 3.3118627071380615, "final/reward_1": 3.8489270210266113, "final/reward_2": 3.5929198265075684, "final/reward_3": 3.3118627071380615, "reward_0_when_1_group_param_known": 3.8835737705230713, "reward_1_when_1_group_param_known": 3.457217216491699, "reward_2_when_1_group_param_known": 3.288090705871582, "reward_0_when_2_group_param_known": 3.457217216491699, "reward_1_when_2_group_param_known": 3.8835737705230713, "reward_2_when_2_group_param_known": 3.0940170288085938, "reward_0_when_3_group_param_known": 3.8489270210266113, "reward_1_when_3_group_param_known": 3.5929198265075684, "reward_2_when_3_group_param_known": 3.3118627071380615, "reward_error_0_when_1_group_param_known": 0.0, "reward_error_1_when_1_group_param_known": 0.10978458997418425, "reward_error_2_when_1_group_param_known": 0.007177834158174392, "reward_error_0_when_2_group_param_known": 0.10978458997418425, "reward_error_1_when_2_group_param_known": 0.0, "reward_error_2_when_2_group_param_known": 0.06577738801187161, "reward_error_0_when_3_group_param_known": 0.00892135737434272, "reward_error_1_when_3_group_param_known": 0.07484187534214273, "reward_error_2_when_3_group_param_known": 0.0, "_wandb": {"runtime": 9}}