{"Iteration": 199, "train_loss": 17.651620926233317, "val_loss": 14.700789381073333, "grad_norm": 0.011917764138682946, "live_grad": 3.671751098555502e-14, "train_weighted_loss": 52.95486277869995, "val_weighted_loss": 44.10236814322, "max_reward_err": 0.07458462777101393, "max_reward_err_index": 0, "max_kl_dist": 1.2814396049665229, "max_kl_dist_index": 0, "max_train_grp_loss": 18.9873485016411, "max_train_grp_loss_index": 0, "max_val_grp_loss": 19.373547798326804, "max_val_grp_loss_index": 0, "max_cur_train_grp_loss": 0.27117119137875284, "max_cur_train_grp_loss_index": 2, "reward_err_1": 0.07458462777101393, "reward_err_2": 0.007661458135081247, "reward_err_3": 0.03996867994075781, "KL_distance_1": 1.2814396049665229, "KL_distance_2": 0.7406139178772149, "KL_distance_3": 1.035264494867753, "reward_param_1": 8.82062296531465, "reward_param_2": 4.021705142849613, "reward_param_3": 10.04967231587908, "reward_param_4": 5.738497991096905, "group_weight_1": 0.3060644239247864, "group_weight_2": 0.30357062754874503, "group_weight_3": 0.3903649485264686, "hist_group_loss_1": 30.259614073082908, "hist_group_loss_2": 29.44148188728221, "hist_group_loss_3": 54.588259225668864, "cur_group_loss_1": 0.15069858024773192, "cur_group_loss_2": 0.1483255706805216, "cur_group_loss_3": 0.27117119137875284, "train_group_loss_1": 18.9873485016411, "train_group_loss_2": 16.61390710061844, "train_group_loss_3": 16.811657603128243, "val_group_loss_1": 19.373547798326804, "val_group_loss_2": 6.686212272604023, "val_group_loss_3": 18.170134631402888, "_timestamp": 1726693282.7460191, "_runtime": 14.216306209564209, "_step": 3, "final/reward_err_1": 0.07458462777101393, "final/reward_err_2": 0.007661458135081247, "final/reward_err_3": 0.03996867994075781, "final/reward_param_1": 8.82062296531465, "final/reward_param_2": 4.021705142849613, "final/reward_param_3": 10.04967231587908, "final/reward_param_4": 5.738497991096905, "optimal_reward_1": 3.7643983364105225, "optimal_reward_2": 3.7643983364105225, "optimal_reward_3": 3.2276272773742676, "final/reward_1": 3.725473642349243, "final/reward_2": 3.5370585918426514, "final/reward_3": 3.2276272773742676, "reward_0_when_1_group_param_known": 3.7643983364105225, "reward_1_when_1_group_param_known": 3.4167792797088623, "reward_2_when_1_group_param_known": 3.185643196105957, "reward_0_when_2_group_param_known": 3.4167792797088623, "reward_1_when_2_group_param_known": 3.7643983364105225, "reward_2_when_2_group_param_known": 3.0518436431884766, "reward_0_when_3_group_param_known": 3.725473642349243, "reward_1_when_3_group_param_known": 3.5370585918426514, "reward_2_when_3_group_param_known": 3.2276272773742676, "reward_error_0_when_1_group_param_known": 0.0, "reward_error_1_when_1_group_param_known": 0.09234385568056709, "reward_error_2_when_1_group_param_known": 0.013007722906117384, "reward_error_0_when_2_group_param_known": 0.09234385568056709, "reward_error_1_when_2_group_param_known": 0.0, "reward_error_2_when_2_group_param_known": 0.05446218509120859, "reward_error_0_when_3_group_param_known": 0.010340216571871954, "reward_error_1_when_3_group_param_known": 0.06039205319186466, "reward_error_2_when_3_group_param_known": 0.0, "_wandb": {"runtime": 14}}