{"Iteration": 99, "train_loss": 18.222591397727093, "val_loss": 19.1340279120887, "grad_norm": 0.004007532539197156, "live_grad": 3.8430117818946196e-14, "train_weighted_loss": 54.66777419318127, "val_weighted_loss": 57.40208373626611, "max_reward_err": 0.09909048017558385, "max_reward_err_index": 0, "max_kl_dist": 1.4473515975984692, "max_kl_dist_index": 0, "max_train_grp_loss": 19.680441895981843, "max_train_grp_loss_index": 0, "max_val_grp_loss": 21.219020932881513, "max_val_grp_loss_index": 0, "max_cur_train_grp_loss": 0.2093731110285758, "max_cur_train_grp_loss_index": 0, "reward_err_1": 0.09909048017558385, "reward_err_2": 0.00042194058806101025, "reward_err_3": 0.0565897939357911, "KL_distance_1": 1.4473515975984692, "KL_distance_2": 0.6923523294451119, "KL_distance_3": 1.1509241595207564, "reward_param_1": 10.590071982132988, "reward_param_2": 3.9102425493650648, "reward_param_3": 9.230332814836798, "reward_param_4": 3.5778557564889306, "group_weight_1": 0.3418279977161533, "group_weight_2": 0.3241448121728055, "group_weight_3": 0.33402719011104115, "hist_group_loss_1": 20.986245194120208, "hist_group_loss_2": 15.674513913521132, "hist_group_loss_3": 18.677716922653456, "cur_group_loss_1": 0.2093731110285758, "cur_group_loss_2": 0.15710515968655575, "cur_group_loss_3": 0.1861739547457403, "train_group_loss_1": 19.680441895981843, "train_group_loss_2": 17.282689540660634, "train_group_loss_3": 17.872083662741293, "val_group_loss_1": 21.219020932881513, "val_group_loss_2": 17.070368812523668, "val_group_loss_3": 18.954648939212138, "_timestamp": 1726668374.060349, "_runtime": 9.419398069381714, "_step": 2, "final/reward_err_1": 0.09909048017558385, "final/reward_err_2": 0.00042194058806101025, "final/reward_err_3": 0.0565897939357911, "final/reward_param_1": 10.590071982132988, "final/reward_param_2": 3.9102425493650648, "final/reward_param_3": 9.230332814836798, "final/reward_param_4": 3.5778557564889306, "optimal_reward_1": 3.8440520763397217, "optimal_reward_2": 3.8440520763397217, "optimal_reward_3": 3.3031394481658936, "final/reward_1": 3.806739330291748, "final/reward_2": 3.5654454231262207, "final/reward_3": 3.3031394481658936, "reward_0_when_1_group_param_known": 3.8440520763397217, "reward_1_when_1_group_param_known": 3.454845666885376, "reward_2_when_1_group_param_known": 3.27467942237854, "reward_0_when_2_group_param_known": 3.454845666885376, "reward_1_when_2_group_param_known": 3.8440520763397217, "reward_2_when_2_group_param_known": 3.1118218898773193, "reward_0_when_3_group_param_known": 3.806739330291748, "reward_1_when_3_group_param_known": 3.5654454231262207, "reward_2_when_3_group_param_known": 3.3031394481658936, "reward_error_0_when_1_group_param_known": 0.0, "reward_error_1_when_1_group_param_known": 0.10124899499929386, "reward_error_2_when_1_group_param_known": 0.008616053374057906, "reward_error_0_when_2_group_param_known": 0.10124899499929386, "reward_error_1_when_2_group_param_known": 0.0, "reward_error_2_when_2_group_param_known": 0.057919915671379094, "reward_error_0_when_3_group_param_known": 0.009706618252555662, "reward_error_1_when_3_group_param_known": 0.07247733581143058, "reward_error_2_when_3_group_param_known": 0.0, "_wandb": {"runtime": 9}}