{"Iteration": 99, "train_loss": 21.659250374986424, "val_loss": 21.545325646308008, "grad_norm": 0.27064030867341704, "max_reward_err": 0.07417139201722467, "max_reward_err_index": 1, "max_kl_dist": 0.35053132762800854, "max_kl_dist_index": 0, "max_train_grp_loss": 23.530547379648834, "max_train_grp_loss_index": 2, "max_val_grp_loss": 23.635600451589447, "max_val_grp_loss_index": 0, "max_cur_train_grp_loss": 23.531194953291042, "max_cur_train_grp_loss_index": 2, "reward_err_1": 0.07981256430251014, "reward_err_2": 0.029071764237435623, "reward_err_3": 0.04588466376407766, "reward_param_1": 3.2928342993951003, "reward_param_2": 2.3490560215829968, "reward_param_3": 5.418446520596472, "reward_param_4": 3.7963451854672705, "KL_distance_1": 0.35053132762800854, "KL_distance_2": 0.1572218483326396, "KL_distance_3": 0.24140155168425134, "hist_group_loss_1": 2315.7562130835936, "hist_group_loss_2": 2018.6409500696293, "hist_group_loss_3": 2358.065853843056, "cur_group_loss_1": 23.202324188517526, "cur_group_loss_2": 18.53003132970313, "cur_group_loss_3": 23.531194953291042, "train_group_loss_1": 23.20309951429441, "train_group_loss_2": 18.509356423213177, "train_group_loss_3": 23.530547379648834, "val_group_loss_1": 23.635600451589447, "val_group_loss_2": 17.883897352602553, "val_group_loss_3": 23.101827674870776, "_timestamp": 1726610856.798511, "_runtime": 8.022694110870361, "_step": 2, "final/reward_err_1": 0.07981256430251014, "final/reward_err_2": 0.029071764237435623, "final/reward_err_3": 0.04588466376407766, "final/reward_param_1": 3.2928342993951003, "final/reward_param_2": 2.3490560215829968, "final/reward_param_3": 5.418446520596472, "final/reward_param_4": 3.7963451854672705, "optimal_reward_1": 3.798604965209961, "optimal_reward_2": 3.798604965209961, "optimal_reward_3": 3.283627510070801, "final/reward_1": 3.7635128498077393, "final/reward_2": 3.557292938232422, "final/reward_3": 3.283627510070801, "reward_0_when_1_group_param_known": 3.798604965209961, "reward_1_when_1_group_param_known": 3.430420160293579, "reward_2_when_1_group_param_known": 3.2498695850372314, "reward_0_when_2_group_param_known": 3.430420160293579, "reward_1_when_2_group_param_known": 3.798604965209961, "reward_2_when_2_group_param_known": 3.1003451347351074, "reward_0_when_3_group_param_known": 3.7635128498077393, "reward_1_when_3_group_param_known": 3.557292938232422, "reward_2_when_3_group_param_known": 3.283627510070801, "reward_error_0_when_1_group_param_known": 0.0, "reward_error_1_when_1_group_param_known": 0.09692632118592281, "reward_error_2_when_1_group_param_known": 0.01028068041519163, "reward_error_0_when_2_group_param_known": 0.09692632118592281, "reward_error_1_when_2_group_param_known": 0.0, "reward_error_2_when_2_group_param_known": 0.05581704221126515, "reward_error_0_when_3_group_param_known": 0.009238158672359349, "reward_error_1_when_3_group_param_known": 0.0635264864832295, "reward_error_2_when_3_group_param_known": 0.0, "_wandb": {"runtime": 7}}