{"Iteration": 99, "train_loss": 15.169043028941, "val_loss": 14.733143368711538, "grad_norm": 0.015226236845207986, "live_grad": 2.9472876010656305e-14, "train_weighted_loss": 45.507129086823, "val_weighted_loss": 44.19943010613461, "max_reward_err": 0.09553496547325294, "max_reward_err_index": 0, "max_kl_dist": 1.6129359045111655, "max_kl_dist_index": 0, "max_train_grp_loss": 19.04523838052363, "max_train_grp_loss_index": 0, "max_val_grp_loss": 19.254104769710253, "max_val_grp_loss_index": 0, "max_cur_train_grp_loss": 0.4309115675722686, "max_cur_train_grp_loss_index": 2, "reward_err_1": 0.09553496547325294, "reward_err_2": 0.0012071030012749723, "reward_err_3": 0.05854197513514883, "KL_distance_1": 1.6129359045111655, "KL_distance_2": 0.8352773793612385, "KL_distance_3": 1.300463264973338, "reward_param_1": 12.164956769721, "reward_param_2": 3.7073187297063512, "reward_param_3": 9.024516398563977, "reward_param_4": 4.990647941057394, "group_weight_1": 0.30811010461846094, "group_weight_2": 0.2851625881218516, "group_weight_3": 0.4067273072596876, "hist_group_loss_1": 15.6997400797039, "hist_group_loss_2": 7.959970141987718, "hist_group_loss_3": 43.468315333247205, "cur_group_loss_1": 0.1561211615765604, "cur_group_loss_2": 0.08005682861732236, "cur_group_loss_3": 0.4309115675722686, "train_group_loss_1": 19.04523838052363, "train_group_loss_2": 10.970287692003573, "train_group_loss_3": 17.664985669607983, "val_group_loss_1": 19.254104769710253, "val_group_loss_2": 6.5590615601216085, "val_group_loss_3": 18.078982576361565, "_timestamp": 1726690420.663897, "_runtime": 9.900227069854736, "_step": 2, "final/reward_err_1": 0.09553496547325294, "final/reward_err_2": 0.0012071030012749723, "final/reward_err_3": 0.05854197513514883, "final/reward_param_1": 12.164956769721, "final/reward_param_2": 3.7073187297063512, "final/reward_param_3": 9.024516398563977, "final/reward_param_4": 4.990647941057394, "optimal_reward_1": 3.7869174480438232, "optimal_reward_2": 3.7869174480438232, "optimal_reward_3": 3.255725145339966, "final/reward_1": 3.7558434009552, "final/reward_2": 3.5533955097198486, "final/reward_3": 3.255725145339966, "reward_0_when_1_group_param_known": 3.7869174480438232, "reward_1_when_1_group_param_known": 3.424971103668213, "reward_2_when_1_group_param_known": 3.222290515899658, "reward_0_when_2_group_param_known": 3.424971103668213, "reward_1_when_2_group_param_known": 3.7869174480438232, "reward_2_when_2_group_param_known": 3.0696070194244385, "reward_0_when_3_group_param_known": 3.7558434009552, "reward_1_when_3_group_param_known": 3.5533955097198486, "reward_2_when_3_group_param_known": 3.255725145339966, "reward_error_0_when_1_group_param_known": 0.0, "reward_error_1_when_1_group_param_known": 0.09557809203434788, "reward_error_2_when_1_group_param_known": 0.010269487732453024, "reward_error_0_when_2_group_param_known": 0.09557809203434788, "reward_error_1_when_2_group_param_known": 0.0, "reward_error_2_when_2_group_param_known": 0.057166412275902585, "reward_error_0_when_3_group_param_known": 0.00820563096897576, "reward_error_1_when_3_group_param_known": 0.0616654420192347, "reward_error_2_when_3_group_param_known": 0.0, "_wandb": {"runtime": 9}}