{"Iteration": 99, "train_loss": 18.14658180324713, "val_loss": 18.899234750103822, "grad_norm": 0.34781085377281745, "max_reward_err": 0.08579027002942569, "max_reward_err_index": 0, "max_kl_dist": 0.6494686506082104, "max_kl_dist_index": 0, "max_train_grp_loss": 20.427262390064975, "max_train_grp_loss_index": 0, "max_val_grp_loss": 20.871338493835996, "max_val_grp_loss_index": 0, "max_cur_train_grp_loss": 20.44028655352683, "max_cur_train_grp_loss_index": 0, "reward_err_1": 0.072635471104964, "reward_err_2": 0.006195298697039176, "reward_err_3": 0.03593076952787856, "reward_param_1": 6.235214331274044, "reward_param_2": 3.4232017387887916, "reward_param_3": 6.724504901344027, "reward_param_4": 3.847236695156952, "KL_distance_1": 0.6494686506082104, "KL_distance_2": 0.3061673852012347, "KL_distance_3": 0.4874567706379107, "hist_group_loss_1": 2131.8551105402485, "hist_group_loss_2": 1616.0972803040906, "hist_group_loss_3": 2021.8703576899375, "cur_group_loss_1": 20.44028655352683, "cur_group_loss_2": 15.243395918065941, "cur_group_loss_3": 19.14494096389165, "train_group_loss_1": 20.427262390064975, "train_group_loss_2": 15.234143412124215, "train_group_loss_3": 19.12877184750805, "val_group_loss_1": 20.871338493835996, "val_group_loss_2": 16.23658497967986, "val_group_loss_3": 19.600685546180298, "_timestamp": 1726684369.7376409, "_runtime": 8.954629898071289, "_step": 2, "final/reward_err_1": 0.072635471104964, "final/reward_err_2": 0.006195298697039176, "final/reward_err_3": 0.03593076952787856, "final/reward_param_1": 6.235214331274044, "final/reward_param_2": 3.4232017387887916, "final/reward_param_3": 6.724504901344027, "final/reward_param_4": 3.847236695156952, "optimal_reward_1": 3.852689266204834, "optimal_reward_2": 3.852689266204834, "optimal_reward_3": 3.3024346828460693, "final/reward_1": 3.8164188861846924, "final/reward_2": 3.5882885456085205, "final/reward_3": 3.3024346828460693, "reward_0_when_1_group_param_known": 3.852689266204834, "reward_1_when_1_group_param_known": 3.475465774536133, "reward_2_when_1_group_param_known": 3.27390193939209, "reward_0_when_2_group_param_known": 3.475465774536133, "reward_1_when_2_group_param_known": 3.852689266204834, "reward_2_when_2_group_param_known": 3.1151528358459473, "reward_0_when_3_group_param_known": 3.8164188861846924, "reward_1_when_3_group_param_known": 3.5882885456085205, "reward_2_when_3_group_param_known": 3.3024346828460693, "reward_error_0_when_1_group_param_known": 0.0, "reward_error_1_when_1_group_param_known": 0.09791173531113566, "reward_error_2_when_1_group_param_known": 0.008639911518065122, "reward_error_0_when_2_group_param_known": 0.09791173531113566, "reward_error_1_when_2_group_param_known": 0.0, "reward_error_2_when_2_group_param_known": 0.0567102350193103, "reward_error_0_when_3_group_param_known": 0.00941430193664968, "reward_error_1_when_3_group_param_known": 0.06862757474774667, "reward_error_2_when_3_group_param_known": 0.0, "_wandb": {"runtime": 8}}