{"Iteration": 99, "train_loss": 19.136835782789916, "val_loss": 19.489285959471903, "grad_norm": 0.3463034629760618, "max_reward_err": 0.07326616959994585, "max_reward_err_index": 1, "max_kl_dist": 0.4946927580351059, "max_kl_dist_index": 0, "max_train_grp_loss": 20.40799619960093, "max_train_grp_loss_index": 0, "max_val_grp_loss": 20.54769994883575, "max_val_grp_loss_index": 0, "max_cur_train_grp_loss": 20.411927322608275, "max_cur_train_grp_loss_index": 0, "reward_err_1": 0.06403722460148593, "reward_err_2": 0.014182132910223183, "reward_err_3": 0.03137460896248396, "reward_param_1": 6.520966438897575, "reward_param_2": 3.6795810736493313, "reward_param_3": 4.722955428986057, "reward_param_4": 3.7682756522215994, "KL_distance_1": 0.4946927580351059, "KL_distance_2": 0.2574879333745056, "KL_distance_3": 0.3725586028480236, "hist_group_loss_1": 2070.490062821044, "hist_group_loss_2": 1944.6308182060293, "hist_group_loss_3": 2031.5796306031916, "cur_group_loss_1": 20.411927322608275, "cur_group_loss_2": 17.722076419998835, "cur_group_loss_3": 19.583392241183116, "train_group_loss_1": 20.40799619960093, "train_group_loss_2": 17.70269859049275, "train_group_loss_3": 19.57232516421644, "val_group_loss_1": 20.54769994883575, "val_group_loss_2": 18.36180066454578, "val_group_loss_3": 19.68525860724424, "_timestamp": 1726605623.275072, "_runtime": 8.163080215454102, "_step": 2, "final/reward_err_1": 0.06403722460148593, "final/reward_err_2": 0.014182132910223183, "final/reward_err_3": 0.03137460896248396, "final/reward_param_1": 6.520966438897575, "final/reward_param_2": 3.6795810736493313, "final/reward_param_3": 4.722955428986057, "final/reward_param_4": 3.7682756522215994, "optimal_reward_1": 3.860135793685913, "optimal_reward_2": 3.860135793685913, "optimal_reward_3": 3.268871545791626, "final/reward_1": 3.820385217666626, "final/reward_2": 3.60957407951355, "final/reward_3": 3.268871545791626, "reward_0_when_1_group_param_known": 3.860135793685913, "reward_1_when_1_group_param_known": 3.485208511352539, "reward_2_when_1_group_param_known": 3.23291015625, "reward_0_when_2_group_param_known": 3.485208511352539, "reward_1_when_2_group_param_known": 3.860135793685913, "reward_2_when_2_group_param_known": 3.0802385807037354, "reward_0_when_3_group_param_known": 3.820385217666626, "reward_1_when_3_group_param_known": 3.60957407951355, "reward_2_when_3_group_param_known": 3.268871545791626, "reward_error_0_when_1_group_param_known": 0.0, "reward_error_1_when_1_group_param_known": 0.09712800335849549, "reward_error_2_when_1_group_param_known": 0.011001163257064349, "reward_error_0_when_2_group_param_known": 0.09712800335849549, "reward_error_1_when_2_group_param_known": 0.0, "reward_error_2_when_2_group_param_known": 0.05770583592700006, "reward_error_0_when_3_group_param_known": 0.010297714418313411, "reward_error_1_when_3_group_param_known": 0.06491007766675233, "reward_error_2_when_3_group_param_known": 0.0, "_wandb": {"runtime": 8}}