{"Iteration": 99, "train_loss": 16.772941067968873, "val_loss": 17.323423070123848, "grad_norm": 0.42344421979836655, "max_reward_err": 0.07016649518852508, "max_reward_err_index": 0, "max_kl_dist": 0.6436320172614511, "max_kl_dist_index": 0, "max_train_grp_loss": 20.854609036324447, "max_train_grp_loss_index": 0, "max_val_grp_loss": 19.938250518361688, "max_val_grp_loss_index": 0, "max_cur_train_grp_loss": 20.864749906060947, "max_cur_train_grp_loss_index": 0, "reward_err_1": 0.0629778490588876, "reward_err_2": 0.02490262058948133, "reward_err_3": 0.02993281719835242, "reward_param_1": 4.836030090064549, "reward_param_2": 4.803831973383978, "reward_param_3": 7.5388605927479295, "reward_param_4": 5.015860410669197, "KL_distance_1": 0.6436320172614511, "KL_distance_2": 0.4259554780501365, "KL_distance_3": 0.5147729579421565, "hist_group_loss_1": 2159.3008935540443, "hist_group_loss_2": 1205.1143088410975, "hist_group_loss_3": 1983.0923905210443, "cur_group_loss_1": 20.864749906060947, "cur_group_loss_2": 10.04929105623424, "cur_group_loss_3": 18.49535476643481, "train_group_loss_1": 20.854609036324447, "train_group_loss_2": 10.025644086138364, "train_group_loss_3": 18.47467051261088, "val_group_loss_1": 19.938250518361688, "val_group_loss_2": 12.471909662745608, "val_group_loss_3": 19.32046256314332, "_timestamp": 1726595151.323484, "_runtime": 7.817831039428711, "_step": 2, "final/reward_err_1": 0.0629778490588876, "final/reward_err_2": 0.02490262058948133, "final/reward_err_3": 0.02993281719835242, "final/reward_param_1": 4.836030090064549, "final/reward_param_2": 4.803831973383978, "final/reward_param_3": 7.5388605927479295, "final/reward_param_4": 5.015860410669197, "optimal_reward_1": 3.939390182495117, "optimal_reward_2": 3.939390182495117, "optimal_reward_3": 3.4304511547088623, "final/reward_1": 3.8967127799987793, "final/reward_2": 3.6586339473724365, "final/reward_3": 3.4304511547088623, "reward_0_when_1_group_param_known": 3.939390182495117, "reward_1_when_1_group_param_known": 3.527578830718994, "reward_2_when_1_group_param_known": 3.3940188884735107, "reward_0_when_2_group_param_known": 3.527578830718994, "reward_1_when_2_group_param_known": 3.939390182495117, "reward_2_when_2_group_param_known": 3.225066661834717, "reward_0_when_3_group_param_known": 3.8967127799987793, "reward_1_when_3_group_param_known": 3.6586339473724365, "reward_2_when_3_group_param_known": 3.4304511547088623, "reward_error_0_when_1_group_param_known": 0.0, "reward_error_1_when_1_group_param_known": 0.10453682745264177, "reward_error_2_when_1_group_param_known": 0.010620255060429077, "reward_error_0_when_2_group_param_known": 0.10453682745264177, "reward_error_1_when_2_group_param_known": 0.0, "reward_error_2_when_2_group_param_known": 0.059870985946621415, "reward_error_0_when_3_group_param_known": 0.010833504811474914, "reward_error_1_when_3_group_param_known": 0.07126895842159414, "reward_error_2_when_3_group_param_known": 0.0, "_wandb": {"runtime": 7}}