{"Iteration": 99, "train_loss": 16.301236683098573, "val_loss": 16.41686107654342, "grad_norm": 0.432222665992266, "max_reward_err": 0.09659613689655527, "max_reward_err_index": 0, "max_kl_dist": 0.794286875119569, "max_kl_dist_index": 0, "max_train_grp_loss": 20.554290265233114, "max_train_grp_loss_index": 0, "max_val_grp_loss": 21.11890156989114, "max_val_grp_loss_index": 0, "max_cur_train_grp_loss": 20.56599542446119, "max_cur_train_grp_loss_index": 0, "reward_err_1": 0.08719151265280971, "reward_err_2": 0.0019182993936811457, "reward_err_3": 0.0498242095451008, "reward_param_1": 8.003272016338745, "reward_param_2": 2.926022072446211, "reward_param_3": 6.345694306696876, "reward_param_4": 3.3830840082929314, "KL_distance_1": 0.794286875119569, "KL_distance_2": 0.34215719735918426, "KL_distance_3": 0.6050695179776545, "hist_group_loss_1": 2141.789305952969, "hist_group_loss_2": 1208.1702626335339, "hist_group_loss_3": 2089.6106270183614, "cur_group_loss_1": 20.56599542446119, "cur_group_loss_2": 9.736183032644623, "cur_group_loss_3": 19.82649698368745, "train_group_loss_1": 20.554290265233114, "train_group_loss_2": 9.709048915621262, "train_group_loss_3": 19.81105021540376, "val_group_loss_1": 21.11890156989114, "val_group_loss_2": 8.329256637441476, "val_group_loss_3": 19.607777731412423, "_timestamp": 1726665637.5534248, "_runtime": 7.918977737426758, "_step": 2, "final/reward_err_1": 0.08719151265280971, "final/reward_err_2": 0.0019182993936811457, "final/reward_err_3": 0.0498242095451008, "final/reward_param_1": 8.003272016338745, "final/reward_param_2": 2.926022072446211, "final/reward_param_3": 6.345694306696876, "final/reward_param_4": 3.3830840082929314, "optimal_reward_1": 3.8428120613098145, "optimal_reward_2": 3.8428120613098145, "optimal_reward_3": 3.246764659881592, "final/reward_1": 3.8028461933135986, "final/reward_2": 3.5883326530456543, "final/reward_3": 3.246764659881592, "reward_0_when_1_group_param_known": 3.8428120613098145, "reward_1_when_1_group_param_known": 3.466555118560791, "reward_2_when_1_group_param_known": 3.208935022354126, "reward_0_when_2_group_param_known": 3.466555118560791, "reward_1_when_2_group_param_known": 3.8428120613098145, "reward_2_when_2_group_param_known": 3.0578837394714355, "reward_0_when_3_group_param_known": 3.8028461933135986, "reward_1_when_3_group_param_known": 3.5883326530456543, "reward_2_when_3_group_param_known": 3.246764659881592, "reward_error_0_when_1_group_param_known": 0.0, "reward_error_1_when_1_group_param_known": 0.09791187722586076, "reward_error_2_when_1_group_param_known": 0.01165148740064377, "reward_error_0_when_2_group_param_known": 0.09791187722586076, "reward_error_1_when_2_group_param_known": 0.0, "reward_error_2_when_2_group_param_known": 0.05817511898661749, "reward_error_0_when_3_group_param_known": 0.010400162005995563, "reward_error_1_when_3_group_param_known": 0.06622218422449246, "reward_error_2_when_3_group_param_known": 0.0, "_wandb": {"runtime": 7}}