{"Iteration": 99, "train_loss": 18.673715929590454, "val_loss": 17.58781246194651, "grad_norm": 0.42764736911838136, "max_reward_err": 0.12437196394625308, "max_reward_err_index": 0, "max_kl_dist": 0.45389998184418195, "max_kl_dist_index": 0, "max_train_grp_loss": 20.962829002647208, "max_train_grp_loss_index": 0, "max_val_grp_loss": 20.442798757321903, "max_val_grp_loss_index": 0, "max_cur_train_grp_loss": 20.978211332487962, "max_cur_train_grp_loss_index": 0, "reward_err_1": 0.07248749440473072, "reward_err_2": 0.015481592513474585, "reward_err_3": 0.0393524424688059, "reward_param_1": 3.8905052237764837, "reward_param_2": 3.532549603103786, "reward_param_3": 6.142906333290897, "reward_param_4": 3.4433613015297615, "KL_distance_1": 0.45389998184418195, "KL_distance_2": 0.20015026831434177, "KL_distance_3": 0.32571632657267946, "hist_group_loss_1": 2214.175449451714, "hist_group_loss_2": 1739.5043253526133, "hist_group_loss_3": 2163.877342681906, "cur_group_loss_1": 20.978211332487962, "cur_group_loss_2": 15.293811766758054, "cur_group_loss_3": 20.29364249835737, "train_group_loss_1": 20.962829002647208, "train_group_loss_2": 15.272631847963337, "train_group_loss_3": 20.274291787149707, "val_group_loss_1": 20.442798757321903, "val_group_loss_2": 13.653951564245634, "val_group_loss_3": 20.115221063378574, "_timestamp": 1726687796.172073, "_runtime": 8.45959997177124, "_step": 2, "final/reward_err_1": 0.07248749440473072, "final/reward_err_2": 0.015481592513474585, "final/reward_err_3": 0.0393524424688059, "final/reward_param_1": 3.8905052237764837, "final/reward_param_2": 3.532549603103786, "final/reward_param_3": 6.142906333290897, "final/reward_param_4": 3.4433613015297615, "optimal_reward_1": 3.892491340637207, "optimal_reward_2": 3.892491340637207, "optimal_reward_3": 3.4004194736480713, "final/reward_1": 3.8513402938842773, "final/reward_2": 3.631110191345215, "final/reward_3": 3.4004194736480713, "reward_0_when_1_group_param_known": 3.892491340637207, "reward_1_when_1_group_param_known": 3.494677782058716, "reward_2_when_1_group_param_known": 3.361459970474243, "reward_0_when_2_group_param_known": 3.494677782058716, "reward_1_when_2_group_param_known": 3.892491340637207, "reward_2_when_2_group_param_known": 3.1959259510040283, "reward_0_when_3_group_param_known": 3.8513402938842773, "reward_1_when_3_group_param_known": 3.631110191345215, "reward_2_when_3_group_param_known": 3.4004194736480713, "reward_error_0_when_1_group_param_known": 0.0, "reward_error_1_when_1_group_param_known": 0.10220024240654277, "reward_error_2_when_1_group_param_known": 0.011457263868693003, "reward_error_0_when_2_group_param_known": 0.10220024240654277, "reward_error_1_when_2_group_param_known": 0.0, "reward_error_2_when_2_group_param_known": 0.060137734249785434, "reward_error_0_when_3_group_param_known": 0.01057190450838439, "reward_error_1_when_3_group_param_known": 0.06715009139858578, "reward_error_2_when_3_group_param_known": 0.0, "_wandb": {"runtime": 8}}