{"Iteration": 199, "train_loss": 18.47417915423322, "val_loss": 15.704450070441807, "grad_norm": 0.032924513289129285, "live_grad": 1.764940367120507e-14, "train_weighted_loss": 55.42253746269965, "val_weighted_loss": 47.11335021132541, "max_reward_err": 0.09907118204741189, "max_reward_err_index": 0, "max_kl_dist": 1.353482620830293, "max_kl_dist_index": 0, "max_train_grp_loss": 19.5899372259489, "max_train_grp_loss_index": 0, "max_val_grp_loss": 20.681473944019704, "max_val_grp_loss_index": 0, "max_cur_train_grp_loss": 0.3989894133895782, "max_cur_train_grp_loss_index": 2, "reward_err_1": 0.09907118204741189, "reward_err_2": 0.005584050475085901, "reward_err_3": 0.06363849460787221, "KL_distance_1": 1.353482620830293, "KL_distance_2": 0.6436465832386533, "KL_distance_3": 1.1291486708478207, "reward_param_1": 6.032941712398188, "reward_param_2": 5.0963406921221415, "reward_param_3": 11.966266369272875, "reward_param_4": 3.7676687250706764, "group_weight_1": 0.2800466047570319, "group_weight_2": 0.26411939780296767, "group_weight_3": 0.4558339974400003, "hist_group_loss_1": 32.10142355950838, "hist_group_loss_2": 26.245946602630642, "hist_group_loss_3": 80.81869032492618, "cur_group_loss_1": 0.15928011082634505, "cur_group_loss_2": 0.13299289478359677, "cur_group_loss_3": 0.3989894133895782, "train_group_loss_1": 19.5899372259489, "train_group_loss_2": 17.159229380151725, "train_group_loss_3": 19.14897661330579, "val_group_loss_1": 20.681473944019704, "val_group_loss_2": 8.05144181155464, "val_group_loss_3": 18.362381619760836, "_timestamp": 1726692991.364892, "_runtime": 14.311930894851685, "_step": 3, "final/reward_err_1": 0.09907118204741189, "final/reward_err_2": 0.005584050475085901, "final/reward_err_3": 0.06363849460787221, "final/reward_param_1": 6.032941712398188, "final/reward_param_2": 5.0963406921221415, "final/reward_param_3": 11.966266369272875, "final/reward_param_4": 3.7676687250706764, "optimal_reward_1": 3.8385727405548096, "optimal_reward_2": 3.8385727405548096, "optimal_reward_3": 3.2517144680023193, "final/reward_1": 3.796536684036255, "final/reward_2": 3.582489252090454, "final/reward_3": 3.2517144680023193, "reward_0_when_1_group_param_known": 3.8385727405548096, "reward_1_when_1_group_param_known": 3.460787534713745, "reward_2_when_1_group_param_known": 3.2131664752960205, "reward_0_when_2_group_param_known": 3.460787534713745, "reward_1_when_2_group_param_known": 3.8385727405548096, "reward_2_when_2_group_param_known": 3.0634775161743164, "reward_0_when_3_group_param_known": 3.796536684036255, "reward_1_when_3_group_param_known": 3.582489252090454, "reward_2_when_3_group_param_known": 3.2517144680023193, "reward_error_0_when_1_group_param_known": 0.0, "reward_error_1_when_1_group_param_known": 0.09841814428830158, "reward_error_2_when_1_group_param_known": 0.011854667156547932, "reward_error_0_when_2_group_param_known": 0.09841814428830158, "reward_error_1_when_2_group_param_known": 0.0, "reward_error_2_when_2_group_param_known": 0.057888524247839544, "reward_error_0_when_3_group_param_known": 0.010950959994698183, "reward_error_1_when_3_group_param_known": 0.06671320456137621, "reward_error_2_when_3_group_param_known": 0.0, "_wandb": {"runtime": 14}}