{"Iteration": 99, "train_loss": 19.829152553979426, "val_loss": 19.297377792784616, "grad_norm": 0.25612993147321766, "max_reward_err": 0.06987982022531233, "max_reward_err_index": 0, "max_kl_dist": 0.6208031657261289, "max_kl_dist_index": 0, "max_train_grp_loss": 22.530573105407477, "max_train_grp_loss_index": 0, "max_val_grp_loss": 22.8748794513095, "max_val_grp_loss_index": 0, "max_cur_train_grp_loss": 22.53412016036236, "max_cur_train_grp_loss_index": 0, "reward_err_1": 0.0656947570115868, "reward_err_2": 0.006134225104282455, "reward_err_3": 0.03281471141612743, "reward_param_1": 6.106432263029099, "reward_param_2": 2.8859142660232435, "reward_param_3": 6.2527295290010665, "reward_param_4": 3.8891269205548293, "KL_distance_1": 0.6208031657261289, "KL_distance_2": 0.27883071508328566, "KL_distance_3": 0.4552880979058383, "hist_group_loss_1": 2279.1033695343676, "hist_group_loss_2": 1494.1690639540311, "hist_group_loss_3": 2252.428185017625, "cur_group_loss_1": 22.53412016036236, "cur_group_loss_2": 13.973716180084148, "cur_group_loss_3": 22.161818402195795, "train_group_loss_1": 22.530573105407477, "train_group_loss_2": 13.962352297297315, "train_group_loss_3": 22.156417936850332, "val_group_loss_1": 22.8748794513095, "val_group_loss_2": 13.104604431581118, "val_group_loss_3": 21.703560042075377, "_timestamp": 1726608660.7288132, "_runtime": 8.64716124534607, "_step": 2, "final/reward_err_1": 0.0656947570115868, "final/reward_err_2": 0.006134225104282455, "final/reward_err_3": 0.03281471141612743, "final/reward_param_1": 6.106432263029099, "final/reward_param_2": 2.8859142660232435, "final/reward_param_3": 6.2527295290010665, "final/reward_param_4": 3.8891269205548293, "optimal_reward_1": 3.7932193279266357, "optimal_reward_2": 3.7932193279266357, "optimal_reward_3": 3.240443229675293, "final/reward_1": 3.7612311840057373, "final/reward_2": 3.562816858291626, "final/reward_3": 3.240443229675293, "reward_0_when_1_group_param_known": 3.7932193279266357, "reward_1_when_1_group_param_known": 3.4367012977600098, "reward_2_when_1_group_param_known": 3.2102184295654297, "reward_0_when_2_group_param_known": 3.4367012977600098, "reward_1_when_2_group_param_known": 3.7932193279266357, "reward_2_when_2_group_param_known": 3.057360887527466, "reward_0_when_3_group_param_known": 3.7612311840057373, "reward_1_when_3_group_param_known": 3.562816858291626, "reward_2_when_3_group_param_known": 3.240443229675293, "reward_error_0_when_1_group_param_known": 0.0, "reward_error_1_when_1_group_param_known": 0.0939882456945873, "reward_error_2_when_1_group_param_known": 0.009327366032236257, "reward_error_0_when_2_group_param_known": 0.0939882456945873, "reward_error_1_when_2_group_param_known": 0.0, "reward_error_2_when_2_group_param_known": 0.056499166679174574, "reward_error_0_when_3_group_param_known": 0.008432980314476852, "reward_error_1_when_3_group_param_known": 0.06074061363621364, "reward_error_2_when_3_group_param_known": 0.0, "_wandb": {"runtime": 8}}