{"Iteration": 99, "train_loss": 17.376389334870662, "val_loss": 17.937588559461002, "grad_norm": 0.4388286065332912, "max_reward_err": 0.10038686273359772, "max_reward_err_index": 1, "max_kl_dist": 0.4761980097105259, "max_kl_dist_index": 0, "max_train_grp_loss": 21.708763289565187, "max_train_grp_loss_index": 0, "max_val_grp_loss": 20.82974854328855, "max_val_grp_loss_index": 0, "max_cur_train_grp_loss": 21.715209633692574, "max_cur_train_grp_loss_index": 0, "reward_err_1": 0.05266898816891072, "reward_err_2": 0.04464662133947321, "reward_err_3": 0.021774697220794465, "reward_param_1": 6.001403332796961, "reward_param_2": 6.074746016787544, "reward_param_3": 4.715810368785358, "reward_param_4": 2.754660253167857, "KL_distance_1": 0.4761980097105259, "KL_distance_2": 0.41878197056922123, "KL_distance_3": 0.36637864434534745, "hist_group_loss_1": 2224.9656070420174, "hist_group_loss_2": 1339.7729016896803, "hist_group_loss_3": 2150.216054293386, "cur_group_loss_1": 21.715209633692574, "cur_group_loss_2": 10.62084580319505, "cur_group_loss_3": 20.439856088337905, "train_group_loss_1": 21.708763289565187, "train_group_loss_2": 10.586232528196058, "train_group_loss_3": 20.424466207615936, "val_group_loss_1": 20.82974854328855, "val_group_loss_2": 13.418824788150497, "val_group_loss_3": 19.550220908239865, "_timestamp": 1726584744.5442932, "_runtime": 7.814680099487305, "_step": 2, "final/reward_err_1": 0.05266898816891072, "final/reward_err_2": 0.04464662133947321, "final/reward_err_3": 0.021774697220794465, "final/reward_param_1": 6.001403332796961, "final/reward_param_2": 6.074746016787544, "final/reward_param_3": 4.715810368785358, "final/reward_param_4": 2.754660253167857, "optimal_reward_1": 3.8048343658447266, "optimal_reward_2": 3.8048343658447266, "optimal_reward_3": 3.2432823181152344, "final/reward_1": 3.7656967639923096, "final/reward_2": 3.5444085597991943, "final/reward_3": 3.2432823181152344, "reward_0_when_1_group_param_known": 3.8048343658447266, "reward_1_when_1_group_param_known": 3.420158624649048, "reward_2_when_1_group_param_known": 3.208865165710449, "reward_0_when_2_group_param_known": 3.420158624649048, "reward_1_when_2_group_param_known": 3.8048343658447266, "reward_2_when_2_group_param_known": 3.0513827800750732, "reward_0_when_3_group_param_known": 3.7656967639923096, "reward_1_when_3_group_param_known": 3.5444085597991943, "reward_2_when_3_group_param_known": 3.2432823181152344, "reward_error_0_when_1_group_param_known": 0.0, "reward_error_1_when_1_group_param_known": 0.10110183629774783, "reward_error_2_when_1_group_param_known": 0.010611827472603731, "reward_error_0_when_2_group_param_known": 0.10110183629774783, "reward_error_1_when_2_group_param_known": 0.0, "reward_error_2_when_2_group_param_known": 0.059168311364173665, "reward_error_0_when_3_group_param_known": 0.01028628268387917, "reward_error_1_when_3_group_param_known": 0.06844602970981473, "reward_error_2_when_3_group_param_known": 0.0, "_wandb": {"runtime": 7}}