{"Iteration": 99, "train_loss": 18.038506212413854, "val_loss": 15.225390718696337, "grad_norm": 0.00937852600132048, "live_grad": 2.380341208026494e-14, "train_weighted_loss": 54.11551863724155, "val_weighted_loss": 45.67617215608901, "max_reward_err": 0.10141195676693156, "max_reward_err_index": 0, "max_kl_dist": 1.4323453618014363, "max_kl_dist_index": 0, "max_train_grp_loss": 21.45562404573651, "max_train_grp_loss_index": 0, "max_val_grp_loss": 20.15526016234162, "max_val_grp_loss_index": 0, "max_cur_train_grp_loss": 0.30056915857434147, "max_cur_train_grp_loss_index": 2, "reward_err_1": 0.10141195676693156, "reward_err_2": 0.0018477330988861972, "reward_err_3": 0.06517743332756556, "KL_distance_1": 1.4323453618014363, "KL_distance_2": 0.6068538292175452, "KL_distance_3": 1.1729303212906033, "reward_param_1": 6.348421301064453, "reward_param_2": 4.620320363572078, "reward_param_3": 12.028269601681922, "reward_param_4": 3.309844714224555, "group_weight_1": 0.3215020428255087, "group_weight_2": 0.30976466108091955, "group_weight_3": 0.36873329609357175, "hist_group_loss_1": 16.545986842427464, "hist_group_loss_2": 12.826882209115842, "hist_group_loss_3": 30.252957862037505, "cur_group_loss_1": 0.1650508624096175, "cur_group_loss_2": 0.12887631844168615, "cur_group_loss_3": 0.30056915857434147, "train_group_loss_1": 21.45562404573651, "train_group_loss_2": 14.565122951121918, "train_group_loss_3": 17.130909549151443, "val_group_loss_1": 20.15526016234162, "val_group_loss_2": 7.103682509226435, "val_group_loss_3": 17.540010508409015, "_timestamp": 1726690907.9923131, "_runtime": 10.042111158370972, "_step": 2, "final/reward_err_1": 0.10141195676693156, "final/reward_err_2": 0.0018477330988861972, "final/reward_err_3": 0.06517743332756556, "final/reward_param_1": 6.348421301064453, "final/reward_param_2": 4.620320363572078, "final/reward_param_3": 12.028269601681922, "final/reward_param_4": 3.309844714224555, "optimal_reward_1": 3.8651840686798096, "optimal_reward_2": 3.8651840686798096, "optimal_reward_3": 3.337219715118408, "final/reward_1": 3.8319525718688965, "final/reward_2": 3.6041877269744873, "final/reward_3": 3.337219715118408, "reward_0_when_1_group_param_known": 3.8651840686798096, "reward_1_when_1_group_param_known": 3.4605093002319336, "reward_2_when_1_group_param_known": 3.3015952110290527, "reward_0_when_2_group_param_known": 3.4605093002319336, "reward_1_when_2_group_param_known": 3.8651840686798096, "reward_2_when_2_group_param_known": 3.1258203983306885, "reward_0_when_3_group_param_known": 3.8319525718688965, "reward_1_when_3_group_param_known": 3.6041877269744873, "reward_2_when_3_group_param_known": 3.337219715118408, "reward_error_0_when_1_group_param_known": 0.0, "reward_error_1_when_1_group_param_known": 0.10469741188447372, "reward_error_2_when_1_group_param_known": 0.010674905199669023, "reward_error_0_when_2_group_param_known": 0.10469741188447372, "reward_error_1_when_2_group_param_known": 0.0, "reward_error_2_when_2_group_param_known": 0.0633459390851702, "reward_error_0_when_3_group_param_known": 0.00859764922457202, "reward_error_1_when_3_group_param_known": 0.06752494501367125, "reward_error_2_when_3_group_param_known": 0.0, "_wandb": {"runtime": 9}}