{"Iteration": 99, "train_loss": 14.123727740016735, "val_loss": 13.958647179491296, "grad_norm": 0.015125569777659605, "live_grad": 3.055998534306791e-14, "train_weighted_loss": 42.3711832200502, "val_weighted_loss": 41.87594153847388, "max_reward_err": 0.08713658940309041, "max_reward_err_index": 0, "max_kl_dist": 1.7306992183310286, "max_kl_dist_index": 0, "max_train_grp_loss": 19.045105711907226, "max_train_grp_loss_index": 2, "max_val_grp_loss": 18.845226027735297, "max_val_grp_loss_index": 0, "max_cur_train_grp_loss": 0.30720954899301023, "max_cur_train_grp_loss_index": 2, "reward_err_1": 0.08713658940309041, "reward_err_2": 0.004271829014890188, "reward_err_3": 0.050580813869672316, "KL_distance_1": 1.7306992183310286, "KL_distance_2": 0.9241377293676216, "KL_distance_3": 1.4249881935419093, "reward_param_1": 9.03072159336762, "reward_param_2": 5.5072603481983355, "reward_param_3": 12.878748609164598, "reward_param_4": 4.86575110666917, "group_weight_1": 0.32275169115437136, "group_weight_2": 0.2967827159655752, "group_weight_3": 0.38046559288005327, "hist_group_loss_1": 14.469215439109066, "hist_group_loss_2": 6.080915983061342, "hist_group_loss_3": 30.920463199266187, "cur_group_loss_1": 0.1436796495329664, "cur_group_loss_2": 0.061789853263628215, "cur_group_loss_3": 0.30720954899301023, "train_group_loss_1": 18.10163135234221, "train_group_loss_2": 6.924251941711193, "train_group_loss_3": 19.045105711907226, "val_group_loss_1": 18.845226027735297, "val_group_loss_2": 6.4502716619570615, "val_group_loss_3": 16.788930238322447, "_timestamp": 1726690279.036405, "_runtime": 9.751465082168579, "_step": 2, "final/reward_err_1": 0.08713658940309041, "final/reward_err_2": 0.004271829014890188, "final/reward_err_3": 0.050580813869672316, "final/reward_param_1": 9.03072159336762, "final/reward_param_2": 5.5072603481983355, "final/reward_param_3": 12.878748609164598, "final/reward_param_4": 4.86575110666917, "optimal_reward_1": 3.7993900775909424, "optimal_reward_2": 3.7993900775909424, "optimal_reward_3": 3.2844576835632324, "final/reward_1": 3.7590062618255615, "final/reward_2": 3.5602219104766846, "final/reward_3": 3.2844576835632324, "reward_0_when_1_group_param_known": 3.7993900775909424, "reward_1_when_1_group_param_known": 3.436445713043213, "reward_2_when_1_group_param_known": 3.2425923347473145, "reward_0_when_2_group_param_known": 3.436445713043213, "reward_1_when_2_group_param_known": 3.7993900775909424, "reward_2_when_2_group_param_known": 3.1007323265075684, "reward_0_when_3_group_param_known": 3.7590062618255615, "reward_1_when_3_group_param_known": 3.5602219104766846, "reward_2_when_3_group_param_known": 3.2844576835632324, "reward_error_0_when_1_group_param_known": 0.0, "reward_error_1_when_1_group_param_known": 0.09552700752902413, "reward_error_2_when_1_group_param_known": 0.012746502725679575, "reward_error_0_when_2_group_param_known": 0.09552700752902413, "reward_error_1_when_2_group_param_known": 0.0, "reward_error_2_when_2_group_param_known": 0.055937806102694144, "reward_error_0_when_3_group_param_known": 0.010629025959605284, "reward_error_1_when_3_group_param_known": 0.06294909504683073, "reward_error_2_when_3_group_param_known": 0.0, "_wandb": {"runtime": 9}}