{"Iteration": 99, "train_loss": 18.09853784513405, "val_loss": 17.815148633226748, "grad_norm": 0.004608011595588662, "live_grad": 2.813042308508678e-14, "train_weighted_loss": 54.295613535402154, "val_weighted_loss": 53.445445899680244, "max_reward_err": 0.06548473050910988, "max_reward_err_index": 0, "max_kl_dist": 1.0816065433126387, "max_kl_dist_index": 0, "max_train_grp_loss": 21.46714219602779, "max_train_grp_loss_index": 0, "max_val_grp_loss": 19.37410492327939, "max_val_grp_loss_index": 0, "max_cur_train_grp_loss": 0.221319435176297, "max_cur_train_grp_loss_index": 0, "reward_err_1": 0.06548473050910988, "reward_err_2": 0.011834161024864122, "reward_err_3": 0.03204444210241801, "KL_distance_1": 1.0816065433126387, "KL_distance_2": 0.6631414918368563, "KL_distance_3": 0.8704126091833678, "reward_param_1": 8.546135612752833, "reward_param_2": 3.287793115196235, "reward_param_3": 8.832055761176626, "reward_param_4": 6.125562575301604, "group_weight_1": 0.34668027693646725, "group_weight_2": 0.3241780341787649, "group_weight_3": 0.32914168888476786, "hist_group_loss_1": 22.186948982556263, "hist_group_loss_2": 15.47593798203001, "hist_group_loss_3": 16.99548500942021, "cur_group_loss_1": 0.221319435176297, "cur_group_loss_2": 0.15535308741879122, "cur_group_loss_3": 0.16939673491750973, "train_group_loss_1": 21.46714219602779, "train_group_loss_2": 15.69196655052965, "train_group_loss_3": 17.278038616882604, "val_group_loss_1": 19.37410492327939, "val_group_loss_2": 15.995170767141055, "val_group_loss_3": 18.042305243199387, "_timestamp": 1726668048.023239, "_runtime": 9.499774932861328, "_step": 2, "final/reward_err_1": 0.06548473050910988, "final/reward_err_2": 0.011834161024864122, "final/reward_err_3": 0.03204444210241801, "final/reward_param_1": 8.546135612752833, "final/reward_param_2": 3.287793115196235, "final/reward_param_3": 8.832055761176626, "final/reward_param_4": 6.125562575301604, "optimal_reward_1": 3.8717610836029053, "optimal_reward_2": 3.8717610836029053, "optimal_reward_3": 3.3254706859588623, "final/reward_1": 3.828972101211548, "final/reward_2": 3.640883684158325, "final/reward_3": 3.3254706859588623, "reward_0_when_1_group_param_known": 3.8717610836029053, "reward_1_when_1_group_param_known": 3.543931722640991, "reward_2_when_1_group_param_known": 3.2762246131896973, "reward_0_when_2_group_param_known": 3.543931722640991, "reward_1_when_2_group_param_known": 3.8717610836029053, "reward_2_when_2_group_param_known": 3.1653871536254883, "reward_0_when_3_group_param_known": 3.828972101211548, "reward_1_when_3_group_param_known": 3.640883684158325, "reward_2_when_3_group_param_known": 3.3254706859588623, "reward_error_0_when_1_group_param_known": 0.0, "reward_error_1_when_1_group_param_known": 0.08467189836436118, "reward_error_2_when_1_group_param_known": 0.014808752630746911, "reward_error_0_when_2_group_param_known": 0.08467189836436118, "reward_error_1_when_2_group_param_known": 0.0, "reward_error_2_when_2_group_param_known": 0.04813860877177323, "reward_error_0_when_3_group_param_known": 0.01105155547241043, "reward_error_1_when_3_group_param_known": 0.05963110699737052, "reward_error_2_when_3_group_param_known": 0.0, "_wandb": {"runtime": 9}}