{"Iteration": 99, "train_loss": 20.904117009813042, "val_loss": 20.948008745983227, "grad_norm": 0.00399099415685485, "live_grad": 2.176490233346379e-14, "train_weighted_loss": 62.71235102943913, "val_weighted_loss": 62.844026237949706, "max_reward_err": 0.1364845152369441, "max_reward_err_index": 0, "max_kl_dist": 1.0494164162580706, "max_kl_dist_index": 0, "max_train_grp_loss": 24.016088237521217, "max_train_grp_loss_index": 2, "max_val_grp_loss": 25.04324468729746, "max_val_grp_loss_index": 0, "max_cur_train_grp_loss": 0.25280278905338094, "max_cur_train_grp_loss_index": 2, "reward_err_1": 0.1364845152369441, "reward_err_2": 0.02272366273972072, "reward_err_3": 0.09505575658129486, "KL_distance_1": 1.0494164162580706, "KL_distance_2": 0.4285146003859476, "KL_distance_3": 0.824842358195148, "reward_param_1": 9.702332792263006, "reward_param_2": -0.9257268792953777, "reward_param_3": 4.485406613411891, "reward_param_4": 4.433232448126944, "group_weight_1": 0.34167670928431815, "group_weight_2": 0.3116216212684784, "group_weight_3": 0.34670166944720354, "hist_group_loss_1": 23.831498771975095, "hist_group_loss_2": 14.62396917056832, "hist_group_loss_3": 25.291466014951304, "cur_group_loss_1": 0.23817389332762315, "cur_group_loss_2": 0.14584549288934184, "cur_group_loss_3": 0.25280278905338094, "train_group_loss_1": 23.817122565888965, "train_group_loss_2": 15.31423298848094, "train_group_loss_3": 24.016088237521217, "val_group_loss_1": 25.04324468729746, "val_group_loss_2": 15.223451446711085, "val_group_loss_3": 23.206362983598193, "_timestamp": 1726610877.053078, "_runtime": 9.402369022369385, "_step": 2, "final/reward_err_1": 0.1364845152369441, "final/reward_err_2": 0.02272366273972072, "final/reward_err_3": 0.09505575658129486, "final/reward_param_1": 9.702332792263006, "final/reward_param_2": -0.9257268792953777, "final/reward_param_3": 4.485406613411891, "final/reward_param_4": 4.433232448126944, "optimal_reward_1": 3.89060115814209, "optimal_reward_2": 3.89060115814209, "optimal_reward_3": 3.3241889476776123, "final/reward_1": 3.8550121784210205, "final/reward_2": 3.5963938236236572, "final/reward_3": 3.3241889476776123, "reward_0_when_1_group_param_known": 3.89060115814209, "reward_1_when_1_group_param_known": 3.46683406829834, "reward_2_when_1_group_param_known": 3.2992775440216064, "reward_0_when_2_group_param_known": 3.46683406829834, "reward_1_when_2_group_param_known": 3.89060115814209, "reward_2_when_2_group_param_known": 3.109973192214966, "reward_0_when_3_group_param_known": 3.8550121784210205, "reward_1_when_3_group_param_known": 3.5963938236236572, "reward_2_when_3_group_param_known": 3.3241889476776123, "reward_error_0_when_1_group_param_known": 0.0, "reward_error_1_when_1_group_param_known": 0.1089207226900932, "reward_error_2_when_1_group_param_known": 0.007493979448253019, "reward_error_0_when_2_group_param_known": 0.1089207226900932, "reward_error_1_when_2_group_param_known": 0.0, "reward_error_2_when_2_group_param_known": 0.06444151004482, "reward_error_0_when_3_group_param_known": 0.009147424337390684, "reward_error_1_when_3_group_param_known": 0.07562001926173481, "reward_error_2_when_3_group_param_known": 0.0, "_wandb": {"runtime": 9}}