{"Iteration": 99, "train_loss": 16.984005148695044, "val_loss": 16.896292395520774, "grad_norm": 0.4248651676551087, "max_reward_err": 0.06670115646137174, "max_reward_err_index": 1, "max_kl_dist": 0.5570798655530547, "max_kl_dist_index": 0, "max_train_grp_loss": 20.167507859888318, "max_train_grp_loss_index": 0, "max_val_grp_loss": 20.191623047691852, "max_val_grp_loss_index": 0, "max_cur_train_grp_loss": 20.180053043517827, "max_cur_train_grp_loss_index": 0, "reward_err_1": 0.0728345840769591, "reward_err_2": 0.024209589500060694, "reward_err_3": 0.03677271889996513, "reward_param_1": 4.241090442173721, "reward_param_2": 3.4355285561097095, "reward_param_3": 7.028221492953864, "reward_param_4": 4.635035828416289, "KL_distance_1": 0.5570798655530547, "KL_distance_2": 0.3038362646232893, "KL_distance_3": 0.4301103073683458, "hist_group_loss_1": 2116.408846795868, "hist_group_loss_2": 1446.308786472867, "hist_group_loss_3": 2078.7024659965587, "cur_group_loss_1": 20.180053043517827, "cur_group_loss_2": 12.245872027133409, "cur_group_loss_3": 19.307991477761558, "train_group_loss_1": 20.167507859888318, "train_group_loss_2": 12.22255310914652, "train_group_loss_3": 19.28706068919309, "val_group_loss_1": 20.191623047691852, "val_group_loss_2": 10.052844940092774, "val_group_loss_3": 19.943641364575473, "_timestamp": 1726689488.185767, "_runtime": 8.620546817779541, "_step": 2, "final/reward_err_1": 0.0728345840769591, "final/reward_err_2": 0.024209589500060694, "final/reward_err_3": 0.03677271889996513, "final/reward_param_1": 4.241090442173721, "final/reward_param_2": 3.4355285561097095, "final/reward_param_3": 7.028221492953864, "final/reward_param_4": 4.635035828416289, "optimal_reward_1": 3.863293409347534, "optimal_reward_2": 3.863293409347534, "optimal_reward_3": 3.305746555328369, "final/reward_1": 3.8207428455352783, "final/reward_2": 3.5901966094970703, "final/reward_3": 3.305746555328369, "reward_0_when_1_group_param_known": 3.863293409347534, "reward_1_when_1_group_param_known": 3.4657766819000244, "reward_2_when_1_group_param_known": 3.2736518383026123, "reward_0_when_2_group_param_known": 3.4657766819000244, "reward_1_when_2_group_param_known": 3.863293409347534, "reward_2_when_2_group_param_known": 3.112474203109741, "reward_0_when_3_group_param_known": 3.8207428455352783, "reward_1_when_3_group_param_known": 3.5901966094970703, "reward_2_when_3_group_param_known": 3.305746555328369, "reward_error_0_when_1_group_param_known": 0.0, "reward_error_1_when_1_group_param_known": 0.10289581590818021, "reward_error_2_when_1_group_param_known": 0.00970876517258256, "reward_error_0_when_2_group_param_known": 0.10289581590818021, "reward_error_1_when_2_group_param_known": 0.0, "reward_error_2_when_2_group_param_known": 0.058465568664694455, "reward_error_0_when_3_group_param_known": 0.011014064763836345, "reward_error_1_when_3_group_param_known": 0.07069015239424613, "reward_error_2_when_3_group_param_known": 0.0, "_wandb": {"runtime": 8}}