{"Iteration": 99, "train_loss": 16.0126515508509, "val_loss": 16.958300965242334, "grad_norm": 0.43974160963217707, "max_reward_err": 0.07368702448826159, "max_reward_err_index": 1, "max_kl_dist": 0.6933764230151159, "max_kl_dist_index": 0, "max_train_grp_loss": 20.05659607466046, "max_train_grp_loss_index": 0, "max_val_grp_loss": 20.079460755265245, "max_val_grp_loss_index": 0, "max_cur_train_grp_loss": 20.06508210979044, "max_cur_train_grp_loss_index": 0, "reward_err_1": 0.0608820969159277, "reward_err_2": 0.018418781654208655, "reward_err_3": 0.02638871216350273, "reward_param_1": 7.08190127394128, "reward_param_2": 4.816389706847924, "reward_param_3": 6.188193991920047, "reward_param_4": 4.650946951532771, "KL_distance_1": 0.6933764230151159, "KL_distance_2": 0.44072519432663987, "KL_distance_3": 0.546078859967369, "hist_group_loss_1": 2068.653566949338, "hist_group_loss_2": 1288.4185308876472, "hist_group_loss_3": 1947.8547649336015, "cur_group_loss_1": 20.06508210979044, "cur_group_loss_2": 10.04940957089805, "cur_group_loss_3": 18.487587710855852, "train_group_loss_1": 20.05659607466046, "train_group_loss_2": 10.015674278004305, "train_group_loss_3": 18.47313174809328, "val_group_loss_1": 20.079460755265245, "val_group_loss_2": 12.49481679508213, "val_group_loss_3": 18.44441638142062, "_timestamp": 1726665598.3466141, "_runtime": 8.039788007736206, "_step": 2, "final/reward_err_1": 0.0608820969159277, "final/reward_err_2": 0.018418781654208655, "final/reward_err_3": 0.02638871216350273, "final/reward_param_1": 7.08190127394128, "final/reward_param_2": 4.816389706847924, "final/reward_param_3": 6.188193991920047, "final/reward_param_4": 4.650946951532771, "optimal_reward_1": 3.8073642253875732, "optimal_reward_2": 3.8073642253875732, "optimal_reward_3": 3.2471864223480225, "final/reward_1": 3.768303871154785, "final/reward_2": 3.5439467430114746, "final/reward_3": 3.2471864223480225, "reward_0_when_1_group_param_known": 3.8073642253875732, "reward_1_when_1_group_param_known": 3.4191784858703613, "reward_2_when_1_group_param_known": 3.213675022125244, "reward_0_when_2_group_param_known": 3.4191784858703613, "reward_1_when_2_group_param_known": 3.8073642253875732, "reward_2_when_2_group_param_known": 3.0531070232391357, "reward_0_when_3_group_param_known": 3.768303871154785, "reward_1_when_3_group_param_known": 3.5439467430114746, "reward_2_when_3_group_param_known": 3.2471864223480225, "reward_error_0_when_1_group_param_known": 0.0, "reward_error_1_when_1_group_param_known": 0.10195655485986405, "reward_error_2_when_1_group_param_known": 0.010320134376068995, "reward_error_0_when_2_group_param_known": 0.10195655485986405, "reward_error_1_when_2_group_param_known": 0.0, "reward_error_2_when_2_group_param_known": 0.05976848072940296, "reward_error_0_when_3_group_param_known": 0.010259158809218447, "reward_error_1_when_3_group_param_known": 0.06918631020894353, "reward_error_2_when_3_group_param_known": 0.0, "_wandb": {"runtime": 7}}