{"Iteration": 99, "train_loss": 17.053967706960524, "val_loss": 16.5765647953909, "grad_norm": 0.013116277963334097, "live_grad": 2.1644953901257732e-14, "train_weighted_loss": 51.16190312088158, "val_weighted_loss": 49.7296943861727, "max_reward_err": 0.10048589892533433, "max_reward_err_index": 0, "max_kl_dist": 1.6678003176247036, "max_kl_dist_index": 0, "max_train_grp_loss": 20.483853822877144, "max_train_grp_loss_index": 0, "max_val_grp_loss": 20.038529092251938, "max_val_grp_loss_index": 0, "max_cur_train_grp_loss": 0.38514992191998915, "max_cur_train_grp_loss_index": 2, "reward_err_1": 0.10048589892533433, "reward_err_2": 0.0006017053287704115, "reward_err_3": 0.05994035898355792, "KL_distance_1": 1.6678003176247036, "KL_distance_2": 0.848477310940505, "KL_distance_3": 1.3316545093029313, "reward_param_1": 11.676213917206223, "reward_param_2": 3.6195939086425675, "reward_param_3": 10.330949180236809, "reward_param_4": 4.717031052992427, "group_weight_1": 0.30956339545934053, "group_weight_2": 0.2971457109220898, "group_weight_3": 0.39329089361856984, "hist_group_loss_1": 14.899194247234707, "hist_group_loss_2": 10.80516671258268, "hist_group_loss_3": 38.837856485750244, "cur_group_loss_1": 0.1484438146381478, "cur_group_loss_2": 0.10876242858206273, "cur_group_loss_3": 0.38514992191998915, "train_group_loss_1": 20.483853822877144, "train_group_loss_2": 12.510813776343568, "train_group_loss_3": 18.099465962800018, "val_group_loss_1": 20.038529092251938, "val_group_loss_2": 11.822312761201566, "val_group_loss_3": 17.25130368149195, "_timestamp": 1726683686.876509, "_runtime": 10.198928833007812, "_step": 2, "final/reward_err_1": 0.10048589892533433, "final/reward_err_2": 0.0006017053287704115, "final/reward_err_3": 0.05994035898355792, "final/reward_param_1": 11.676213917206223, "final/reward_param_2": 3.6195939086425675, "final/reward_param_3": 10.330949180236809, "final/reward_param_4": 4.717031052992427, "optimal_reward_1": 3.869661331176758, "optimal_reward_2": 3.869661331176758, "optimal_reward_3": 3.3746607303619385, "final/reward_1": 3.832443952560425, "final/reward_2": 3.602559804916382, "final/reward_3": 3.3746607303619385, "reward_0_when_1_group_param_known": 3.869661331176758, "reward_1_when_1_group_param_known": 3.4677367210388184, "reward_2_when_1_group_param_known": 3.334665060043335, "reward_0_when_2_group_param_known": 3.4677367210388184, "reward_1_when_2_group_param_known": 3.869661331176758, "reward_2_when_2_group_param_known": 3.163583993911743, "reward_0_when_3_group_param_known": 3.832443952560425, "reward_1_when_3_group_param_known": 3.602559804916382, "reward_2_when_3_group_param_known": 3.3746607303619385, "reward_error_0_when_1_group_param_known": 0.0, "reward_error_1_when_1_group_param_known": 0.1038655778219524, "reward_error_2_when_1_group_param_known": 0.011851760373646185, "reward_error_0_when_2_group_param_known": 0.1038655778219524, "reward_error_1_when_2_group_param_known": 0.0, "reward_error_2_when_2_group_param_known": 0.06254754279478546, "reward_error_0_when_3_group_param_known": 0.00961773536006451, "reward_error_1_when_3_group_param_known": 0.06902452266517878, "reward_error_2_when_3_group_param_known": 0.0, "_wandb": {"runtime": 9}}