{"Iteration": 99, "train_loss": 17.632098421854547, "val_loss": 18.60988060859241, "grad_norm": 0.00586183302650041, "live_grad": 2.4170501237549452e-14, "train_weighted_loss": 52.89629526556364, "val_weighted_loss": 55.829641825777216, "max_reward_err": 0.08298973000287806, "max_reward_err_index": 0, "max_kl_dist": 1.1922123178622128, "max_kl_dist_index": 0, "max_train_grp_loss": 20.300405227492465, "max_train_grp_loss_index": 0, "max_val_grp_loss": 20.21979270311379, "max_val_grp_loss_index": 0, "max_cur_train_grp_loss": 0.20301283449588825, "max_cur_train_grp_loss_index": 0, "reward_err_1": 0.08298973000287806, "reward_err_2": 0.021719947686963247, "reward_err_3": 0.046793231551364146, "KL_distance_1": 1.1922123178622128, "KL_distance_2": 0.8036455478274838, "KL_distance_3": 0.9818775978684896, "reward_param_1": 10.503623555427769, "reward_param_2": 2.8711851087327678, "reward_param_3": 7.319800323806378, "reward_param_4": 7.679369077005209, "group_weight_1": 0.34176362838882474, "group_weight_2": 0.32131087226759925, "group_weight_3": 0.33692549934357596, "hist_group_loss_1": 20.367342738811903, "hist_group_loss_2": 14.19631782554691, "hist_group_loss_3": 18.941591005392226, "cur_group_loss_1": 0.20301283449588825, "cur_group_loss_2": 0.14190551493959302, "cur_group_loss_3": 0.1884383851224526, "train_group_loss_1": 20.300405227492465, "train_group_loss_2": 15.04361890595868, "train_group_loss_3": 17.7123978699521, "val_group_loss_1": 20.21979270311379, "val_group_loss_2": 17.53553690291554, "val_group_loss_3": 18.10443991872522, "_timestamp": 1726605058.123932, "_runtime": 10.92731499671936, "_step": 2, "final/reward_err_1": 0.08298973000287806, "final/reward_err_2": 0.021719947686963247, "final/reward_err_3": 0.046793231551364146, "final/reward_param_1": 10.503623555427769, "final/reward_param_2": 2.8711851087327678, "final/reward_param_3": 7.319800323806378, "final/reward_param_4": 7.679369077005209, "optimal_reward_1": 3.866978645324707, "optimal_reward_2": 3.866978645324707, "optimal_reward_3": 3.311685085296631, "final/reward_1": 3.8343822956085205, "final/reward_2": 3.608206033706665, "final/reward_3": 3.311685085296631, "reward_0_when_1_group_param_known": 3.866978645324707, "reward_1_when_1_group_param_known": 3.4890663623809814, "reward_2_when_1_group_param_known": 3.2840659618377686, "reward_0_when_2_group_param_known": 3.4890663623809814, "reward_1_when_2_group_param_known": 3.866978645324707, "reward_2_when_2_group_param_known": 3.121250629425049, "reward_0_when_3_group_param_known": 3.8343822956085205, "reward_1_when_3_group_param_known": 3.608206033706665, "reward_2_when_3_group_param_known": 3.311685085296631, "reward_error_0_when_1_group_param_known": 0.0, "reward_error_1_when_1_group_param_known": 0.0977280501408077, "reward_error_2_when_1_group_param_known": 0.00833990030679153, "reward_error_0_when_2_group_param_known": 0.0977280501408077, "reward_error_1_when_2_group_param_known": 0.0, "reward_error_2_when_2_group_param_known": 0.057503793678052764, "reward_error_0_when_3_group_param_known": 0.008429410324154877, "reward_error_1_when_3_group_param_known": 0.06691855201499647, "reward_error_2_when_3_group_param_known": 0.0, "_wandb": {"runtime": 10}}