{"Iteration": 199, "train_loss": 17.56466388457535, "val_loss": 16.10319043820654, "grad_norm": 0.2269998425964297, "max_reward_err": 0.07461688264638949, "max_reward_err_index": 0, "max_kl_dist": 0.9421873501837269, "max_kl_dist_index": 0, "max_train_grp_loss": 20.575957621082374, "max_train_grp_loss_index": 0, "max_val_grp_loss": 20.430298229491655, "max_val_grp_loss_index": 0, "max_cur_train_grp_loss": 20.577276811402413, "max_cur_train_grp_loss_index": 0, "reward_err_1": 0.08949162245781656, "reward_err_2": 0.004507429699179374, "reward_err_3": 0.05184807811420275, "reward_param_1": 8.756315816251409, "reward_param_2": 3.638868518920104, "reward_param_3": 6.562449672939783, "reward_param_4": 4.297170210769388, "KL_distance_1": 0.9421873501837269, "KL_distance_2": 0.4287343568291217, "KL_distance_3": 0.7282749599898926, "hist_group_loss_1": 4207.421723789264, "hist_group_loss_2": 3059.8334652015387, "hist_group_loss_3": 4071.7942732617416, "cur_group_loss_1": 20.577276811402413, "cur_group_loss_2": 13.263303038810783, "cur_group_loss_3": 19.276534638044666, "train_group_loss_1": 20.575957621082374, "train_group_loss_2": 13.253892434061033, "train_group_loss_3": 19.270625186089763, "val_group_loss_1": 20.430298229491655, "val_group_loss_2": 8.101605796400655, "val_group_loss_3": 18.777655083158244, "_timestamp": 1726698022.385918, "_runtime": 11.708617925643921, "_step": 3, "final/reward_err_1": 0.08949162245781656, "final/reward_err_2": 0.004507429699179374, "final/reward_err_3": 0.05184807811420275, "final/reward_param_1": 8.756315816251409, "final/reward_param_2": 3.638868518920104, "final/reward_param_3": 6.562449672939783, "final/reward_param_4": 4.297170210769388, "optimal_reward_1": 3.869661331176758, "optimal_reward_2": 3.869661331176758, "optimal_reward_3": 3.3746607303619385, "final/reward_1": 3.832443952560425, "final/reward_2": 3.602559804916382, "final/reward_3": 3.3746607303619385, "reward_0_when_1_group_param_known": 3.869661331176758, "reward_1_when_1_group_param_known": 3.4677367210388184, "reward_2_when_1_group_param_known": 3.334665060043335, "reward_0_when_2_group_param_known": 3.4677367210388184, "reward_1_when_2_group_param_known": 3.869661331176758, "reward_2_when_2_group_param_known": 3.163583993911743, "reward_0_when_3_group_param_known": 3.832443952560425, "reward_1_when_3_group_param_known": 3.602559804916382, "reward_2_when_3_group_param_known": 3.3746607303619385, "reward_error_0_when_1_group_param_known": 0.0, "reward_error_1_when_1_group_param_known": 0.1038655778219524, "reward_error_2_when_1_group_param_known": 0.011851760373646185, "reward_error_0_when_2_group_param_known": 0.1038655778219524, "reward_error_1_when_2_group_param_known": 0.0, "reward_error_2_when_2_group_param_known": 0.06254754279478546, "reward_error_0_when_3_group_param_known": 0.00961773536006451, "reward_error_1_when_3_group_param_known": 0.06902452266517878, "reward_error_2_when_3_group_param_known": 0.0, "_wandb": {"runtime": 11}}