{"Iteration": 199, "train_loss": 14.30819639070943, "val_loss": 14.4541468622104, "grad_norm": 0.018745292465986742, "live_grad": 2.3079825091418873e-14, "train_weighted_loss": 42.92458917212829, "val_weighted_loss": 43.36244058663121, "max_reward_err": 0.11151516070884157, "max_reward_err_index": 0, "max_kl_dist": 2.3362889254884713, "max_kl_dist_index": 0, "max_train_grp_loss": 18.548548193890213, "max_train_grp_loss_index": 0, "max_val_grp_loss": 19.179584753884807, "max_val_grp_loss_index": 0, "max_cur_train_grp_loss": 0.2108178844314128, "max_cur_train_grp_loss_index": 2, "reward_err_1": 0.11151516070884157, "reward_err_2": 0.0053669511149524295, "reward_err_3": 0.07457825324817423, "KL_distance_1": 2.3362889254884713, "KL_distance_2": 0.997672303585802, "KL_distance_3": 2.0001223520196, "reward_param_1": 6.400196130766342, "reward_param_2": 4.104365044225063, "reward_param_3": 16.532041540920062, "reward_param_4": 5.510946336970616, "group_weight_1": 0.3299977771619825, "group_weight_2": 0.29371010842600653, "group_weight_3": 0.37629211441201105, "hist_group_loss_1": 29.620641519651368, "hist_group_loss_2": 17.971375176506143, "hist_group_loss_3": 42.74862384226767, "cur_group_loss_1": 0.14721778604290361, "cur_group_loss_2": 0.0912633302824141, "cur_group_loss_3": 0.2108178844314128, "train_group_loss_1": 18.548548193890213, "train_group_loss_2": 10.223612742625429, "train_group_loss_3": 13.069309961429267, "val_group_loss_1": 19.179584753884807, "val_group_loss_2": 7.053697567863782, "val_group_loss_3": 17.115740075668217, "_timestamp": 1726698778.1642702, "_runtime": 14.524686098098755, "_step": 3, "final/reward_err_1": 0.11151516070884157, "final/reward_err_2": 0.0053669511149524295, "final/reward_err_3": 0.07457825324817423, "final/reward_param_1": 6.400196130766342, "final/reward_param_2": 4.104365044225063, "final/reward_param_3": 16.532041540920062, "final/reward_param_4": 5.510946336970616, "optimal_reward_1": 3.866352081298828, "optimal_reward_2": 3.866352081298828, "optimal_reward_3": 3.364398956298828, "final/reward_1": 3.8258588314056396, "final/reward_2": 3.5992729663848877, "final/reward_3": 3.364398956298828, "reward_0_when_1_group_param_known": 3.866352081298828, "reward_1_when_1_group_param_known": 3.466999053955078, "reward_2_when_1_group_param_known": 3.324810028076172, "reward_0_when_2_group_param_known": 3.466999053955078, "reward_1_when_2_group_param_known": 3.866352081298828, "reward_2_when_2_group_param_known": 3.1610913276672363, "reward_0_when_3_group_param_known": 3.8258588314056396, "reward_1_when_3_group_param_known": 3.5992729663848877, "reward_2_when_3_group_param_known": 3.364398956298828, "reward_error_0_when_1_group_param_known": 0.0, "reward_error_1_when_1_group_param_known": 0.10328935879258955, "reward_error_2_when_1_group_param_known": 0.011767013584562513, "reward_error_0_when_2_group_param_known": 0.10328935879258955, "reward_error_1_when_2_group_param_known": 0.0, "reward_error_2_when_2_group_param_known": 0.06042910822182941, "reward_error_0_when_3_group_param_known": 0.010473244298947946, "reward_error_1_when_3_group_param_known": 0.06907780494326327, "reward_error_2_when_3_group_param_known": 0.0, "_wandb": {"runtime": 14}}