{"Iteration": 99, "train_loss": 15.466492333461659, "val_loss": 16.107014923473866, "grad_norm": 0.37084295500859116, "max_reward_err": 0.06407134368322913, "max_reward_err_index": 0, "max_kl_dist": 0.7563180789808747, "max_kl_dist_index": 0, "max_train_grp_loss": 19.54422931884456, "max_train_grp_loss_index": 0, "max_val_grp_loss": 19.982343168057064, "max_val_grp_loss_index": 0, "max_cur_train_grp_loss": 19.554591905793494, "max_cur_train_grp_loss_index": 0, "reward_err_1": 0.07087498192574489, "reward_err_2": 0.00997169803510828, "reward_err_3": 0.034132831282484365, "reward_param_1": 7.5925022010778696, "reward_param_2": 3.2807644433945664, "reward_param_3": 6.435378936617204, "reward_param_4": 4.967660810593826, "KL_distance_1": 0.7563180789808747, "KL_distance_2": 0.4133467086867164, "KL_distance_3": 0.5854160176651478, "hist_group_loss_1": 2037.134124719543, "hist_group_loss_2": 1083.0419433598288, "hist_group_loss_3": 1986.923412167256, "cur_group_loss_1": 19.554591905793494, "cur_group_loss_2": 9.204274978361848, "cur_group_loss_3": 18.87307182056377, "train_group_loss_1": 19.54422931884456, "train_group_loss_2": 9.186606923120557, "train_group_loss_3": 18.859239529342226, "val_group_loss_1": 19.982343168057064, "val_group_loss_2": 11.285364885047992, "val_group_loss_3": 18.61373758224408, "_timestamp": 1726687426.6832929, "_runtime": 8.298921823501587, "_step": 2, "final/reward_err_1": 0.07087498192574489, "final/reward_err_2": 0.00997169803510828, "final/reward_err_3": 0.034132831282484365, "final/reward_param_1": 7.5925022010778696, "final/reward_param_2": 3.2807644433945664, "final/reward_param_3": 6.435378936617204, "final/reward_param_4": 4.967660810593826, "optimal_reward_1": 3.8303539752960205, "optimal_reward_2": 3.8303539752960205, "optimal_reward_3": 3.2621729373931885, "final/reward_1": 3.7932167053222656, "final/reward_2": 3.5765700340270996, "final/reward_3": 3.2621729373931885, "reward_0_when_1_group_param_known": 3.8303539752960205, "reward_1_when_1_group_param_known": 3.4527127742767334, "reward_2_when_1_group_param_known": 3.2332265377044678, "reward_0_when_2_group_param_known": 3.4527127742767334, "reward_1_when_2_group_param_known": 3.8303539752960205, "reward_2_when_2_group_param_known": 3.0769858360290527, "reward_0_when_3_group_param_known": 3.7932167053222656, "reward_1_when_3_group_param_known": 3.5765700340270996, "reward_2_when_3_group_param_known": 3.2621729373931885, "reward_error_0_when_1_group_param_known": 0.0, "reward_error_1_when_1_group_param_known": 0.09859172375579256, "reward_error_2_when_1_group_param_known": 0.008873349219754073, "reward_error_0_when_2_group_param_known": 0.09859172375579256, "reward_error_1_when_2_group_param_known": 0.0, "reward_error_2_when_2_group_param_known": 0.056768020861616024, "reward_error_0_when_3_group_param_known": 0.009695519059928348, "reward_error_1_when_3_group_param_known": 0.06625600216212596, "reward_error_2_when_3_group_param_known": 0.0, "_wandb": {"runtime": 8}}