{"Iteration": 99, "train_loss": 16.212023771557092, "val_loss": 16.848302312858063, "grad_norm": 0.013616006993795176, "live_grad": 1.6946909889267e-14, "train_weighted_loss": 48.63607131467128, "val_weighted_loss": 50.54490693857419, "max_reward_err": 0.0790703926775899, "max_reward_err_index": 0, "max_kl_dist": 1.4736982659836964, "max_kl_dist_index": 0, "max_train_grp_loss": 19.54727636930953, "max_train_grp_loss_index": 0, "max_val_grp_loss": 19.55839787288428, "max_val_grp_loss_index": 0, "max_cur_train_grp_loss": 0.38068527604291297, "max_cur_train_grp_loss_index": 2, "reward_err_1": 0.0790703926775899, "reward_err_2": 0.003484886820363172, "reward_err_3": 0.04422270227253653, "KL_distance_1": 1.4736982659836964, "KL_distance_2": 0.8175934729536721, "KL_distance_3": 1.189972124078652, "reward_param_1": 9.051351032062337, "reward_param_2": 4.155010198134363, "reward_param_3": 11.190935582955172, "reward_param_4": 5.48958133546118, "group_weight_1": 0.31359508950311177, "group_weight_2": 0.2943171288585512, "group_weight_3": 0.392087781638337, "hist_group_loss_1": 16.10446653214906, "hist_group_loss_2": 9.759989101962177, "hist_group_loss_3": 38.4427782912178, "cur_group_loss_1": 0.16023563387960504, "cur_group_loss_2": 0.09796411416582827, "cur_group_loss_3": 0.38068527604291297, "train_group_loss_1": 19.54727636930953, "train_group_loss_2": 13.423297744043017, "train_group_loss_3": 15.606039597011534, "val_group_loss_1": 19.55839787288428, "val_group_loss_2": 13.52460046309033, "val_group_loss_3": 17.39333601784618, "_timestamp": 1726683647.428542, "_runtime": 9.90967082977295, "_step": 2, "final/reward_err_1": 0.0790703926775899, "final/reward_err_2": 0.003484886820363172, "final/reward_err_3": 0.04422270227253653, "final/reward_param_1": 9.051351032062337, "final/reward_param_2": 4.155010198134363, "final/reward_param_3": 11.190935582955172, "final/reward_param_4": 5.48958133546118, "optimal_reward_1": 3.7937493324279785, "optimal_reward_2": 3.7937493324279785, "optimal_reward_3": 3.2583768367767334, "final/reward_1": 3.7626752853393555, "final/reward_2": 3.56032395362854, "final/reward_3": 3.2583768367767334, "reward_0_when_1_group_param_known": 3.7937493324279785, "reward_1_when_1_group_param_known": 3.4302093982696533, "reward_2_when_1_group_param_known": 3.224942445755005, "reward_0_when_2_group_param_known": 3.4302093982696533, "reward_1_when_2_group_param_known": 3.7937493324279785, "reward_2_when_2_group_param_known": 3.071303129196167, "reward_0_when_3_group_param_known": 3.7626752853393555, "reward_1_when_3_group_param_known": 3.56032395362854, "reward_2_when_3_group_param_known": 3.2583768367767334, "reward_error_0_when_1_group_param_known": 0.0, "reward_error_1_when_1_group_param_known": 0.09582602916088334, "reward_error_2_when_1_group_param_known": 0.010261057175572927, "reward_error_0_when_2_group_param_known": 0.09582602916088334, "reward_error_1_when_2_group_param_known": 0.0, "reward_error_2_when_2_group_param_known": 0.057413159051800874, "reward_error_0_when_3_group_param_known": 0.008190854051165217, "reward_error_1_when_3_group_param_known": 0.061528940988319736, "reward_error_2_when_3_group_param_known": 0.0, "_wandb": {"runtime": 10}}