{"Iteration": 99, "train_loss": 18.801337166079303, "val_loss": 19.344812140063382, "grad_norm": 0.26240500290562474, "max_reward_err": 0.06393773712450125, "max_reward_err_index": 0, "max_kl_dist": 0.7449344736164412, "max_kl_dist_index": 0, "max_train_grp_loss": 20.43539726946547, "max_train_grp_loss_index": 0, "max_val_grp_loss": 21.475267237561862, "max_val_grp_loss_index": 0, "max_cur_train_grp_loss": 20.44040735264434, "max_cur_train_grp_loss_index": 0, "reward_err_1": 0.08683863541821271, "reward_err_2": 0.0040533710497649865, "reward_err_3": 0.04624923065796347, "reward_param_1": 7.275277349286338, "reward_param_2": 3.5383336609968, "reward_param_3": 6.170112399482344, "reward_param_4": 3.228778869693643, "KL_distance_1": 0.7449344736164412, "KL_distance_2": 0.3045488322035992, "KL_distance_3": 0.5578067210827194, "hist_group_loss_1": 2077.4104713097536, "hist_group_loss_2": 1759.4072509558498, "hist_group_loss_3": 1992.935132822764, "cur_group_loss_1": 20.44040735264434, "cur_group_loss_2": 16.94169803757511, "cur_group_loss_3": 19.348704637838654, "train_group_loss_1": 20.43539726946547, "train_group_loss_2": 16.935197269265096, "train_group_loss_3": 19.33960527994663, "val_group_loss_1": 21.475267237561862, "val_group_loss_2": 16.348633495851495, "val_group_loss_3": 20.032858730187904, "_timestamp": 1726659468.494256, "_runtime": 8.077202081680298, "_step": 2, "final/reward_err_1": 0.08683863541821271, "final/reward_err_2": 0.0040533710497649865, "final/reward_err_3": 0.04624923065796347, "final/reward_param_1": 7.275277349286338, "final/reward_param_2": 3.5383336609968, "final/reward_param_3": 6.170112399482344, "final/reward_param_4": 3.228778869693643, "optimal_reward_1": 3.8440520763397217, "optimal_reward_2": 3.8440520763397217, "optimal_reward_3": 3.3031394481658936, "final/reward_1": 3.806739330291748, "final/reward_2": 3.5654454231262207, "final/reward_3": 3.3031394481658936, "reward_0_when_1_group_param_known": 3.8440520763397217, "reward_1_when_1_group_param_known": 3.454845666885376, "reward_2_when_1_group_param_known": 3.27467942237854, "reward_0_when_2_group_param_known": 3.454845666885376, "reward_1_when_2_group_param_known": 3.8440520763397217, "reward_2_when_2_group_param_known": 3.1118218898773193, "reward_0_when_3_group_param_known": 3.806739330291748, "reward_1_when_3_group_param_known": 3.5654454231262207, "reward_2_when_3_group_param_known": 3.3031394481658936, "reward_error_0_when_1_group_param_known": 0.0, "reward_error_1_when_1_group_param_known": 0.10124899499929386, "reward_error_2_when_1_group_param_known": 0.008616053374057906, "reward_error_0_when_2_group_param_known": 0.10124899499929386, "reward_error_1_when_2_group_param_known": 0.0, "reward_error_2_when_2_group_param_known": 0.057919915671379094, "reward_error_0_when_3_group_param_known": 0.009706618252555662, "reward_error_1_when_3_group_param_known": 0.07247733581143058, "reward_error_2_when_3_group_param_known": 0.0, "_wandb": {"runtime": 7}}