{"Iteration": 99, "train_loss": 19.082479268345743, "val_loss": 18.94734325632966, "grad_norm": 0.32901909198223245, "max_reward_err": 0.08139685291359845, "max_reward_err_index": 0, "max_kl_dist": 0.5351913931271897, "max_kl_dist_index": 0, "max_train_grp_loss": 21.652229780644387, "max_train_grp_loss_index": 0, "max_val_grp_loss": 21.366165062904503, "max_val_grp_loss_index": 0, "max_cur_train_grp_loss": 21.656907870987872, "max_cur_train_grp_loss_index": 0, "reward_err_1": 0.08373898029683026, "reward_err_2": 0.02996892933936772, "reward_err_3": 0.04944155714446357, "reward_param_1": 6.768692396492502, "reward_param_2": 4.974998445616652, "reward_param_3": 4.167400224021464, "reward_param_4": 2.0488266312093595, "KL_distance_1": 0.5351913931271897, "KL_distance_2": 0.2851732742376833, "KL_distance_3": 0.3969351406474822, "hist_group_loss_1": 2204.7634783316585, "hist_group_loss_2": 1700.1552389713893, "hist_group_loss_3": 2093.9799197441203, "cur_group_loss_1": 21.656907870987872, "cur_group_loss_2": 15.725773427238536, "cur_group_loss_3": 19.92230401123486, "train_group_loss_1": 21.652229780644387, "train_group_loss_2": 15.710163281235328, "train_group_loss_3": 19.90711330246247, "val_group_loss_1": 21.366165062904503, "val_group_loss_2": 14.86514186978802, "val_group_loss_3": 20.177305783866164, "_timestamp": 1726682662.177096, "_runtime": 8.224697828292847, "_step": 2, "final/reward_err_1": 0.08373898029683026, "final/reward_err_2": 0.02996892933936772, "final/reward_err_3": 0.04944155714446357, "final/reward_param_1": 6.768692396492502, "final/reward_param_2": 4.974998445616652, "final/reward_param_3": 4.167400224021464, "final/reward_param_4": 2.0488266312093595, "optimal_reward_1": 3.8651840686798096, "optimal_reward_2": 3.8651840686798096, "optimal_reward_3": 3.337219715118408, "final/reward_1": 3.8319525718688965, "final/reward_2": 3.6041877269744873, "final/reward_3": 3.337219715118408, "reward_0_when_1_group_param_known": 3.8651840686798096, "reward_1_when_1_group_param_known": 3.4605093002319336, "reward_2_when_1_group_param_known": 3.3015952110290527, "reward_0_when_2_group_param_known": 3.4605093002319336, "reward_1_when_2_group_param_known": 3.8651840686798096, "reward_2_when_2_group_param_known": 3.1258203983306885, "reward_0_when_3_group_param_known": 3.8319525718688965, "reward_1_when_3_group_param_known": 3.6041877269744873, "reward_2_when_3_group_param_known": 3.337219715118408, "reward_error_0_when_1_group_param_known": 0.0, "reward_error_1_when_1_group_param_known": 0.10469741188447372, "reward_error_2_when_1_group_param_known": 0.010674905199669023, "reward_error_0_when_2_group_param_known": 0.10469741188447372, "reward_error_1_when_2_group_param_known": 0.0, "reward_error_2_when_2_group_param_known": 0.0633459390851702, "reward_error_0_when_3_group_param_known": 0.00859764922457202, "reward_error_1_when_3_group_param_known": 0.06752494501367125, "reward_error_2_when_3_group_param_known": 0.0, "_wandb": {"runtime": 8}}