{"Iteration": 99, "train_loss": 17.185640024457058, "val_loss": 17.16301879353992, "grad_norm": 0.4763603156660799, "max_reward_err": 0.11470403397470343, "max_reward_err_index": 1, "max_kl_dist": 0.4662405409952414, "max_kl_dist_index": 0, "max_train_grp_loss": 21.473368246793953, "max_train_grp_loss_index": 0, "max_val_grp_loss": 20.741875502607687, "max_val_grp_loss_index": 0, "max_cur_train_grp_loss": 21.477923111066477, "max_cur_train_grp_loss_index": 0, "reward_err_1": 0.06081168052964948, "reward_err_2": 0.017063626976345482, "reward_err_3": 0.02754396148182103, "reward_param_1": 6.20732779226631, "reward_param_2": 4.084838336451877, "reward_param_3": 4.715476692907709, "reward_param_4": 3.5093691823626907, "KL_distance_1": 0.4662405409952414, "KL_distance_2": 0.2556030641974673, "KL_distance_3": 0.34826758854611817, "hist_group_loss_1": 2194.635873623913, "hist_group_loss_2": 1547.0376753136422, "hist_group_loss_3": 2142.780885679683, "cur_group_loss_1": 21.477923111066477, "cur_group_loss_2": 11.988254733966393, "cur_group_loss_3": 20.29599028065161, "train_group_loss_1": 21.473368246793953, "train_group_loss_2": 11.945666427394704, "train_group_loss_3": 20.280765496823857, "val_group_loss_1": 20.741875502607687, "val_group_loss_2": 10.898035231344767, "val_group_loss_3": 19.85438907565425, "_timestamp": 1726689662.958017, "_runtime": 8.578944206237793, "_step": 2, "final/reward_err_1": 0.06081168052964948, "final/reward_err_2": 0.017063626976345482, "final/reward_err_3": 0.02754396148182103, "final/reward_param_1": 6.20732779226631, "final/reward_param_2": 4.084838336451877, "final/reward_param_3": 4.715476692907709, "final/reward_param_4": 3.5093691823626907, "optimal_reward_1": 3.8415656089782715, "optimal_reward_2": 3.8415656089782715, "optimal_reward_3": 3.2601258754730225, "final/reward_1": 3.799260139465332, "final/reward_2": 3.583275318145752, "final/reward_3": 3.2601258754730225, "reward_0_when_1_group_param_known": 3.8415656089782715, "reward_1_when_1_group_param_known": 3.460273027420044, "reward_2_when_1_group_param_known": 3.221672296524048, "reward_0_when_2_group_param_known": 3.460273027420044, "reward_1_when_2_group_param_known": 3.8415656089782715, "reward_2_when_2_group_param_known": 3.0699462890625, "reward_0_when_3_group_param_known": 3.799260139465332, "reward_1_when_3_group_param_known": 3.583275318145752, "reward_2_when_3_group_param_known": 3.2601258754730225, "reward_error_0_when_1_group_param_known": 0.0, "reward_error_1_when_1_group_param_known": 0.0992544760050678, "reward_error_2_when_1_group_param_known": 0.011795120930229497, "reward_error_0_when_2_group_param_known": 0.0992544760050678, "reward_error_1_when_2_group_param_known": 0.0, "reward_error_2_when_2_group_param_known": 0.05833504400590934, "reward_error_0_when_3_group_param_known": 0.011012559414335057, "reward_error_1_when_3_group_param_known": 0.06723568386515626, "reward_error_2_when_3_group_param_known": 0.0, "_wandb": {"runtime": 8}}