{"Iteration": 99, "train_loss": 15.924969349432176, "val_loss": 16.814692306215605, "grad_norm": 0.44717862151282617, "max_reward_err": 0.04796542286401341, "max_reward_err_index": 0, "max_kl_dist": 0.7410161517749057, "max_kl_dist_index": 0, "max_train_grp_loss": 20.474600256671035, "max_train_grp_loss_index": 0, "max_val_grp_loss": 20.10914174922881, "max_val_grp_loss_index": 0, "max_cur_train_grp_loss": 20.483258144394057, "max_cur_train_grp_loss_index": 0, "reward_err_1": 0.08180500765673208, "reward_err_2": 0.008639806554888867, "reward_err_3": 0.042895431022161104, "reward_param_1": 7.600919976429432, "reward_param_2": 3.326653534855393, "reward_param_3": 5.935867287334428, "reward_param_4": 4.608133203180364, "KL_distance_1": 0.7410161517749057, "KL_distance_2": 0.3637238111443729, "KL_distance_3": 0.5619813999187652, "hist_group_loss_1": 2114.3023259909874, "hist_group_loss_2": 1205.0124865130583, "hist_group_loss_3": 2026.3087938396754, "cur_group_loss_1": 20.483258144394057, "cur_group_loss_2": 9.334653452365496, "cur_group_loss_3": 19.075345791111722, "train_group_loss_1": 20.474600256671035, "train_group_loss_2": 9.302898855361335, "train_group_loss_3": 19.05791152721697, "val_group_loss_1": 20.10914174922881, "val_group_loss_2": 10.320189054738485, "val_group_loss_3": 19.532781993627086, "_timestamp": 1726665714.114043, "_runtime": 8.239094018936157, "_step": 2, "final/reward_err_1": 0.08180500765673208, "final/reward_err_2": 0.008639806554888867, "final/reward_err_3": 0.042895431022161104, "final/reward_param_1": 7.600919976429432, "final/reward_param_2": 3.326653534855393, "final/reward_param_3": 5.935867287334428, "final/reward_param_4": 4.608133203180364, "optimal_reward_1": 3.8871653079986572, "optimal_reward_2": 3.8871653079986572, "optimal_reward_3": 3.38283634185791, "final/reward_1": 3.8522720336914062, "final/reward_2": 3.6094093322753906, "final/reward_3": 3.38283634185791, "reward_0_when_1_group_param_known": 3.8871653079986572, "reward_1_when_1_group_param_known": 3.4750781059265137, "reward_2_when_1_group_param_known": 3.3463027477264404, "reward_0_when_2_group_param_known": 3.4750781059265137, "reward_1_when_2_group_param_known": 3.8871653079986572, "reward_2_when_2_group_param_known": 3.1734652519226074, "reward_0_when_3_group_param_known": 3.8522720336914062, "reward_1_when_3_group_param_known": 3.6094093322753906, "reward_2_when_3_group_param_known": 3.38283634185791, "reward_error_0_when_1_group_param_known": 0.0, "reward_error_1_when_1_group_param_known": 0.10601226585969672, "reward_error_2_when_1_group_param_known": 0.010799693050301354, "reward_error_0_when_2_group_param_known": 0.10601226585969672, "reward_error_1_when_2_group_param_known": 0.0, "reward_error_2_when_2_group_param_known": 0.06189217235981113, "reward_error_0_when_3_group_param_known": 0.00897653470909785, "reward_error_1_when_3_group_param_known": 0.0714546343454253, "reward_error_2_when_3_group_param_known": 0.0, "_wandb": {"runtime": 7}}