{"Iteration": 99, "train_loss": 18.792477146769055, "val_loss": 19.175425591662737, "grad_norm": 0.42465156636836665, "max_reward_err": 0.0910232979500173, "max_reward_err_index": 1, "max_kl_dist": 0.41015044452045174, "max_kl_dist_index": 0, "max_train_grp_loss": 21.233022943236687, "max_train_grp_loss_index": 0, "max_val_grp_loss": 21.554875680648426, "max_val_grp_loss_index": 0, "max_cur_train_grp_loss": 21.242630915105565, "max_cur_train_grp_loss_index": 0, "reward_err_1": 0.0608966011772398, "reward_err_2": 0.01980955989961391, "reward_err_3": 0.027502388503210195, "reward_param_1": 4.957138790953304, "reward_param_2": 2.6412722553716286, "reward_param_3": 5.34343314948375, "reward_param_4": 4.2010725245116145, "KL_distance_1": 0.41015044452045174, "KL_distance_2": 0.21724495547190065, "KL_distance_3": 0.2915708435327242, "hist_group_loss_1": 2195.010961324459, "hist_group_loss_2": 1809.7332657819502, "hist_group_loss_3": 2065.076389580092, "cur_group_loss_1": 21.242630915105565, "cur_group_loss_2": 15.884639373296976, "cur_group_loss_3": 19.437706060275882, "train_group_loss_1": 21.233022943236687, "train_group_loss_2": 15.857385193555345, "train_group_loss_3": 19.4200259485659, "val_group_loss_1": 21.554875680648426, "val_group_loss_2": 15.347260153745713, "val_group_loss_3": 20.710935244020906, "_timestamp": 1726682568.6128159, "_runtime": 8.607486963272095, "_step": 2, "final/reward_err_1": 0.0608966011772398, "final/reward_err_2": 0.01980955989961391, "final/reward_err_3": 0.027502388503210195, "final/reward_param_1": 4.957138790953304, "final/reward_param_2": 2.6412722553716286, "final/reward_param_3": 5.34343314948375, "final/reward_param_4": 4.2010725245116145, "optimal_reward_1": 3.8605411052703857, "optimal_reward_2": 3.8605411052703857, "optimal_reward_3": 3.298776388168335, "final/reward_1": 3.825101613998413, "final/reward_2": 3.5993566513061523, "final/reward_3": 3.298776388168335, "reward_0_when_1_group_param_known": 3.8605411052703857, "reward_1_when_1_group_param_known": 3.4837193489074707, "reward_2_when_1_group_param_known": 3.270322322845459, "reward_0_when_2_group_param_known": 3.4837193489074707, "reward_1_when_2_group_param_known": 3.8605411052703857, "reward_2_when_2_group_param_known": 3.110097646713257, "reward_0_when_3_group_param_known": 3.825101613998413, "reward_1_when_3_group_param_known": 3.5993566513061523, "reward_2_when_3_group_param_known": 3.298776388168335, "reward_error_0_when_1_group_param_known": 0.0, "reward_error_1_when_1_group_param_known": 0.09760853364531734, "reward_error_2_when_1_group_param_known": 0.008625642351791921, "reward_error_0_when_2_group_param_known": 0.09760853364531734, "reward_error_1_when_2_group_param_known": 0.0, "reward_error_2_when_2_group_param_known": 0.05719658420370927, "reward_error_0_when_3_group_param_known": 0.009179928488156982, "reward_error_1_when_3_group_param_known": 0.06765488226706512, "reward_error_2_when_3_group_param_known": 0.0, "_wandb": {"runtime": 8}}