{"Iteration": 99, "train_loss": 18.327602274345562, "val_loss": 18.771172772295614, "grad_norm": 0.44169671987599973, "max_reward_err": 0.0939445503580483, "max_reward_err_index": 1, "max_kl_dist": 0.5531460194569713, "max_kl_dist_index": 0, "max_train_grp_loss": 21.20389599220821, "max_train_grp_loss_index": 0, "max_val_grp_loss": 21.832879432848447, "max_val_grp_loss_index": 0, "max_cur_train_grp_loss": 21.213631816859813, "max_cur_train_grp_loss_index": 0, "reward_err_1": 0.08791965662824848, "reward_err_2": 0.002701907154603328, "reward_err_3": 0.04928723818492405, "reward_param_1": 5.307618818038092, "reward_param_2": 3.012490929308675, "reward_param_3": 6.114254514264371, "reward_param_4": 2.4388995060168432, "KL_distance_1": 0.5531460194569713, "KL_distance_2": 0.17502786976014303, "KL_distance_3": 0.38963910175269495, "hist_group_loss_1": 2196.1468362646024, "hist_group_loss_2": 1755.5046099076333, "hist_group_loss_3": 2101.108056370165, "cur_group_loss_1": 21.213631816859813, "cur_group_loss_2": 14.95623690618244, "cur_group_loss_3": 19.657609863536777, "train_group_loss_1": 21.20389599220821, "train_group_loss_2": 14.927148465251545, "train_group_loss_3": 19.638002502423998, "val_group_loss_1": 21.832879432848447, "val_group_loss_2": 14.431207738923913, "val_group_loss_3": 20.153426678099457, "_timestamp": 1726682530.907954, "_runtime": 8.61569094657898, "_step": 2, "final/reward_err_1": 0.08791965662824848, "final/reward_err_2": 0.002701907154603328, "final/reward_err_3": 0.04928723818492405, "final/reward_param_1": 5.307618818038092, "final/reward_param_2": 3.012490929308675, "final/reward_param_3": 6.114254514264371, "final/reward_param_4": 2.4388995060168432, "optimal_reward_1": 3.8295645713806152, "optimal_reward_2": 3.8295645713806152, "optimal_reward_3": 3.2923295497894287, "final/reward_1": 3.7937707901000977, "final/reward_2": 3.5698022842407227, "final/reward_3": 3.2923295497894287, "reward_0_when_1_group_param_known": 3.8295645713806152, "reward_1_when_1_group_param_known": 3.440261125564575, "reward_2_when_1_group_param_known": 3.2583417892456055, "reward_0_when_2_group_param_known": 3.440261125564575, "reward_1_when_2_group_param_known": 3.8295645713806152, "reward_2_when_2_group_param_known": 3.092778205871582, "reward_0_when_3_group_param_known": 3.7937707901000977, "reward_1_when_3_group_param_known": 3.5698022842407227, "reward_2_when_3_group_param_known": 3.2923295497894287, "reward_error_0_when_1_group_param_known": 0.0, "reward_error_1_when_1_group_param_known": 0.10165736562464864, "reward_error_2_when_1_group_param_known": 0.010323316675876822, "reward_error_0_when_2_group_param_known": 0.10165736562464864, "reward_error_1_when_2_group_param_known": 0.0, "reward_error_2_when_2_group_param_known": 0.0606109871141574, "reward_error_0_when_3_group_param_known": 0.009346697415161585, "reward_error_1_when_3_group_param_known": 0.06783076307974209, "reward_error_2_when_3_group_param_known": 0.0, "_wandb": {"runtime": 8}}