{"Iteration": 99, "train_loss": 17.343989412625287, "val_loss": 17.378181422719464, "grad_norm": 0.003453523324047636, "live_grad": 1.8503458023233474e-14, "train_weighted_loss": 52.03196823787585, "val_weighted_loss": 52.13454426815837, "max_reward_err": 0.08853668118910264, "max_reward_err_index": 0, "max_kl_dist": 1.2140215550253346, "max_kl_dist_index": 0, "max_train_grp_loss": 18.913359710274058, "max_train_grp_loss_index": 0, "max_val_grp_loss": 19.588886163924343, "max_val_grp_loss_index": 0, "max_cur_train_grp_loss": 0.18913933337518557, "max_cur_train_grp_loss_index": 0, "reward_err_1": 0.08853668118910264, "reward_err_2": 0.004568019408850901, "reward_err_3": 0.04784791147229803, "KL_distance_1": 1.2140215550253346, "KL_distance_2": 0.7010384115791298, "KL_distance_3": 0.9856681063423456, "reward_param_1": 8.630325369238252, "reward_param_2": 4.719751827675637, "reward_param_3": 10.115038181217688, "reward_param_4": 5.147139875303208, "group_weight_1": 0.33844325626915805, "group_weight_2": 0.3260189981021494, "group_weight_3": 0.3355377456286925, "hist_group_loss_1": 18.984124416514227, "hist_group_loss_2": 15.244045480328369, "hist_group_loss_3": 18.121925443075142, "cur_group_loss_1": 0.18913933337518557, "cur_group_loss_2": 0.15274836147857115, "cur_group_loss_3": 0.1803600051394682, "train_group_loss_1": 18.913359710274058, "train_group_loss_2": 16.0396789966941, "train_group_loss_3": 17.133626927445253, "val_group_loss_1": 19.588886163924343, "val_group_loss_2": 15.46191582028843, "val_group_loss_3": 17.17821733431685, "_timestamp": 1726602683.31486, "_runtime": 9.447533130645752, "_step": 2, "final/reward_err_1": 0.08853668118910264, "final/reward_err_2": 0.004568019408850901, "final/reward_err_3": 0.04784791147229803, "final/reward_param_1": 8.630325369238252, "final/reward_param_2": 4.719751827675637, "final/reward_param_3": 10.115038181217688, "final/reward_param_4": 5.147139875303208, "optimal_reward_1": 3.88508939743042, "optimal_reward_2": 3.88508939743042, "optimal_reward_3": 3.318911552429199, "final/reward_1": 3.85002064704895, "final/reward_2": 3.5887107849121094, "final/reward_3": 3.318911552429199, "reward_0_when_1_group_param_known": 3.88508939743042, "reward_1_when_1_group_param_known": 3.4581034183502197, "reward_2_when_1_group_param_known": 3.2941160202026367, "reward_0_when_2_group_param_known": 3.4581034183502197, "reward_1_when_2_group_param_known": 3.88508939743042, "reward_2_when_2_group_param_known": 3.1016483306884766, "reward_0_when_3_group_param_known": 3.85002064704895, "reward_1_when_3_group_param_known": 3.5887107849121094, "reward_2_when_3_group_param_known": 3.318911552429199, "reward_error_0_when_1_group_param_known": 0.0, "reward_error_1_when_1_group_param_known": 0.10990377193446481, "reward_error_2_when_1_group_param_known": 0.007470983132531505, "reward_error_0_when_2_group_param_known": 0.10990377193446481, "reward_error_1_when_2_group_param_known": 0.0, "reward_error_2_when_2_group_param_known": 0.06546219093476653, "reward_error_0_when_3_group_param_known": 0.009026497666865538, "reward_error_1_when_3_group_param_known": 0.07628617573493521, "reward_error_2_when_3_group_param_known": 0.0, "_wandb": {"runtime": 9}}