{"Iteration": 99, "train_loss": 16.669867521619842, "val_loss": 16.91001712491992, "grad_norm": 0.009663186630856102, "live_grad": 1.6142199904468272e-14, "train_weighted_loss": 50.00960256485953, "val_weighted_loss": 50.73005137475975, "max_reward_err": 0.10737377763312289, "max_reward_err_index": 0, "max_kl_dist": 2.025436867445657, "max_kl_dist_index": 0, "max_train_grp_loss": 20.112508922437833, "max_train_grp_loss_index": 0, "max_val_grp_loss": 20.198555790196323, "max_val_grp_loss_index": 0, "max_cur_train_grp_loss": 0.2186302336234774, "max_cur_train_grp_loss_index": 0, "reward_err_1": 0.10737377763312289, "reward_err_2": 0.0004502763566516622, "reward_err_3": 0.06617040077787065, "KL_distance_1": 2.025436867445657, "KL_distance_2": 1.0527207373203642, "KL_distance_3": 1.6325833802314882, "reward_param_1": 12.407312142953204, "reward_param_2": 3.5388947132353215, "reward_param_3": 11.988128181332614, "reward_param_4": 3.3748092332538686, "group_weight_1": 0.3487575356355418, "group_weight_2": 0.31329144936181974, "group_weight_3": 0.3379510150026383, "hist_group_loss_1": 21.96370957552892, "hist_group_loss_2": 11.239406070754352, "hist_group_loss_3": 18.81611142485762, "cur_group_loss_1": 0.2186302336234774, "cur_group_loss_2": 0.11281799467201892, "cur_group_loss_3": 0.1870993781001517, "train_group_loss_1": 20.112508922437833, "train_group_loss_2": 12.525413410506474, "train_group_loss_3": 18.147304608819105, "val_group_loss_1": 20.198555790196323, "val_group_loss_2": 12.42375003395919, "val_group_loss_3": 18.02739264491195, "_timestamp": 1726667527.9075708, "_runtime": 9.720075845718384, "_step": 2, "final/reward_err_1": 0.10737377763312289, "final/reward_err_2": 0.0004502763566516622, "final/reward_err_3": 0.06617040077787065, "final/reward_param_1": 12.407312142953204, "final/reward_param_2": 3.5388947132353215, "final/reward_param_3": 11.988128181332614, "final/reward_param_4": 3.3748092332538686, "optimal_reward_1": 3.8684823513031006, "optimal_reward_2": 3.8684823513031006, "optimal_reward_3": 3.312178611755371, "final/reward_1": 3.832144021987915, "final/reward_2": 3.6156766414642334, "final/reward_3": 3.312178611755371, "reward_0_when_1_group_param_known": 3.8684823513031006, "reward_1_when_1_group_param_known": 3.4799795150756836, "reward_2_when_1_group_param_known": 3.271944284439087, "reward_0_when_2_group_param_known": 3.4799795150756836, "reward_1_when_2_group_param_known": 3.8684823513031006, "reward_2_when_2_group_param_known": 3.1135053634643555, "reward_0_when_3_group_param_known": 3.832144021987915, "reward_1_when_3_group_param_known": 3.6156766414642334, "reward_2_when_3_group_param_known": 3.312178611755371, "reward_error_0_when_1_group_param_known": 0.0, "reward_error_1_when_1_group_param_known": 0.10042771323398944, "reward_error_2_when_1_group_param_known": 0.012147390594663916, "reward_error_0_when_2_group_param_known": 0.10042771323398944, "reward_error_1_when_2_group_param_known": 0.0, "reward_error_2_when_2_group_param_known": 0.059982649361328924, "reward_error_0_when_3_group_param_known": 0.009393432880195242, "reward_error_1_when_3_group_param_known": 0.06535010034457296, "reward_error_2_when_3_group_param_known": 0.0, "_wandb": {"runtime": 9}}