{"Iteration": 99, "train_loss": 14.298851230187502, "val_loss": 14.4598647892349, "grad_norm": 0.008622962947441602, "live_grad": 1.2738569519152885e-14, "train_weighted_loss": 42.896553690562506, "val_weighted_loss": 43.3795943677047, "max_reward_err": 0.11258566501009826, "max_reward_err_index": 0, "max_kl_dist": 2.2929907323376377, "max_kl_dist_index": 0, "max_train_grp_loss": 18.636836760442495, "max_train_grp_loss_index": 0, "max_val_grp_loss": 19.26446486755499, "max_val_grp_loss_index": 0, "max_cur_train_grp_loss": 0.2130488197458717, "max_cur_train_grp_loss_index": 2, "reward_err_1": 0.11258566501009826, "reward_err_2": 0.0053669511149524295, "reward_err_3": 0.07541325710890667, "KL_distance_1": 2.2929907323376377, "KL_distance_2": 0.9718304266712481, "KL_distance_3": 1.9580797500761942, "reward_param_1": 6.402664592606162, "reward_param_2": 3.9814305035944417, "reward_param_3": 16.301746963667284, "reward_param_4": 5.3773451232538845, "group_weight_1": 0.33204435090855927, "group_weight_2": 0.3129308193482972, "group_weight_3": 0.35502482974314353, "hist_group_loss_1": 14.86404626609864, "hist_group_loss_2": 8.93540572567988, "hist_group_loss_3": 21.555964556043655, "cur_group_loss_1": 0.14791832110996078, "cur_group_loss_2": 0.08947117590156736, "cur_group_loss_3": 0.2130488197458717, "train_group_loss_1": 18.636836760442495, "train_group_loss_2": 10.022669470113344, "train_group_loss_3": 13.207660590125844, "val_group_loss_1": 19.26446486755499, "val_group_loss_2": 6.895421912016678, "val_group_loss_3": 17.2052382684949, "_timestamp": 1726690481.822494, "_runtime": 9.79534101486206, "_step": 2, "final/reward_err_1": 0.11258566501009826, "final/reward_err_2": 0.0053669511149524295, "final/reward_err_3": 0.07541325710890667, "final/reward_param_1": 6.402664592606162, "final/reward_param_2": 3.9814305035944417, "final/reward_param_3": 16.301746963667284, "final/reward_param_4": 5.3773451232538845, "optimal_reward_1": 3.866352081298828, "optimal_reward_2": 3.866352081298828, "optimal_reward_3": 3.364398956298828, "final/reward_1": 3.8258588314056396, "final/reward_2": 3.5992729663848877, "final/reward_3": 3.364398956298828, "reward_0_when_1_group_param_known": 3.866352081298828, "reward_1_when_1_group_param_known": 3.466999053955078, "reward_2_when_1_group_param_known": 3.324810028076172, "reward_0_when_2_group_param_known": 3.466999053955078, "reward_1_when_2_group_param_known": 3.866352081298828, "reward_2_when_2_group_param_known": 3.1610913276672363, "reward_0_when_3_group_param_known": 3.8258588314056396, "reward_1_when_3_group_param_known": 3.5992729663848877, "reward_2_when_3_group_param_known": 3.364398956298828, "reward_error_0_when_1_group_param_known": 0.0, "reward_error_1_when_1_group_param_known": 0.10328935879258955, "reward_error_2_when_1_group_param_known": 0.011767013584562513, "reward_error_0_when_2_group_param_known": 0.10328935879258955, "reward_error_1_when_2_group_param_known": 0.0, "reward_error_2_when_2_group_param_known": 0.06042910822182941, "reward_error_0_when_3_group_param_known": 0.010473244298947946, "reward_error_1_when_3_group_param_known": 0.06907780494326327, "reward_error_2_when_3_group_param_known": 0.0, "_wandb": {"runtime": 9}}