{"Iteration": 99, "train_loss": 16.701332131294325, "val_loss": 17.52111357694193, "grad_norm": 0.4033350834523774, "max_reward_err": 0.09211861834863432, "max_reward_err_index": 1, "max_kl_dist": 0.5059097663809043, "max_kl_dist_index": 0, "max_train_grp_loss": 20.845803187438037, "max_train_grp_loss_index": 0, "max_val_grp_loss": 19.633066744941296, "max_val_grp_loss_index": 0, "max_cur_train_grp_loss": 20.84917292198692, "max_cur_train_grp_loss_index": 0, "reward_err_1": 0.052128878105633165, "reward_err_2": 0.02851266467127767, "reward_err_3": 0.01972734756730567, "reward_param_1": 5.899338213678835, "reward_param_2": 5.118483399815013, "reward_param_3": 5.715347655941815, "reward_param_4": 4.891579114117054, "KL_distance_1": 0.5059097663809043, "KL_distance_2": 0.40905351795595646, "KL_distance_3": 0.4039713394997879, "hist_group_loss_1": 2114.817492873935, "hist_group_loss_2": 1286.23073917685, "hist_group_loss_3": 2008.3714718921901, "cur_group_loss_1": 20.84917292198692, "cur_group_loss_2": 10.535612295917637, "cur_group_loss_3": 19.201163027483403, "train_group_loss_1": 20.845803187438037, "train_group_loss_2": 10.504423851716677, "train_group_loss_3": 19.187945433834127, "val_group_loss_1": 19.633066744941296, "val_group_loss_2": 13.65449599748902, "val_group_loss_3": 19.30135863672594, "_timestamp": 1726584709.439563, "_runtime": 7.993619918823242, "_step": 2, "final/reward_err_1": 0.052128878105633165, "final/reward_err_2": 0.02851266467127767, "final/reward_err_3": 0.01972734756730567, "final/reward_param_1": 5.899338213678835, "final/reward_param_2": 5.118483399815013, "final/reward_param_3": 5.715347655941815, "final/reward_param_4": 4.891579114117054, "optimal_reward_1": 3.8863613605499268, "optimal_reward_2": 3.8863613605499268, "optimal_reward_3": 3.315164804458618, "final/reward_1": 3.851715087890625, "final/reward_2": 3.5921897888183594, "final/reward_3": 3.315164804458618, "reward_0_when_1_group_param_known": 3.8863613605499268, "reward_1_when_1_group_param_known": 3.458714246749878, "reward_2_when_1_group_param_known": 3.291393280029297, "reward_0_when_2_group_param_known": 3.458714246749878, "reward_1_when_2_group_param_known": 3.8863613605499268, "reward_2_when_2_group_param_known": 3.0966663360595703, "reward_0_when_3_group_param_known": 3.851715087890625, "reward_1_when_3_group_param_known": 3.5921897888183594, "reward_2_when_3_group_param_known": 3.315164804458618, "reward_error_0_when_1_group_param_known": 0.0, "reward_error_1_when_1_group_param_known": 0.11003791828033614, "reward_error_2_when_1_group_param_known": 0.007170540781969749, "reward_error_0_when_2_group_param_known": 0.11003791828033614, "reward_error_1_when_2_group_param_known": 0.0, "reward_error_2_when_2_group_param_known": 0.06590878019252189, "reward_error_0_when_3_group_param_known": 0.008914835612301181, "reward_error_1_when_3_group_param_known": 0.07569331424444319, "reward_error_2_when_3_group_param_known": 0.0, "_wandb": {"runtime": 8}}