{"Iteration": 99, "train_loss": 22.28969683594386, "val_loss": 21.914323770504506, "grad_norm": 0.22277494194588426, "max_reward_err": 0.09306927839020585, "max_reward_err_index": 1, "max_kl_dist": 0.21140981753583674, "max_kl_dist_index": 0, "max_train_grp_loss": 23.723254674583433, "max_train_grp_loss_index": 0, "max_val_grp_loss": 23.729621583303405, "max_val_grp_loss_index": 0, "max_cur_train_grp_loss": 23.72397999308361, "max_cur_train_grp_loss_index": 0, "reward_err_1": 0.048358060085862076, "reward_err_2": 0.03130614025701947, "reward_err_3": 0.018653148114525106, "reward_param_1": 3.168766780219601, "reward_param_2": 3.6405787844079684, "reward_param_3": 4.314236596363689, "reward_param_4": 3.068246040396408, "KL_distance_1": 0.21140981753583674, "KL_distance_2": 0.156123636383977, "KL_distance_3": 0.13688178062903938, "hist_group_loss_1": 2378.084828397624, "hist_group_loss_2": 2024.5699796760457, "hist_group_loss_3": 2368.367285484616, "cur_group_loss_1": 23.72397999308361, "cur_group_loss_2": 19.211833391552933, "cur_group_loss_3": 23.50771844256668, "train_group_loss_1": 23.723254674583433, "train_group_loss_2": 19.199351215468123, "train_group_loss_3": 23.50500667199777, "val_group_loss_1": 23.729621583303405, "val_group_loss_2": 18.65696698946886, "val_group_loss_3": 23.281494050696406, "_timestamp": 1726610744.719848, "_runtime": 8.105779886245728, "_step": 2, "final/reward_err_1": 0.048358060085862076, "final/reward_err_2": 0.03130614025701947, "final/reward_err_3": 0.018653148114525106, "final/reward_param_1": 3.168766780219601, "final/reward_param_2": 3.6405787844079684, "final/reward_param_3": 4.314236596363689, "final/reward_param_4": 3.068246040396408, "optimal_reward_1": 3.9039058685302734, "optimal_reward_2": 3.9039058685302734, "optimal_reward_3": 3.373443365097046, "final/reward_1": 3.8642210960388184, "final/reward_2": 3.6309494972229004, "final/reward_3": 3.373443365097046, "reward_0_when_1_group_param_known": 3.9039058685302734, "reward_1_when_1_group_param_known": 3.4975547790527344, "reward_2_when_1_group_param_known": 3.3393921852111816, "reward_0_when_2_group_param_known": 3.4975547790527344, "reward_1_when_2_group_param_known": 3.9039058685302734, "reward_2_when_2_group_param_known": 3.1683003902435303, "reward_0_when_3_group_param_known": 3.8642210960388184, "reward_1_when_3_group_param_known": 3.6309494972229004, "reward_2_when_3_group_param_known": 3.373443365097046, "reward_error_0_when_1_group_param_known": 0.0, "reward_error_1_when_1_group_param_known": 0.10408834207637298, "reward_error_2_when_1_group_param_known": 0.010093894042559297, "reward_error_0_when_2_group_param_known": 0.10408834207637298, "reward_error_1_when_2_group_param_known": 0.0, "reward_error_2_when_2_group_param_known": 0.06081115129306881, "reward_error_0_when_3_group_param_known": 0.010165401991722571, "reward_error_1_when_3_group_param_known": 0.06991878915618796, "reward_error_2_when_3_group_param_known": 0.0, "_wandb": {"runtime": 8}}