{"Iteration": 199, "train_loss": 17.408400229572745, "val_loss": 15.402544405769317, "grad_norm": 0.02425411116816944, "live_grad": 1.1133273091631746e-14, "train_weighted_loss": 52.22520068871823, "val_weighted_loss": 46.207633217307944, "max_reward_err": 0.06387334787468037, "max_reward_err_index": 0, "max_kl_dist": 1.0875660245987917, "max_kl_dist_index": 0, "max_train_grp_loss": 20.574130283994002, "max_train_grp_loss_index": 0, "max_val_grp_loss": 18.62419243882076, "max_val_grp_loss_index": 0, "max_cur_train_grp_loss": 0.3013561544191689, "max_cur_train_grp_loss_index": 2, "reward_err_1": 0.06387334787468037, "reward_err_2": 0.014103502446905856, "reward_err_3": 0.030387259762624252, "KL_distance_1": 1.0875660245987917, "KL_distance_2": 0.7408689333876298, "KL_distance_3": 0.8881352371089181, "reward_param_1": 8.142474744040266, "reward_param_2": 4.959374653811413, "reward_param_3": 9.115458522964936, "reward_param_4": 6.503930301732768, "group_weight_1": 0.3065234162578862, "group_weight_2": 0.2838532654241722, "group_weight_3": 0.4096233183179416, "hist_group_loss_1": 31.882217272952552, "hist_group_loss_2": 24.198545498678296, "hist_group_loss_3": 60.87660229797392, "cur_group_loss_1": 0.15827346523917993, "cur_group_loss_2": 0.12283959725308913, "cur_group_loss_3": 0.3013561544191689, "train_group_loss_1": 20.574130283994002, "train_group_loss_2": 13.883760048006708, "train_group_loss_3": 17.175758711014822, "val_group_loss_1": 18.62419243882076, "val_group_loss_2": 9.743932168871774, "val_group_loss_3": 17.11885395987433, "_timestamp": 1726699051.2562702, "_runtime": 14.17281723022461, "_step": 3, "final/reward_err_1": 0.06387334787468037, "final/reward_err_2": 0.014103502446905856, "final/reward_err_3": 0.030387259762624252, "final/reward_param_1": 8.142474744040266, "final/reward_param_2": 4.959374653811413, "final/reward_param_3": 9.115458522964936, "final/reward_param_4": 6.503930301732768, "optimal_reward_1": 3.8741343021392822, "optimal_reward_2": 3.8741343021392822, "optimal_reward_3": 3.3486669063568115, "final/reward_1": 3.840017557144165, "final/reward_2": 3.611396074295044, "final/reward_3": 3.3486669063568115, "reward_0_when_1_group_param_known": 3.8741343021392822, "reward_1_when_1_group_param_known": 3.4676833152770996, "reward_2_when_1_group_param_known": 3.31387996673584, "reward_0_when_2_group_param_known": 3.4676833152770996, "reward_1_when_2_group_param_known": 3.8741343021392822, "reward_2_when_2_group_param_known": 3.1369452476501465, "reward_0_when_3_group_param_known": 3.840017557144165, "reward_1_when_3_group_param_known": 3.611396074295044, "reward_2_when_3_group_param_known": 3.3486669063568115, "reward_error_0_when_1_group_param_known": 0.0, "reward_error_1_when_1_group_param_known": 0.10491401566480076, "reward_error_2_when_1_group_param_known": 0.010388294982380973, "reward_error_0_when_2_group_param_known": 0.10491401566480076, "reward_error_1_when_2_group_param_known": 0.0, "reward_error_2_when_2_group_param_known": 0.0632256550523886, "reward_error_0_when_3_group_param_known": 0.008806288665903515, "reward_error_1_when_3_group_param_known": 0.06781856470467615, "reward_error_2_when_3_group_param_known": 0.0, "_wandb": {"runtime": 14}}