{"Iteration": 99, "train_loss": 21.911550108814282, "val_loss": 21.383382863718573, "grad_norm": 0.25028988996963014, "max_reward_err": 0.05674597505437985, "max_reward_err_index": 1, "max_kl_dist": 0.17713163068096235, "max_kl_dist_index": 1, "max_train_grp_loss": 23.637798716142136, "max_train_grp_loss_index": 2, "max_val_grp_loss": 23.24850281032595, "max_val_grp_loss_index": 0, "max_cur_train_grp_loss": 23.641828126898773, "max_cur_train_grp_loss_index": 2, "reward_err_1": 0.031602643312959734, "reward_err_2": 0.048828777181602646, "reward_err_3": 0.006848740133549409, "reward_param_1": 3.071554407438911, "reward_param_2": 3.997589778706074, "reward_param_3": 3.1015918245959884, "reward_param_4": 2.764085635163265, "KL_distance_1": 0.12426411365600319, "KL_distance_2": 0.17713163068096235, "KL_distance_3": 0.07256142449027558, "hist_group_loss_1": 2369.8281998889784, "hist_group_loss_2": 1924.2826700478704, "hist_group_loss_3": 2394.3082398020415, "cur_group_loss_1": 23.29868023588057, "cur_group_loss_2": 18.295384866594144, "cur_group_loss_3": 23.641828126898773, "train_group_loss_1": 23.293101044958703, "train_group_loss_2": 18.285783974763298, "train_group_loss_3": 23.637798716142136, "val_group_loss_1": 23.24850281032595, "val_group_loss_2": 17.74511457564327, "val_group_loss_3": 23.102228693424184, "_timestamp": 1726610137.152014, "_runtime": 8.175846099853516, "_step": 2, "final/reward_err_1": 0.031602643312959734, "final/reward_err_2": 0.048828777181602646, "final/reward_err_3": 0.006848740133549409, "final/reward_param_1": 3.071554407438911, "final/reward_param_2": 3.997589778706074, "final/reward_param_3": 3.1015918245959884, "final/reward_param_4": 2.764085635163265, "optimal_reward_1": 3.903468370437622, "optimal_reward_2": 3.903468370437622, "optimal_reward_3": 3.377150297164917, "final/reward_1": 3.863295316696167, "final/reward_2": 3.63002347946167, "final/reward_3": 3.377150297164917, "reward_0_when_1_group_param_known": 3.903468370437622, "reward_1_when_1_group_param_known": 3.4978456497192383, "reward_2_when_1_group_param_known": 3.3427646160125732, "reward_0_when_2_group_param_known": 3.4978456497192383, "reward_1_when_2_group_param_known": 3.903468370437622, "reward_2_when_2_group_param_known": 3.172839879989624, "reward_0_when_3_group_param_known": 3.863295316696167, "reward_1_when_3_group_param_known": 3.63002347946167, "reward_2_when_3_group_param_known": 3.377150297164917, "reward_error_0_when_1_group_param_known": 0.0, "reward_error_1_when_1_group_param_known": 0.10391341295098261, "reward_error_2_when_1_group_param_known": 0.010181862850821349, "reward_error_0_when_2_group_param_known": 0.10391341295098261, "reward_error_1_when_2_group_param_known": 0.0, "reward_error_2_when_2_group_param_known": 0.06049787518986332, "reward_error_0_when_3_group_param_known": 0.010291630398673176, "reward_error_1_when_3_group_param_known": 0.07005177576097432, "reward_error_2_when_3_group_param_known": 0.0, "_wandb": {"runtime": 7}}