{"Iteration": 99, "train_loss": 18.543829132096675, "val_loss": 18.68454057874736, "grad_norm": 0.3244085996563996, "max_reward_err": 0.07782575894215989, "max_reward_err_index": 0, "max_kl_dist": 0.6001463930094937, "max_kl_dist_index": 0, "max_train_grp_loss": 21.722799424831845, "max_train_grp_loss_index": 0, "max_val_grp_loss": 22.09927302636131, "max_val_grp_loss_index": 0, "max_cur_train_grp_loss": 21.73031116744174, "max_cur_train_grp_loss_index": 0, "reward_err_1": 0.06314328888018368, "reward_err_2": 0.009954406752593948, "reward_err_3": 0.030471517563085835, "reward_param_1": 6.510915784982609, "reward_param_2": 4.0002833090470435, "reward_param_3": 5.863194524691128, "reward_param_4": 3.063647913841758, "KL_distance_1": 0.6001463930094937, "KL_distance_2": 0.2821538641881831, "KL_distance_3": 0.44735694093622225, "hist_group_loss_1": 2230.5698819488916, "hist_group_loss_2": 1427.4782597260619, "hist_group_loss_3": 2173.66023930498, "cur_group_loss_1": 21.73031116744174, "cur_group_loss_2": 12.97948757324718, "cur_group_loss_3": 21.05419123728564, "train_group_loss_1": 21.722799424831845, "train_group_loss_2": 12.965490410760408, "train_group_loss_3": 21.04433984248541, "val_group_loss_1": 22.09927302636131, "val_group_loss_2": 12.392007136394804, "val_group_loss_3": 21.452951477194745, "_timestamp": 1726608106.636062, "_runtime": 8.339491844177246, "_step": 2, "final/reward_err_1": 0.06314328888018368, "final/reward_err_2": 0.009954406752593948, "final/reward_err_3": 0.030471517563085835, "final/reward_param_1": 6.510915784982609, "final/reward_param_2": 4.0002833090470435, "final/reward_param_3": 5.863194524691128, "final/reward_param_4": 3.063647913841758, "optimal_reward_1": 3.8757123947143555, "optimal_reward_2": 3.8757123947143555, "optimal_reward_3": 3.3315517902374268, "final/reward_1": 3.833740711212158, "final/reward_2": 3.6443803310394287, "final/reward_3": 3.3315517902374268, "reward_0_when_1_group_param_known": 3.8757123947143555, "reward_1_when_1_group_param_known": 3.5474281311035156, "reward_2_when_1_group_param_known": 3.28242826461792, "reward_0_when_2_group_param_known": 3.5474281311035156, "reward_1_when_2_group_param_known": 3.8757123947143555, "reward_2_when_2_group_param_known": 3.1710550785064697, "reward_0_when_3_group_param_known": 3.833740711212158, "reward_1_when_3_group_param_known": 3.6443803310394287, "reward_2_when_3_group_param_known": 3.3315517902374268, "reward_error_0_when_1_group_param_known": 0.0, "reward_error_1_when_1_group_param_known": 0.08470294752999462, "reward_error_2_when_1_group_param_known": 0.014744938308765115, "reward_error_0_when_2_group_param_known": 0.08470294752999462, "reward_error_1_when_2_group_param_known": 0.0, "reward_error_2_when_2_group_param_known": 0.048174761143220605, "reward_error_0_when_3_group_param_known": 0.010829411274024791, "reward_error_1_when_3_group_param_known": 0.059687623877977714, "reward_error_2_when_3_group_param_known": 0.0, "_wandb": {"runtime": 8}}