{"Iteration": 99, "train_loss": 15.308857128847134, "val_loss": 16.775184756733346, "grad_norm": 0.009126342123720058, "live_grad": 1.3267513536042928e-14, "train_weighted_loss": 45.92657138654139, "val_weighted_loss": 50.32555427020004, "max_reward_err": 0.09843531701213487, "max_reward_err_index": 0, "max_kl_dist": 2.0325170955030876, "max_kl_dist_index": 0, "max_train_grp_loss": 18.160452336542242, "max_train_grp_loss_index": 2, "max_val_grp_loss": 20.715091681393048, "max_val_grp_loss_index": 0, "max_cur_train_grp_loss": 0.1932084461968736, "max_cur_train_grp_loss_index": 2, "reward_err_1": 0.09843531701213487, "reward_err_2": 0.005077064249617386, "reward_err_3": 0.06180215523984159, "KL_distance_1": 2.0325170955030876, "KL_distance_2": 0.9980558597611933, "KL_distance_3": 1.730640726756587, "reward_param_1": 15.204007879673421, "reward_param_2": 5.658489725248404, "reward_param_3": 7.257403131695095, "reward_param_4": 4.837137329631207, "group_weight_1": 0.339502602922976, "group_weight_2": 0.31480411976274136, "group_weight_3": 0.3456932773142826, "hist_group_loss_1": 17.616350893229058, "hist_group_loss_2": 10.063249841086863, "hist_group_loss_3": 19.423379518199997, "cur_group_loss_1": 0.17500200234699814, "cur_group_loss_2": 0.10105250773510953, "cur_group_loss_3": 0.1932084461968736, "train_group_loss_1": 17.498812497253663, "train_group_loss_2": 10.714088389564173, "train_group_loss_3": 18.160452336542242, "val_group_loss_1": 20.715091681393048, "val_group_loss_2": 12.267197323781403, "val_group_loss_3": 17.41394043025306, "_timestamp": 1726660127.3377879, "_runtime": 10.169110774993896, "_step": 2, "final/reward_err_1": 0.09843531701213487, "final/reward_err_2": 0.005077064249617386, "final/reward_err_3": 0.06180215523984159, "final/reward_param_1": 15.204007879673421, "final/reward_param_2": 5.658489725248404, "final/reward_param_3": 7.257403131695095, "final/reward_param_4": 4.837137329631207, "optimal_reward_1": 3.8048343658447266, "optimal_reward_2": 3.8048343658447266, "optimal_reward_3": 3.2432823181152344, "final/reward_1": 3.7656967639923096, "final/reward_2": 3.5444085597991943, "final/reward_3": 3.2432823181152344, "reward_0_when_1_group_param_known": 3.8048343658447266, "reward_1_when_1_group_param_known": 3.420158624649048, "reward_2_when_1_group_param_known": 3.208865165710449, "reward_0_when_2_group_param_known": 3.420158624649048, "reward_1_when_2_group_param_known": 3.8048343658447266, "reward_2_when_2_group_param_known": 3.0513827800750732, "reward_0_when_3_group_param_known": 3.7656967639923096, "reward_1_when_3_group_param_known": 3.5444085597991943, "reward_2_when_3_group_param_known": 3.2432823181152344, "reward_error_0_when_1_group_param_known": 0.0, "reward_error_1_when_1_group_param_known": 0.10110183629774783, "reward_error_2_when_1_group_param_known": 0.010611827472603731, "reward_error_0_when_2_group_param_known": 0.10110183629774783, "reward_error_1_when_2_group_param_known": 0.0, "reward_error_2_when_2_group_param_known": 0.059168311364173665, "reward_error_0_when_3_group_param_known": 0.01028628268387917, "reward_error_1_when_3_group_param_known": 0.06844602970981473, "reward_error_2_when_3_group_param_known": 0.0, "_wandb": {"runtime": 9}}