{"Iteration": 199, "train_loss": 15.935519587070624, "val_loss": 15.53210119173252, "grad_norm": 0.2482670920208445, "max_reward_err": 0.061272124946951764, "max_reward_err_index": 0, "max_kl_dist": 0.9197434421481344, "max_kl_dist_index": 0, "max_train_grp_loss": 21.32665244281043, "max_train_grp_loss_index": 0, "max_val_grp_loss": 20.307565335657376, "max_val_grp_loss_index": 0, "max_cur_train_grp_loss": 21.326350724039997, "max_cur_train_grp_loss_index": 0, "reward_err_1": 0.07997650796322453, "reward_err_2": 0.005365272871190876, "reward_err_3": 0.04248089379235377, "reward_param_1": 8.681433459754164, "reward_param_2": 4.157515745078887, "reward_param_3": 7.128337258885389, "reward_param_4": 3.901820936532241, "KL_distance_1": 0.9197434421481344, "KL_distance_2": 0.4731156952918153, "KL_distance_3": 0.7242761325582244, "hist_group_loss_1": 4330.84115575206, "hist_group_loss_2": 2597.7491508635803, "hist_group_loss_3": 4116.627603333022, "cur_group_loss_1": 21.326350724039997, "cur_group_loss_2": 9.538400802967496, "cur_group_loss_3": 19.352171491235154, "train_group_loss_1": 21.32665244281043, "train_group_loss_2": 9.525818970696449, "train_group_loss_3": 19.346812050742944, "val_group_loss_1": 20.307565335657376, "val_group_loss_2": 7.6318147980349105, "val_group_loss_3": 18.672051427407894, "_timestamp": 1726697785.659861, "_runtime": 11.536125183105469, "_step": 3, "final/reward_err_1": 0.07997650796322453, "final/reward_err_2": 0.005365272871190876, "final/reward_err_3": 0.04248089379235377, "final/reward_param_1": 8.681433459754164, "final/reward_param_2": 4.157515745078887, "final/reward_param_3": 7.128337258885389, "final/reward_param_4": 3.901820936532241, "optimal_reward_1": 3.8415656089782715, "optimal_reward_2": 3.8415656089782715, "optimal_reward_3": 3.2601258754730225, "final/reward_1": 3.799260139465332, "final/reward_2": 3.583275318145752, "final/reward_3": 3.2601258754730225, "reward_0_when_1_group_param_known": 3.8415656089782715, "reward_1_when_1_group_param_known": 3.460273027420044, "reward_2_when_1_group_param_known": 3.221672296524048, "reward_0_when_2_group_param_known": 3.460273027420044, "reward_1_when_2_group_param_known": 3.8415656089782715, "reward_2_when_2_group_param_known": 3.0699462890625, "reward_0_when_3_group_param_known": 3.799260139465332, "reward_1_when_3_group_param_known": 3.583275318145752, "reward_2_when_3_group_param_known": 3.2601258754730225, "reward_error_0_when_1_group_param_known": 0.0, "reward_error_1_when_1_group_param_known": 0.0992544760050678, "reward_error_2_when_1_group_param_known": 0.011795120930229497, "reward_error_0_when_2_group_param_known": 0.0992544760050678, "reward_error_1_when_2_group_param_known": 0.0, "reward_error_2_when_2_group_param_known": 0.05833504400590934, "reward_error_0_when_3_group_param_known": 0.011012559414335057, "reward_error_1_when_3_group_param_known": 0.06723568386515626, "reward_error_2_when_3_group_param_known": 0.0, "_wandb": {"runtime": 11}}