{"Iteration": 199, "train_loss": 18.221868413994642, "val_loss": 15.900295214829645, "grad_norm": 0.04056261966128665, "live_grad": 3.0307933855099655e-14, "train_weighted_loss": 54.665605241983926, "val_weighted_loss": 47.700885644488935, "max_reward_err": 0.09901383527595575, "max_reward_err_index": 0, "max_kl_dist": 1.4428648238132724, "max_kl_dist_index": 0, "max_train_grp_loss": 20.103891644074682, "max_train_grp_loss_index": 0, "max_val_grp_loss": 20.843061854435348, "max_val_grp_loss_index": 0, "max_cur_train_grp_loss": 0.4290756816840622, "max_cur_train_grp_loss_index": 2, "reward_err_1": 0.09901383527595575, "reward_err_2": 0.015876469483139054, "reward_err_3": 0.06481521271272148, "KL_distance_1": 1.4428648238132724, "KL_distance_2": 0.577114545128163, "KL_distance_3": 1.23649661750845, "reward_param_1": 3.649160307696371, "reward_param_2": 3.582687963338096, "reward_param_3": 12.555994258097737, "reward_param_4": 5.2606702703540105, "group_weight_1": 0.2757260103218201, "group_weight_2": 0.2511656429420698, "group_weight_3": 0.47310834673611, "hist_group_loss_1": 33.3195498246387, "hist_group_loss_2": 23.990049533612996, "hist_group_loss_3": 87.31122669517033, "cur_group_loss_1": 0.16480494679360816, "cur_group_loss_2": 0.12212616049702549, "cur_group_loss_3": 0.4290756816840622, "train_group_loss_1": 20.103891644074682, "train_group_loss_2": 16.735321299144584, "train_group_loss_3": 17.588944527767655, "val_group_loss_1": 20.843061854435348, "val_group_loss_2": 7.759505131935916, "val_group_loss_3": 18.960518401759366, "_timestamp": 1726693210.6885388, "_runtime": 14.145120859146118, "_step": 3, "final/reward_err_1": 0.09901383527595575, "final/reward_err_2": 0.015876469483139054, "final/reward_err_3": 0.06481521271272148, "final/reward_param_1": 3.649160307696371, "final/reward_param_2": 3.582687963338096, "final/reward_param_3": 12.555994258097737, "final/reward_param_4": 5.2606702703540105, "optimal_reward_1": 3.924014091491699, "optimal_reward_2": 3.924014091491699, "optimal_reward_3": 3.40653657913208, "final/reward_1": 3.8835723400115967, "final/reward_2": 3.6450908184051514, "final/reward_3": 3.40653657913208, "reward_0_when_1_group_param_known": 3.924014091491699, "reward_1_when_1_group_param_known": 3.5108532905578613, "reward_2_when_1_group_param_known": 3.372161388397217, "reward_0_when_2_group_param_known": 3.5108532905578613, "reward_1_when_2_group_param_known": 3.924014091491699, "reward_2_when_2_group_param_known": 3.199089765548706, "reward_0_when_3_group_param_known": 3.8835723400115967, "reward_1_when_3_group_param_known": 3.6450908184051514, "reward_2_when_3_group_param_known": 3.40653657913208, "reward_error_0_when_1_group_param_known": 0.0, "reward_error_1_when_1_group_param_known": 0.10529034588068371, "reward_error_2_when_1_group_param_known": 0.010090950129653801, "reward_error_0_when_2_group_param_known": 0.10529034588068371, "reward_error_1_when_2_group_param_known": 0.0, "reward_error_2_when_2_group_param_known": 0.060896693390630634, "reward_error_0_when_3_group_param_known": 0.010306219737536355, "reward_error_1_when_3_group_param_known": 0.0710811089316237, "reward_error_2_when_3_group_param_known": 0.0, "_wandb": {"runtime": 14}}