{"Iteration": 99, "train_loss": 14.992734943591683, "val_loss": 16.62456635845956, "grad_norm": 0.5096599898732864, "max_reward_err": 0.08368265598252533, "max_reward_err_index": 1, "max_kl_dist": 0.7305968657909595, "max_kl_dist_index": 0, "max_train_grp_loss": 19.512858273425543, "max_train_grp_loss_index": 0, "max_val_grp_loss": 20.553806391459524, "max_val_grp_loss_index": 0, "max_cur_train_grp_loss": 19.52650451285515, "max_cur_train_grp_loss_index": 0, "reward_err_1": 0.07343818174180652, "reward_err_2": 0.011297026099471792, "reward_err_3": 0.039068402479724755, "reward_param_1": 5.653041277067038, "reward_param_2": 3.357493366882456, "reward_param_3": 7.6136803446677215, "reward_param_4": 4.64548088154986, "KL_distance_1": 0.7305968657909595, "KL_distance_2": 0.3785141883716875, "KL_distance_3": 0.5625976232093322, "hist_group_loss_1": 2058.1082892486315, "hist_group_loss_2": 1257.998264332982, "hist_group_loss_3": 2061.534631892222, "cur_group_loss_1": 19.52650451285515, "cur_group_loss_2": 9.159011950950907, "cur_group_loss_3": 19.21489376156468, "train_group_loss_1": 19.512858273425543, "train_group_loss_2": 9.1190797191358, "train_group_loss_3": 19.19536732661759, "val_group_loss_1": 20.553806391459524, "val_group_loss_2": 10.142976936047198, "val_group_loss_3": 18.999047246186148, "_timestamp": 1726681847.888077, "_runtime": 8.352457046508789, "_step": 2, "final/reward_err_1": 0.07343818174180652, "final/reward_err_2": 0.011297026099471792, "final/reward_err_3": 0.039068402479724755, "final/reward_param_1": 5.653041277067038, "final/reward_param_2": 3.357493366882456, "final/reward_param_3": 7.6136803446677215, "final/reward_param_4": 4.64548088154986, "optimal_reward_1": 3.8879001140594482, "optimal_reward_2": 3.8879001140594482, "optimal_reward_3": 3.328000545501709, "final/reward_1": 3.8516592979431152, "final/reward_2": 3.6378118991851807, "final/reward_3": 3.328000545501709, "reward_0_when_1_group_param_known": 3.8879001140594482, "reward_1_when_1_group_param_known": 3.5038833618164062, "reward_2_when_1_group_param_known": 3.288445234298706, "reward_0_when_2_group_param_known": 3.5038833618164062, "reward_1_when_2_group_param_known": 3.8879001140594482, "reward_2_when_2_group_param_known": 3.1316840648651123, "reward_0_when_3_group_param_known": 3.8516592979431152, "reward_1_when_3_group_param_known": 3.6378118991851807, "reward_2_when_3_group_param_known": 3.328000545501709, "reward_error_0_when_1_group_param_known": 0.0, "reward_error_1_when_1_group_param_known": 0.09877227834489838, "reward_error_2_when_1_group_param_known": 0.011885608389237752, "reward_error_0_when_2_group_param_known": 0.09877227834489838, "reward_error_1_when_2_group_param_known": 0.0, "reward_error_2_when_2_group_param_known": 0.05898931744525938, "reward_error_0_when_3_group_param_known": 0.009321437036223937, "reward_error_1_when_3_group_param_known": 0.06432475308969411, "reward_error_2_when_3_group_param_known": 0.0, "_wandb": {"runtime": 8}}