{"Iteration": 99, "train_loss": 16.956222900175373, "val_loss": 17.41204147574353, "grad_norm": 0.4475342950601641, "max_reward_err": 0.052559861724781484, "max_reward_err_index": 1, "max_kl_dist": 0.609295268006111, "max_kl_dist_index": 0, "max_train_grp_loss": 19.949639352321856, "max_train_grp_loss_index": 0, "max_val_grp_loss": 20.25186489523707, "max_val_grp_loss_index": 0, "max_cur_train_grp_loss": 19.962485633142826, "max_cur_train_grp_loss_index": 0, "reward_err_1": 0.05705092076298, "reward_err_2": 0.018105924721689554, "reward_err_3": 0.02543165539451577, "reward_param_1": 6.664692808379198, "reward_param_2": 4.741670181806268, "reward_param_3": 5.758130494864534, "reward_param_4": 4.499642349351326, "KL_distance_1": 0.609295268006111, "KL_distance_2": 0.3948997498123673, "KL_distance_3": 0.46875495502212505, "hist_group_loss_1": 2081.8559902276743, "hist_group_loss_2": 1292.3652423216213, "hist_group_loss_3": 2066.674299289553, "cur_group_loss_1": 19.962485633142826, "cur_group_loss_2": 10.395147263746853, "cur_group_loss_3": 19.579797214423355, "train_group_loss_1": 19.949639352321856, "train_group_loss_2": 10.362589328359025, "train_group_loss_3": 19.56293129202196, "val_group_loss_1": 20.25186489523707, "val_group_loss_2": 12.836218359256094, "val_group_loss_3": 19.077115780428343, "_timestamp": 1726595227.818942, "_runtime": 7.889336109161377, "_step": 2, "final/reward_err_1": 0.05705092076298, "final/reward_err_2": 0.018105924721689554, "final/reward_err_3": 0.02543165539451577, "final/reward_param_1": 6.664692808379198, "final/reward_param_2": 4.741670181806268, "final/reward_param_3": 5.758130494864534, "final/reward_param_4": 4.499642349351326, "optimal_reward_1": 3.8668320178985596, "optimal_reward_2": 3.8668320178985596, "optimal_reward_3": 3.3432865142822266, "final/reward_1": 3.834106922149658, "final/reward_2": 3.6062734127044678, "final/reward_3": 3.3432865142822266, "reward_0_when_1_group_param_known": 3.8668320178985596, "reward_1_when_1_group_param_known": 3.456228494644165, "reward_2_when_1_group_param_known": 3.3080341815948486, "reward_0_when_2_group_param_known": 3.456228494644165, "reward_1_when_2_group_param_known": 3.8668320178985596, "reward_2_when_2_group_param_known": 3.1274757385253906, "reward_0_when_3_group_param_known": 3.834106922149658, "reward_1_when_3_group_param_known": 3.6062734127044678, "reward_2_when_3_group_param_known": 3.3432865142822266, "reward_error_0_when_1_group_param_known": 0.0, "reward_error_1_when_1_group_param_known": 0.10618602549937976, "reward_error_2_when_1_group_param_known": 0.010544215261474917, "reward_error_0_when_2_group_param_known": 0.10618602549937976, "reward_error_1_when_2_group_param_known": 0.0, "reward_error_2_when_2_group_param_known": 0.06455048792106546, "reward_error_0_when_3_group_param_known": 0.008463024925164944, "reward_error_1_when_3_group_param_known": 0.06738296465634758, "reward_error_2_when_3_group_param_known": 0.0, "_wandb": {"runtime": 8}}