{"Iteration": 99, "train_loss": 16.4102378279027, "val_loss": 15.96582844420157, "grad_norm": 0.003999252441347795, "live_grad": 1.4163939740023556e-14, "train_weighted_loss": 49.2307134837081, "val_weighted_loss": 47.8974853326047, "max_reward_err": 0.08770294568476926, "max_reward_err_index": 0, "max_kl_dist": 1.7594570440975903, "max_kl_dist_index": 0, "max_train_grp_loss": 20.409551744586306, "max_train_grp_loss_index": 0, "max_val_grp_loss": 18.73999788252827, "max_val_grp_loss_index": 0, "max_cur_train_grp_loss": 0.1715149957710363, "max_cur_train_grp_loss_index": 0, "reward_err_1": 0.08770294568476926, "reward_err_2": 0.002435217462285604, "reward_err_3": 0.04862165631237924, "KL_distance_1": 1.7594570440975903, "KL_distance_2": 1.0532951753659863, "KL_distance_3": 1.4505142044959989, "reward_param_1": 11.730782711479073, "reward_param_2": 5.158562403857903, "reward_param_3": 11.385240825885713, "reward_param_4": 5.7732820450078535, "group_weight_1": 0.3376430639259796, "group_weight_2": 0.3256338178076607, "group_weight_3": 0.33672311826635964, "hist_group_loss_1": 17.21001030744539, "hist_group_loss_2": 13.588428124579435, "hist_group_loss_3": 16.93717745948588, "cur_group_loss_1": 0.1715149957710363, "cur_group_loss_2": 0.13595723811820978, "cur_group_loss_3": 0.16821504325708192, "train_group_loss_1": 20.409551744586306, "train_group_loss_2": 12.237797062851625, "train_group_loss_3": 15.306955550641687, "val_group_loss_1": 18.73999788252827, "val_group_loss_2": 11.932683400277098, "val_group_loss_3": 16.813804070853713, "_timestamp": 1726667397.9432042, "_runtime": 9.570848226547241, "_step": 2, "final/reward_err_1": 0.08770294568476926, "final/reward_err_2": 0.002435217462285604, "final/reward_err_3": 0.04862165631237924, "final/reward_param_1": 11.730782711479073, "final/reward_param_2": 5.158562403857903, "final/reward_param_3": 11.385240825885713, "final/reward_param_4": 5.7732820450078535, "optimal_reward_1": 3.8291401863098145, "optimal_reward_2": 3.8291401863098145, "optimal_reward_3": 3.271582841873169, "final/reward_1": 3.792921543121338, "final/reward_2": 3.5639941692352295, "final/reward_3": 3.271582841873169, "reward_0_when_1_group_param_known": 3.8291401863098145, "reward_1_when_1_group_param_known": 3.4291751384735107, "reward_2_when_1_group_param_known": 3.2418317794799805, "reward_0_when_2_group_param_known": 3.4291751384735107, "reward_1_when_2_group_param_known": 3.8291401863098145, "reward_2_when_2_group_param_known": 3.0657341480255127, "reward_0_when_3_group_param_known": 3.792921543121338, "reward_1_when_3_group_param_known": 3.5639941692352295, "reward_2_when_3_group_param_known": 3.271582841873169, "reward_error_0_when_1_group_param_known": 0.0, "reward_error_1_when_1_group_param_known": 0.10445296551593598, "reward_error_2_when_1_group_param_known": 0.00909378237726491, "reward_error_0_when_2_group_param_known": 0.10445296551593598, "reward_error_1_when_2_group_param_known": 0.0, "reward_error_2_when_2_group_param_known": 0.06292021440294511, "reward_error_0_when_3_group_param_known": 0.009458688224047728, "reward_error_1_when_3_group_param_known": 0.06924427003810199, "reward_error_2_when_3_group_param_known": 0.0, "_wandb": {"runtime": 9}}