{"Iteration": 99, "train_loss": 16.832299345829007, "val_loss": 14.533109550181448, "grad_norm": 0.007776117919536099, "live_grad": 2.7194119231734024e-14, "train_weighted_loss": 50.49689803748702, "val_weighted_loss": 43.599328650544344, "max_reward_err": 0.07630318354664804, "max_reward_err_index": 0, "max_kl_dist": 1.3524596402882443, "max_kl_dist_index": 0, "max_train_grp_loss": 19.7055631556744, "max_train_grp_loss_index": 0, "max_val_grp_loss": 19.418432716522222, "max_val_grp_loss_index": 0, "max_cur_train_grp_loss": 0.253724862893312, "max_cur_train_grp_loss_index": 2, "reward_err_1": 0.07630318354664804, "reward_err_2": 0.0055119697355295585, "reward_err_3": 0.04097394206916838, "KL_distance_1": 1.3524596402882443, "KL_distance_2": 0.7387533751168933, "KL_distance_3": 1.0935381050837814, "reward_param_1": 10.637934217294834, "reward_param_2": 4.828029352858929, "reward_param_3": 8.622740110689342, "reward_param_4": 5.040857433887564, "group_weight_1": 0.3252828635333436, "group_weight_2": 0.3155171562202302, "group_weight_3": 0.35919998024642624, "hist_group_loss_1": 15.68122278736842, "hist_group_loss_2": 12.633013312490196, "hist_group_loss_3": 25.59963561797384, "cur_group_loss_1": 0.15639722391566993, "cur_group_loss_2": 0.12686471082574616, "cur_group_loss_3": 0.253724862893312, "train_group_loss_1": 19.7055631556744, "train_group_loss_2": 14.210613276101, "train_group_loss_3": 15.729034825974441, "val_group_loss_1": 19.418432716522222, "val_group_loss_2": 7.3682854997144736, "val_group_loss_3": 16.993210716998142, "_timestamp": 1726690687.785496, "_runtime": 9.613822937011719, "_step": 2, "final/reward_err_1": 0.07630318354664804, "final/reward_err_2": 0.0055119697355295585, "final/reward_err_3": 0.04097394206916838, "final/reward_param_1": 10.637934217294834, "final/reward_param_2": 4.828029352858929, "final/reward_param_3": 8.622740110689342, "final/reward_param_4": 5.040857433887564, "optimal_reward_1": 3.8016552925109863, "optimal_reward_2": 3.8016552925109863, "optimal_reward_3": 3.281050205230713, "final/reward_1": 3.7612709999084473, "final/reward_2": 3.561779260635376, "final/reward_3": 3.281050205230713, "reward_0_when_1_group_param_known": 3.8016552925109863, "reward_1_when_1_group_param_known": 3.4387340545654297, "reward_2_when_1_group_param_known": 3.238321304321289, "reward_0_when_2_group_param_known": 3.4387340545654297, "reward_1_when_2_group_param_known": 3.8016552925109863, "reward_2_when_2_group_param_known": 3.0975143909454346, "reward_0_when_3_group_param_known": 3.7612709999084473, "reward_1_when_3_group_param_known": 3.561779260635376, "reward_2_when_3_group_param_known": 3.281050205230713, "reward_error_0_when_1_group_param_known": 0.0, "reward_error_1_when_1_group_param_known": 0.0954640044983794, "reward_error_2_when_1_group_param_known": 0.013022934193845799, "reward_error_0_when_2_group_param_known": 0.0954640044983794, "reward_error_1_when_2_group_param_known": 0.0, "reward_error_2_when_2_group_param_known": 0.055938130417109135, "reward_error_0_when_3_group_param_known": 0.010622818087187834, "reward_error_1_when_3_group_param_known": 0.06309778594291558, "reward_error_2_when_3_group_param_known": 0.0, "_wandb": {"runtime": 9}}