{"Iteration": 99, "train_loss": 20.968453818935803, "val_loss": 21.01441631556548, "grad_norm": 0.21454436167305063, "max_reward_err": 0.05579862898590698, "max_reward_err_index": 1, "max_kl_dist": 0.3916382591711173, "max_kl_dist_index": 0, "max_train_grp_loss": 23.75523534294898, "max_train_grp_loss_index": 0, "max_val_grp_loss": 23.631221936104495, "max_val_grp_loss_index": 0, "max_cur_train_grp_loss": 23.75231440471774, "max_cur_train_grp_loss_index": 0, "reward_err_1": 0.06513607904065968, "reward_err_2": 0.020046195644526033, "reward_err_3": 0.030160966953794884, "reward_param_1": 4.154009194578232, "reward_param_2": 2.887854105545492, "reward_param_3": 5.2646750227989605, "reward_param_4": 3.7930938748241285, "KL_distance_1": 0.3916382591711173, "KL_distance_2": 0.18634711205448423, "KL_distance_3": 0.2654284219258288, "hist_group_loss_1": 2359.80578905278, "hist_group_loss_2": 1753.6983582100672, "hist_group_loss_3": 2322.211909664139, "cur_group_loss_1": 23.75231440471774, "cur_group_loss_2": 16.438245578052744, "cur_group_loss_3": 23.19526706556167, "train_group_loss_1": 23.75523534294898, "train_group_loss_2": 16.422865191580204, "train_group_loss_3": 23.195204665245512, "val_group_loss_1": 23.631221936104495, "val_group_loss_2": 16.379544973187734, "val_group_loss_3": 22.811398977349935, "_timestamp": 1726610250.1346052, "_runtime": 8.673943281173706, "_step": 2, "final/reward_err_1": 0.06513607904065968, "final/reward_err_2": 0.020046195644526033, "final/reward_err_3": 0.030160966953794884, "final/reward_param_1": 4.154009194578232, "final/reward_param_2": 2.887854105545492, "final/reward_param_3": 5.2646750227989605, "final/reward_param_4": 3.7930938748241285, "optimal_reward_1": 3.89680814743042, "optimal_reward_2": 3.89680814743042, "optimal_reward_3": 3.3939409255981445, "final/reward_1": 3.8573405742645264, "final/reward_2": 3.620272397994995, "final/reward_3": 3.3939409255981445, "reward_0_when_1_group_param_known": 3.89680814743042, "reward_1_when_1_group_param_known": 3.508673906326294, "reward_2_when_1_group_param_known": 3.352841377258301, "reward_0_when_2_group_param_known": 3.508673906326294, "reward_1_when_2_group_param_known": 3.89680814743042, "reward_2_when_2_group_param_known": 3.2001588344573975, "reward_0_when_3_group_param_known": 3.8573405742645264, "reward_1_when_3_group_param_known": 3.620272397994995, "reward_2_when_3_group_param_known": 3.3939409255981445, "reward_error_0_when_1_group_param_known": 0.0, "reward_error_1_when_1_group_param_known": 0.09960311783890725, "reward_error_2_when_1_group_param_known": 0.012109682885125766, "reward_error_0_when_2_group_param_known": 0.09960311783890725, "reward_error_1_when_2_group_param_known": 0.0, "reward_error_2_when_2_group_param_known": 0.05709648322962343, "reward_error_0_when_3_group_param_known": 0.010128179698022528, "reward_error_1_when_3_group_param_known": 0.0709646815991632, "reward_error_2_when_3_group_param_known": 0.0, "_wandb": {"runtime": 7}}