{"Iteration": 99, "train_loss": 20.56578386889691, "val_loss": 20.061884783428344, "grad_norm": 0.2697643620924106, "max_reward_err": 0.07800983300074733, "max_reward_err_index": 0, "max_kl_dist": 0.5671017256483437, "max_kl_dist_index": 0, "max_train_grp_loss": 23.686413213474225, "max_train_grp_loss_index": 0, "max_val_grp_loss": 23.179497315064108, "max_val_grp_loss_index": 0, "max_cur_train_grp_loss": 23.687727937851136, "max_cur_train_grp_loss_index": 0, "reward_err_1": 0.0699858404144183, "reward_err_2": 0.011102767430186867, "reward_err_3": 0.03403431024940079, "reward_param_1": 6.314022110880192, "reward_param_2": 3.900498722260651, "reward_param_3": 5.480169479238229, "reward_param_4": 3.2223794930255067, "KL_distance_1": 0.5671017256483437, "KL_distance_2": 0.2705738968099852, "KL_distance_3": 0.4182946961297294, "hist_group_loss_1": 2379.7760004983534, "hist_group_loss_2": 1703.8622248068943, "hist_group_loss_3": 2177.544674022742, "cur_group_loss_1": 23.687727937851136, "cur_group_loss_2": 15.624309211560721, "cur_group_loss_3": 21.394331246993723, "train_group_loss_1": 23.686413213474225, "train_group_loss_2": 15.60802762224817, "train_group_loss_3": 21.388236288607757, "val_group_loss_1": 23.179497315064108, "val_group_loss_2": 14.480219359052704, "val_group_loss_3": 22.188203693856476, "_timestamp": 1726609793.569375, "_runtime": 7.963834047317505, "_step": 2, "final/reward_err_1": 0.0699858404144183, "final/reward_err_2": 0.011102767430186867, "final/reward_err_3": 0.03403431024940079, "final/reward_param_1": 6.314022110880192, "final/reward_param_2": 3.900498722260651, "final/reward_param_3": 5.480169479238229, "final/reward_param_4": 3.2223794930255067, "optimal_reward_1": 3.8439385890960693, "optimal_reward_2": 3.8439385890960693, "optimal_reward_3": 3.2841625213623047, "final/reward_1": 3.807281970977783, "final/reward_2": 3.57368803024292, "final/reward_3": 3.2841625213623047, "reward_0_when_1_group_param_known": 3.8439385890960693, "reward_1_when_1_group_param_known": 3.447842836380005, "reward_2_when_1_group_param_known": 3.2535243034362793, "reward_0_when_2_group_param_known": 3.447842836380005, "reward_1_when_2_group_param_known": 3.8439385890960693, "reward_2_when_2_group_param_known": 3.083505392074585, "reward_0_when_3_group_param_known": 3.807281970977783, "reward_1_when_3_group_param_known": 3.57368803024292, "reward_2_when_3_group_param_known": 3.2841625213623047, "reward_error_0_when_1_group_param_known": 0.0, "reward_error_1_when_1_group_param_known": 0.1030442457742826, "reward_error_2_when_1_group_param_known": 0.009329080922985608, "reward_error_0_when_2_group_param_known": 0.1030442457742826, "reward_error_1_when_2_group_param_known": 0.0, "reward_error_2_when_2_group_param_known": 0.06109841640982038, "reward_error_0_when_3_group_param_known": 0.009536213253320004, "reward_error_1_when_3_group_param_known": 0.07030563901820837, "reward_error_2_when_3_group_param_known": 0.0, "_wandb": {"runtime": 7}}