{"Iteration": 99, "train_loss": 16.18461397224676, "val_loss": 14.514857673192209, "grad_norm": 0.011020981282721496, "live_grad": 4.24244676933997e-14, "train_weighted_loss": 48.55384191674028, "val_weighted_loss": 43.54457301957662, "max_reward_err": 0.09701495882485, "max_reward_err_index": 0, "max_kl_dist": 1.6911239075439886, "max_kl_dist_index": 0, "max_train_grp_loss": 19.129776451026697, "max_train_grp_loss_index": 0, "max_val_grp_loss": 19.885803457810542, "max_val_grp_loss_index": 0, "max_cur_train_grp_loss": 0.3242870835964486, "max_cur_train_grp_loss_index": 2, "reward_err_1": 0.09701495882485, "reward_err_2": 0.00012999336710089516, "reward_err_3": 0.05700675159611127, "KL_distance_1": 1.6911239075439886, "KL_distance_2": 0.8869411474710213, "KL_distance_3": 1.3580521349674095, "reward_param_1": 11.940925553768011, "reward_param_2": 3.7365243192040345, "reward_param_3": 10.494101863614677, "reward_param_4": 4.286113411886616, "group_weight_1": 0.3182306905232682, "group_weight_2": 0.3033421996632464, "group_weight_3": 0.3784271098134854, "hist_group_loss_1": 15.374909331697872, "hist_group_loss_2": 10.583407172017742, "hist_group_loss_3": 32.6996009527293, "cur_group_loss_1": 0.1530491606948759, "cur_group_loss_2": 0.10580753775637543, "cur_group_loss_3": 0.3242870835964486, "train_group_loss_1": 19.129776451026697, "train_group_loss_2": 13.228277365845777, "train_group_loss_3": 16.21254929129938, "val_group_loss_1": 19.885803457810542, "val_group_loss_2": 5.919192559159438, "val_group_loss_3": 17.951868229921157, "_timestamp": 1726690566.406104, "_runtime": 9.88124704360962, "_step": 2, "final/reward_err_1": 0.09701495882485, "final/reward_err_2": 0.00012999336710089516, "final/reward_err_3": 0.05700675159611127, "final/reward_param_1": 11.940925553768011, "final/reward_param_2": 3.7365243192040345, "final/reward_param_3": 10.494101863614677, "final/reward_param_4": 4.286113411886616, "optimal_reward_1": 3.8295645713806152, "optimal_reward_2": 3.8295645713806152, "optimal_reward_3": 3.2923295497894287, "final/reward_1": 3.7937707901000977, "final/reward_2": 3.5698022842407227, "final/reward_3": 3.2923295497894287, "reward_0_when_1_group_param_known": 3.8295645713806152, "reward_1_when_1_group_param_known": 3.440261125564575, "reward_2_when_1_group_param_known": 3.2583417892456055, "reward_0_when_2_group_param_known": 3.440261125564575, "reward_1_when_2_group_param_known": 3.8295645713806152, "reward_2_when_2_group_param_known": 3.092778205871582, "reward_0_when_3_group_param_known": 3.7937707901000977, "reward_1_when_3_group_param_known": 3.5698022842407227, "reward_2_when_3_group_param_known": 3.2923295497894287, "reward_error_0_when_1_group_param_known": 0.0, "reward_error_1_when_1_group_param_known": 0.10165736562464864, "reward_error_2_when_1_group_param_known": 0.010323316675876822, "reward_error_0_when_2_group_param_known": 0.10165736562464864, "reward_error_1_when_2_group_param_known": 0.0, "reward_error_2_when_2_group_param_known": 0.0606109871141574, "reward_error_0_when_3_group_param_known": 0.009346697415161585, "reward_error_1_when_3_group_param_known": 0.06783076307974209, "reward_error_2_when_3_group_param_known": 0.0, "_wandb": {"runtime": 9}}