{"Iteration": 99, "train_loss": 16.76900356726916, "val_loss": 14.988439520710754, "grad_norm": 0.011744820465154389, "live_grad": 1.7812160924674093e-14, "train_weighted_loss": 50.30701070180747, "val_weighted_loss": 44.96531856213226, "max_reward_err": 0.1176351566812295, "max_reward_err_index": 0, "max_kl_dist": 1.7039166578866567, "max_kl_dist_index": 0, "max_train_grp_loss": 20.083800884696036, "max_train_grp_loss_index": 0, "max_val_grp_loss": 20.668357308405973, "max_val_grp_loss_index": 0, "max_cur_train_grp_loss": 0.3352152533349784, "max_cur_train_grp_loss_index": 2, "reward_err_1": 0.1176351566812295, "reward_err_2": 0.0011474031396884567, "reward_err_3": 0.07642107545417198, "KL_distance_1": 1.7039166578866567, "KL_distance_2": 0.8266318819387551, "KL_distance_3": 1.3570453252762504, "reward_param_1": 12.330661373463586, "reward_param_2": 3.5248892987808, "reward_param_3": 9.548393510310271, "reward_param_4": 2.3572686849020963, "group_weight_1": 0.31838541509732343, "group_weight_2": 0.3017575169783696, "group_weight_3": 0.37985706792430685, "hist_group_loss_1": 16.1311437196104, "hist_group_loss_2": 10.767256207631435, "hist_group_loss_3": 33.78438360520351, "cur_group_loss_1": 0.1606816343616487, "cur_group_loss_2": 0.10764672190034942, "cur_group_loss_3": 0.3352152533349784, "train_group_loss_1": 20.083800884696036, "train_group_loss_2": 13.458209807053624, "train_group_loss_3": 16.758994674240807, "val_group_loss_1": 20.668357308405973, "val_group_loss_2": 5.843323367261002, "val_group_loss_3": 18.679812379387513, "_timestamp": 1726690768.564716, "_runtime": 9.774730205535889, "_step": 2, "final/reward_err_1": 0.1176351566812295, "final/reward_err_2": 0.0011474031396884567, "final/reward_err_3": 0.07642107545417198, "final/reward_param_1": 12.330661373463586, "final/reward_param_2": 3.5248892987808, "final/reward_param_3": 9.548393510310271, "final/reward_param_4": 2.3572686849020963, "optimal_reward_1": 3.8295645713806152, "optimal_reward_2": 3.8295645713806152, "optimal_reward_3": 3.2923295497894287, "final/reward_1": 3.7937707901000977, "final/reward_2": 3.5698022842407227, "final/reward_3": 3.2923295497894287, "reward_0_when_1_group_param_known": 3.8295645713806152, "reward_1_when_1_group_param_known": 3.440261125564575, "reward_2_when_1_group_param_known": 3.2583417892456055, "reward_0_when_2_group_param_known": 3.440261125564575, "reward_1_when_2_group_param_known": 3.8295645713806152, "reward_2_when_2_group_param_known": 3.092778205871582, "reward_0_when_3_group_param_known": 3.7937707901000977, "reward_1_when_3_group_param_known": 3.5698022842407227, "reward_2_when_3_group_param_known": 3.2923295497894287, "reward_error_0_when_1_group_param_known": 0.0, "reward_error_1_when_1_group_param_known": 0.10165736562464864, "reward_error_2_when_1_group_param_known": 0.010323316675876822, "reward_error_0_when_2_group_param_known": 0.10165736562464864, "reward_error_1_when_2_group_param_known": 0.0, "reward_error_2_when_2_group_param_known": 0.0606109871141574, "reward_error_0_when_3_group_param_known": 0.009346697415161585, "reward_error_1_when_3_group_param_known": 0.06783076307974209, "reward_error_2_when_3_group_param_known": 0.0, "_wandb": {"runtime": 9}}