{"Iteration": 99, "train_loss": 17.12408727619055, "val_loss": 17.434970884647853, "grad_norm": 0.005564007257079312, "live_grad": 3.4964890153339244e-14, "train_weighted_loss": 51.37226182857164, "val_weighted_loss": 52.304912653943546, "max_reward_err": 0.10552403284831188, "max_reward_err_index": 0, "max_kl_dist": 1.609445023655769, "max_kl_dist_index": 0, "max_train_grp_loss": 19.927783383741982, "max_train_grp_loss_index": 0, "max_val_grp_loss": 19.735338695646163, "max_val_grp_loss_index": 0, "max_cur_train_grp_loss": 0.22391839068601746, "max_cur_train_grp_loss_index": 0, "reward_err_1": 0.10552403284831188, "reward_err_2": 0.0009142548841549937, "reward_err_3": 0.06562433088132467, "KL_distance_1": 1.609445023655769, "KL_distance_2": 0.7536645305822514, "KL_distance_3": 1.295952313634281, "reward_param_1": 8.76573525988761, "reward_param_2": 4.136622388198291, "reward_param_3": 12.093129898909716, "reward_param_4": 4.083790078814933, "group_weight_1": 0.3497955210201239, "group_weight_2": 0.32124429804224, "group_weight_3": 0.328960180937636, "hist_group_loss_1": 22.471748861265194, "hist_group_loss_2": 13.957061727934095, "hist_group_loss_3": 16.330544336817443, "cur_group_loss_1": 0.22391839068601746, "cur_group_loss_2": 0.13993857056514292, "cur_group_loss_3": 0.16246794741369436, "train_group_loss_1": 19.927783383741982, "train_group_loss_2": 14.83525223500456, "train_group_loss_3": 17.058254521844248, "val_group_loss_1": 19.735338695646163, "val_group_loss_2": 14.111765102908265, "val_group_loss_3": 18.081360362118627, "_timestamp": 1726668199.325452, "_runtime": 9.674276113510132, "_step": 2, "final/reward_err_1": 0.10552403284831188, "final/reward_err_2": 0.0009142548841549937, "final/reward_err_3": 0.06562433088132467, "final/reward_param_1": 8.76573525988761, "final/reward_param_2": 4.136622388198291, "final/reward_param_3": 12.093129898909716, "final/reward_param_4": 4.083790078814933, "optimal_reward_1": 3.793292999267578, "optimal_reward_2": 3.793292999267578, "optimal_reward_3": 3.287027359008789, "final/reward_1": 3.759493589401245, "final/reward_2": 3.5484824180603027, "final/reward_3": 3.287027359008789, "reward_0_when_1_group_param_known": 3.793292999267578, "reward_1_when_1_group_param_known": 3.4222915172576904, "reward_2_when_1_group_param_known": 3.2522172927856445, "reward_0_when_2_group_param_known": 3.4222915172576904, "reward_1_when_2_group_param_known": 3.793292999267578, "reward_2_when_2_group_param_known": 3.1010961532592773, "reward_0_when_3_group_param_known": 3.759493589401245, "reward_1_when_3_group_param_known": 3.5484824180603027, "reward_2_when_3_group_param_known": 3.287027359008789, "reward_error_0_when_1_group_param_known": 0.0, "reward_error_1_when_1_group_param_known": 0.0978045940773681, "reward_error_2_when_1_group_param_known": 0.010590135834355084, "reward_error_0_when_2_group_param_known": 0.0978045940773681, "reward_error_1_when_2_group_param_known": 0.0, "reward_error_2_when_2_group_param_known": 0.0565651530827476, "reward_error_0_when_3_group_param_known": 0.008910308239532014, "reward_error_1_when_3_group_param_known": 0.0645377462944582, "reward_error_2_when_3_group_param_known": 0.0, "_wandb": {"runtime": 9}}