{"Iteration": 99, "train_loss": 15.128202458463377, "val_loss": 18.070542114905894, "grad_norm": 0.004197791313671642, "live_grad": 2.4359846613331537e-14, "train_weighted_loss": 45.384607375390146, "val_weighted_loss": 54.21162634471769, "max_reward_err": 0.08609139777117014, "max_reward_err_index": 0, "max_kl_dist": 1.6030592885521602, "max_kl_dist_index": 0, "max_train_grp_loss": 17.37639250702473, "max_train_grp_loss_index": 0, "max_val_grp_loss": 19.32407013038065, "max_val_grp_loss_index": 1, "max_cur_train_grp_loss": 0.165495031844303, "max_cur_train_grp_loss_index": 0, "reward_err_1": 0.08609139777117014, "reward_err_2": 0.017656976613601286, "reward_err_3": 0.05121087018573955, "KL_distance_1": 1.6030592885521602, "KL_distance_2": 0.9536675985560109, "KL_distance_3": 1.3893888733097186, "reward_param_1": 13.388815429680353, "reward_param_2": 6.126503546001374, "reward_param_3": 6.064048273207547, "reward_param_4": 7.168096664757707, "group_weight_1": 0.3381572222074583, "group_weight_2": 0.3240591373429654, "group_weight_3": 0.33778364044957637, "hist_group_loss_1": 16.611686257180292, "hist_group_loss_2": 12.35319425802142, "hist_group_loss_3": 16.501149428721227, "cur_group_loss_1": 0.165495031844303, "cur_group_loss_2": 0.12387851782865782, "cur_group_loss_3": 0.16412267931021457, "train_group_loss_1": 17.37639250702473, "train_group_loss_2": 12.513000817039085, "train_group_loss_3": 15.426877040217766, "val_group_loss_1": 18.58726474900053, "val_group_loss_2": 19.32407013038065, "val_group_loss_3": 16.311426126656546, "_timestamp": 1726668121.8320692, "_runtime": 9.524286270141602, "_step": 2, "final/reward_err_1": 0.08609139777117014, "final/reward_err_2": 0.017656976613601286, "final/reward_err_3": 0.05121087018573955, "final/reward_param_1": 13.388815429680353, "final/reward_param_2": 6.126503546001374, "final/reward_param_3": 6.064048273207547, "final/reward_param_4": 7.168096664757707, "optimal_reward_1": 3.8638525009155273, "optimal_reward_2": 3.8638525009155273, "optimal_reward_3": 3.3051488399505615, "final/reward_1": 3.8214311599731445, "final/reward_2": 3.5967774391174316, "final/reward_3": 3.3051488399505615, "reward_0_when_1_group_param_known": 3.8638525009155273, "reward_1_when_1_group_param_known": 3.4816598892211914, "reward_2_when_1_group_param_known": 3.271707057952881, "reward_0_when_2_group_param_known": 3.4816598892211914, "reward_1_when_2_group_param_known": 3.8638525009155273, "reward_2_when_2_group_param_known": 3.120657444000244, "reward_0_when_3_group_param_known": 3.8214311599731445, "reward_1_when_3_group_param_known": 3.5967774391174316, "reward_2_when_3_group_param_known": 3.3051488399505615, "reward_error_0_when_1_group_param_known": 0.0, "reward_error_1_when_1_group_param_known": 0.09891490723410809, "reward_error_2_when_1_group_param_known": 0.010118086542263219, "reward_error_0_when_2_group_param_known": 0.09891490723410809, "reward_error_1_when_2_group_param_known": 0.0, "reward_error_2_when_2_group_param_known": 0.055819391163357414, "reward_error_0_when_3_group_param_known": 0.010979027002798687, "reward_error_1_when_3_group_param_known": 0.0691214433612083, "reward_error_2_when_3_group_param_known": 0.0, "_wandb": {"runtime": 9}}