{"Iteration": 99, "train_loss": 18.20646490722256, "val_loss": 17.711667982396293, "grad_norm": 0.4801314882070914, "max_reward_err": 0.10030991974582658, "max_reward_err_index": 1, "max_kl_dist": 0.5771759860280025, "max_kl_dist_index": 0, "max_train_grp_loss": 21.90891243668167, "max_train_grp_loss_index": 0, "max_val_grp_loss": 21.002065745099543, "max_val_grp_loss_index": 0, "max_cur_train_grp_loss": 21.913829718769385, "max_cur_train_grp_loss_index": 0, "reward_err_1": 0.07498576411490522, "reward_err_2": 0.00865125552457979, "reward_err_3": 0.03929107715253778, "reward_param_1": 6.9060187113371745, "reward_param_2": 3.0930675432875336, "reward_param_3": 4.538119221284429, "reward_param_4": 3.544929113927418, "KL_distance_1": 0.5771759860280025, "KL_distance_2": 0.2221327054815495, "KL_distance_3": 0.4261302019878462, "hist_group_loss_1": 2229.766042780493, "hist_group_loss_2": 1643.1118826565785, "hist_group_loss_3": 2146.5899395645256, "cur_group_loss_1": 21.913829718769385, "cur_group_loss_2": 12.906386454744531, "cur_group_loss_3": 20.480272101639375, "train_group_loss_1": 21.90891243668167, "train_group_loss_2": 12.8604245289779, "train_group_loss_3": 20.4651549069566, "val_group_loss_1": 21.002065745099543, "val_group_loss_2": 11.1928975349185, "val_group_loss_3": 20.075907706636436, "_timestamp": 1726665732.924181, "_runtime": 8.151401996612549, "_step": 2, "final/reward_err_1": 0.07498576411490522, "final/reward_err_2": 0.00865125552457979, "final/reward_err_3": 0.03929107715253778, "final/reward_param_1": 6.9060187113371745, "final/reward_param_2": 3.0930675432875336, "final/reward_param_3": 4.538119221284429, "final/reward_param_4": 3.544929113927418, "optimal_reward_1": 3.7916831970214844, "optimal_reward_2": 3.7916831970214844, "optimal_reward_3": 3.2788846492767334, "final/reward_1": 3.7576465606689453, "final/reward_2": 3.5452187061309814, "final/reward_3": 3.2788846492767334, "reward_0_when_1_group_param_known": 3.7916831970214844, "reward_1_when_1_group_param_known": 3.4254605770111084, "reward_2_when_1_group_param_known": 3.243140459060669, "reward_0_when_2_group_param_known": 3.4254605770111084, "reward_1_when_2_group_param_known": 3.7916831970214844, "reward_2_when_2_group_param_known": 3.0971083641052246, "reward_0_when_3_group_param_known": 3.7576465606689453, "reward_1_when_3_group_param_known": 3.5452187061309814, "reward_2_when_3_group_param_known": 3.2788846492767334, "reward_error_0_when_1_group_param_known": 0.0, "reward_error_1_when_1_group_param_known": 0.0965857644167261, "reward_error_2_when_1_group_param_known": 0.010901325920065232, "reward_error_0_when_2_group_param_known": 0.0965857644167261, "reward_error_1_when_2_group_param_known": 0.0, "reward_error_2_when_2_group_param_known": 0.055438450758432616, "reward_error_0_when_3_group_param_known": 0.00897665616665342, "reward_error_1_when_3_group_param_known": 0.065001340587766, "reward_error_2_when_3_group_param_known": 0.0, "_wandb": {"runtime": 7}}