{"Iteration": 99, "train_loss": 17.20298161670378, "val_loss": 17.873763817810527, "grad_norm": 0.00614225297705702, "live_grad": 2.1475283623617966e-14, "train_weighted_loss": 51.60894485011134, "val_weighted_loss": 53.621291453431596, "max_reward_err": 0.06692977702728353, "max_reward_err_index": 0, "max_kl_dist": 1.3402209255036994, "max_kl_dist_index": 0, "max_train_grp_loss": 19.671926020925326, "max_train_grp_loss_index": 0, "max_val_grp_loss": 18.826784854475836, "max_val_grp_loss_index": 0, "max_cur_train_grp_loss": 0.2210447187231643, "max_cur_train_grp_loss_index": 0, "reward_err_1": 0.06692977702728353, "reward_err_2": 0.01711821947947339, "reward_err_3": 0.032672825143263744, "KL_distance_1": 1.3402209255036994, "KL_distance_2": 0.8346717682104912, "KL_distance_3": 1.110524727884297, "reward_param_1": 10.914097050471572, "reward_param_2": 6.73875108830948, "reward_param_3": 7.082119034274566, "reward_param_4": 5.300250929185071, "group_weight_1": 0.3486738763520712, "group_weight_2": 0.31904860503984234, "group_weight_3": 0.33227751860808663, "hist_group_loss_1": 22.20099915901104, "hist_group_loss_2": 13.321641604737419, "hist_group_loss_3": 17.384347714220738, "cur_group_loss_1": 0.2210447187231643, "cur_group_loss_2": 0.13378993162144792, "cur_group_loss_3": 0.17294535935448146, "train_group_loss_1": 19.671926020925326, "train_group_loss_2": 14.183733695416905, "train_group_loss_3": 18.158259975567503, "val_group_loss_1": 18.826784854475836, "val_group_loss_2": 16.657665136203825, "val_group_loss_3": 17.965861036398234, "_timestamp": 1726602856.399462, "_runtime": 9.824007987976074, "_step": 2, "final/reward_err_1": 0.06692977702728353, "final/reward_err_2": 0.01711821947947339, "final/reward_err_3": 0.032672825143263744, "final/reward_param_1": 10.914097050471572, "final/reward_param_2": 6.73875108830948, "final/reward_param_3": 7.082119034274566, "final/reward_param_4": 5.300250929185071, "optimal_reward_1": 3.9127137660980225, "optimal_reward_2": 3.9127137660980225, "optimal_reward_3": 3.4123454093933105, "final/reward_1": 3.873039960861206, "final/reward_2": 3.6398656368255615, "final/reward_3": 3.4123454093933105, "reward_0_when_1_group_param_known": 3.9127137660980225, "reward_1_when_1_group_param_known": 3.5185482501983643, "reward_2_when_1_group_param_known": 3.370203971862793, "reward_0_when_2_group_param_known": 3.5185482501983643, "reward_1_when_2_group_param_known": 3.9127137660980225, "reward_2_when_2_group_param_known": 3.214184284210205, "reward_0_when_3_group_param_known": 3.873039960861206, "reward_1_when_3_group_param_known": 3.6398656368255615, "reward_2_when_3_group_param_known": 3.4123454093933105, "reward_error_0_when_1_group_param_known": 0.0, "reward_error_1_when_1_group_param_known": 0.10073967569898223, "reward_error_2_when_1_group_param_known": 0.012349698660198064, "reward_error_0_when_2_group_param_known": 0.10073967569898223, "reward_error_1_when_2_group_param_known": 0.0, "reward_error_2_when_2_group_param_known": 0.058071824920659786, "reward_error_0_when_3_group_param_known": 0.010139715708461176, "reward_error_1_when_3_group_param_known": 0.06973373100699885, "reward_error_2_when_3_group_param_known": 0.0, "_wandb": {"runtime": 9}}