{"Iteration": 99, "train_loss": 17.962991418375744, "val_loss": 16.868505868787956, "grad_norm": 0.31160691799918744, "max_reward_err": 0.07137597582749758, "max_reward_err_index": 0, "max_kl_dist": 0.7242500847525317, "max_kl_dist_index": 0, "max_train_grp_loss": 20.724325720979685, "max_train_grp_loss_index": 0, "max_val_grp_loss": 21.330327450364575, "max_val_grp_loss_index": 0, "max_cur_train_grp_loss": 20.730598465270774, "max_cur_train_grp_loss_index": 0, "reward_err_1": 0.08779558756476774, "reward_err_2": 0.006723943745301388, "reward_err_3": 0.05179389437940872, "reward_param_1": 7.955240555527657, "reward_param_2": 3.65631719841206, "reward_param_3": 5.113391667356633, "reward_param_4": 3.337008338871626, "KL_distance_1": 0.7242500847525317, "KL_distance_2": 0.30531968754488825, "KL_distance_3": 0.557563027587474, "hist_group_loss_1": 2120.285380329062, "hist_group_loss_2": 1557.8215185266222, "hist_group_loss_3": 1989.49140203564, "cur_group_loss_1": 20.730598465270774, "cur_group_loss_2": 14.507694333010903, "cur_group_loss_3": 19.027604464315708, "train_group_loss_1": 20.724325720979685, "train_group_loss_2": 14.49555654747276, "train_group_loss_3": 19.014977502668735, "val_group_loss_1": 21.330327450364575, "val_group_loss_2": 9.26601205932411, "val_group_loss_3": 20.157305582011062, "_timestamp": 1726689813.375585, "_runtime": 8.421876192092896, "_step": 2, "final/reward_err_1": 0.08779558756476774, "final/reward_err_2": 0.006723943745301388, "final/reward_err_3": 0.05179389437940872, "final/reward_param_1": 7.955240555527657, "final/reward_param_2": 3.65631719841206, "final/reward_param_3": 5.113391667356633, "final/reward_param_4": 3.337008338871626, "optimal_reward_1": 3.8605411052703857, "optimal_reward_2": 3.8605411052703857, "optimal_reward_3": 3.298776388168335, "final/reward_1": 3.825101613998413, "final/reward_2": 3.5993566513061523, "final/reward_3": 3.298776388168335, "reward_0_when_1_group_param_known": 3.8605411052703857, "reward_1_when_1_group_param_known": 3.4837193489074707, "reward_2_when_1_group_param_known": 3.270322322845459, "reward_0_when_2_group_param_known": 3.4837193489074707, "reward_1_when_2_group_param_known": 3.8605411052703857, "reward_2_when_2_group_param_known": 3.110097646713257, "reward_0_when_3_group_param_known": 3.825101613998413, "reward_1_when_3_group_param_known": 3.5993566513061523, "reward_2_when_3_group_param_known": 3.298776388168335, "reward_error_0_when_1_group_param_known": 0.0, "reward_error_1_when_1_group_param_known": 0.09760853364531734, "reward_error_2_when_1_group_param_known": 0.008625642351791921, "reward_error_0_when_2_group_param_known": 0.09760853364531734, "reward_error_1_when_2_group_param_known": 0.0, "reward_error_2_when_2_group_param_known": 0.05719658420370927, "reward_error_0_when_3_group_param_known": 0.009179928488156982, "reward_error_1_when_3_group_param_known": 0.06765488226706512, "reward_error_2_when_3_group_param_known": 0.0, "_wandb": {"runtime": 8}}