{"Iteration": 99, "train_loss": 18.37650771834727, "val_loss": 16.968679912109625, "grad_norm": 0.014745554704541716, "live_grad": 1.716829874113462e-14, "train_weighted_loss": 55.12952315504181, "val_weighted_loss": 50.90603973632889, "max_reward_err": 0.08245239882348643, "max_reward_err_index": 0, "max_kl_dist": 1.1449774290795, "max_kl_dist_index": 0, "max_train_grp_loss": 20.55987253948095, "max_train_grp_loss_index": 0, "max_val_grp_loss": 19.417484390020327, "max_val_grp_loss_index": 0, "max_cur_train_grp_loss": 0.43097272413639165, "max_cur_train_grp_loss_index": 2, "reward_err_1": 0.08245239882348643, "reward_err_2": 0.0043942022145152465, "reward_err_3": 0.04185026444299595, "KL_distance_1": 1.1449774290795, "KL_distance_2": 0.595697920752403, "KL_distance_3": 0.9060696648000424, "reward_param_1": 8.921429175076444, "reward_param_2": 4.550822299049839, "reward_param_3": 8.81755920130181, "reward_param_4": 4.434130638579641, "group_weight_1": 0.30697533392821214, "group_weight_2": 0.292458251237354, "group_weight_3": 0.400566414834434, "hist_group_loss_1": 16.95125922949258, "hist_group_loss_2": 12.10671191187435, "hist_group_loss_3": 43.562477600531736, "cur_group_loss_1": 0.16853833665732865, "cur_group_loss_2": 0.12147211613601763, "cur_group_loss_3": 0.43097272413639165, "train_group_loss_1": 20.55987253948095, "train_group_loss_2": 16.64449448695632, "train_group_loss_3": 17.667124901816784, "val_group_loss_1": 19.417484390020327, "val_group_loss_2": 13.875240051212947, "val_group_loss_3": 17.62645931198693, "_timestamp": 1726684775.642237, "_runtime": 9.925441980361938, "_step": 2, "final/reward_err_1": 0.08245239882348643, "final/reward_err_2": 0.0043942022145152465, "final/reward_err_3": 0.04185026444299595, "final/reward_param_1": 8.921429175076444, "final/reward_param_2": 4.550822299049839, "final/reward_param_3": 8.81755920130181, "final/reward_param_4": 4.434130638579641, "optimal_reward_1": 3.927974224090576, "optimal_reward_2": 3.927974224090576, "optimal_reward_3": 3.4115631580352783, "final/reward_1": 3.887371301651001, "final/reward_2": 3.6481499671936035, "final/reward_3": 3.4115631580352783, "reward_0_when_1_group_param_known": 3.927974224090576, "reward_1_when_1_group_param_known": 3.5139124393463135, "reward_2_when_1_group_param_known": 3.376384735107422, "reward_0_when_2_group_param_known": 3.5139124393463135, "reward_1_when_2_group_param_known": 3.927974224090576, "reward_2_when_2_group_param_known": 3.203280210494995, "reward_0_when_3_group_param_known": 3.887371301651001, "reward_1_when_3_group_param_known": 3.6481499671936035, "reward_2_when_3_group_param_known": 3.4115631580352783, "reward_error_0_when_1_group_param_known": 0.0, "reward_error_1_when_1_group_param_known": 0.10541356972374948, "reward_error_2_when_1_group_param_known": 0.010311526211965462, "reward_error_0_when_2_group_param_known": 0.10541356972374948, "reward_error_1_when_2_group_param_known": 0.0, "reward_error_2_when_2_group_param_known": 0.061052056752844495, "reward_error_0_when_3_group_param_known": 0.010336860713228275, "reward_error_1_when_3_group_param_known": 0.07123882208309525, "reward_error_2_when_3_group_param_known": 0.0, "_wandb": {"runtime": 9}}