{"Iteration": 99, "train_loss": 19.177704963177902, "val_loss": 18.8439841627513, "grad_norm": 0.0014285787082314483, "live_grad": 4.193246614396795e-14, "train_weighted_loss": 57.53311488953372, "val_weighted_loss": 56.53195248825392, "max_reward_err": 0.0731530772064154, "max_reward_err_index": 0, "max_kl_dist": 0.8748391812188226, "max_kl_dist_index": 0, "max_train_grp_loss": 19.199244323552353, "max_train_grp_loss_index": 0, "max_val_grp_loss": 19.208811472395755, "max_val_grp_loss_index": 0, "max_cur_train_grp_loss": 0.20190262608485338, "max_cur_train_grp_loss_index": 2, "reward_err_1": 0.0731530772064154, "reward_err_2": 0.018659528749728108, "reward_err_3": 0.03780318249579066, "KL_distance_1": 0.8748391812188226, "KL_distance_2": 0.5551188789207299, "KL_distance_3": 0.7216551343610245, "reward_param_1": 9.000511558988999, "reward_param_2": 5.503778554690407, "reward_param_3": 5.934203600375519, "reward_param_4": 5.046458916922744, "group_weight_1": 0.33333345145329984, "group_weight_2": 0.330002624697063, "group_weight_3": 0.3366639238496373, "hist_group_loss_1": 19.25974235496796, "hist_group_loss_2": 18.255468693217395, "hist_group_loss_3": 20.253925302854775, "cur_group_loss_1": 0.19199457113803592, "cur_group_loss_2": 0.1824212199949182, "cur_group_loss_3": 0.20190262608485338, "train_group_loss_1": 19.199244323552353, "train_group_loss_2": 19.154632531669705, "train_group_loss_3": 19.180533060766493, "val_group_loss_1": 19.208811472395755, "val_group_loss_2": 19.10659077986119, "val_group_loss_3": 18.208592459720915, "_timestamp": 1726605738.2935722, "_runtime": 9.57209825515747, "_step": 2, "final/reward_err_1": 0.0731530772064154, "final/reward_err_2": 0.018659528749728108, "final/reward_err_3": 0.03780318249579066, "final/reward_param_1": 9.000511558988999, "final/reward_param_2": 5.503778554690407, "final/reward_param_3": 5.934203600375519, "final/reward_param_4": 5.046458916922744, "optimal_reward_1": 3.8791401386260986, "optimal_reward_2": 3.8791401386260986, "optimal_reward_3": 3.3107750415802, "final/reward_1": 3.844071626663208, "final/reward_2": 3.585026264190674, "final/reward_3": 3.3107750415802, "reward_0_when_1_group_param_known": 3.8791401386260986, "reward_1_when_1_group_param_known": 3.4544191360473633, "reward_2_when_1_group_param_known": 3.2859795093536377, "reward_0_when_2_group_param_known": 3.4544191360473633, "reward_1_when_2_group_param_known": 3.8791401386260986, "reward_2_when_2_group_param_known": 3.0945019721984863, "reward_0_when_3_group_param_known": 3.844071626663208, "reward_1_when_3_group_param_known": 3.585026264190674, "reward_2_when_3_group_param_known": 3.3107750415802, "reward_error_0_when_1_group_param_known": 0.0, "reward_error_1_when_1_group_param_known": 0.1094884400668138, "reward_error_2_when_1_group_param_known": 0.007489343708090731, "reward_error_0_when_2_group_param_known": 0.1094884400668138, "reward_error_1_when_2_group_param_known": 0.0, "reward_error_2_when_2_group_param_known": 0.06532400017081465, "reward_error_0_when_3_group_param_known": 0.009040279729443101, "reward_error_1_when_3_group_param_known": 0.07581934756798786, "reward_error_2_when_3_group_param_known": 0.0, "_wandb": {"runtime": 9}}