{"Iteration": 199, "train_loss": 18.70362206784599, "val_loss": 16.28863588153466, "grad_norm": 0.19728785699633639, "max_reward_err": 0.055988066367718886, "max_reward_err_index": 0, "max_kl_dist": 0.644278081478474, "max_kl_dist_index": 0, "max_train_grp_loss": 20.893769756465744, "max_train_grp_loss_index": 0, "max_val_grp_loss": 19.67763403047385, "max_val_grp_loss_index": 0, "max_cur_train_grp_loss": 20.89558659801232, "max_cur_train_grp_loss_index": 0, "reward_err_1": 0.07308767075294999, "reward_err_2": 0.01589609251964083, "reward_err_3": 0.03564080367412897, "reward_param_1": 7.191506810249999, "reward_param_2": 4.174043943321129, "reward_param_3": 5.394769161535963, "reward_param_4": 4.165036288467903, "KL_distance_1": 0.644278081478474, "KL_distance_2": 0.33702561896192335, "KL_distance_3": 0.4917629101515266, "hist_group_loss_1": 4283.709875001971, "hist_group_loss_2": 3652.49341629423, "hist_group_loss_3": 4059.7170538738983, "cur_group_loss_1": 20.89558659801232, "cur_group_loss_2": 16.664717872386003, "cur_group_loss_3": 19.022510174624994, "train_group_loss_1": 20.893769756465744, "train_group_loss_2": 16.659858913356608, "train_group_loss_3": 19.01575704719809, "val_group_loss_1": 19.67763403047385, "val_group_loss_2": 9.893577085834899, "val_group_loss_3": 19.238930531162787, "_timestamp": 1726692062.621312, "_runtime": 12.479063987731934, "_step": 3, "final/reward_err_1": 0.07308767075294999, "final/reward_err_2": 0.01589609251964083, "final/reward_err_3": 0.03564080367412897, "final/reward_param_1": 7.191506810249999, "final/reward_param_2": 4.174043943321129, "final/reward_param_3": 5.394769161535963, "final/reward_param_4": 4.165036288467903, "optimal_reward_1": 3.927974224090576, "optimal_reward_2": 3.927974224090576, "optimal_reward_3": 3.4115631580352783, "final/reward_1": 3.887371301651001, "final/reward_2": 3.6481499671936035, "final/reward_3": 3.4115631580352783, "reward_0_when_1_group_param_known": 3.927974224090576, "reward_1_when_1_group_param_known": 3.5139124393463135, "reward_2_when_1_group_param_known": 3.376384735107422, "reward_0_when_2_group_param_known": 3.5139124393463135, "reward_1_when_2_group_param_known": 3.927974224090576, "reward_2_when_2_group_param_known": 3.203280210494995, "reward_0_when_3_group_param_known": 3.887371301651001, "reward_1_when_3_group_param_known": 3.6481499671936035, "reward_2_when_3_group_param_known": 3.4115631580352783, "reward_error_0_when_1_group_param_known": 0.0, "reward_error_1_when_1_group_param_known": 0.10541356972374948, "reward_error_2_when_1_group_param_known": 0.010311526211965462, "reward_error_0_when_2_group_param_known": 0.10541356972374948, "reward_error_1_when_2_group_param_known": 0.0, "reward_error_2_when_2_group_param_known": 0.061052056752844495, "reward_error_0_when_3_group_param_known": 0.010336860713228275, "reward_error_1_when_3_group_param_known": 0.07123882208309525, "reward_error_2_when_3_group_param_known": 0.0, "_wandb": {"runtime": 11}}