{"Iteration": 99, "train_loss": 15.27632283493286, "val_loss": 15.92875340136403, "grad_norm": 0.4565152463180298, "max_reward_err": 0.049461005974797835, "max_reward_err_index": 1, "max_kl_dist": 0.7728813188950846, "max_kl_dist_index": 0, "max_train_grp_loss": 20.052898206623993, "max_train_grp_loss_index": 0, "max_val_grp_loss": 19.50165091732113, "max_val_grp_loss_index": 0, "max_cur_train_grp_loss": 20.062264834711723, "max_cur_train_grp_loss_index": 0, "reward_err_1": 0.0650384971031302, "reward_err_2": 0.014075918231340289, "reward_err_3": 0.028511285415269184, "reward_param_1": 6.858386643089201, "reward_param_2": 4.597952238866059, "reward_param_3": 7.347638986951674, "reward_param_4": 4.661375913892276, "KL_distance_1": 0.7728813188950846, "KL_distance_2": 0.45620263540183814, "KL_distance_3": 0.6056726968832745, "hist_group_loss_1": 2072.7335133148586, "hist_group_loss_2": 1085.3717324585944, "hist_group_loss_3": 1899.7014683696414, "cur_group_loss_1": 20.062264834711723, "cur_group_loss_2": 8.110411879158814, "cur_group_loss_3": 17.696192029187245, "train_group_loss_1": 20.052898206623993, "train_group_loss_2": 8.07694569415207, "train_group_loss_3": 17.676287485904034, "val_group_loss_1": 19.50165091732113, "val_group_loss_2": 9.707803670814563, "val_group_loss_3": 18.01618978133893, "_timestamp": 1726660598.01414, "_runtime": 8.107270956039429, "_step": 2, "final/reward_err_1": 0.0650384971031302, "final/reward_err_2": 0.014075918231340289, "final/reward_err_3": 0.028511285415269184, "final/reward_param_1": 6.858386643089201, "final/reward_param_2": 4.597952238866059, "final/reward_param_3": 7.347638986951674, "final/reward_param_4": 4.661375913892276, "optimal_reward_1": 3.8608756065368652, "optimal_reward_2": 3.8608756065368652, "optimal_reward_3": 3.307262659072876, "final/reward_1": 3.820035219192505, "final/reward_2": 3.599329948425293, "final/reward_3": 3.307262659072876, "reward_0_when_1_group_param_known": 3.8608756065368652, "reward_1_when_1_group_param_known": 3.4840316772460938, "reward_2_when_1_group_param_known": 3.274003028869629, "reward_0_when_2_group_param_known": 3.4840316772460938, "reward_1_when_2_group_param_known": 3.8608756065368652, "reward_2_when_2_group_param_known": 3.124580144882202, "reward_0_when_3_group_param_known": 3.820035219192505, "reward_1_when_3_group_param_known": 3.599329948425293, "reward_2_when_3_group_param_known": 3.307262659072876, "reward_error_0_when_1_group_param_known": 0.0, "reward_error_1_when_1_group_param_known": 0.09760581994735479, "reward_error_2_when_1_group_param_known": 0.010056543320502622, "reward_error_0_when_2_group_param_known": 0.09760581994735479, "reward_error_1_when_2_group_param_known": 0.0, "reward_error_2_when_2_group_param_known": 0.055236772225972876, "reward_error_0_when_3_group_param_known": 0.010578011701597771, "reward_error_1_when_3_group_param_known": 0.06774257571747408, "reward_error_2_when_3_group_param_known": 0.0, "_wandb": {"runtime": 7}}