{"Iteration": 99, "train_loss": 17.39749572772708, "val_loss": 18.85944298523781, "grad_norm": 0.006282604558309147, "live_grad": 1.4450076205286864e-14, "train_weighted_loss": 52.19248718318124, "val_weighted_loss": 56.57832895571343, "max_reward_err": 0.10415629260458828, "max_reward_err_index": 0, "max_kl_dist": 1.9586981819265952, "max_kl_dist_index": 0, "max_train_grp_loss": 22.518551460124463, "max_train_grp_loss_index": 0, "max_val_grp_loss": 21.728837369254265, "max_val_grp_loss_index": 0, "max_cur_train_grp_loss": 0.23215526776720627, "max_cur_train_grp_loss_index": 0, "reward_err_1": 0.10415629260458828, "reward_err_2": 0.0009267649660514119, "reward_err_3": 0.06456469717905924, "KL_distance_1": 1.9586981819265952, "KL_distance_2": 0.9690070265739223, "KL_distance_3": 1.6154155750250427, "reward_param_1": 14.1719281535599, "reward_param_2": 3.5503504447167846, "reward_param_3": 9.012966739965329, "reward_param_4": 5.353555237266754, "group_weight_1": 0.3522766683747885, "group_weight_2": 0.31138790209739337, "group_weight_3": 0.33633542952781825, "hist_group_loss_1": 23.25114653467377, "hist_group_loss_2": 10.913401738041431, "hist_group_loss_3": 18.62035729327943, "cur_group_loss_1": 0.23215526776720627, "cur_group_loss_2": 0.10837636177487073, "cur_group_loss_3": 0.18544218611696847, "train_group_loss_1": 22.518551460124463, "train_group_loss_2": 10.94731393346434, "train_group_loss_3": 18.914416856923058, "val_group_loss_1": 21.728837369254265, "val_group_loss_2": 14.602911026419259, "val_group_loss_3": 20.226741002965827, "_timestamp": 1726608810.6585448, "_runtime": 9.441430807113647, "_step": 2, "final/reward_err_1": 0.10415629260458828, "final/reward_err_2": 0.0009267649660514119, "final/reward_err_3": 0.06456469717905924, "final/reward_param_1": 14.1719281535599, "final/reward_param_2": 3.5503504447167846, "final/reward_param_3": 9.012966739965329, "final/reward_param_4": 5.353555237266754, "optimal_reward_1": 3.8653156757354736, "optimal_reward_2": 3.8653156757354736, "optimal_reward_3": 3.331118106842041, "final/reward_1": 3.8325858116149902, "final/reward_2": 3.5891125202178955, "final/reward_3": 3.331118106842041, "reward_0_when_1_group_param_known": 3.8653156757354736, "reward_1_when_1_group_param_known": 3.477531671524048, "reward_2_when_1_group_param_known": 3.30049467086792, "reward_0_when_2_group_param_known": 3.477531671524048, "reward_1_when_2_group_param_known": 3.8653156757354736, "reward_2_when_2_group_param_known": 3.137904405593872, "reward_0_when_3_group_param_known": 3.8325858116149902, "reward_1_when_3_group_param_known": 3.5891125202178955, "reward_2_when_3_group_param_known": 3.331118106842041, "reward_error_0_when_1_group_param_known": 0.0, "reward_error_1_when_1_group_param_known": 0.10032401923748184, "reward_error_2_when_1_group_param_known": 0.009193140258588025, "reward_error_0_when_2_group_param_known": 0.10032401923748184, "reward_error_1_when_2_group_param_known": 0.0, "reward_error_2_when_2_group_param_known": 0.05800265708121018, "reward_error_0_when_3_group_param_known": 0.008467578554048038, "reward_error_1_when_3_group_param_known": 0.0714568171628113, "reward_error_2_when_3_group_param_known": 0.0, "_wandb": {"runtime": 9}}