{"Iteration": 99, "train_loss": 21.710826396998154, "val_loss": 20.041836966298668, "grad_norm": 0.0025501577216007, "live_grad": 1.6492698411161228e-14, "train_weighted_loss": 65.13247919099446, "val_weighted_loss": 60.125510898896, "max_reward_err": 0.08162437431220244, "max_reward_err_index": 0, "max_kl_dist": 0.73280234019617, "max_kl_dist_index": 0, "max_train_grp_loss": 23.406095769155115, "max_train_grp_loss_index": 2, "max_val_grp_loss": 22.91209721593254, "max_val_grp_loss_index": 0, "max_cur_train_grp_loss": 0.2490030489896925, "max_cur_train_grp_loss_index": 2, "reward_err_1": 0.08162437431220244, "reward_err_2": 0.006927506544821842, "reward_err_3": 0.0420522824169428, "KL_distance_1": 0.73280234019617, "KL_distance_2": 0.3359344904312993, "KL_distance_3": 0.5530903857694502, "reward_param_1": 7.5642405642433195, "reward_param_2": 2.6426278774212353, "reward_param_3": 5.887002700837771, "reward_param_4": 4.4530950607569535, "group_weight_1": 0.33434241249542446, "group_weight_2": 0.3219149729777646, "group_weight_3": 0.343742614526811, "hist_group_loss_1": 22.14440225903001, "hist_group_loss_2": 18.356581924637943, "hist_group_loss_3": 24.91715313840343, "cur_group_loss_1": 0.2213166462575655, "cur_group_loss_2": 0.1836132772926567, "cur_group_loss_3": 0.2490030489896925, "train_group_loss_1": 23.238073914663246, "train_group_loss_2": 18.545318373853714, "train_group_loss_3": 23.406095769155115, "val_group_loss_1": 22.91209721593254, "val_group_loss_2": 14.375534841521104, "val_group_loss_3": 22.725032887288563, "_timestamp": 1726610363.735371, "_runtime": 9.534919023513794, "_step": 2, "final/reward_err_1": 0.08162437431220244, "final/reward_err_2": 0.006927506544821842, "final/reward_err_3": 0.0420522824169428, "final/reward_param_1": 7.5642405642433195, "final/reward_param_2": 2.6426278774212353, "final/reward_param_3": 5.887002700837771, "final/reward_param_4": 4.4530950607569535, "optimal_reward_1": 3.8760921955108643, "optimal_reward_2": 3.8760921955108643, "optimal_reward_3": 3.3158624172210693, "final/reward_1": 3.833125114440918, "final/reward_2": 3.6059510707855225, "final/reward_3": 3.3158624172210693, "reward_0_when_1_group_param_known": 3.8760921955108643, "reward_1_when_1_group_param_known": 3.486328125, "reward_2_when_1_group_param_known": 3.2829432487487793, "reward_0_when_2_group_param_known": 3.486328125, "reward_1_when_2_group_param_known": 3.8760921955108643, "reward_2_when_2_group_param_known": 3.1273369789123535, "reward_0_when_3_group_param_known": 3.833125114440918, "reward_1_when_3_group_param_known": 3.6059510707855225, "reward_2_when_3_group_param_known": 3.3158624172210693, "reward_error_0_when_1_group_param_known": 0.0, "reward_error_1_when_1_group_param_known": 0.10055593387646287, "reward_error_2_when_1_group_param_known": 0.009927784790262397, "reward_error_0_when_2_group_param_known": 0.10055593387646287, "reward_error_1_when_2_group_param_known": 0.0, "reward_error_2_when_2_group_param_known": 0.05685562746198428, "reward_error_0_when_3_group_param_known": 0.011085154558425894, "reward_error_1_when_3_group_param_known": 0.06969419484866962, "reward_error_2_when_3_group_param_known": 0.0, "_wandb": {"runtime": 9}}