{"Iteration": 199, "train_loss": 14.77978630847486, "val_loss": 15.038441766000917, "grad_norm": 0.24535757737236052, "max_reward_err": 0.06563628289120786, "max_reward_err_index": 0, "max_kl_dist": 1.1279817117136228, "max_kl_dist_index": 0, "max_train_grp_loss": 20.24551057991609, "max_train_grp_loss_index": 0, "max_val_grp_loss": 20.35322013660217, "max_val_grp_loss_index": 0, "max_cur_train_grp_loss": 20.248107871382995, "max_cur_train_grp_loss_index": 0, "reward_err_1": 0.08049580035280154, "reward_err_2": 0.003837534808604207, "reward_err_3": 0.04259571072681642, "reward_param_1": 8.68230172270415, "reward_param_2": 4.1654995645060175, "reward_param_3": 9.188197016945574, "reward_param_4": 5.018214525854129, "KL_distance_1": 1.1279817117136228, "KL_distance_2": 0.6403955459853177, "KL_distance_3": 0.9053534011442832, "hist_group_loss_1": 4190.6916940058545, "hist_group_loss_2": 2101.306084181562, "hist_group_loss_3": 3844.533553249682, "cur_group_loss_1": 20.248107871382995, "cur_group_loss_2": 7.528525398832009, "cur_group_loss_3": 17.79583889277227, "train_group_loss_1": 20.24551057991609, "train_group_loss_2": 7.519293524833877, "train_group_loss_3": 17.788697798002644, "val_group_loss_1": 20.35322013660217, "val_group_loss_2": 7.540291891508986, "val_group_loss_3": 17.671167709388488, "_timestamp": 1726697275.471224, "_runtime": 11.444822072982788, "_step": 3, "final/reward_err_1": 0.08049580035280154, "final/reward_err_2": 0.003837534808604207, "final/reward_err_3": 0.04259571072681642, "final/reward_param_1": 8.68230172270415, "final/reward_param_2": 4.1654995645060175, "final/reward_param_3": 9.188197016945574, "final/reward_param_4": 5.018214525854129, "optimal_reward_1": 3.8691489696502686, "optimal_reward_2": 3.8691489696502686, "optimal_reward_3": 3.3071203231811523, "final/reward_1": 3.8334453105926514, "final/reward_2": 3.6074156761169434, "final/reward_3": 3.3071203231811523, "reward_0_when_1_group_param_known": 3.8691489696502686, "reward_1_when_1_group_param_known": 3.4901177883148193, "reward_2_when_1_group_param_known": 3.2788524627685547, "reward_0_when_2_group_param_known": 3.4901177883148193, "reward_1_when_2_group_param_known": 3.8691489696502686, "reward_2_when_2_group_param_known": 3.1177523136138916, "reward_0_when_3_group_param_known": 3.8334453105926514, "reward_1_when_3_group_param_known": 3.6074156761169434, "reward_2_when_3_group_param_known": 3.3071203231811523, "reward_error_0_when_1_group_param_known": 0.0, "reward_error_1_when_1_group_param_known": 0.09796241610457035, "reward_error_2_when_1_group_param_known": 0.008547575428222254, "reward_error_0_when_2_group_param_known": 0.09796241610457035, "reward_error_1_when_2_group_param_known": 0.0, "reward_error_2_when_2_group_param_known": 0.05726069542734561, "reward_error_0_when_3_group_param_known": 0.00922778092486949, "reward_error_1_when_3_group_param_known": 0.06764621770481564, "reward_error_2_when_3_group_param_known": 0.0, "_wandb": {"runtime": 11}}