{"Iteration": 199, "train_loss": 15.979916352220037, "val_loss": 14.413433832177528, "grad_norm": 0.035494774008758015, "live_grad": 2.706577096834417e-14, "train_weighted_loss": 47.93974905666011, "val_weighted_loss": 43.24030149653259, "max_reward_err": 0.09187737907145095, "max_reward_err_index": 0, "max_kl_dist": 1.6537990868126504, "max_kl_dist_index": 0, "max_train_grp_loss": 20.72183155919859, "max_train_grp_loss_index": 0, "max_val_grp_loss": 19.658479890966387, "max_val_grp_loss_index": 0, "max_cur_train_grp_loss": 0.3082164545708906, "max_cur_train_grp_loss_index": 2, "reward_err_1": 0.09187737907145095, "reward_err_2": 0.0015584869576720979, "reward_err_3": 0.05224157470237041, "KL_distance_1": 1.6537990868126504, "KL_distance_2": 0.92208972272547, "KL_distance_3": 1.3398736228779202, "reward_param_1": 10.84949626516304, "reward_param_2": 4.991402389919793, "reward_param_3": 11.481986987589814, "reward_param_4": 4.676973055309889, "group_weight_1": 0.31156523155175636, "group_weight_2": 0.26661810313356155, "group_weight_3": 0.4218166653146822, "hist_group_loss_1": 32.181264785121414, "hist_group_loss_2": 16.602122963210736, "hist_group_loss_3": 62.47746977223737, "cur_group_loss_1": 0.1594136757348287, "cur_group_loss_2": 0.08601842967354645, "cur_group_loss_3": 0.3082164545708906, "train_group_loss_1": 20.72183155919859, "train_group_loss_2": 9.724545307096973, "train_group_loss_3": 17.566020759091856, "val_group_loss_1": 19.658479890966387, "val_group_loss_2": 5.915615864439569, "val_group_loss_3": 17.077716094453233, "_timestamp": 1726698802.966112, "_runtime": 14.328866004943848, "_step": 3, "final/reward_err_1": 0.09187737907145095, "final/reward_err_2": 0.0015584869576720979, "final/reward_err_3": 0.05224157470237041, "final/reward_param_1": 10.84949626516304, "final/reward_param_2": 4.991402389919793, "final/reward_param_3": 11.481986987589814, "final/reward_param_4": 4.676973055309889, "optimal_reward_1": 3.8711791038513184, "optimal_reward_2": 3.8711791038513184, "optimal_reward_3": 3.3448379039764404, "final/reward_1": 3.8372890949249268, "final/reward_2": 3.6086676120758057, "final/reward_3": 3.3448379039764404, "reward_0_when_1_group_param_known": 3.8711791038513184, "reward_1_when_1_group_param_known": 3.4649550914764404, "reward_2_when_1_group_param_known": 3.310628890991211, "reward_0_when_2_group_param_known": 3.4649550914764404, "reward_1_when_2_group_param_known": 3.8711791038513184, "reward_2_when_2_group_param_known": 3.1331167221069336, "reward_0_when_3_group_param_known": 3.8372890949249268, "reward_1_when_3_group_param_known": 3.6086676120758057, "reward_2_when_3_group_param_known": 3.3448379039764404, "reward_error_0_when_1_group_param_known": 0.0, "reward_error_1_when_1_group_param_known": 0.10493547352813978, "reward_error_2_when_1_group_param_known": 0.010227405323457027, "reward_error_0_when_2_group_param_known": 0.10493547352813978, "reward_error_1_when_2_group_param_known": 0.0, "reward_error_2_when_2_group_param_known": 0.06329789004657192, "reward_error_0_when_3_group_param_known": 0.00875444096416915, "reward_error_1_when_3_group_param_known": 0.06781176606226975, "reward_error_2_when_3_group_param_known": 0.0, "_wandb": {"runtime": 14}}