{"Iteration": 199, "train_loss": 16.095883308166414, "val_loss": 15.003128772685717, "grad_norm": 0.027711378349011925, "live_grad": 3.570450320041996e-14, "train_weighted_loss": 48.28764992449925, "val_weighted_loss": 45.00938631805715, "max_reward_err": 0.08362397459555947, "max_reward_err_index": 0, "max_kl_dist": 1.6584235767222855, "max_kl_dist_index": 0, "max_train_grp_loss": 17.444582583688884, "max_train_grp_loss_index": 0, "max_val_grp_loss": 20.204861528662743, "max_val_grp_loss_index": 0, "max_cur_train_grp_loss": 0.3632979925681991, "max_cur_train_grp_loss_index": 2, "reward_err_1": 0.08362397459555947, "reward_err_2": 0.00844394851176245, "reward_err_3": 0.051296228758589815, "KL_distance_1": 1.6584235767222855, "KL_distance_2": 0.9322524773388088, "KL_distance_3": 1.4022740546071477, "reward_param_1": 13.266503751729442, "reward_param_2": 6.117713539647608, "reward_param_3": 7.846525110174715, "reward_param_4": 5.014529659725193, "group_weight_1": 0.28510359884635866, "group_weight_2": 0.26762231004861925, "group_weight_3": 0.44727409110502225, "hist_group_loss_1": 28.41266354966892, "hist_group_loss_2": 22.08507122189502, "hist_group_loss_3": 73.44456024576922, "cur_group_loss_1": 0.14069486419648566, "cur_group_loss_2": 0.11194327931169142, "cur_group_loss_3": 0.3632979925681991, "train_group_loss_1": 17.444582583688884, "train_group_loss_2": 14.443357325685604, "train_group_loss_3": 17.07326929912895, "val_group_loss_1": 20.204861528662743, "val_group_loss_2": 7.835168491189103, "val_group_loss_3": 17.15671023016163, "_timestamp": 1726692660.962163, "_runtime": 14.190558910369873, "_step": 3, "final/reward_err_1": 0.08362397459555947, "final/reward_err_2": 0.00844394851176245, "final/reward_err_3": 0.051296228758589815, "final/reward_param_1": 13.266503751729442, "final/reward_param_2": 6.117713539647608, "final/reward_param_3": 7.846525110174715, "final/reward_param_4": 5.014529659725193, "optimal_reward_1": 3.878673791885376, "optimal_reward_2": 3.878673791885376, "optimal_reward_3": 3.3327279090881348, "final/reward_1": 3.8372855186462402, "final/reward_2": 3.6475391387939453, "final/reward_3": 3.3327279090881348, "reward_0_when_1_group_param_known": 3.878673791885376, "reward_1_when_1_group_param_known": 3.5492217540740967, "reward_2_when_1_group_param_known": 3.282655954360962, "reward_0_when_2_group_param_known": 3.5492217540740967, "reward_1_when_2_group_param_known": 3.878673791885376, "reward_2_when_2_group_param_known": 3.170855760574341, "reward_0_when_3_group_param_known": 3.8372855186462402, "reward_1_when_3_group_param_known": 3.6475391387939453, "reward_2_when_3_group_param_known": 3.3327279090881348, "reward_error_0_when_1_group_param_known": 0.0, "reward_error_1_when_1_group_param_known": 0.08493935182188567, "reward_error_2_when_1_group_param_known": 0.015024315243566644, "reward_error_0_when_2_group_param_known": 0.08493935182188567, "reward_error_1_when_2_group_param_known": 0.0, "reward_error_2_when_2_group_param_known": 0.04857046627550332, "reward_error_0_when_3_group_param_known": 0.01067072805290424, "reward_error_1_when_3_group_param_known": 0.05959115550655239, "reward_error_2_when_3_group_param_known": 0.0, "_wandb": {"runtime": 14}}