{"Iteration": 99, "train_loss": 13.711856489721898, "val_loss": 14.634204423329892, "grad_norm": 0.022027857348059766, "live_grad": 2.4134706176114326e-14, "train_weighted_loss": 41.135569469165695, "val_weighted_loss": 43.90261326998967, "max_reward_err": 0.08320444870839971, "max_reward_err_index": 0, "max_kl_dist": 1.8053978756150773, "max_kl_dist_index": 0, "max_train_grp_loss": 19.657424098472422, "max_train_grp_loss_index": 0, "max_val_grp_loss": 19.676155077472153, "max_val_grp_loss_index": 0, "max_cur_train_grp_loss": 0.3847139566530073, "max_cur_train_grp_loss_index": 2, "reward_err_1": 0.08320444870839971, "reward_err_2": 0.0013011571870391106, "reward_err_3": 0.04759489590090013, "KL_distance_1": 1.8053978756150773, "KL_distance_2": 1.016569787188085, "KL_distance_3": 1.48678699751704, "reward_param_1": 12.962130249585954, "reward_param_2": 4.584166474019878, "reward_param_3": 10.603041943437407, "reward_param_4": 4.98453691905355, "group_weight_1": 0.31721267419826665, "group_weight_2": 0.2839178967597457, "group_weight_3": 0.3988694290419876, "hist_group_loss_1": 15.96482880474349, "hist_group_loss_2": 4.8760943044657, "hist_group_loss_3": 38.87099604206837, "cur_group_loss_1": 0.15854752509761175, "cur_group_loss_2": 0.04962420436343482, "cur_group_loss_3": 0.3847139566530073, "train_group_loss_1": 19.657424098472422, "train_group_loss_2": 6.405927384743096, "train_group_loss_3": 18.07812183136446, "val_group_loss_1": 19.676155077472153, "val_group_loss_2": 6.437399681272497, "val_group_loss_3": 17.356643228309064, "_timestamp": 1726689980.145033, "_runtime": 9.771517992019653, "_step": 2, "final/reward_err_1": 0.08320444870839971, "final/reward_err_2": 0.0013011571870391106, "final/reward_err_3": 0.04759489590090013, "final/reward_param_1": 12.962130249585954, "final/reward_param_2": 4.584166474019878, "final/reward_param_3": 10.603041943437407, "final/reward_param_4": 4.98453691905355, "optimal_reward_1": 3.8668251037597656, "optimal_reward_2": 3.8668251037597656, "optimal_reward_3": 3.3220629692077637, "final/reward_1": 3.8242225646972656, "final/reward_2": 3.634657144546509, "final/reward_3": 3.3220629692077637, "reward_0_when_1_group_param_known": 3.8668251037597656, "reward_1_when_1_group_param_known": 3.533245086669922, "reward_2_when_1_group_param_known": 3.2733237743377686, "reward_0_when_2_group_param_known": 3.533245086669922, "reward_1_when_2_group_param_known": 3.8668251037597656, "reward_2_when_2_group_param_known": 3.158748149871826, "reward_0_when_3_group_param_known": 3.8242225646972656, "reward_1_when_3_group_param_known": 3.634657144546509, "reward_2_when_3_group_param_known": 3.3220629692077637, "reward_error_0_when_1_group_param_known": 0.0, "reward_error_1_when_1_group_param_known": 0.08626715926859466, "reward_error_2_when_1_group_param_known": 0.014671363945162757, "reward_error_0_when_2_group_param_known": 0.08626715926859466, "reward_error_1_when_2_group_param_known": 0.0, "reward_error_2_when_2_group_param_known": 0.04916066337384459, "reward_error_0_when_3_group_param_known": 0.011017446592316002, "reward_error_1_when_3_group_param_known": 0.06004097754189007, "reward_error_2_when_3_group_param_known": 0.0, "_wandb": {"runtime": 9}}