{"Iteration": 199, "train_loss": 13.975530394073127, "val_loss": 14.939056450753855, "grad_norm": 0.25477012227568424, "max_reward_err": 0.08375154325744585, "max_reward_err_index": 0, "max_kl_dist": 1.4660989939670508, "max_kl_dist_index": 0, "max_train_grp_loss": 18.597675467620572, "max_train_grp_loss_index": 2, "max_val_grp_loss": 19.889998945330994, "max_val_grp_loss_index": 0, "max_cur_train_grp_loss": 18.601942267025173, "max_cur_train_grp_loss_index": 2, "reward_err_1": 0.09422062543382355, "reward_err_2": 0.000686132910351118, "reward_err_3": 0.05289133687835165, "reward_param_1": 9.262584759261898, "reward_param_2": 4.459744851903721, "reward_param_3": 11.112608681421431, "reward_param_4": 3.6886944268768533, "KL_distance_1": 1.4660989939670508, "KL_distance_2": 0.7504659623734139, "KL_distance_3": 1.1760319078773565, "hist_group_loss_1": 3849.2951086451826, "hist_group_loss_2": 1924.4274797513258, "hist_group_loss_3": 3878.2909810238643, "cur_group_loss_1": 18.417092399871184, "cur_group_loss_2": 6.771747155658307, "cur_group_loss_3": 18.601942267025173, "train_group_loss_1": 18.412678524563244, "train_group_loss_2": 6.7619020422090825, "train_group_loss_3": 18.597675467620572, "val_group_loss_1": 19.889998945330994, "val_group_loss_2": 6.148854926046288, "val_group_loss_3": 17.84078675748749, "_timestamp": 1726697128.431922, "_runtime": 11.465345859527588, "_step": 3, "final/reward_err_1": 0.09422062543382355, "final/reward_err_2": 0.000686132910351118, "final/reward_err_3": 0.05289133687835165, "final/reward_param_1": 9.262584759261898, "final/reward_param_2": 4.459744851903721, "final/reward_param_3": 11.112608681421431, "final/reward_param_4": 3.6886944268768533, "optimal_reward_1": 3.8518338203430176, "optimal_reward_2": 3.8518338203430176, "optimal_reward_3": 3.297445297241211, "final/reward_1": 3.8126895427703857, "final/reward_2": 3.589339256286621, "final/reward_3": 3.297445297241211, "reward_0_when_1_group_param_known": 3.8518338203430176, "reward_1_when_1_group_param_known": 3.4604334831237793, "reward_2_when_1_group_param_known": 3.266357421875, "reward_0_when_2_group_param_known": 3.4604334831237793, "reward_1_when_2_group_param_known": 3.8518338203430176, "reward_2_when_2_group_param_known": 3.1038687229156494, "reward_0_when_3_group_param_known": 3.8126895427703857, "reward_1_when_3_group_param_known": 3.589339256286621, "reward_2_when_3_group_param_known": 3.297445297241211, "reward_error_0_when_1_group_param_known": 0.0, "reward_error_1_when_1_group_param_known": 0.10161402476713881, "reward_error_2_when_1_group_param_known": 0.009427866898116682, "reward_error_0_when_2_group_param_known": 0.10161402476713881, "reward_error_1_when_2_group_param_known": 0.0, "reward_error_2_when_2_group_param_known": 0.058705014602521616, "reward_error_0_when_3_group_param_known": 0.010162504250805377, "reward_error_1_when_3_group_param_known": 0.06814794622500629, "reward_error_2_when_3_group_param_known": 0.0, "_wandb": {"runtime": 11}}