{"Iteration": 199, "train_loss": 17.465827041364356, "val_loss": 16.89334469897116, "grad_norm": 0.21797161979314778, "max_reward_err": 0.045966390335708755, "max_reward_err_index": 0, "max_kl_dist": 0.6889664655963157, "max_kl_dist_index": 0, "max_train_grp_loss": 19.74755907104698, "max_train_grp_loss_index": 2, "max_val_grp_loss": 20.12076495299758, "max_val_grp_loss_index": 0, "max_cur_train_grp_loss": 19.753398695176664, "max_cur_train_grp_loss_index": 2, "reward_err_1": 0.06357244261982228, "reward_err_2": 0.02486612455528714, "reward_err_3": 0.027808110838195923, "reward_param_1": 6.801749887469374, "reward_param_2": 3.518134412641192, "reward_param_3": 6.381590281440713, "reward_param_4": 5.821565848329815, "KL_distance_1": 0.6889664655963157, "KL_distance_2": 0.4604194560499564, "KL_distance_3": 0.53786404518358, "hist_group_loss_1": 4102.182509803407, "hist_group_loss_2": 3320.274268626259, "hist_group_loss_3": 4195.1858018881285, "cur_group_loss_1": 19.280442999281394, "cur_group_loss_2": 14.954634523346147, "cur_group_loss_3": 19.753398695176664, "train_group_loss_1": 19.27497520990906, "train_group_loss_2": 14.950972218600853, "train_group_loss_3": 19.74755907104698, "val_group_loss_1": 20.12076495299758, "val_group_loss_2": 10.453183860553077, "val_group_loss_3": 19.35984747896251, "_timestamp": 1726692383.234089, "_runtime": 11.543962001800537, "_step": 3, "final/reward_err_1": 0.06357244261982228, "final/reward_err_2": 0.02486612455528714, "final/reward_err_3": 0.027808110838195923, "final/reward_param_1": 6.801749887469374, "final/reward_param_2": 3.518134412641192, "final/reward_param_3": 6.381590281440713, "final/reward_param_4": 5.821565848329815, "optimal_reward_1": 3.841620683670044, "optimal_reward_2": 3.841620683670044, "optimal_reward_3": 3.2970616817474365, "final/reward_1": 3.8055338859558105, "final/reward_2": 3.565392255783081, "final/reward_3": 3.2970616817474365, "reward_0_when_1_group_param_known": 3.841620683670044, "reward_1_when_1_group_param_known": 3.4525341987609863, "reward_2_when_1_group_param_known": 3.2688729763031006, "reward_0_when_2_group_param_known": 3.4525341987609863, "reward_1_when_2_group_param_known": 3.841620683670044, "reward_2_when_2_group_param_known": 3.1046242713928223, "reward_0_when_3_group_param_known": 3.8055338859558105, "reward_1_when_3_group_param_known": 3.565392255783081, "reward_2_when_3_group_param_known": 3.2970616817474365, "reward_error_0_when_1_group_param_known": 0.0, "reward_error_1_when_1_group_param_known": 0.1012818591286188, "reward_error_2_when_1_group_param_known": 0.008549644551810743, "reward_error_0_when_2_group_param_known": 0.1012818591286188, "reward_error_1_when_2_group_param_known": 0.0, "reward_error_2_when_2_group_param_known": 0.05836633612890821, "reward_error_0_when_3_group_param_known": 0.009393638957544952, "reward_error_1_when_3_group_param_known": 0.07190413906848074, "reward_error_2_when_3_group_param_known": 0.0, "_wandb": {"runtime": 11}}