{"Iteration": 99, "train_loss": 21.22491302979169, "val_loss": 20.90594218047564, "grad_norm": 0.12247018678978809, "max_reward_err": 0.04490567015268927, "max_reward_err_index": 0, "max_kl_dist": 0.4907510404774577, "max_kl_dist_index": 0, "max_train_grp_loss": 24.91303116565392, "max_train_grp_loss_index": 0, "max_val_grp_loss": 24.007231671910642, "max_val_grp_loss_index": 0, "max_cur_train_grp_loss": 24.91072614171537, "max_cur_train_grp_loss_index": 0, "reward_err_1": 0.06170025633244764, "reward_err_2": 0.022609928133164585, "reward_err_3": 0.02834346780036126, "reward_param_1": 5.918312263794058, "reward_param_2": 4.547270503432904, "reward_param_3": 4.851867412709992, "reward_param_4": 2.951324409902631, "KL_distance_1": 0.4907510404774577, "KL_distance_2": 0.2767284839442595, "KL_distance_3": 0.3578660429781265, "hist_group_loss_1": 2477.6421706330048, "hist_group_loss_2": 1633.853525544664, "hist_group_loss_3": 2378.9469211423648, "cur_group_loss_1": 24.91072614171537, "cur_group_loss_2": 15.96466335981082, "cur_group_loss_3": 23.75317820518937, "train_group_loss_1": 24.91303116565392, "train_group_loss_2": 15.959146101641931, "train_group_loss_3": 23.75267860221744, "val_group_loss_1": 24.007231671910642, "val_group_loss_2": 16.20882150105869, "val_group_loss_3": 22.80242820419487, "_timestamp": 1726610763.28068, "_runtime": 8.035586833953857, "_step": 2, "final/reward_err_1": 0.06170025633244764, "final/reward_err_2": 0.022609928133164585, "final/reward_err_3": 0.02834346780036126, "final/reward_param_1": 5.918312263794058, "final/reward_param_2": 4.547270503432904, "final/reward_param_3": 4.851867412709992, "final/reward_param_4": 2.951324409902631, "optimal_reward_1": 3.8655567169189453, "optimal_reward_2": 3.8655567169189453, "optimal_reward_3": 3.3145885467529297, "final/reward_1": 3.827606201171875, "final/reward_2": 3.6067895889282227, "final/reward_3": 3.3145885467529297, "reward_0_when_1_group_param_known": 3.8655567169189453, "reward_1_when_1_group_param_known": 3.4700119495391846, "reward_2_when_1_group_param_known": 3.2730894088745117, "reward_0_when_2_group_param_known": 3.4700119495391846, "reward_1_when_2_group_param_known": 3.8655567169189453, "reward_2_when_2_group_param_known": 3.1137969493865967, "reward_0_when_3_group_param_known": 3.827606201171875, "reward_1_when_3_group_param_known": 3.6067895889282227, "reward_2_when_3_group_param_known": 3.3145885467529297, "reward_error_0_when_1_group_param_known": 0.0, "reward_error_1_when_1_group_param_known": 0.10232543365578425, "reward_error_2_when_1_group_param_known": 0.012520147612008063, "reward_error_0_when_2_group_param_known": 0.10232543365578425, "reward_error_1_when_2_group_param_known": 0.0, "reward_error_2_when_2_group_param_known": 0.06057813648183708, "reward_error_0_when_3_group_param_known": 0.009817606757900294, "reward_error_1_when_3_group_param_known": 0.0669417491297279, "reward_error_2_when_3_group_param_known": 0.0, "_wandb": {"runtime": 8}}