{"Iteration": 99, "train_loss": 18.60945484415476, "val_loss": 18.04416472359171, "grad_norm": 0.3112034959996677, "max_reward_err": 0.04527450416556197, "max_reward_err_index": 0, "max_kl_dist": 0.6763454617037206, "max_kl_dist_index": 0, "max_train_grp_loss": 23.044857170220165, "max_train_grp_loss_index": 0, "max_val_grp_loss": 21.44837637748551, "max_val_grp_loss_index": 0, "max_cur_train_grp_loss": 23.044693659123137, "max_cur_train_grp_loss_index": 0, "reward_err_1": 0.07040361338848024, "reward_err_2": 0.008349916447230639, "reward_err_3": 0.03611730166791777, "reward_param_1": 6.48429106370851, "reward_param_2": 4.1955246825216745, "reward_param_3": 6.668622687710169, "reward_param_4": 3.470138228200627, "KL_distance_1": 0.6763454617037206, "KL_distance_2": 0.33035729588264606, "KL_distance_3": 0.5042080683432113, "hist_group_loss_1": 2309.193751908092, "hist_group_loss_2": 1423.5209634927821, "hist_group_loss_3": 2070.6937933154572, "cur_group_loss_1": 23.044693659123137, "cur_group_loss_2": 12.592473312375013, "cur_group_loss_3": 20.151073003410712, "train_group_loss_1": 23.044857170220165, "train_group_loss_2": 12.571513874826685, "train_group_loss_3": 20.142590946976767, "val_group_loss_1": 21.44837637748551, "val_group_loss_2": 11.92909523312724, "val_group_loss_3": 20.334555259777893, "_timestamp": 1726606915.5027452, "_runtime": 8.048667192459106, "_step": 2, "final/reward_err_1": 0.07040361338848024, "final/reward_err_2": 0.008349916447230639, "final/reward_err_3": 0.03611730166791777, "final/reward_param_1": 6.48429106370851, "final/reward_param_2": 4.1955246825216745, "final/reward_param_3": 6.668622687710169, "final/reward_param_4": 3.470138228200627, "optimal_reward_1": 3.8695008754730225, "optimal_reward_2": 3.8695008754730225, "optimal_reward_3": 3.364454984664917, "final/reward_1": 3.8326010704040527, "final/reward_2": 3.604762315750122, "final/reward_3": 3.364454984664917, "reward_0_when_1_group_param_known": 3.8695008754730225, "reward_1_when_1_group_param_known": 3.466553211212158, "reward_2_when_1_group_param_known": 3.324392795562744, "reward_0_when_2_group_param_known": 3.466553211212158, "reward_1_when_2_group_param_known": 3.8695008754730225, "reward_2_when_2_group_param_known": 3.1501362323760986, "reward_0_when_3_group_param_known": 3.8326010704040527, "reward_1_when_3_group_param_known": 3.604762315750122, "reward_2_when_3_group_param_known": 3.364454984664917, "reward_error_0_when_1_group_param_known": 0.0, "reward_error_1_when_1_group_param_known": 0.10413427396152389, "reward_error_2_when_1_group_param_known": 0.011907482574376856, "reward_error_0_when_2_group_param_known": 0.10413427396152389, "reward_error_1_when_2_group_param_known": 0.0, "reward_error_2_when_2_group_param_known": 0.063700882688482, "reward_error_0_when_3_group_param_known": 0.009536063243417396, "reward_error_1_when_3_group_param_known": 0.0684167204615344, "reward_error_2_when_3_group_param_known": 0.0, "_wandb": {"runtime": 7}}