{"Iteration": 99, "train_loss": 16.070318294530885, "val_loss": 17.018693700424198, "grad_norm": 0.005947702935534431, "live_grad": 3.415032308350475e-14, "train_weighted_loss": 48.210954883592656, "val_weighted_loss": 51.056081101272596, "max_reward_err": 0.08487170020875334, "max_reward_err_index": 0, "max_kl_dist": 2.078790265954585, "max_kl_dist_index": 0, "max_train_grp_loss": 18.04468466262325, "max_train_grp_loss_index": 2, "max_val_grp_loss": 19.484888066151992, "max_val_grp_loss_index": 0, "max_cur_train_grp_loss": 0.18381741779210947, "max_cur_train_grp_loss_index": 0, "reward_err_1": 0.08487170020875334, "reward_err_2": 0.004166499742062966, "reward_err_3": 0.050272639220592684, "KL_distance_1": 2.078790265954585, "KL_distance_2": 1.2773755201091068, "KL_distance_3": 1.7485385034276477, "reward_param_1": 14.792851248647038, "reward_param_2": 4.051861814875373, "reward_param_3": 10.904979762837756, "reward_param_4": 7.470591729433501, "group_weight_1": 0.34098754076935256, "group_weight_2": 0.32039597193352143, "group_weight_3": 0.338616487297126, "hist_group_loss_1": 18.48174088667215, "hist_group_loss_2": 12.252911270640803, "hist_group_loss_3": 17.783963064667972, "cur_group_loss_1": 0.18381741779210947, "cur_group_loss_2": 0.12262541161905127, "cur_group_loss_3": 0.17691705108091496, "train_group_loss_1": 17.829378754762214, "train_group_loss_2": 12.387009045146138, "train_group_loss_3": 18.04468466262325, "val_group_loss_1": 19.484888066151992, "val_group_loss_2": 15.66755468879445, "val_group_loss_3": 15.887640421720269, "_timestamp": 1726660303.005561, "_runtime": 9.546793222427368, "_step": 2, "final/reward_err_1": 0.08487170020875334, "final/reward_err_2": 0.004166499742062966, "final/reward_err_3": 0.050272639220592684, "final/reward_param_1": 14.792851248647038, "final/reward_param_2": 4.051861814875373, "final/reward_param_3": 10.904979762837756, "final/reward_param_4": 7.470591729433501, "optimal_reward_1": 3.8683152198791504, "optimal_reward_2": 3.8683152198791504, "optimal_reward_3": 3.3211145401000977, "final/reward_1": 3.825526475906372, "final/reward_2": 3.6363391876220703, "final/reward_3": 3.3211145401000977, "reward_0_when_1_group_param_known": 3.8683152198791504, "reward_1_when_1_group_param_known": 3.5409886837005615, "reward_2_when_1_group_param_known": 3.2718687057495117, "reward_0_when_2_group_param_known": 3.5409886837005615, "reward_1_when_2_group_param_known": 3.8683152198791504, "reward_2_when_2_group_param_known": 3.1612870693206787, "reward_0_when_3_group_param_known": 3.825526475906372, "reward_1_when_3_group_param_known": 3.6363391876220703, "reward_2_when_3_group_param_known": 3.3211145401000977, "reward_error_0_when_1_group_param_known": 0.0, "reward_error_1_when_1_group_param_known": 0.08461733792956377, "reward_error_2_when_1_group_param_known": 0.014828104769039877, "reward_error_0_when_2_group_param_known": 0.08461733792956377, "reward_error_1_when_2_group_param_known": 0.0, "reward_error_2_when_2_group_param_known": 0.048124648773661925, "reward_error_0_when_3_group_param_known": 0.011061338474405682, "reward_error_1_when_3_group_param_known": 0.059968233991108726, "reward_error_2_when_3_group_param_known": 0.0, "_wandb": {"runtime": 9}}