{"Iteration": 99, "train_loss": 15.562582892466454, "val_loss": 16.33282875006124, "grad_norm": 0.47443616961511254, "max_reward_err": 0.07565845436045655, "max_reward_err_index": 1, "max_kl_dist": 0.738785411210979, "max_kl_dist_index": 0, "max_train_grp_loss": 20.77778032236587, "max_train_grp_loss_index": 0, "max_val_grp_loss": 20.393149039140226, "max_val_grp_loss_index": 0, "max_cur_train_grp_loss": 20.78801842770417, "max_cur_train_grp_loss_index": 0, "reward_err_1": 0.07840393134219473, "reward_err_2": 0.01206980002421918, "reward_err_3": 0.039123603711388316, "reward_param_1": 6.8346275375921985, "reward_param_2": 4.828145784904819, "reward_param_3": 6.7915349634914355, "reward_param_4": 2.6530916492381733, "KL_distance_1": 0.738785411210979, "KL_distance_2": 0.37305329023123945, "KL_distance_3": 0.5559959134659502, "hist_group_loss_1": 2158.2534124815356, "hist_group_loss_2": 1229.157876135869, "hist_group_loss_3": 2046.2976475471023, "cur_group_loss_1": 20.78801842770417, "cur_group_loss_2": 9.28059310056646, "cur_group_loss_3": 19.161589790066255, "train_group_loss_1": 20.77778032236587, "train_group_loss_2": 9.245063624091616, "train_group_loss_3": 19.142912771462765, "val_group_loss_1": 20.393149039140226, "val_group_loss_2": 9.973172683070514, "val_group_loss_3": 19.1167980126021, "_timestamp": 1726689229.304993, "_runtime": 8.470016956329346, "_step": 2, "final/reward_err_1": 0.07840393134219473, "final/reward_err_2": 0.01206980002421918, "final/reward_err_3": 0.039123603711388316, "final/reward_param_1": 6.8346275375921985, "final/reward_param_2": 4.828145784904819, "final/reward_param_3": 6.7915349634914355, "final/reward_param_4": 2.6530916492381733, "optimal_reward_1": 3.870741367340088, "optimal_reward_2": 3.870741367340088, "optimal_reward_3": 3.3351211547851562, "final/reward_1": 3.836113214492798, "final/reward_2": 3.5835537910461426, "final/reward_3": 3.3351211547851562, "reward_0_when_1_group_param_known": 3.870741367340088, "reward_1_when_1_group_param_known": 3.47579288482666, "reward_2_when_1_group_param_known": 3.3037049770355225, "reward_0_when_2_group_param_known": 3.47579288482666, "reward_1_when_2_group_param_known": 3.870741367340088, "reward_2_when_2_group_param_known": 3.1393208503723145, "reward_0_when_3_group_param_known": 3.836113214492798, "reward_1_when_3_group_param_known": 3.5835537910461426, "reward_2_when_3_group_param_known": 3.3351211547851562, "reward_error_0_when_1_group_param_known": 0.0, "reward_error_1_when_1_group_param_known": 0.10203432496055144, "reward_error_2_when_1_group_param_known": 0.009419801048174388, "reward_error_0_when_2_group_param_known": 0.10203432496055144, "reward_error_1_when_2_group_param_known": 0.0, "reward_error_2_when_2_group_param_known": 0.05870860317380433, "reward_error_0_when_3_group_param_known": 0.008946129322788094, "reward_error_1_when_3_group_param_known": 0.07419446277582117, "reward_error_2_when_3_group_param_known": 0.0, "_wandb": {"runtime": 8}}