{"Iteration": 99, "train_loss": 13.930225564729259, "val_loss": 14.248747742979505, "grad_norm": 0.021571017580752222, "live_grad": 2.6132784856672508e-14, "train_weighted_loss": 41.79067669418778, "val_weighted_loss": 42.74624322893852, "max_reward_err": 0.10686045467765992, "max_reward_err_index": 0, "max_kl_dist": 1.9750498882424372, "max_kl_dist_index": 0, "max_train_grp_loss": 21.61333278379112, "max_train_grp_loss_index": 0, "max_val_grp_loss": 20.591496450226455, "max_val_grp_loss_index": 0, "max_cur_train_grp_loss": 0.3213285115661706, "max_cur_train_grp_loss_index": 2, "reward_err_1": 0.10686045467765992, "reward_err_2": 1.5997774094324476e-06, "reward_err_3": 0.06322567858089073, "KL_distance_1": 1.9750498882424372, "KL_distance_2": 1.154498343466755, "KL_distance_3": 1.6208665646113583, "reward_param_1": 12.6410689646574, "reward_param_2": 4.026027221611887, "reward_param_3": 12.746380005921942, "reward_param_4": 4.5509849126492075, "group_weight_1": 0.32889270901115, "group_weight_2": 0.28833265060775826, "group_weight_3": 0.38277464038109166, "hist_group_loss_1": 17.402019988970242, "hist_group_loss_2": 4.2403465165269925, "hist_group_loss_3": 32.573502442469234, "cur_group_loss_1": 0.172926105445716, "cur_group_loss_2": 0.043115480515096394, "cur_group_loss_3": 0.3213285115661706, "train_group_loss_1": 21.61333278379112, "train_group_loss_2": 5.393967138460911, "train_group_loss_3": 16.063103582745484, "val_group_loss_1": 20.591496450226455, "val_group_loss_2": 5.614595722537655, "val_group_loss_3": 17.04924136043738, "_timestamp": 1726682718.8790798, "_runtime": 9.944564819335938, "_step": 2, "final/reward_err_1": 0.10686045467765992, "final/reward_err_2": 1.5997774094324476e-06, "final/reward_err_3": 0.06322567858089073, "final/reward_param_1": 12.6410689646574, "final/reward_param_2": 4.026027221611887, "final/reward_param_3": 12.746380005921942, "final/reward_param_4": 4.5509849126492075, "optimal_reward_1": 3.8748409748077393, "optimal_reward_2": 3.8748409748077393, "optimal_reward_3": 3.300816535949707, "final/reward_1": 3.8403704166412354, "final/reward_2": 3.587584972381592, "final/reward_3": 3.300816535949707, "reward_0_when_1_group_param_known": 3.8748409748077393, "reward_1_when_1_group_param_known": 3.4526655673980713, "reward_2_when_1_group_param_known": 3.2780399322509766, "reward_0_when_2_group_param_known": 3.4526655673980713, "reward_1_when_2_group_param_known": 3.8748409748077393, "reward_2_when_2_group_param_known": 3.086048126220703, "reward_0_when_3_group_param_known": 3.8403704166412354, "reward_1_when_3_group_param_known": 3.587584972381592, "reward_2_when_3_group_param_known": 3.300816535949707, "reward_error_0_when_1_group_param_known": 0.0, "reward_error_1_when_1_group_param_known": 0.10895296352919757, "reward_error_2_when_1_group_param_known": 0.00690029374570411, "reward_error_0_when_2_group_param_known": 0.10895296352919757, "reward_error_1_when_2_group_param_known": 0.0, "reward_error_2_when_2_group_param_known": 0.06506523685576818, "reward_error_0_when_3_group_param_known": 0.008895992994451664, "reward_error_1_when_3_group_param_known": 0.07413362362319925, "reward_error_2_when_3_group_param_known": 0.0, "_wandb": {"runtime": 9}}