{"Iteration": 99, "train_loss": 19.152049435818597, "val_loss": 19.02163784440834, "grad_norm": 0.3327110493522388, "max_reward_err": 0.11677732958397426, "max_reward_err_index": 0, "max_kl_dist": 0.6967442889465046, "max_kl_dist_index": 0, "max_train_grp_loss": 20.909258936903385, "max_train_grp_loss_index": 0, "max_val_grp_loss": 20.94339404606921, "max_val_grp_loss_index": 0, "max_cur_train_grp_loss": 20.92331638634175, "max_cur_train_grp_loss_index": 0, "reward_err_1": 0.08646016860459575, "reward_err_2": 0.0037253989289447722, "reward_err_3": 0.044493628847721345, "reward_param_1": 6.593828316649934, "reward_param_2": 3.035873379531436, "reward_param_3": 6.561002775677373, "reward_param_4": 3.552229024374644, "KL_distance_1": 0.6967442889465046, "KL_distance_2": 0.27492964850800594, "KL_distance_3": 0.5126208037027391, "hist_group_loss_1": 2182.1363935079185, "hist_group_loss_2": 1778.2683079102744, "hist_group_loss_3": 1998.0324592799343, "cur_group_loss_1": 20.92331638634175, "cur_group_loss_2": 17.443371687445616, "cur_group_loss_3": 18.876910503700852, "train_group_loss_1": 20.909258936903385, "train_group_loss_2": 17.44378363629905, "train_group_loss_3": 18.859067762893417, "val_group_loss_1": 20.94339404606921, "val_group_loss_2": 16.037256729256796, "val_group_loss_3": 19.931618940603904, "_timestamp": 1726666733.385221, "_runtime": 8.152148962020874, "_step": 2, "final/reward_err_1": 0.08646016860459575, "final/reward_err_2": 0.0037253989289447722, "final/reward_err_3": 0.044493628847721345, "final/reward_param_1": 6.593828316649934, "final/reward_param_2": 3.035873379531436, "final/reward_param_3": 6.561002775677373, "final/reward_param_4": 3.552229024374644, "optimal_reward_1": 3.9271814823150635, "optimal_reward_2": 3.9271814823150635, "optimal_reward_3": 3.4129228591918945, "final/reward_1": 3.8862557411193848, "final/reward_2": 3.636671543121338, "final/reward_3": 3.4129228591918945, "reward_0_when_1_group_param_known": 3.9271814823150635, "reward_1_when_1_group_param_known": 3.503054618835449, "reward_2_when_1_group_param_known": 3.378288984298706, "reward_0_when_2_group_param_known": 3.503054618835449, "reward_1_when_2_group_param_known": 3.9271814823150635, "reward_2_when_2_group_param_known": 3.1996068954467773, "reward_0_when_3_group_param_known": 3.8862557411193848, "reward_1_when_3_group_param_known": 3.636671543121338, "reward_2_when_3_group_param_known": 3.4129228591918945, "reward_error_0_when_1_group_param_known": 0.0, "reward_error_1_when_1_group_param_known": 0.1079977753484396, "reward_error_2_when_1_group_param_known": 0.0101478633775476, "reward_error_0_when_2_group_param_known": 0.1079977753484396, "reward_error_1_when_2_group_param_known": 0.0, "reward_error_2_when_2_group_param_known": 0.06250242755138795, "reward_error_0_when_3_group_param_known": 0.010421148444495387, "reward_error_1_when_3_group_param_known": 0.07397415691175818, "reward_error_2_when_3_group_param_known": 0.0, "_wandb": {"runtime": 7}}