{"Iteration": 99, "train_loss": 15.608617386645953, "val_loss": 16.184994777108198, "grad_norm": 0.011276584443606885, "live_grad": 9.76302125695e-15, "train_weighted_loss": 46.82585215993786, "val_weighted_loss": 48.55498433132459, "max_reward_err": 0.09134397695063025, "max_reward_err_index": 0, "max_kl_dist": 1.5108813469057458, "max_kl_dist_index": 0, "max_train_grp_loss": 19.089112885264647, "max_train_grp_loss_index": 0, "max_val_grp_loss": 19.30401461065218, "max_val_grp_loss_index": 0, "max_cur_train_grp_loss": 0.35362780945865946, "max_cur_train_grp_loss_index": 2, "reward_err_1": 0.09134397695063025, "reward_err_2": 0.001973422698230486, "reward_err_3": 0.04895831364991151, "KL_distance_1": 1.5108813469057458, "KL_distance_2": 0.8230154066916385, "KL_distance_3": 1.219726019766551, "reward_param_1": 9.783131486266152, "reward_param_2": 3.6191588911947448, "reward_param_3": 11.144833962568125, "reward_param_4": 5.32927357344509, "group_weight_1": 0.31250549098302055, "group_weight_2": 0.29919579690267645, "group_weight_3": 0.38829871211430295, "hist_group_loss_1": 13.880558316476696, "hist_group_loss_2": 9.528174121349549, "hist_group_loss_3": 35.595846300058334, "cur_group_loss_1": 0.13833530798055363, "cur_group_loss_2": 0.09579835700415491, "cur_group_loss_3": 0.35362780945865946, "train_group_loss_1": 19.089112885264647, "train_group_loss_2": 11.019155730217836, "train_group_loss_3": 16.618824018132216, "val_group_loss_1": 19.30401461065218, "val_group_loss_2": 11.200237759588596, "val_group_loss_3": 17.62681164797893, "_timestamp": 1726683239.217298, "_runtime": 10.097706079483032, "_step": 2, "final/reward_err_1": 0.09134397695063025, "final/reward_err_2": 0.001973422698230486, "final/reward_err_3": 0.04895831364991151, "final/reward_param_1": 9.783131486266152, "final/reward_param_2": 3.6191588911947448, "final/reward_param_3": 11.144833962568125, "final/reward_param_4": 5.32927357344509, "optimal_reward_1": 3.863293409347534, "optimal_reward_2": 3.863293409347534, "optimal_reward_3": 3.305746555328369, "final/reward_1": 3.8207428455352783, "final/reward_2": 3.5901966094970703, "final/reward_3": 3.305746555328369, "reward_0_when_1_group_param_known": 3.863293409347534, "reward_1_when_1_group_param_known": 3.4657766819000244, "reward_2_when_1_group_param_known": 3.2736518383026123, "reward_0_when_2_group_param_known": 3.4657766819000244, "reward_1_when_2_group_param_known": 3.863293409347534, "reward_2_when_2_group_param_known": 3.112474203109741, "reward_0_when_3_group_param_known": 3.8207428455352783, "reward_1_when_3_group_param_known": 3.5901966094970703, "reward_2_when_3_group_param_known": 3.305746555328369, "reward_error_0_when_1_group_param_known": 0.0, "reward_error_1_when_1_group_param_known": 0.10289581590818021, "reward_error_2_when_1_group_param_known": 0.00970876517258256, "reward_error_0_when_2_group_param_known": 0.10289581590818021, "reward_error_1_when_2_group_param_known": 0.0, "reward_error_2_when_2_group_param_known": 0.058465568664694455, "reward_error_0_when_3_group_param_known": 0.011014064763836345, "reward_error_1_when_3_group_param_known": 0.07069015239424613, "reward_error_2_when_3_group_param_known": 0.0, "_wandb": {"runtime": 10}}