{"Iteration": 199, "train_loss": 17.16181126399917, "val_loss": 14.932760459456105, "grad_norm": 0.015810779729550733, "live_grad": 3.841552152422865e-14, "train_weighted_loss": 51.485433791997494, "val_weighted_loss": 44.79828137836833, "max_reward_err": 0.06326211293517638, "max_reward_err_index": 0, "max_kl_dist": 1.3091848594352338, "max_kl_dist_index": 0, "max_train_grp_loss": 17.636691732978797, "max_train_grp_loss_index": 1, "max_val_grp_loss": 19.87494005060219, "max_val_grp_loss_index": 0, "max_cur_train_grp_loss": 0.3191683362043481, "max_cur_train_grp_loss_index": 2, "reward_err_1": 0.06326211293517638, "reward_err_2": 0.009844810633016935, "reward_err_3": 0.030647851479998215, "KL_distance_1": 1.3091848594352338, "KL_distance_2": 0.8157984158930902, "KL_distance_3": 1.0823188585124397, "reward_param_1": 10.508730460423253, "reward_param_2": 4.909326883792599, "reward_param_3": 8.724400132283993, "reward_param_4": 6.242022391746171, "group_weight_1": 0.2921264582631457, "group_weight_2": 0.2884106872655283, "group_weight_3": 0.419462854471326, "hist_group_loss_1": 28.390246549707477, "hist_group_loss_2": 27.110114255246884, "hist_group_loss_3": 64.56906555741142, "cur_group_loss_1": 0.14103584644086248, "cur_group_loss_2": 0.13670443049365416, "cur_group_loss_3": 0.3191683362043481, "train_group_loss_1": 17.48742565593834, "train_group_loss_2": 17.636691732978797, "train_group_loss_3": 14.999348176790049, "val_group_loss_1": 19.87494005060219, "val_group_loss_2": 8.003292803846323, "val_group_loss_3": 17.197387479805823, "_timestamp": 1726692916.001054, "_runtime": 14.38248896598816, "_step": 3, "final/reward_err_1": 0.06326211293517638, "final/reward_err_2": 0.009844810633016935, "final/reward_err_3": 0.030647851479998215, "final/reward_param_1": 10.508730460423253, "final/reward_param_2": 4.909326883792599, "final/reward_param_3": 8.724400132283993, "final/reward_param_4": 6.242022391746171, "optimal_reward_1": 3.867177724838257, "optimal_reward_2": 3.867177724838257, "optimal_reward_3": 3.3261606693267822, "final/reward_1": 3.823817253112793, "final/reward_2": 3.633922815322876, "final/reward_3": 3.3261606693267822, "reward_0_when_1_group_param_known": 3.867177724838257, "reward_1_when_1_group_param_known": 3.538572311401367, "reward_2_when_1_group_param_known": 3.2763869762420654, "reward_0_when_2_group_param_known": 3.538572311401367, "reward_1_when_2_group_param_known": 3.867177724838257, "reward_2_when_2_group_param_known": 3.1662933826446533, "reward_0_when_3_group_param_known": 3.823817253112793, "reward_1_when_3_group_param_known": 3.633922815322876, "reward_2_when_3_group_param_known": 3.3261606693267822, "reward_error_0_when_1_group_param_known": 0.0, "reward_error_1_when_1_group_param_known": 0.08497292775718847, "reward_error_2_when_1_group_param_known": 0.01496430811166769, "reward_error_0_when_2_group_param_known": 0.08497292775718847, "reward_error_1_when_2_group_param_known": 0.0, "reward_error_2_when_2_group_param_known": 0.04806360924064627, "reward_error_0_when_3_group_param_known": 0.011212433151692661, "reward_error_1_when_3_group_param_known": 0.060316573509725795, "reward_error_2_when_3_group_param_known": 0.0, "_wandb": {"runtime": 14}}