{"Iteration": 99, "train_loss": 14.432071808046906, "val_loss": 14.849350289088244, "grad_norm": 0.013754948146878982, "live_grad": 1.754714427105095e-14, "train_weighted_loss": 43.29621542414072, "val_weighted_loss": 44.548050867264735, "max_reward_err": 0.09409489765383275, "max_reward_err_index": 0, "max_kl_dist": 1.9220173069429167, "max_kl_dist_index": 0, "max_train_grp_loss": 19.309105805035905, "max_train_grp_loss_index": 0, "max_val_grp_loss": 20.477352801145027, "max_val_grp_loss_index": 0, "max_cur_train_grp_loss": 0.30177994944171377, "max_cur_train_grp_loss_index": 2, "reward_err_1": 0.09409489765383275, "reward_err_2": 0.000814666691104816, "reward_err_3": 0.05540036181102021, "KL_distance_1": 1.9220173069429167, "KL_distance_2": 1.1106257334094103, "KL_distance_3": 1.5938343673325308, "reward_param_1": 13.851553942521228, "reward_param_2": 5.194487307820191, "reward_param_3": 10.573139364926657, "reward_param_4": 4.667277637990156, "group_weight_1": 0.32320979123618543, "group_weight_2": 0.2992613756540451, "group_weight_3": 0.3775288331097695, "hist_group_loss_1": 14.936318143931743, "hist_group_loss_2": 7.237891818192904, "hist_group_loss_3": 30.470850545590697, "cur_group_loss_1": 0.1485445951281539, "cur_group_loss_2": 0.07303464008713961, "cur_group_loss_3": 0.30177994944171377, "train_group_loss_1": 19.309105805035905, "train_group_loss_2": 8.694224183218866, "train_group_loss_3": 15.388727646203137, "val_group_loss_1": 20.477352801145027, "val_group_loss_2": 6.180022807232601, "val_group_loss_3": 18.109250404299598, "_timestamp": 1726690399.673493, "_runtime": 9.783866882324219, "_step": 2, "final/reward_err_1": 0.09409489765383275, "final/reward_err_2": 0.000814666691104816, "final/reward_err_3": 0.05540036181102021, "final/reward_param_1": 13.851553942521228, "final/reward_param_2": 5.194487307820191, "final/reward_param_3": 10.573139364926657, "final/reward_param_4": 4.667277637990156, "optimal_reward_1": 3.8633759021759033, "optimal_reward_2": 3.8633759021759033, "optimal_reward_3": 3.3000659942626953, "final/reward_1": 3.82757568359375, "final/reward_2": 3.600954294204712, "final/reward_3": 3.3000659942626953, "reward_0_when_1_group_param_known": 3.8633759021759033, "reward_1_when_1_group_param_known": 3.482351064682007, "reward_2_when_1_group_param_known": 3.2718944549560547, "reward_0_when_2_group_param_known": 3.482351064682007, "reward_1_when_2_group_param_known": 3.8633759021759033, "reward_2_when_2_group_param_known": 3.1088309288024902, "reward_0_when_3_group_param_known": 3.82757568359375, "reward_1_when_3_group_param_known": 3.600954294204712, "reward_2_when_3_group_param_known": 3.3000659942626953, "reward_error_0_when_1_group_param_known": 0.0, "reward_error_1_when_1_group_param_known": 0.09862484188486509, "reward_error_2_when_1_group_param_known": 0.008536659374575551, "reward_error_0_when_2_group_param_known": 0.09862484188486509, "reward_error_1_when_2_group_param_known": 0.0, "reward_error_2_when_2_group_param_known": 0.05794886095995515, "reward_error_0_when_3_group_param_known": 0.009266563619136872, "reward_error_1_when_3_group_param_known": 0.06792546586610745, "reward_error_2_when_3_group_param_known": 0.0, "_wandb": {"runtime": 9}}