{"Iteration": 199, "train_loss": 16.899444727415332, "val_loss": 16.11408834454964, "grad_norm": 0.1744706460228091, "max_reward_err": 0.06612970794832906, "max_reward_err_index": 0, "max_kl_dist": 0.8348856742435827, "max_kl_dist_index": 0, "max_train_grp_loss": 20.875465772879153, "max_train_grp_loss_index": 0, "max_val_grp_loss": 19.866464921751422, "max_val_grp_loss_index": 0, "max_cur_train_grp_loss": 20.878571660272556, "max_cur_train_grp_loss_index": 0, "reward_err_1": 0.0685384975972091, "reward_err_2": 0.012522309959810848, "reward_err_3": 0.031177955395893756, "reward_param_1": 7.2015872997809725, "reward_param_2": 5.108480866101837, "reward_param_3": 6.938790749983971, "reward_param_4": 3.1945630146404187, "KL_distance_1": 0.8348856742435827, "KL_distance_2": 0.43299947426230856, "KL_distance_3": 0.6323199468510982, "hist_group_loss_1": 4335.921337377158, "hist_group_loss_2": 2881.2224036268353, "hist_group_loss_3": 4148.674566788287, "cur_group_loss_1": 20.878571660272556, "cur_group_loss_2": 12.918119123337455, "cur_group_loss_3": 19.929126272427705, "train_group_loss_1": 20.875465772879153, "train_group_loss_2": 12.91493730194106, "train_group_loss_3": 19.926685898918752, "val_group_loss_1": 19.866464921751422, "val_group_loss_2": 9.284780429345497, "val_group_loss_3": 18.824951090039963, "_timestamp": 1726692404.009205, "_runtime": 11.546472072601318, "_step": 3, "final/reward_err_1": 0.0685384975972091, "final/reward_err_2": 0.012522309959810848, "final/reward_err_3": 0.031177955395893756, "final/reward_param_1": 7.2015872997809725, "final/reward_param_2": 5.108480866101837, "final/reward_param_3": 6.938790749983971, "final/reward_param_4": 3.1945630146404187, "optimal_reward_1": 3.875110387802124, "optimal_reward_2": 3.875110387802124, "optimal_reward_3": 3.3831582069396973, "final/reward_1": 3.835331678390503, "final/reward_2": 3.593684434890747, "final/reward_3": 3.3831582069396973, "reward_0_when_1_group_param_known": 3.875110387802124, "reward_1_when_1_group_param_known": 3.4832417964935303, "reward_2_when_1_group_param_known": 3.3414347171783447, "reward_0_when_2_group_param_known": 3.4832417964935303, "reward_1_when_2_group_param_known": 3.875110387802124, "reward_2_when_2_group_param_known": 3.1878042221069336, "reward_0_when_3_group_param_known": 3.835331678390503, "reward_1_when_3_group_param_known": 3.593684434890747, "reward_2_when_3_group_param_known": 3.3831582069396973, "reward_error_0_when_1_group_param_known": 0.0, "reward_error_1_when_1_group_param_known": 0.1011244976509825, "reward_error_2_when_1_group_param_known": 0.012332704298535996, "reward_error_0_when_2_group_param_known": 0.1011244976509825, "reward_error_1_when_2_group_param_known": 0.0, "reward_error_2_when_2_group_param_known": 0.05774308290757558, "reward_error_0_when_3_group_param_known": 0.010265180970543316, "reward_error_1_when_3_group_param_known": 0.07262398351211756, "reward_error_2_when_3_group_param_known": 0.0, "_wandb": {"runtime": 11}}