{"Iteration": 99, "train_loss": 14.712095292852506, "val_loss": 14.78389112479487, "grad_norm": 0.018375064015637807, "live_grad": 1.557107581982761e-14, "train_weighted_loss": 44.13628587855751, "val_weighted_loss": 44.3516733743846, "max_reward_err": 0.10581809994572128, "max_reward_err_index": 0, "max_kl_dist": 1.9443379606180893, "max_kl_dist_index": 0, "max_train_grp_loss": 20.698521821436323, "max_train_grp_loss_index": 0, "max_val_grp_loss": 21.14420479287313, "max_val_grp_loss_index": 0, "max_cur_train_grp_loss": 0.3630590029390205, "max_cur_train_grp_loss_index": 2, "reward_err_1": 0.10581809994572128, "reward_err_2": 0.0010885017234973933, "reward_err_3": 0.06676267244806702, "KL_distance_1": 1.9443379606180893, "KL_distance_2": 1.0230122607070318, "KL_distance_3": 1.5873605015291752, "reward_param_1": 14.057065238703442, "reward_param_2": 5.027975397393025, "reward_param_3": 9.830587008355188, "reward_param_4": 3.0969046867410253, "group_weight_1": 0.3206513265972363, "group_weight_2": 0.2877695077320176, "group_weight_3": 0.391579165670746, "hist_group_loss_1": 16.64955669547866, "hist_group_loss_2": 5.830108348950469, "hist_group_loss_3": 36.6328950308862, "cur_group_loss_1": 0.16560520893345465, "cur_group_loss_2": 0.05877239144069348, "cur_group_loss_3": 0.3630590029390205, "train_group_loss_1": 20.698521821436323, "train_group_loss_2": 7.350460342910258, "train_group_loss_3": 18.150116346248584, "val_group_loss_1": 21.14420479287313, "val_group_loss_2": 6.325012960503152, "val_group_loss_3": 17.465218815604267, "_timestamp": 1726682928.157939, "_runtime": 10.086366891860962, "_step": 2, "final/reward_err_1": 0.10581809994572128, "final/reward_err_2": 0.0010885017234973933, "final/reward_err_3": 0.06676267244806702, "final/reward_param_1": 14.057065238703442, "final/reward_param_2": 5.027975397393025, "final/reward_param_3": 9.830587008355188, "final/reward_param_4": 3.0969046867410253, "optimal_reward_1": 3.828052282333374, "optimal_reward_2": 3.828052282333374, "optimal_reward_3": 3.2916338443756104, "final/reward_1": 3.7912938594818115, "final/reward_2": 3.5654032230377197, "final/reward_3": 3.2916338443756104, "reward_0_when_1_group_param_known": 3.828052282333374, "reward_1_when_1_group_param_known": 3.4364659786224365, "reward_2_when_1_group_param_known": 3.2576518058776855, "reward_0_when_2_group_param_known": 3.4364659786224365, "reward_1_when_2_group_param_known": 3.828052282333374, "reward_2_when_2_group_param_known": 3.0915684700012207, "reward_0_when_3_group_param_known": 3.7912938594818115, "reward_1_when_3_group_param_known": 3.5654032230377197, "reward_2_when_3_group_param_known": 3.2916338443756104, "reward_error_0_when_1_group_param_known": 0.0, "reward_error_1_when_1_group_param_known": 0.10229387553511878, "reward_error_2_when_1_group_param_known": 0.010323760206801147, "reward_error_0_when_2_group_param_known": 0.10229387553511878, "reward_error_1_when_2_group_param_known": 0.0, "reward_error_2_when_2_group_param_known": 0.06077996029729729, "reward_error_0_when_3_group_param_known": 0.009602382658461642, "reward_error_1_when_3_group_param_known": 0.06861166983214702, "reward_error_2_when_3_group_param_known": 0.0, "_wandb": {"runtime": 9}}