{"Iteration": 99, "train_loss": 17.61815162557971, "val_loss": 18.37973481729023, "grad_norm": 0.3451436143138804, "max_reward_err": 0.07279003608518747, "max_reward_err_index": 1, "max_kl_dist": 0.5555107903959372, "max_kl_dist_index": 0, "max_train_grp_loss": 19.632793884557493, "max_train_grp_loss_index": 0, "max_val_grp_loss": 19.94536271620731, "max_val_grp_loss_index": 0, "max_cur_train_grp_loss": 19.640555069294372, "max_cur_train_grp_loss_index": 0, "reward_err_1": 0.05719597454743582, "reward_err_2": 0.023574281164470086, "reward_err_3": 0.02537232481356413, "reward_param_1": 5.381213957185326, "reward_param_2": 4.066005539626031, "reward_param_3": 6.370291817160311, "reward_param_4": 5.152917577513494, "KL_distance_1": 0.5555107903959372, "KL_distance_2": 0.389479398847409, "KL_distance_3": 0.42888626445601363, "hist_group_loss_1": 2019.7712128688693, "hist_group_loss_2": 1600.4179564672943, "hist_group_loss_3": 1958.9009820754443, "cur_group_loss_1": 19.640555069294372, "cur_group_loss_2": 14.778701949792042, "cur_group_loss_3": 18.66515445060047, "train_group_loss_1": 19.632793884557493, "train_group_loss_2": 14.764845370644421, "train_group_loss_3": 18.651129845268414, "val_group_loss_1": 19.94536271620731, "val_group_loss_2": 15.843834396187448, "val_group_loss_3": 19.509097594597954, "_timestamp": 1726658685.129109, "_runtime": 8.17076587677002, "_step": 2, "final/reward_err_1": 0.05719597454743582, "final/reward_err_2": 0.023574281164470086, "final/reward_err_3": 0.02537232481356413, "final/reward_param_1": 5.381213957185326, "final/reward_param_2": 4.066005539626031, "final/reward_param_3": 6.370291817160311, "final/reward_param_4": 5.152917577513494, "optimal_reward_1": 3.792543649673462, "optimal_reward_2": 3.792543649673462, "optimal_reward_3": 3.247636318206787, "final/reward_1": 3.758143424987793, "final/reward_2": 3.5266289710998535, "final/reward_3": 3.247636318206787, "reward_0_when_1_group_param_known": 3.792543649673462, "reward_1_when_1_group_param_known": 3.4004008769989014, "reward_2_when_1_group_param_known": 3.214235782623291, "reward_0_when_2_group_param_known": 3.4004008769989014, "reward_1_when_2_group_param_known": 3.792543649673462, "reward_2_when_2_group_param_known": 3.046867847442627, "reward_0_when_3_group_param_known": 3.758143424987793, "reward_1_when_3_group_param_known": 3.5266289710998535, "reward_2_when_3_group_param_known": 3.247636318206787, "reward_error_0_when_1_group_param_known": 0.0, "reward_error_1_when_1_group_param_known": 0.10339835448125272, "reward_error_2_when_1_group_param_known": 0.010284567701206924, "reward_error_0_when_2_group_param_known": 0.10339835448125272, "reward_error_1_when_2_group_param_known": 0.0, "reward_error_2_when_2_group_param_known": 0.06181987485440376, "reward_error_0_when_3_group_param_known": 0.00907048879678176, "reward_error_1_when_3_group_param_known": 0.07011512671620897, "reward_error_2_when_3_group_param_known": 0.0, "_wandb": {"runtime": 7}}