{"Iteration": 99, "train_loss": 17.244639103767852, "val_loss": 16.56191639997672, "grad_norm": 0.36590183571455626, "max_reward_err": 0.05248433594216814, "max_reward_err_index": 1, "max_kl_dist": 0.7528646464205383, "max_kl_dist_index": 0, "max_train_grp_loss": 19.969773649496293, "max_train_grp_loss_index": 0, "max_val_grp_loss": 20.426316434577625, "max_val_grp_loss_index": 0, "max_cur_train_grp_loss": 19.974866518878727, "max_cur_train_grp_loss_index": 0, "reward_err_1": 0.07632273796631829, "reward_err_2": 0.006515899999179934, "reward_err_3": 0.040603117810931184, "reward_param_1": 7.619644365118337, "reward_param_2": 3.386014321189554, "reward_param_3": 6.086424933497225, "reward_param_4": 4.078618479603371, "KL_distance_1": 0.7528646464205383, "KL_distance_2": 0.34688223890715414, "KL_distance_3": 0.5702187388230162, "hist_group_loss_1": 2031.9018220735345, "hist_group_loss_2": 1610.8321697496276, "hist_group_loss_3": 1906.2252413524045, "cur_group_loss_1": 19.974866518878727, "cur_group_loss_2": 14.130826685410614, "cur_group_loss_3": 18.2836697838262, "train_group_loss_1": 19.969773649496293, "train_group_loss_2": 14.108769992112018, "train_group_loss_3": 18.27147551858638, "val_group_loss_1": 20.426316434577625, "val_group_loss_2": 11.258745306708523, "val_group_loss_3": 19.636309973238067, "_timestamp": 1726687703.459384, "_runtime": 8.352102994918823, "_step": 2, "final/reward_err_1": 0.07632273796631829, "final/reward_err_2": 0.006515899999179934, "final/reward_err_3": 0.040603117810931184, "final/reward_param_1": 7.619644365118337, "final/reward_param_2": 3.386014321189554, "final/reward_param_3": 6.086424933497225, "final/reward_param_4": 4.078618479603371, "optimal_reward_1": 3.8085720539093018, "optimal_reward_2": 3.8085720539093018, "optimal_reward_3": 3.27370548248291, "final/reward_1": 3.772876024246216, "final/reward_2": 3.5555806159973145, "final/reward_3": 3.27370548248291, "reward_0_when_1_group_param_known": 3.8085720539093018, "reward_1_when_1_group_param_known": 3.431340217590332, "reward_2_when_1_group_param_known": 3.238689422607422, "reward_0_when_2_group_param_known": 3.431340217590332, "reward_1_when_2_group_param_known": 3.8085720539093018, "reward_2_when_2_group_param_known": 3.0812344551086426, "reward_0_when_3_group_param_known": 3.772876024246216, "reward_1_when_3_group_param_known": 3.5555806159973145, "reward_2_when_3_group_param_known": 3.27370548248291, "reward_error_0_when_1_group_param_known": 0.0, "reward_error_1_when_1_group_param_known": 0.09904810280056559, "reward_error_2_when_1_group_param_known": 0.010696154575557814, "reward_error_0_when_2_group_param_known": 0.09904810280056559, "reward_error_1_when_2_group_param_known": 0.0, "reward_error_2_when_2_group_param_known": 0.05879301861580102, "reward_error_0_when_3_group_param_known": 0.009372549385391256, "reward_error_1_when_3_group_param_known": 0.06642684825991534, "reward_error_2_when_3_group_param_known": 0.0, "_wandb": {"runtime": 8}}