{"Iteration": 199, "train_loss": 15.202348513765203, "val_loss": 14.686768246460888, "grad_norm": 0.04022945662783997, "live_grad": 3.863744609531924e-14, "train_weighted_loss": 45.60704554129562, "val_weighted_loss": 44.06030473938267, "max_reward_err": 0.09840713148369284, "max_reward_err_index": 0, "max_kl_dist": 1.6867439088024034, "max_kl_dist_index": 0, "max_train_grp_loss": 18.879063328648645, "max_train_grp_loss_index": 0, "max_val_grp_loss": 19.062867862164108, "max_val_grp_loss_index": 0, "max_cur_train_grp_loss": 0.4246622631177553, "max_cur_train_grp_loss_index": 2, "reward_err_1": 0.09840713148369284, "reward_err_2": 0.001398937500043284, "reward_err_3": 0.06188040995346857, "KL_distance_1": 1.6867439088024034, "KL_distance_2": 0.878801644101935, "KL_distance_3": 1.3724350339631355, "reward_param_1": 12.783047427416104, "reward_param_2": 3.964229325037752, "reward_param_3": 8.78717811448077, "reward_param_4": 5.197518263053948, "group_weight_1": 0.27835325076679074, "group_weight_2": 0.23915997002812178, "group_weight_3": 0.4824867792050876, "hist_group_loss_1": 31.24480695721312, "hist_group_loss_2": 16.068973499973634, "hist_group_loss_3": 86.25105961009106, "cur_group_loss_1": 0.15476103715353218, "cur_group_loss_2": 0.08222251990337243, "cur_group_loss_3": 0.4246622631177553, "train_group_loss_1": 18.879063328648645, "train_group_loss_2": 11.267985179419467, "train_group_loss_3": 17.40841118180389, "val_group_loss_1": 19.062867862164108, "val_group_loss_2": 6.779533527690406, "val_group_loss_3": 17.9207949764761, "_timestamp": 1726698704.487784, "_runtime": 14.234469890594482, "_step": 3, "final/reward_err_1": 0.09840713148369284, "final/reward_err_2": 0.001398937500043284, "final/reward_err_3": 0.06188040995346857, "final/reward_param_1": 12.783047427416104, "final/reward_param_2": 3.964229325037752, "final/reward_param_3": 8.78717811448077, "final/reward_param_4": 5.197518263053948, "optimal_reward_1": 3.7869174480438232, "optimal_reward_2": 3.7869174480438232, "optimal_reward_3": 3.255725145339966, "final/reward_1": 3.7558434009552, "final/reward_2": 3.5533955097198486, "final/reward_3": 3.255725145339966, "reward_0_when_1_group_param_known": 3.7869174480438232, "reward_1_when_1_group_param_known": 3.424971103668213, "reward_2_when_1_group_param_known": 3.222290515899658, "reward_0_when_2_group_param_known": 3.424971103668213, "reward_1_when_2_group_param_known": 3.7869174480438232, "reward_2_when_2_group_param_known": 3.0696070194244385, "reward_0_when_3_group_param_known": 3.7558434009552, "reward_1_when_3_group_param_known": 3.5533955097198486, "reward_2_when_3_group_param_known": 3.255725145339966, "reward_error_0_when_1_group_param_known": 0.0, "reward_error_1_when_1_group_param_known": 0.09557809203434788, "reward_error_2_when_1_group_param_known": 0.010269487732453024, "reward_error_0_when_2_group_param_known": 0.09557809203434788, "reward_error_1_when_2_group_param_known": 0.0, "reward_error_2_when_2_group_param_known": 0.057166412275902585, "reward_error_0_when_3_group_param_known": 0.00820563096897576, "reward_error_1_when_3_group_param_known": 0.0616654420192347, "reward_error_2_when_3_group_param_known": 0.0, "_wandb": {"runtime": 14}}