{"Iteration": 99, "train_loss": 14.206339532092576, "val_loss": 15.351087920190118, "grad_norm": 0.006879683143661521, "live_grad": 2.887499121094874e-14, "train_weighted_loss": 42.619018596277726, "val_weighted_loss": 46.05326376057036, "max_reward_err": 0.09038493672645236, "max_reward_err_index": 0, "max_kl_dist": 2.296915406452229, "max_kl_dist_index": 0, "max_train_grp_loss": 18.267903288095198, "max_train_grp_loss_index": 0, "max_val_grp_loss": 19.737148509036572, "max_val_grp_loss_index": 0, "max_cur_train_grp_loss": 0.1739917087384533, "max_cur_train_grp_loss_index": 0, "reward_err_1": 0.09038493672645236, "reward_err_2": 0.0006291819570402946, "reward_err_3": 0.05329727630504921, "KL_distance_1": 2.296915406452229, "KL_distance_2": 1.361367034583473, "KL_distance_3": 1.8917378785338324, "reward_param_1": 14.536779216067709, "reward_param_2": 5.748260333681894, "reward_param_3": 12.865562979793994, "reward_param_4": 4.928375533287257, "group_weight_1": 0.3457786248075096, "group_weight_2": 0.31829683658066954, "group_weight_3": 0.3359245386118209, "hist_group_loss_1": 17.494908108675425, "hist_group_loss_2": 9.213471924663512, "hist_group_loss_3": 14.603687076642109, "cur_group_loss_1": 0.1739917087384533, "cur_group_loss_2": 0.09224527683104486, "cur_group_loss_3": 0.14480169447218516, "train_group_loss_1": 18.267903288095198, "train_group_loss_2": 8.30507248308942, "train_group_loss_3": 15.203004675235514, "val_group_loss_1": 19.737148509036572, "val_group_loss_2": 8.683780766869052, "val_group_loss_3": 17.187557651638652, "_timestamp": 1726666928.400584, "_runtime": 9.762109994888306, "_step": 2, "final/reward_err_1": 0.09038493672645236, "final/reward_err_2": 0.0006291819570402946, "final/reward_err_3": 0.05329727630504921, "final/reward_param_1": 14.536779216067709, "final/reward_param_2": 5.748260333681894, "final/reward_param_3": 12.865562979793994, "final/reward_param_4": 4.928375533287257, "optimal_reward_1": 3.763953685760498, "optimal_reward_2": 3.763953685760498, "optimal_reward_3": 3.21937894821167, "final/reward_1": 3.730111837387085, "final/reward_2": 3.5351030826568604, "final/reward_3": 3.21937894821167, "reward_0_when_1_group_param_known": 3.763953685760498, "reward_1_when_1_group_param_known": 3.410576581954956, "reward_2_when_1_group_param_known": 3.186079502105713, "reward_0_when_2_group_param_known": 3.410576581954956, "reward_1_when_2_group_param_known": 3.763953685760498, "reward_2_when_2_group_param_known": 3.0397133827209473, "reward_0_when_3_group_param_known": 3.730111837387085, "reward_1_when_3_group_param_known": 3.5351030826568604, "reward_2_when_3_group_param_known": 3.21937894821167, "reward_error_0_when_1_group_param_known": 0.0, "reward_error_1_when_1_group_param_known": 0.0938845515401561, "reward_error_2_when_1_group_param_known": 0.010343437862279155, "reward_error_0_when_2_group_param_known": 0.0938845515401561, "reward_error_1_when_2_group_param_known": 0.0, "reward_error_2_when_2_group_param_known": 0.05580752324622267, "reward_error_0_when_3_group_param_known": 0.008991037403419968, "reward_error_1_when_3_group_param_known": 0.06080058954216355, "reward_error_2_when_3_group_param_known": 0.0, "_wandb": {"runtime": 9}}