{"Iteration": 199, "train_loss": 16.801570765747766, "val_loss": 14.612674990979645, "grad_norm": 0.012982431857494047, "live_grad": 2.3618804362365512e-14, "train_weighted_loss": 50.40471229724329, "val_weighted_loss": 43.83802497293894, "max_reward_err": 0.09736825323713932, "max_reward_err_index": 0, "max_kl_dist": 1.7103263053084203, "max_kl_dist_index": 0, "max_train_grp_loss": 18.892688835695385, "max_train_grp_loss_index": 0, "max_val_grp_loss": 20.535857128592536, "max_val_grp_loss_index": 0, "max_cur_train_grp_loss": 0.24988194463908303, "max_cur_train_grp_loss_index": 2, "reward_err_1": 0.09736825323713932, "reward_err_2": 0.0008626543794127158, "reward_err_3": 0.06055367351174773, "KL_distance_1": 1.7103263053084203, "KL_distance_2": 0.7920012635040994, "KL_distance_3": 1.3970581612196653, "reward_param_1": 8.161410888668508, "reward_param_2": 4.3256232251133415, "reward_param_3": 12.996180999768688, "reward_param_4": 3.6605462997692704, "group_weight_1": 0.3132372942027287, "group_weight_2": 0.3031437790741224, "group_weight_3": 0.38361892672314896, "hist_group_loss_1": 30.126841354291024, "hist_group_loss_2": 26.851459315129734, "hist_group_loss_3": 50.39570633229492, "cur_group_loss_1": 0.14994798725364614, "cur_group_loss_2": 0.13546953708949777, "cur_group_loss_3": 0.24988194463908303, "train_group_loss_1": 18.892688835695385, "train_group_loss_2": 15.174225593153201, "train_group_loss_3": 15.491599516025031, "val_group_loss_1": 20.535857128592536, "val_group_loss_2": 5.656024300224183, "val_group_loss_3": 17.835559117642724, "_timestamp": 1726692791.252914, "_runtime": 14.549619913101196, "_step": 3, "final/reward_err_1": 0.09736825323713932, "final/reward_err_2": 0.0008626543794127158, "final/reward_err_3": 0.06055367351174773, "final/reward_param_1": 8.161410888668508, "final/reward_param_2": 4.3256232251133415, "final/reward_param_3": 12.996180999768688, "final/reward_param_4": 3.6605462997692704, "optimal_reward_1": 3.7910752296447754, "optimal_reward_2": 3.7910752296447754, "optimal_reward_3": 3.2656166553497314, "final/reward_1": 3.7511558532714844, "final/reward_2": 3.553601026535034, "final/reward_3": 3.2656166553497314, "reward_0_when_1_group_param_known": 3.7910752296447754, "reward_1_when_1_group_param_known": 3.430555582046509, "reward_2_when_1_group_param_known": 3.223391532897949, "reward_0_when_2_group_param_known": 3.430555582046509, "reward_1_when_2_group_param_known": 3.7910752296447754, "reward_2_when_2_group_param_known": 3.083258628845215, "reward_0_when_3_group_param_known": 3.7511558532714844, "reward_1_when_3_group_param_known": 3.553601026535034, "reward_2_when_3_group_param_known": 3.2656166553497314, "reward_error_0_when_1_group_param_known": 0.0, "reward_error_1_when_1_group_param_known": 0.09509693840394916, "reward_error_2_when_1_group_param_known": 0.012930214078437238, "reward_error_0_when_2_group_param_known": 0.09509693840394916, "reward_error_1_when_2_group_param_known": 0.0, "reward_error_2_when_2_group_param_known": 0.055841835019360825, "reward_error_0_when_3_group_param_known": 0.010529829653903089, "reward_error_1_when_3_group_param_known": 0.06264032991294467, "reward_error_2_when_3_group_param_known": 0.0, "_wandb": {"runtime": 14}}