{"Iteration": 99, "train_loss": 19.78306760358562, "val_loss": 19.15926351192368, "grad_norm": 0.3251653397275603, "max_reward_err": 0.07006409683599722, "max_reward_err_index": 1, "max_kl_dist": 0.3688473163187825, "max_kl_dist_index": 0, "max_train_grp_loss": 21.442956568434713, "max_train_grp_loss_index": 2, "max_val_grp_loss": 20.699591916195214, "max_val_grp_loss_index": 2, "max_cur_train_grp_loss": 21.452097671976006, "max_cur_train_grp_loss_index": 2, "reward_err_1": 0.06934670608284832, "reward_err_2": 0.0302949739445057, "reward_err_3": 0.03238063233648841, "reward_param_1": 4.018562994267693, "reward_param_2": 4.34227311987511, "reward_param_3": 5.508952398018088, "reward_param_4": 2.5501404539816837, "KL_distance_1": 0.3688473163187825, "KL_distance_2": 0.2056419117826195, "KL_distance_3": 0.2604402784060024, "hist_group_loss_1": 2141.349831209315, "hist_group_loss_2": 1905.4805166512745, "hist_group_loss_3": 2212.209175819217, "cur_group_loss_1": 20.560665971152975, "cur_group_loss_2": 18.195325167822098, "cur_group_loss_3": 21.452097671976006, "train_group_loss_1": 20.548665186629297, "train_group_loss_2": 18.18596110090794, "train_group_loss_3": 21.442956568434713, "val_group_loss_1": 20.635687461209624, "val_group_loss_2": 15.641423218239566, "val_group_loss_3": 20.699591916195214, "_timestamp": 1726684426.268227, "_runtime": 8.572465181350708, "_step": 2, "final/reward_err_1": 0.06934670608284832, "final/reward_err_2": 0.0302949739445057, "final/reward_err_3": 0.03238063233648841, "final/reward_param_1": 4.018562994267693, "final/reward_param_2": 4.34227311987511, "final/reward_param_3": 5.508952398018088, "final/reward_param_4": 2.5501404539816837, "optimal_reward_1": 3.8741025924682617, "optimal_reward_2": 3.8741025924682617, "optimal_reward_3": 3.3118550777435303, "final/reward_1": 3.8313021659851074, "final/reward_2": 3.6054656505584717, "final/reward_3": 3.3118550777435303, "reward_0_when_1_group_param_known": 3.8741025924682617, "reward_1_when_1_group_param_known": 3.481130361557007, "reward_2_when_1_group_param_known": 3.279806137084961, "reward_0_when_2_group_param_known": 3.481130361557007, "reward_1_when_2_group_param_known": 3.8741025924682617, "reward_2_when_2_group_param_known": 3.1205224990844727, "reward_0_when_3_group_param_known": 3.8313021659851074, "reward_1_when_3_group_param_known": 3.6054656505584717, "reward_2_when_3_group_param_known": 3.3118550777435303, "reward_error_0_when_1_group_param_known": 0.0, "reward_error_1_when_1_group_param_known": 0.10143568001406103, "reward_error_2_when_1_group_param_known": 0.009677035953036107, "reward_error_0_when_2_group_param_known": 0.10143568001406103, "reward_error_1_when_2_group_param_known": 0.0, "reward_error_2_when_2_group_param_known": 0.057772026301772375, "reward_error_0_when_3_group_param_known": 0.011047829906818591, "reward_error_1_when_3_group_param_known": 0.06934172121101123, "reward_error_2_when_3_group_param_known": 0.0, "_wandb": {"runtime": 8}}