{"Iteration": 99, "train_loss": 15.184542026846703, "val_loss": 14.902781447088138, "grad_norm": 0.019509141044182665, "live_grad": 2.5269496743414428e-14, "train_weighted_loss": 45.55362608054011, "val_weighted_loss": 44.708344341264414, "max_reward_err": 0.09061880236825226, "max_reward_err_index": 0, "max_kl_dist": 1.6365315526043676, "max_kl_dist_index": 0, "max_train_grp_loss": 20.091475074393216, "max_train_grp_loss_index": 0, "max_val_grp_loss": 19.20536336894895, "max_val_grp_loss_index": 0, "max_cur_train_grp_loss": 0.43401272183287576, "max_cur_train_grp_loss_index": 2, "reward_err_1": 0.09061880236825226, "reward_err_2": 0.002784666209277134, "reward_err_3": 0.04909582896758482, "KL_distance_1": 1.6365315526043676, "KL_distance_2": 0.8937578584133412, "KL_distance_3": 1.3286357242245408, "reward_param_1": 10.102399124741442, "reward_param_2": 5.459229033191655, "reward_param_3": 11.681692303903619, "reward_param_4": 4.553735454841131, "group_weight_1": 0.30830303853505675, "group_weight_2": 0.2833393009076454, "group_weight_3": 0.40835766055729783, "hist_group_loss_1": 15.677790883622245, "hist_group_loss_2": 7.233984084034038, "hist_group_loss_3": 43.78381276300063, "cur_group_loss_1": 0.1557652533202084, "cur_group_loss_2": 0.07299574244740657, "cur_group_loss_3": 0.43401272183287576, "train_group_loss_1": 20.091475074393216, "train_group_loss_2": 9.492982987413264, "train_group_loss_3": 17.79206183155028, "val_group_loss_1": 19.20536336894895, "val_group_loss_2": 6.61750777919093, "val_group_loss_3": 18.006720587404562, "_timestamp": 1726690927.0432708, "_runtime": 9.671702861785889, "_step": 2, "final/reward_err_1": 0.09061880236825226, "final/reward_err_2": 0.002784666209277134, "final/reward_err_3": 0.04909582896758482, "final/reward_param_1": 10.102399124741442, "final/reward_param_2": 5.459229033191655, "final/reward_param_3": 11.681692303903619, "final/reward_param_4": 4.553735454841131, "optimal_reward_1": 3.884077310562134, "optimal_reward_2": 3.884077310562134, "optimal_reward_3": 3.3674604892730713, "final/reward_1": 3.847635269165039, "final/reward_2": 3.6067681312561035, "final/reward_3": 3.3674604892730713, "reward_0_when_1_group_param_known": 3.884077310562134, "reward_1_when_1_group_param_known": 3.4758739471435547, "reward_2_when_1_group_param_known": 3.3304951190948486, "reward_0_when_2_group_param_known": 3.4758739471435547, "reward_1_when_2_group_param_known": 3.884077310562134, "reward_2_when_2_group_param_known": 3.1624059677124023, "reward_0_when_3_group_param_known": 3.847635269165039, "reward_1_when_3_group_param_known": 3.6067681312561035, "reward_2_when_3_group_param_known": 3.3674604892730713, "reward_error_0_when_1_group_param_known": 0.0, "reward_error_1_when_1_group_param_known": 0.10509661131320291, "reward_error_2_when_1_group_param_known": 0.010977224616584088, "reward_error_0_when_2_group_param_known": 0.10509661131320291, "reward_error_1_when_2_group_param_known": 0.0, "reward_error_2_when_2_group_param_known": 0.060892925756326766, "reward_error_0_when_3_group_param_known": 0.009382419165034734, "reward_error_1_when_3_group_param_known": 0.07139641081600817, "reward_error_2_when_3_group_param_known": 0.0, "_wandb": {"runtime": 9}}