{"Iteration": 99, "train_loss": 17.32392440164144, "val_loss": 17.531653652740076, "grad_norm": 0.4026866587450137, "max_reward_err": 0.0935550660648687, "max_reward_err_index": 0, "max_kl_dist": 0.6302195950952052, "max_kl_dist_index": 0, "max_train_grp_loss": 21.967735536749377, "max_train_grp_loss_index": 0, "max_val_grp_loss": 20.564509894719585, "max_val_grp_loss_index": 0, "max_cur_train_grp_loss": 21.97484290619172, "max_cur_train_grp_loss_index": 0, "reward_err_1": 0.07463441589123297, "reward_err_2": 0.013425897863523299, "reward_err_3": 0.04325659287428028, "reward_param_1": 4.369560980335859, "reward_param_2": 4.428773391898102, "reward_param_3": 7.585782590833841, "reward_param_4": 3.0352071157375207, "KL_distance_1": 0.6302195950952052, "KL_distance_2": 0.2968627280592995, "KL_distance_3": 0.48911834733420995, "hist_group_loss_1": 2258.056122380719, "hist_group_loss_2": 1388.8875659698467, "hist_group_loss_3": 2170.8124090368415, "cur_group_loss_1": 21.97484290619172, "cur_group_loss_2": 11.670071869525632, "cur_group_loss_3": 20.67459275795905, "train_group_loss_1": 21.967735536749377, "train_group_loss_2": 11.644621204405349, "train_group_loss_3": 20.6600420971749, "val_group_loss_1": 20.564509894719585, "val_group_loss_2": 12.982414662189582, "val_group_loss_3": 19.59903146769711, "_timestamp": 1726682173.016753, "_runtime": 8.2551429271698, "_step": 2, "final/reward_err_1": 0.07463441589123297, "final/reward_err_2": 0.013425897863523299, "final/reward_err_3": 0.04325659287428028, "final/reward_param_1": 4.369560980335859, "final/reward_param_2": 4.428773391898102, "final/reward_param_3": 7.585782590833841, "final/reward_param_4": 3.0352071157375207, "optimal_reward_1": 3.8586065769195557, "optimal_reward_2": 3.8586065769195557, "optimal_reward_3": 3.3168587684631348, "final/reward_1": 3.8154232501983643, "final/reward_2": 3.627133369445801, "final/reward_3": 3.3168587684631348, "reward_0_when_1_group_param_known": 3.8586065769195557, "reward_1_when_1_group_param_known": 3.531782627105713, "reward_2_when_1_group_param_known": 3.266848564147949, "reward_0_when_2_group_param_known": 3.531782627105713, "reward_1_when_2_group_param_known": 3.8586065769195557, "reward_2_when_2_group_param_known": 3.1579184532165527, "reward_0_when_3_group_param_known": 3.8154232501983643, "reward_1_when_3_group_param_known": 3.627133369445801, "reward_2_when_3_group_param_known": 3.3168587684631348, "reward_error_0_when_1_group_param_known": 0.0, "reward_error_1_when_1_group_param_known": 0.08469999293754285, "reward_error_2_when_1_group_param_known": 0.015077580266813035, "reward_error_0_when_2_group_param_known": 0.08469999293754285, "reward_error_1_when_2_group_param_known": 0.0, "reward_error_2_when_2_group_param_known": 0.04791892761844273, "reward_error_0_when_3_group_param_known": 0.011191430341588746, "reward_error_1_when_3_group_param_known": 0.05998880758103799, "reward_error_2_when_3_group_param_known": 0.0, "_wandb": {"runtime": 8}}