{"reward_0_when_2_group_param_known":3.493690185546875,"reward_1_when_1_group_param_known":6.83889453125,"reward_error_2_when_3_group_param_known":0,"final/reward_2":7.10487548828125,"max_reward_err_index":1,"max_cur_train_grp_loss":0.25406733141324367,"train_weighted_loss":37.899535397514796,"final/reward_err_2":0.019418237256082594,"reward_error_1_when_1_group_param_known":0.05618703783269167,"cur_group_loss_2":0.1160719035258231,"reward_2_when_1_group_param_known":3.291370361328125,"_timestamp":1.72825621556206e+09,"reward_1_when_2_group_param_known":7.24602734375,"reward_error_0_when_1_group_param_known":0,"val_loss":12.264131760725672,"Iteration":199,"reward_0_when_3_group_param_known":3.850873046875,"live_grad":2.0366749739713155e-14,"hist_group_loss_2":23.099058952884022,"reward_err_3":0.002090525819931529,"train_group_loss_1":11.424682959852676,"final/reward_1":3.850873046875,"reward_param_4":10.5978440209886,"final/reward_param_3":5.857225550622778,"val_group_loss_1":12.59294190557521,"optimal_reward_3":3.320061279296875,"max_val_grp_loss":12.968193435566226,"_step":201,"train_loss":12.633178465838268,"max_val_grp_loss_index":1,"reward_0_when_1_group_param_known":3.885563232421875,"KL_distance_3":0.6900769653320312,"final/reward_param_1":4.723143324668164,"hist_group_loss_1":17.706494993313253,"final/reward_param_4":10.5978440209886,"reward_error_1_when_2_group_param_known":0,"max_train_grp_loss":13.81469930716043,"final/reward_3":3.320061279296875,"val_group_loss_2":12.968193435566226,"max_cur_train_grp_loss_index":2,"train_group_loss_3":12.95677524350081,"reward_param_1":4.723143324668164,"grad_norm":0.023069894598571197,"KL_distance_2":0.33185687255859375,"hist_group_loss_3":51.06064375938721,"max_train_grp_loss_index":1,"_wandb":{"runtime":210},"KL_distance_1":0.6878786010742187,"optimal_reward_1":3.885563232421875,"reward_param_3":5.857225550622778,"max_kl_dist_index":2,"reward_error_0_when_3_group_param_known":0.008927968346368324,"group_weight_1":0.16562979209161485,"reward_err_1":0.010264295283264828,"cur_group_loss_1":0.08789336476577918,"max_kl_dist":0.6900769653320312,"val_weighted_loss":36.79239528217701,"reward_param_2":6.713936244452985,"_runtime":210.463283,"final/reward_err_1":0.010264295283264828,"reward_error_2_when_1_group_param_known":0.008641683256769945,"reward_2_when_3_group_param_known":3.320061279296875,"reward_error_0_when_2_group_param_known":0.10085360176489651,"reward_1_when_3_group_param_known":7.10487548828125,"final/reward_param_2":6.713936244452985,"train_group_loss_2":13.81469930716043,"group_weight_2":0.20550239494215114,"max_reward_err":0.019418237256082594,"reward_error_1_when_3_group_param_known":0.019479895503085456,"reward_err_2":0.019418237256082594,"reward_error_2_when_2_group_param_known":0.06160752898142066,"cur_group_loss_3":0.25406733141324367,"group_weight_3":0.628867812966234,"val_group_loss_3":11.229145641711739,"optimal_reward_2":7.24602734375,"final/reward_err_3":0.002090525819931529,"reward_2_when_2_group_param_known":3.1155205078125}