{"Iteration": 99, "train_loss": 20.437865084286102, "val_loss": 20.063936057041417, "grad_norm": 0.002731326990098042, "live_grad": 1.0846145974081456e-14, "train_weighted_loss": 61.31359525285829, "val_weighted_loss": 60.191808171124265, "max_reward_err": 0.11711492630496836, "max_reward_err_index": 0, "max_kl_dist": 1.4416224244164868, "max_kl_dist_index": 0, "max_train_grp_loss": 23.457201046759646, "max_train_grp_loss_index": 2, "max_val_grp_loss": 23.250554821394747, "max_val_grp_loss_index": 0, "max_cur_train_grp_loss": 0.22340363158333595, "max_cur_train_grp_loss_index": 2, "reward_err_1": 0.11711492630496836, "reward_err_2": 0.0003317698120279556, "reward_err_3": 0.0742663985677368, "KL_distance_1": 1.4416224244164868, "KL_distance_2": 0.5683930334713564, "KL_distance_3": 1.140908043155615, "reward_param_1": 11.289701594009573, "reward_param_2": 2.426150541368404, "reward_param_3": 7.34596800642317, "reward_param_4": 3.0507372715424808, "group_weight_1": 0.3390642943238504, "group_weight_2": 0.31964917872343207, "group_weight_3": 0.34128652695271744, "hist_group_loss_1": 21.70218965433945, "hist_group_loss_2": 15.805622628346448, "hist_group_loss_3": 22.35545278336955, "cur_group_loss_1": 0.21685513911607124, "cur_group_loss_2": 0.1577164942443979, "cur_group_loss_3": 0.22340363158333595, "train_group_loss_1": 22.7695216165954, "train_group_loss_2": 14.195040507039444, "train_group_loss_3": 23.457201046759646, "val_group_loss_1": 23.250554821394747, "val_group_loss_2": 14.64905691597028, "val_group_loss_3": 22.09190716053736, "_timestamp": 1726609910.83338, "_runtime": 9.551682949066162, "_step": 2, "final/reward_err_1": 0.11711492630496836, "final/reward_err_2": 0.0003317698120279556, "final/reward_err_3": 0.0742663985677368, "final/reward_param_1": 11.289701594009573, "final/reward_param_2": 2.426150541368404, "final/reward_param_3": 7.34596800642317, "final/reward_param_4": 3.0507372715424808, "optimal_reward_1": 3.9157958030700684, "optimal_reward_2": 3.9157958030700684, "optimal_reward_3": 3.396507501602173, "final/reward_1": 3.87447190284729, "final/reward_2": 3.635368585586548, "final/reward_3": 3.396507501602173, "reward_0_when_1_group_param_known": 3.9157958030700684, "reward_1_when_1_group_param_known": 3.5013632774353027, "reward_2_when_1_group_param_known": 3.3614559173583984, "reward_0_when_2_group_param_known": 3.5013632774353027, "reward_1_when_2_group_param_known": 3.9157958030700684, "reward_2_when_2_group_param_known": 3.188211441040039, "reward_0_when_3_group_param_known": 3.87447190284729, "reward_1_when_3_group_param_known": 3.635368585586548, "reward_2_when_3_group_param_known": 3.396507501602173, "reward_error_0_when_1_group_param_known": 0.0, "reward_error_1_when_1_group_param_known": 0.1058360921960848, "reward_error_2_when_1_group_param_known": 0.01031989013044728, "reward_error_0_when_2_group_param_known": 0.1058360921960848, "reward_error_1_when_2_group_param_known": 0.0, "reward_error_2_when_2_group_param_known": 0.06132654218013005, "reward_error_0_when_3_group_param_known": 0.010553129504449515, "reward_error_1_when_3_group_param_known": 0.07161436182746289, "reward_error_2_when_3_group_param_known": 0.0, "_wandb": {"runtime": 9}}