{"Iteration": 199, "train_loss": 14.191378590166039, "val_loss": 14.889900795749027, "grad_norm": 0.25421794031247935, "max_reward_err": 0.07751848297211089, "max_reward_err_index": 0, "max_kl_dist": 1.325323623926377, "max_kl_dist_index": 0, "max_train_grp_loss": 20.40329698960547, "max_train_grp_loss_index": 0, "max_val_grp_loss": 19.70299765537491, "max_val_grp_loss_index": 0, "max_cur_train_grp_loss": 20.405693047739835, "max_cur_train_grp_loss_index": 0, "reward_err_1": 0.0860590698484532, "reward_err_2": 0.0018973486657972846, "reward_err_3": 0.04985852151781769, "reward_param_1": 8.564840211774214, "reward_param_2": 3.2242911219788333, "reward_param_3": 10.323494821875908, "reward_param_4": 4.753004085409316, "KL_distance_1": 1.325323623926377, "KL_distance_2": 0.6640600283392849, "KL_distance_3": 1.0478843920997978, "hist_group_loss_1": 4199.988552218846, "hist_group_loss_2": 2119.362655505236, "hist_group_loss_3": 3800.6400043458493, "cur_group_loss_1": 20.405693047739835, "cur_group_loss_2": 7.573901199916631, "cur_group_loss_3": 17.859204518778835, "train_group_loss_1": 20.40329698960547, "train_group_loss_2": 7.56351652547314, "train_group_loss_3": 17.853892203124953, "val_group_loss_1": 19.70299765537491, "val_group_loss_2": 6.545563974406186, "val_group_loss_3": 17.953351304815644, "_timestamp": 1726697316.949093, "_runtime": 32.77874302864075, "_step": 3, "final/reward_err_1": 0.0860590698484532, "final/reward_err_2": 0.0018973486657972846, "final/reward_err_3": 0.04985852151781769, "final/reward_param_1": 8.564840211774214, "final/reward_param_2": 3.2242911219788333, "final/reward_param_3": 10.323494821875908, "final/reward_param_4": 4.753004085409316, "optimal_reward_1": 3.7876079082489014, "optimal_reward_2": 3.7876079082489014, "optimal_reward_3": 3.2552034854888916, "final/reward_1": 3.755828619003296, "final/reward_2": 3.553105354309082, "final/reward_3": 3.2552034854888916, "reward_0_when_1_group_param_known": 3.7876079082489014, "reward_1_when_1_group_param_known": 3.425462007522583, "reward_2_when_1_group_param_known": 3.221684455871582, "reward_0_when_2_group_param_known": 3.425462007522583, "reward_1_when_2_group_param_known": 3.7876079082489014, "reward_2_when_2_group_param_known": 3.069401741027832, "reward_0_when_3_group_param_known": 3.755828619003296, "reward_1_when_3_group_param_known": 3.553105354309082, "reward_2_when_3_group_param_known": 3.2552034854888916, "reward_error_0_when_1_group_param_known": 0.0, "reward_error_1_when_1_group_param_known": 0.09561335531526725, "reward_error_2_when_1_group_param_known": 0.010297061233416388, "reward_error_0_when_2_group_param_known": 0.09561335531526725, "reward_error_1_when_2_group_param_known": 0.0, "reward_error_2_when_2_group_param_known": 0.057078380902862186, "reward_error_0_when_3_group_param_known": 0.008390332372153529, "reward_error_1_when_3_group_param_known": 0.06191310178360972, "reward_error_2_when_3_group_param_known": 0.0, "_wandb": {"runtime": 11}}