{"Iteration": 99, "train_loss": 17.48573110939406, "val_loss": 16.07502847150913, "grad_norm": 0.30188688023453997, "max_reward_err": 0.08219031089917542, "max_reward_err_index": 0, "max_kl_dist": 0.6698251867936097, "max_kl_dist_index": 0, "max_train_grp_loss": 20.61251983347071, "max_train_grp_loss_index": 0, "max_val_grp_loss": 20.347181335297652, "max_val_grp_loss_index": 0, "max_cur_train_grp_loss": 20.622433664938885, "max_cur_train_grp_loss_index": 0, "reward_err_1": 0.06666893274744692, "reward_err_2": 0.012139315301601764, "reward_err_3": 0.03281050147648674, "reward_param_1": 6.917587438297657, "reward_param_2": 4.369310983897454, "reward_param_3": 5.975905928270052, "reward_param_4": 3.656617714266451, "KL_distance_1": 0.6698251867936097, "KL_distance_2": 0.34707837759184995, "KL_distance_3": 0.5072317920205465, "hist_group_loss_1": 2140.1726529730704, "hist_group_loss_2": 1460.0698718102894, "hist_group_loss_3": 1896.8497422603211, "cur_group_loss_1": 20.622433664938885, "cur_group_loss_2": 13.820333596251633, "cur_group_loss_3": 17.776429641472344, "train_group_loss_1": 20.61251983347071, "train_group_loss_2": 13.816343468647391, "train_group_loss_3": 17.759860730845173, "val_group_loss_1": 20.347181335297652, "val_group_loss_2": 9.288082953321917, "val_group_loss_3": 18.761973722271147, "_timestamp": 1726689701.3531919, "_runtime": 8.35499095916748, "_step": 2, "final/reward_err_1": 0.06666893274744692, "final/reward_err_2": 0.012139315301601764, "final/reward_err_3": 0.03281050147648674, "final/reward_param_1": 6.917587438297657, "final/reward_param_2": 4.369310983897454, "final/reward_param_3": 5.975905928270052, "final/reward_param_4": 3.656617714266451, "optimal_reward_1": 3.8016552925109863, "optimal_reward_2": 3.8016552925109863, "optimal_reward_3": 3.281050205230713, "final/reward_1": 3.7612709999084473, "final/reward_2": 3.561779260635376, "final/reward_3": 3.281050205230713, "reward_0_when_1_group_param_known": 3.8016552925109863, "reward_1_when_1_group_param_known": 3.4387340545654297, "reward_2_when_1_group_param_known": 3.238321304321289, "reward_0_when_2_group_param_known": 3.4387340545654297, "reward_1_when_2_group_param_known": 3.8016552925109863, "reward_2_when_2_group_param_known": 3.0975143909454346, "reward_0_when_3_group_param_known": 3.7612709999084473, "reward_1_when_3_group_param_known": 3.561779260635376, "reward_2_when_3_group_param_known": 3.281050205230713, "reward_error_0_when_1_group_param_known": 0.0, "reward_error_1_when_1_group_param_known": 0.0954640044983794, "reward_error_2_when_1_group_param_known": 0.013022934193845799, "reward_error_0_when_2_group_param_known": 0.0954640044983794, "reward_error_1_when_2_group_param_known": 0.0, "reward_error_2_when_2_group_param_known": 0.055938130417109135, "reward_error_0_when_3_group_param_known": 0.010622818087187834, "reward_error_1_when_3_group_param_known": 0.06309778594291558, "reward_error_2_when_3_group_param_known": 0.0, "_wandb": {"runtime": 8}}