{"Iteration": 99, "train_loss": 16.55767055849595, "val_loss": 18.00314670689787, "grad_norm": 0.5045877973763133, "max_reward_err": 0.0985984410102798, "max_reward_err_index": 1, "max_kl_dist": 0.4882231031271623, "max_kl_dist_index": 0, "max_train_grp_loss": 20.098444644254506, "max_train_grp_loss_index": 0, "max_val_grp_loss": 20.739476529146263, "max_val_grp_loss_index": 0, "max_cur_train_grp_loss": 20.11577410504636, "max_cur_train_grp_loss_index": 0, "reward_err_1": 0.059908775274014565, "reward_err_2": 0.02776028547439127, "reward_err_3": 0.026769303945657213, "reward_param_1": 4.890081585750474, "reward_param_2": 3.1373749697505455, "reward_param_3": 6.006102727962018, "reward_param_4": 4.838626204335763, "KL_distance_1": 0.4882231031271623, "KL_distance_2": 0.30276121713542353, "KL_distance_3": 0.35986318746647317, "hist_group_loss_1": 2146.759280673884, "hist_group_loss_2": 1478.7294444868473, "hist_group_loss_3": 2027.3512537268655, "cur_group_loss_1": 20.11577410504636, "cur_group_loss_2": 11.775862058980206, "cur_group_loss_3": 18.087585442756385, "train_group_loss_1": 20.098444644254506, "train_group_loss_2": 11.74472672573093, "train_group_loss_3": 18.056254017594394, "val_group_loss_1": 20.739476529146263, "val_group_loss_2": 13.59741975178665, "val_group_loss_3": 19.662287820694935, "_timestamp": 1726682271.5761988, "_runtime": 8.252203702926636, "_step": 2, "final/reward_err_1": 0.059908775274014565, "final/reward_err_2": 0.02776028547439127, "final/reward_err_3": 0.026769303945657213, "final/reward_param_1": 4.890081585750474, "final/reward_param_2": 3.1373749697505455, "final/reward_param_3": 6.006102727962018, "final/reward_param_4": 4.838626204335763, "optimal_reward_1": 3.866352081298828, "optimal_reward_2": 3.866352081298828, "optimal_reward_3": 3.364398956298828, "final/reward_1": 3.8258588314056396, "final/reward_2": 3.5992729663848877, "final/reward_3": 3.364398956298828, "reward_0_when_1_group_param_known": 3.866352081298828, "reward_1_when_1_group_param_known": 3.466999053955078, "reward_2_when_1_group_param_known": 3.324810028076172, "reward_0_when_2_group_param_known": 3.466999053955078, "reward_1_when_2_group_param_known": 3.866352081298828, "reward_2_when_2_group_param_known": 3.1610913276672363, "reward_0_when_3_group_param_known": 3.8258588314056396, "reward_1_when_3_group_param_known": 3.5992729663848877, "reward_2_when_3_group_param_known": 3.364398956298828, "reward_error_0_when_1_group_param_known": 0.0, "reward_error_1_when_1_group_param_known": 0.10328935879258955, "reward_error_2_when_1_group_param_known": 0.011767013584562513, "reward_error_0_when_2_group_param_known": 0.10328935879258955, "reward_error_1_when_2_group_param_known": 0.0, "reward_error_2_when_2_group_param_known": 0.06042910822182941, "reward_error_0_when_3_group_param_known": 0.010473244298947946, "reward_error_1_when_3_group_param_known": 0.06907780494326327, "reward_error_2_when_3_group_param_known": 0.0, "_wandb": {"runtime": 8}}