{"Iteration": 199, "train_loss": 19.049984312310723, "val_loss": 16.424251489797474, "grad_norm": 0.14752443647330982, "max_reward_err": 0.06376272650088337, "max_reward_err_index": 0, "max_kl_dist": 0.743382671286274, "max_kl_dist_index": 0, "max_train_grp_loss": 20.615998374151076, "max_train_grp_loss_index": 2, "max_val_grp_loss": 20.28907024640825, "max_val_grp_loss_index": 0, "max_cur_train_grp_loss": 20.617039480344783, "max_cur_train_grp_loss_index": 2, "reward_err_1": 0.07557158017483238, "reward_err_2": 0.01241602337203317, "reward_err_3": 0.036776235308125946, "reward_param_1": 6.22910741800845, "reward_param_2": 4.88041294386464, "reward_param_3": 7.618953557991559, "reward_param_4": 3.365755275641322, "KL_distance_1": 0.743382671286274, "KL_distance_2": 0.39253347320884524, "KL_distance_3": 0.5741523914329666, "hist_group_loss_1": 3977.27044469093, "hist_group_loss_2": 3725.536599644098, "hist_group_loss_3": 4167.910046657547, "cur_group_loss_1": 19.495572069803462, "cur_group_loss_2": 17.880492909583293, "cur_group_loss_3": 20.617039480344783, "train_group_loss_1": 19.493366463930055, "train_group_loss_2": 17.877902592050155, "train_group_loss_3": 20.615998374151076, "val_group_loss_1": 20.28907024640825, "val_group_loss_2": 9.262654497337817, "val_group_loss_3": 18.660725123923907, "_timestamp": 1726692317.8941739, "_runtime": 11.728940963745117, "_step": 3, "final/reward_err_1": 0.07557158017483238, "final/reward_err_2": 0.01241602337203317, "final/reward_err_3": 0.036776235308125946, "final/reward_param_1": 6.22910741800845, "final/reward_param_2": 4.88041294386464, "final/reward_param_3": 7.618953557991559, "final/reward_param_4": 3.365755275641322, "optimal_reward_1": 3.8741025924682617, "optimal_reward_2": 3.8741025924682617, "optimal_reward_3": 3.3118550777435303, "final/reward_1": 3.8313021659851074, "final/reward_2": 3.6054656505584717, "final/reward_3": 3.3118550777435303, "reward_0_when_1_group_param_known": 3.8741025924682617, "reward_1_when_1_group_param_known": 3.481130361557007, "reward_2_when_1_group_param_known": 3.279806137084961, "reward_0_when_2_group_param_known": 3.481130361557007, "reward_1_when_2_group_param_known": 3.8741025924682617, "reward_2_when_2_group_param_known": 3.1205224990844727, "reward_0_when_3_group_param_known": 3.8313021659851074, "reward_1_when_3_group_param_known": 3.6054656505584717, "reward_2_when_3_group_param_known": 3.3118550777435303, "reward_error_0_when_1_group_param_known": 0.0, "reward_error_1_when_1_group_param_known": 0.10143568001406103, "reward_error_2_when_1_group_param_known": 0.009677035953036107, "reward_error_0_when_2_group_param_known": 0.10143568001406103, "reward_error_1_when_2_group_param_known": 0.0, "reward_error_2_when_2_group_param_known": 0.057772026301772375, "reward_error_0_when_3_group_param_known": 0.011047829906818591, "reward_error_1_when_3_group_param_known": 0.06934172121101123, "reward_error_2_when_3_group_param_known": 0.0, "_wandb": {"runtime": 11}}