{"Iteration": 99, "train_loss": 16.883471949367014, "val_loss": 17.579709360618246, "grad_norm": 0.4358276859490807, "max_reward_err": 0.06181175011568238, "max_reward_err_index": 1, "max_kl_dist": 0.5500282997213487, "max_kl_dist_index": 0, "max_train_grp_loss": 21.698652188730804, "max_train_grp_loss_index": 0, "max_val_grp_loss": 20.382303140351947, "max_val_grp_loss_index": 0, "max_cur_train_grp_loss": 21.70422760923307, "max_cur_train_grp_loss_index": 0, "reward_err_1": 0.07165675767096069, "reward_err_2": 0.011339252422685946, "reward_err_3": 0.03537172520088819, "reward_param_1": 5.696093221795041, "reward_param_2": 3.8829170380153086, "reward_param_3": 6.342183785352443, "reward_param_4": 3.3217565363725865, "KL_distance_1": 0.5500282997213487, "KL_distance_2": 0.26905673535649277, "KL_distance_3": 0.4091688575443186, "hist_group_loss_1": 2223.504845283772, "hist_group_loss_2": 1398.751807624933, "hist_group_loss_3": 2111.168628424374, "cur_group_loss_1": 21.70422760923307, "cur_group_loss_2": 11.160982922928026, "cur_group_loss_3": 20.02778209523808, "train_group_loss_1": 21.698652188730804, "train_group_loss_2": 11.127660167839336, "train_group_loss_3": 20.01331674885293, "val_group_loss_1": 20.382303140351947, "val_group_loss_2": 13.926831537967834, "val_group_loss_3": 19.441911827513465, "_timestamp": 1726687777.424303, "_runtime": 8.500041961669922, "_step": 2, "final/reward_err_1": 0.07165675767096069, "final/reward_err_2": 0.011339252422685946, "final/reward_err_3": 0.03537172520088819, "final/reward_param_1": 5.696093221795041, "final/reward_param_2": 3.8829170380153086, "final/reward_param_3": 6.342183785352443, "final/reward_param_4": 3.3217565363725865, "optimal_reward_1": 3.8576314449310303, "optimal_reward_2": 3.8576314449310303, "optimal_reward_3": 3.268864631652832, "final/reward_1": 3.816152334213257, "final/reward_2": 3.5931315422058105, "final/reward_3": 3.268864631652832, "reward_0_when_1_group_param_known": 3.8576314449310303, "reward_1_when_1_group_param_known": 3.4721200466156006, "reward_2_when_1_group_param_known": 3.2302799224853516, "reward_0_when_2_group_param_known": 3.4721200466156006, "reward_1_when_2_group_param_known": 3.8576314449310303, "reward_2_when_2_group_param_known": 3.0751140117645264, "reward_0_when_3_group_param_known": 3.816152334213257, "reward_1_when_3_group_param_known": 3.5931315422058105, "reward_2_when_3_group_param_known": 3.268864631652832, "reward_error_0_when_1_group_param_known": 0.0, "reward_error_1_when_1_group_param_known": 0.09993474073890492, "reward_error_2_when_1_group_param_known": 0.011803703583764168, "reward_error_0_when_2_group_param_known": 0.09993474073890492, "reward_error_1_when_2_group_param_known": 0.0, "reward_error_2_when_2_group_param_known": 0.05927153361206633, "reward_error_0_when_3_group_param_known": 0.01075248149282831, "reward_error_1_when_3_group_param_known": 0.0685653636178167, "reward_error_2_when_3_group_param_known": 0.0, "_wandb": {"runtime": 8}}