{"Iteration": 99, "train_loss": 18.070042796027327, "val_loss": 16.975242308705727, "grad_norm": 0.411695063324091, "max_reward_err": 0.10077302950836908, "max_reward_err_index": 0, "max_kl_dist": 0.6889691579703353, "max_kl_dist_index": 0, "max_train_grp_loss": 22.005875384826055, "max_train_grp_loss_index": 0, "max_val_grp_loss": 20.687802776864867, "max_val_grp_loss_index": 0, "max_cur_train_grp_loss": 22.010958979877586, "max_cur_train_grp_loss_index": 0, "reward_err_1": 0.08589655516658376, "reward_err_2": 0.008399125288556426, "reward_err_3": 0.05207725146480015, "reward_param_1": 4.2282903149600894, "reward_param_2": 4.215821330567383, "reward_param_3": 7.893467698755399, "reward_param_4": 2.705453255840338, "KL_distance_1": 0.6889691579703353, "KL_distance_2": 0.2632799826765261, "KL_distance_3": 0.5315308034130627, "hist_group_loss_1": 2244.670431592395, "hist_group_loss_2": 1508.3567483096929, "hist_group_loss_3": 2121.359710477723, "cur_group_loss_1": 22.010958979877586, "cur_group_loss_2": 12.358657805402693, "cur_group_loss_3": 20.49348822814608, "train_group_loss_1": 22.005875384826055, "train_group_loss_2": 12.324489825703958, "train_group_loss_3": 20.48388927151339, "val_group_loss_1": 20.687802776864867, "val_group_loss_2": 9.95836695192394, "val_group_loss_3": 19.859372010342952, "_timestamp": 1726689340.006346, "_runtime": 8.572066068649292, "_step": 2, "final/reward_err_1": 0.08589655516658376, "final/reward_err_2": 0.008399125288556426, "final/reward_err_3": 0.05207725146480015, "final/reward_param_1": 4.2282903149600894, "final/reward_param_2": 4.215821330567383, "final/reward_param_3": 7.893467698755399, "final/reward_param_4": 2.705453255840338, "optimal_reward_1": 3.8641457557678223, "optimal_reward_2": 3.8641457557678223, "optimal_reward_3": 3.3321304321289062, "final/reward_1": 3.8311407566070557, "final/reward_2": 3.6006405353546143, "final/reward_3": 3.3321304321289062, "reward_0_when_1_group_param_known": 3.8641457557678223, "reward_1_when_1_group_param_known": 3.4569623470306396, "reward_2_when_1_group_param_known": 3.297084093093872, "reward_0_when_2_group_param_known": 3.4569623470306396, "reward_1_when_2_group_param_known": 3.8641457557678223, "reward_2_when_2_group_param_known": 3.1191890239715576, "reward_0_when_3_group_param_known": 3.8311407566070557, "reward_1_when_3_group_param_known": 3.6006405353546143, "reward_2_when_3_group_param_known": 3.3321304321289062, "reward_error_0_when_1_group_param_known": 0.0, "reward_error_1_when_1_group_param_known": 0.10537475407841429, "reward_error_2_when_1_group_param_known": 0.010517697235712045, "reward_error_0_when_2_group_param_known": 0.10537475407841429, "reward_error_1_when_2_group_param_known": 0.0, "reward_error_2_when_2_group_param_known": 0.0639054840423218, "reward_error_0_when_3_group_param_known": 0.00854134425739548, "reward_error_1_when_3_group_param_known": 0.06819236050293563, "reward_error_2_when_3_group_param_known": 0.0, "_wandb": {"runtime": 8}}