{"Iteration": 99, "train_loss": 17.01659579917093, "val_loss": 18.542981745735315, "grad_norm": 0.45373664285068965, "max_reward_err": 0.10874949602163891, "max_reward_err_index": 1, "max_kl_dist": 0.4568363114252245, "max_kl_dist_index": 0, "max_train_grp_loss": 20.195025641478264, "max_train_grp_loss_index": 0, "max_val_grp_loss": 20.12516914769628, "max_val_grp_loss_index": 0, "max_cur_train_grp_loss": 20.20577254760158, "max_cur_train_grp_loss_index": 0, "reward_err_1": 0.04301018242875821, "reward_err_2": 0.02863935277646597, "reward_err_3": 0.015006380059826605, "reward_param_1": 4.933739347810849, "reward_param_2": 5.049924931491722, "reward_param_3": 5.846830848396202, "reward_param_4": 3.7028771403216547, "KL_distance_1": 0.4568363114252245, "KL_distance_2": 0.33932023204160655, "KL_distance_3": 0.3509434245323973, "hist_group_loss_1": 2101.6729368443503, "hist_group_loss_2": 1591.26888499528, "hist_group_loss_3": 2017.216093190704, "cur_group_loss_1": 20.20577254760158, "cur_group_loss_2": 13.202768083883068, "cur_group_loss_3": 19.201325868243444, "train_group_loss_1": 20.195025641478264, "train_group_loss_2": 13.17015097340924, "train_group_loss_3": 19.18821456676984, "val_group_loss_1": 20.12516914769628, "val_group_loss_2": 16.47714317186841, "val_group_loss_3": 19.19413771348526, "_timestamp": 1726682550.803307, "_runtime": 9.48875117301941, "_step": 2, "final/reward_err_1": 0.04301018242875821, "final/reward_err_2": 0.02863935277646597, "final/reward_err_3": 0.015006380059826605, "final/reward_param_1": 4.933739347810849, "final/reward_param_2": 5.049924931491722, "final/reward_param_3": 5.846830848396202, "final/reward_param_4": 3.7028771403216547, "optimal_reward_1": 3.866189479827881, "optimal_reward_2": 3.866189479827881, "optimal_reward_3": 3.322507381439209, "final/reward_1": 3.823214292526245, "final/reward_2": 3.6324574947357178, "final/reward_3": 3.322507381439209, "reward_0_when_1_group_param_known": 3.866189479827881, "reward_1_when_1_group_param_known": 3.537107467651367, "reward_2_when_1_group_param_known": 3.2731680870056152, "reward_0_when_2_group_param_known": 3.537107467651367, "reward_1_when_2_group_param_known": 3.866189479827881, "reward_2_when_2_group_param_known": 3.16263484954834, "reward_0_when_3_group_param_known": 3.823214292526245, "reward_1_when_3_group_param_known": 3.6324574947357178, "reward_2_when_3_group_param_known": 3.322507381439209, "reward_error_0_when_1_group_param_known": 0.0, "reward_error_1_when_1_group_param_known": 0.08511792137801898, "reward_error_2_when_1_group_param_known": 0.014850018004240361, "reward_error_0_when_2_group_param_known": 0.08511792137801898, "reward_error_1_when_2_group_param_known": 0.0, "reward_error_2_when_2_group_param_known": 0.048118036632206734, "reward_error_0_when_3_group_param_known": 0.011115644364007984, "reward_error_1_when_3_group_param_known": 0.06045538800197879, "reward_error_2_when_3_group_param_known": 0.0, "_wandb": {"runtime": 8}}