{"Iteration": 99, "train_loss": 19.310837851732444, "val_loss": 19.979124526517413, "grad_norm": 0.36028053083119066, "max_reward_err": 0.07005719933816863, "max_reward_err_index": 1, "max_kl_dist": 0.317395485959575, "max_kl_dist_index": 1, "max_train_grp_loss": 20.141003695597867, "max_train_grp_loss_index": 0, "max_val_grp_loss": 20.4168559080955, "max_val_grp_loss_index": 0, "max_cur_train_grp_loss": 20.15547238380189, "max_cur_train_grp_loss_index": 0, "reward_err_1": 0.03874504995233439, "reward_err_2": 0.03969254150679351, "reward_err_3": 0.010814139070826175, "reward_param_1": 4.78407740025123, "reward_param_2": 4.764181097734999, "reward_param_3": 4.196414941521344, "reward_param_4": 4.304397139709913, "KL_distance_1": 0.3125540286915156, "KL_distance_2": 0.317395485959575, "KL_distance_3": 0.23598482268970497, "hist_group_loss_1": 2111.537844981081, "hist_group_loss_2": 1883.6973475470663, "hist_group_loss_3": 2078.1984020517293, "cur_group_loss_1": 20.15547238380189, "cur_group_loss_2": 18.125126797858545, "cur_group_loss_3": 19.519506480902592, "train_group_loss_1": 20.141003695597867, "train_group_loss_2": 18.12211069955922, "train_group_loss_3": 19.499580995444063, "val_group_loss_1": 20.4168559080955, "val_group_loss_2": 19.49399997066799, "val_group_loss_3": 20.000963098253994, "_timestamp": 1726605604.12271, "_runtime": 8.091429948806763, "_step": 2, "final/reward_err_1": 0.03874504995233439, "final/reward_err_2": 0.03969254150679351, "final/reward_err_3": 0.010814139070826175, "final/reward_param_1": 4.78407740025123, "final/reward_param_2": 4.764181097734999, "final/reward_param_3": 4.196414941521344, "final/reward_param_4": 4.304397139709913, "optimal_reward_1": 3.9322431087493896, "optimal_reward_2": 3.9322431087493896, "optimal_reward_3": 3.4171640872955322, "final/reward_1": 3.891317367553711, "final/reward_2": 3.641733407974243, "final/reward_3": 3.4171640872955322, "reward_0_when_1_group_param_known": 3.9322431087493896, "reward_1_when_1_group_param_known": 3.5081164836883545, "reward_2_when_1_group_param_known": 3.382530450820923, "reward_0_when_2_group_param_known": 3.5081164836883545, "reward_1_when_2_group_param_known": 3.9322431087493896, "reward_2_when_2_group_param_known": 3.203848123550415, "reward_0_when_3_group_param_known": 3.891317367553711, "reward_1_when_3_group_param_known": 3.641733407974243, "reward_2_when_3_group_param_known": 3.4171640872955322, "reward_error_0_when_1_group_param_known": 0.0, "reward_error_1_when_1_group_param_known": 0.10785869879645472, "reward_error_2_when_1_group_param_known": 0.010135198541788402, "reward_error_0_when_2_group_param_known": 0.10785869879645472, "reward_error_1_when_2_group_param_known": 0.0, "reward_error_2_when_2_group_param_known": 0.06242485239096118, "reward_error_0_when_3_group_param_known": 0.010407734227982341, "reward_error_1_when_3_group_param_known": 0.07387887593438752, "reward_error_2_when_3_group_param_known": 0.0, "_wandb": {"runtime": 8}}