{"Iteration": 99, "train_loss": 17.719657362670144, "val_loss": 17.075630952538408, "grad_norm": 0.008686823370676933, "live_grad": 8.429656649479352e-15, "train_weighted_loss": 53.15897208801046, "val_weighted_loss": 51.22689285761524, "max_reward_err": 0.0960768430392789, "max_reward_err_index": 0, "max_kl_dist": 1.5494971910317494, "max_kl_dist_index": 0, "max_train_grp_loss": 23.452252385852375, "max_train_grp_loss_index": 0, "max_val_grp_loss": 20.887293822353442, "max_val_grp_loss_index": 0, "max_cur_train_grp_loss": 0.22336467346615335, "max_cur_train_grp_loss_index": 0, "reward_err_1": 0.0960768430392789, "reward_err_2": 0.0026952168357798215, "reward_err_3": 0.0585513409692077, "KL_distance_1": 1.5494971910317494, "KL_distance_2": 0.8168402327179324, "KL_distance_3": 1.2557327891094745, "reward_param_1": 11.991745063123997, "reward_param_2": 5.0266671425497, "reward_param_3": 8.851867407862086, "reward_param_4": 4.363095716133472, "group_weight_1": 0.34895109702920146, "group_weight_2": 0.3107061446064142, "group_weight_3": 0.34034275836438443, "hist_group_loss_1": 22.38135913539646, "hist_group_loss_2": 10.772939495269512, "hist_group_loss_3": 19.883502473733728, "cur_group_loss_1": 0.22336467346615335, "cur_group_loss_2": 0.10820913637783672, "cur_group_loss_3": 0.1979897424332575, "train_group_loss_1": 23.452252385852375, "train_group_loss_2": 10.931427677898203, "train_group_loss_3": 18.609962902327936, "val_group_loss_1": 20.887293822353442, "val_group_loss_2": 10.630297389789153, "val_group_loss_3": 19.251896828938214, "_timestamp": 1726607105.9338088, "_runtime": 9.5625638961792, "_step": 2, "final/reward_err_1": 0.0960768430392789, "final/reward_err_2": 0.0026952168357798215, "final/reward_err_3": 0.0585513409692077, "final/reward_param_1": 11.991745063123997, "final/reward_param_2": 5.0266671425497, "final/reward_param_3": 8.851867407862086, "final/reward_param_4": 4.363095716133472, "optimal_reward_1": 3.8695008754730225, "optimal_reward_2": 3.8695008754730225, "optimal_reward_3": 3.364454984664917, "final/reward_1": 3.8326010704040527, "final/reward_2": 3.604762315750122, "final/reward_3": 3.364454984664917, "reward_0_when_1_group_param_known": 3.8695008754730225, "reward_1_when_1_group_param_known": 3.466553211212158, "reward_2_when_1_group_param_known": 3.324392795562744, "reward_0_when_2_group_param_known": 3.466553211212158, "reward_1_when_2_group_param_known": 3.8695008754730225, "reward_2_when_2_group_param_known": 3.1501362323760986, "reward_0_when_3_group_param_known": 3.8326010704040527, "reward_1_when_3_group_param_known": 3.604762315750122, "reward_2_when_3_group_param_known": 3.364454984664917, "reward_error_0_when_1_group_param_known": 0.0, "reward_error_1_when_1_group_param_known": 0.10413427396152389, "reward_error_2_when_1_group_param_known": 0.011907482574376856, "reward_error_0_when_2_group_param_known": 0.10413427396152389, "reward_error_1_when_2_group_param_known": 0.0, "reward_error_2_when_2_group_param_known": 0.063700882688482, "reward_error_0_when_3_group_param_known": 0.009536063243417396, "reward_error_1_when_3_group_param_known": 0.0684167204615344, "reward_error_2_when_3_group_param_known": 0.0, "_wandb": {"runtime": 9}}