{"Iteration": 99, "train_loss": 17.30392296766939, "val_loss": 17.366531695127794, "grad_norm": 0.4591355363330676, "max_reward_err": 0.0744461145056966, "max_reward_err_index": 0, "max_kl_dist": 0.6172802819889243, "max_kl_dist_index": 0, "max_train_grp_loss": 20.124812585565135, "max_train_grp_loss_index": 0, "max_val_grp_loss": 20.444659673012733, "max_val_grp_loss_index": 0, "max_cur_train_grp_loss": 20.1412174384234, "max_cur_train_grp_loss_index": 0, "reward_err_1": 0.0694759456305661, "reward_err_2": 0.01636103066003098, "reward_err_3": 0.03316990779926774, "reward_param_1": 5.349105388485693, "reward_param_2": 4.182591497555075, "reward_param_3": 6.866615518470689, "reward_param_4": 3.9523057592321402, "KL_distance_1": 0.6172802819889243, "KL_distance_2": 0.31783943943892345, "KL_distance_3": 0.465184518160641, "hist_group_loss_1": 2125.826827291507, "hist_group_loss_2": 1368.4796064061327, "hist_group_loss_3": 2111.468263638218, "cur_group_loss_1": 20.1412174384234, "cur_group_loss_2": 11.139005513821983, "cur_group_loss_3": 19.89664143155813, "train_group_loss_1": 20.124812585565135, "train_group_loss_2": 11.109917922249867, "train_group_loss_3": 19.87803667121243, "val_group_loss_1": 20.444659673012733, "val_group_loss_2": 12.456118137506241, "val_group_loss_3": 19.28869349905633, "_timestamp": 1726665862.5822568, "_runtime": 7.979891777038574, "_step": 2, "final/reward_err_1": 0.0694759456305661, "final/reward_err_2": 0.01636103066003098, "final/reward_err_3": 0.03316990779926774, "final/reward_param_1": 5.349105388485693, "final/reward_param_2": 4.182591497555075, "final/reward_param_3": 6.866615518470689, "final/reward_param_4": 3.9523057592321402, "optimal_reward_1": 3.8669028282165527, "optimal_reward_2": 3.8669028282165527, "optimal_reward_3": 3.3657867908477783, "final/reward_1": 3.8246397972106934, "final/reward_2": 3.594559669494629, "final/reward_3": 3.3657867908477783, "reward_0_when_1_group_param_known": 3.8669028282165527, "reward_1_when_1_group_param_known": 3.4664041996002197, "reward_2_when_1_group_param_known": 3.3253726959228516, "reward_0_when_2_group_param_known": 3.4664041996002197, "reward_1_when_2_group_param_known": 3.8669028282165527, "reward_2_when_2_group_param_known": 3.1640493869781494, "reward_0_when_3_group_param_known": 3.8246397972106934, "reward_1_when_3_group_param_known": 3.594559669494629, "reward_2_when_3_group_param_known": 3.3657867908477783, "reward_error_0_when_1_group_param_known": 0.0, "reward_error_1_when_1_group_param_known": 0.10357090581483432, "reward_error_2_when_1_group_param_known": 0.012007324716711247, "reward_error_0_when_2_group_param_known": 0.10357090581483432, "reward_error_1_when_2_group_param_known": 0.0, "reward_error_2_when_2_group_param_known": 0.05993766581358977, "reward_error_0_when_3_group_param_known": 0.01092942669711497, "reward_error_1_when_3_group_param_known": 0.07042927397467878, "reward_error_2_when_3_group_param_known": 0.0, "_wandb": {"runtime": 7}}