{"Iteration": 99, "train_loss": 15.460679474091897, "val_loss": 16.103811301242164, "grad_norm": 0.4733935218118853, "max_reward_err": 0.0782509343381522, "max_reward_err_index": 1, "max_kl_dist": 0.8289787540260375, "max_kl_dist_index": 0, "max_train_grp_loss": 20.83976267697702, "max_train_grp_loss_index": 0, "max_val_grp_loss": 20.202205644396326, "max_val_grp_loss_index": 0, "max_cur_train_grp_loss": 20.847147092175483, "max_cur_train_grp_loss_index": 0, "reward_err_1": 0.07751848297211089, "reward_err_2": 0.014125245280878669, "reward_err_3": 0.04395218947957906, "reward_param_1": 5.861122785916862, "reward_param_2": 2.622468493690534, "reward_param_3": 8.164908274868203, "reward_param_4": 4.804002825697236, "KL_distance_1": 0.8289787540260375, "KL_distance_2": 0.40150909914262284, "KL_distance_3": 0.6358604509185205, "hist_group_loss_1": 2141.64611157793, "hist_group_loss_2": 1278.124096531136, "hist_group_loss_3": 1977.340916431152, "cur_group_loss_1": 20.847147092175483, "cur_group_loss_2": 9.725436158612755, "cur_group_loss_3": 18.76022549014503, "train_group_loss_1": 20.83976267697702, "train_group_loss_2": 9.68731032449011, "train_group_loss_3": 18.746128809298227, "val_group_loss_1": 20.202205644396326, "val_group_loss_2": 8.725250494675366, "val_group_loss_3": 18.960030501233902, "_timestamp": 1726689265.789082, "_runtime": 8.527724981307983, "_step": 2, "final/reward_err_1": 0.07751848297211089, "final/reward_err_2": 0.014125245280878669, "final/reward_err_3": 0.04395218947957906, "final/reward_param_1": 5.861122785916862, "final/reward_param_2": 2.622468493690534, "final/reward_param_3": 8.164908274868203, "final/reward_param_4": 4.804002825697236, "optimal_reward_1": 3.7876079082489014, "optimal_reward_2": 3.7876079082489014, "optimal_reward_3": 3.2552034854888916, "final/reward_1": 3.755828619003296, "final/reward_2": 3.553105354309082, "final/reward_3": 3.2552034854888916, "reward_0_when_1_group_param_known": 3.7876079082489014, "reward_1_when_1_group_param_known": 3.425462007522583, "reward_2_when_1_group_param_known": 3.221684455871582, "reward_0_when_2_group_param_known": 3.425462007522583, "reward_1_when_2_group_param_known": 3.7876079082489014, "reward_2_when_2_group_param_known": 3.069401741027832, "reward_0_when_3_group_param_known": 3.755828619003296, "reward_1_when_3_group_param_known": 3.553105354309082, "reward_2_when_3_group_param_known": 3.2552034854888916, "reward_error_0_when_1_group_param_known": 0.0, "reward_error_1_when_1_group_param_known": 0.09561335531526725, "reward_error_2_when_1_group_param_known": 0.010297061233416388, "reward_error_0_when_2_group_param_known": 0.09561335531526725, "reward_error_1_when_2_group_param_known": 0.0, "reward_error_2_when_2_group_param_known": 0.057078380902862186, "reward_error_0_when_3_group_param_known": 0.008390332372153529, "reward_error_1_when_3_group_param_known": 0.06191310178360972, "reward_error_2_when_3_group_param_known": 0.0, "_wandb": {"runtime": 8}}