{"Iteration": 99, "train_loss": 14.191224080085536, "val_loss": 14.658133819900181, "grad_norm": 0.015490139590158424, "live_grad": 1.821036526356028e-14, "train_weighted_loss": 42.57367224025661, "val_weighted_loss": 43.974401459700545, "max_reward_err": 0.08884080131459807, "max_reward_err_index": 0, "max_kl_dist": 1.8103725094870524, "max_kl_dist_index": 0, "max_train_grp_loss": 19.961579075520408, "max_train_grp_loss_index": 0, "max_val_grp_loss": 18.783015497759866, "max_val_grp_loss_index": 0, "max_cur_train_grp_loss": 0.28373211007032473, "max_cur_train_grp_loss_index": 2, "reward_err_1": 0.08884080131459807, "reward_err_2": 0.0023574379723767143, "reward_err_3": 0.04918295701081111, "KL_distance_1": 1.8103725094870524, "KL_distance_2": 1.0636221847797946, "KL_distance_3": 1.482323745896893, "reward_param_1": 11.562170805185664, "reward_param_2": 5.358525260258028, "reward_param_3": 12.133758791272943, "reward_param_4": 5.550176929241461, "group_weight_1": 0.32814992077700866, "group_weight_2": 0.29751753838409, "group_weight_3": 0.3743325408389013, "hist_group_loss_1": 15.471774412968772, "hist_group_loss_2": 5.672034043270035, "hist_group_loss_3": 28.63917136189918, "cur_group_loss_1": 0.1535701516697047, "cur_group_loss_2": 0.057962369024363795, "cur_group_loss_3": 0.28373211007032473, "train_group_loss_1": 19.961579075520408, "train_group_loss_2": 6.554300296404985, "train_group_loss_3": 16.17063176691657, "val_group_loss_1": 18.783015497759866, "val_group_loss_2": 7.794136533738854, "val_group_loss_3": 16.79106814911072, "_timestamp": 1726682864.982559, "_runtime": 10.201925992965698, "_step": 2, "final/reward_err_1": 0.08884080131459807, "final/reward_err_2": 0.0023574379723767143, "final/reward_err_3": 0.04918295701081111, "final/reward_param_1": 11.562170805185664, "final/reward_param_2": 5.358525260258028, "final/reward_param_3": 12.133758791272943, "final/reward_param_4": 5.550176929241461, "optimal_reward_1": 3.8714330196380615, "optimal_reward_2": 3.8714330196380615, "optimal_reward_3": 3.34783935546875, "final/reward_1": 3.8367903232574463, "final/reward_2": 3.6059677600860596, "final/reward_3": 3.34783935546875, "reward_0_when_1_group_param_known": 3.8714330196380615, "reward_1_when_1_group_param_known": 3.4622552394866943, "reward_2_when_1_group_param_known": 3.31345272064209, "reward_0_when_2_group_param_known": 3.4622552394866943, "reward_1_when_2_group_param_known": 3.8714330196380615, "reward_2_when_2_group_param_known": 3.1356377601623535, "reward_0_when_3_group_param_known": 3.8367903232574463, "reward_1_when_3_group_param_known": 3.6059677600860596, "reward_2_when_3_group_param_known": 3.34783935546875, "reward_error_0_when_1_group_param_known": 0.0, "reward_error_1_when_1_group_param_known": 0.10569155609196644, "reward_error_2_when_1_group_param_known": 0.010271291772255747, "reward_error_0_when_2_group_param_known": 0.10569155609196644, "reward_error_1_when_2_group_param_known": 0.0, "reward_error_2_when_2_group_param_known": 0.06338464089077683, "reward_error_0_when_3_group_param_known": 0.008948287676653118, "reward_error_1_when_3_group_param_known": 0.06857028345974592, "reward_error_2_when_3_group_param_known": 0.0, "_wandb": {"runtime": 10}}