{"Iteration": 99, "train_loss": 15.184546700883715, "val_loss": 17.471139075805098, "grad_norm": 0.019513618320245014, "live_grad": 3.0085456429436356e-14, "train_weighted_loss": 45.553640102651144, "val_weighted_loss": 52.413417227415295, "max_reward_err": 0.09061880236825226, "max_reward_err_index": 0, "max_kl_dist": 1.6365311674352674, "max_kl_dist_index": 0, "max_train_grp_loss": 20.091427531786113, "max_train_grp_loss_index": 0, "max_val_grp_loss": 19.404027128204632, "max_val_grp_loss_index": 0, "max_cur_train_grp_loss": 0.4340115609423508, "max_cur_train_grp_loss_index": 2, "reward_err_1": 0.09061880236825226, "reward_err_2": 0.002784666209277134, "reward_err_3": 0.04909582896758482, "KL_distance_1": 1.6365311674352674, "KL_distance_2": 0.893762433705803, "KL_distance_3": 1.3286369872583796, "reward_param_1": 10.102358415197813, "reward_param_2": 5.4592932173813224, "reward_param_3": 11.681730066436788, "reward_param_4": 4.5538045514779615, "group_weight_1": 0.30830818558432255, "group_weight_2": 0.2833331169320769, "group_weight_3": 0.40835869748360054, "hist_group_loss_1": 15.678451535520622, "hist_group_loss_2": 7.230792715098936, "hist_group_loss_3": 43.78305787721193, "cur_group_loss_1": 0.15576488502309946, "cur_group_loss_2": 0.07299630255555356, "cur_group_loss_3": 0.4340115609423508, "train_group_loss_1": 20.091427531786113, "train_group_loss_2": 9.493055973132758, "train_group_loss_3": 17.792014198962143, "val_group_loss_1": 19.404027128204632, "val_group_loss_2": 15.16153329788353, "val_group_loss_3": 17.554581125210643, "_timestamp": 1726683748.515872, "_runtime": 9.876233100891113, "_step": 2, "final/reward_err_1": 0.09061880236825226, "final/reward_err_2": 0.002784666209277134, "final/reward_err_3": 0.04909582896758482, "final/reward_param_1": 10.102358415197813, "final/reward_param_2": 5.4592932173813224, "final/reward_param_3": 11.681730066436788, "final/reward_param_4": 4.5538045514779615, "optimal_reward_1": 3.884077310562134, "optimal_reward_2": 3.884077310562134, "optimal_reward_3": 3.3674604892730713, "final/reward_1": 3.847635269165039, "final/reward_2": 3.6067681312561035, "final/reward_3": 3.3674604892730713, "reward_0_when_1_group_param_known": 3.884077310562134, "reward_1_when_1_group_param_known": 3.4758739471435547, "reward_2_when_1_group_param_known": 3.3304951190948486, "reward_0_when_2_group_param_known": 3.4758739471435547, "reward_1_when_2_group_param_known": 3.884077310562134, "reward_2_when_2_group_param_known": 3.1624059677124023, "reward_0_when_3_group_param_known": 3.847635269165039, "reward_1_when_3_group_param_known": 3.6067681312561035, "reward_2_when_3_group_param_known": 3.3674604892730713, "reward_error_0_when_1_group_param_known": 0.0, "reward_error_1_when_1_group_param_known": 0.10509661131320291, "reward_error_2_when_1_group_param_known": 0.010977224616584088, "reward_error_0_when_2_group_param_known": 0.10509661131320291, "reward_error_1_when_2_group_param_known": 0.0, "reward_error_2_when_2_group_param_known": 0.060892925756326766, "reward_error_0_when_3_group_param_known": 0.009382419165034734, "reward_error_1_when_3_group_param_known": 0.07139641081600817, "reward_error_2_when_3_group_param_known": 0.0, "_wandb": {"runtime": 9}}