{"Iteration": 99, "train_loss": 21.246605983583578, "val_loss": 20.712827448971424, "grad_norm": 0.3823674197085553, "max_reward_err": 0.0863754373765345, "max_reward_err_index": 0, "max_kl_dist": 0.44539807096184564, "max_kl_dist_index": 0, "max_train_grp_loss": 24.14382310609391, "max_train_grp_loss_index": 0, "max_val_grp_loss": 23.18507966265056, "max_val_grp_loss_index": 0, "max_cur_train_grp_loss": 24.143301913761235, "max_cur_train_grp_loss_index": 0, "reward_err_1": 0.10633635400499383, "reward_err_2": 0.019089006942624442, "reward_err_3": 0.07034646464039179, "reward_param_1": 6.096332034704556, "reward_param_2": 3.0242890877537913, "reward_param_3": 2.6891317708731317, "reward_param_4": 1.3881833700672273, "KL_distance_1": 0.44539807096184564, "KL_distance_2": 0.0939375142376758, "KL_distance_3": 0.31415589036739466, "hist_group_loss_1": 2413.824162952136, "hist_group_loss_2": 1951.1088431713715, "hist_group_loss_3": 2274.5457075800487, "cur_group_loss_1": 24.143301913761235, "cur_group_loss_2": 16.495120228385577, "cur_group_loss_3": 22.205966329748485, "train_group_loss_1": 24.14382310609391, "train_group_loss_2": 16.454919717300555, "train_group_loss_3": 22.19696781200932, "val_group_loss_1": 23.18507966265056, "val_group_loss_2": 15.78240931003788, "val_group_loss_3": 22.82904640497495, "_timestamp": 1726608731.249753, "_runtime": 8.012267112731934, "_step": 2, "final/reward_err_1": 0.10633635400499383, "final/reward_err_2": 0.019089006942624442, "final/reward_err_3": 0.07034646464039179, "final/reward_param_1": 6.096332034704556, "final/reward_param_2": 3.0242890877537913, "final/reward_param_3": 2.6891317708731317, "final/reward_param_4": 1.3881833700672273, "optimal_reward_1": 3.8990397453308105, "optimal_reward_2": 3.8990397453308105, "optimal_reward_3": 3.3707845211029053, "final/reward_1": 3.8658859729766846, "final/reward_2": 3.638388156890869, "final/reward_3": 3.3707845211029053, "reward_0_when_1_group_param_known": 3.8990397453308105, "reward_1_when_1_group_param_known": 3.4851560592651367, "reward_2_when_1_group_param_known": 3.334066867828369, "reward_0_when_2_group_param_known": 3.4851560592651367, "reward_1_when_2_group_param_known": 3.8990397453308105, "reward_2_when_2_group_param_known": 3.152937412261963, "reward_0_when_3_group_param_known": 3.8658859729766846, "reward_1_when_3_group_param_known": 3.638388156890869, "reward_2_when_3_group_param_known": 3.3707845211029053, "reward_error_0_when_1_group_param_known": 0.0, "reward_error_1_when_1_group_param_known": 0.10615015826943262, "reward_error_2_when_1_group_param_known": 0.010892910254174978, "reward_error_0_when_2_group_param_known": 0.10615015826943262, "reward_error_1_when_2_group_param_known": 0.0, "reward_error_2_when_2_group_param_known": 0.06462801388730235, "reward_error_0_when_3_group_param_known": 0.008503060886678156, "reward_error_1_when_3_group_param_known": 0.06685020042488093, "reward_error_2_when_3_group_param_known": 0.0, "_wandb": {"runtime": 7}}