{"reward_err_3":0.00014784118339716522,"reward_error_2_when_2_group_param_known":0.06690737556116683,"reward_error_0_when_3_group_param_known":0.006874768225192712,"_wandb":{"runtime":213},"final/reward_1":3.841189453125,"max_cur_train_grp_loss":0.21260543310895058,"final/reward_param_4":9.06309916788436,"val_group_loss_3":12.1322327651577,"hist_group_loss_1":18.95545857399416,"KL_distance_2":0.3234244384765625,"reward_0_when_2_group_param_known":3.441058349609375,"val_group_loss_1":12.708268222932128,"final/reward_3":3.27631982421875,"Iteration":199,"group_weight_2":0.23126268500921915,"optimal_reward_2":7.24455908203125,"reward_1_when_1_group_param_known":6.77779443359375,"reward_1_when_2_group_param_known":7.24455908203125,"reward_1_when_3_group_param_known":7.1339345703125,"reward_error_0_when_2_group_param_known":0.11032717529039895,"cur_group_loss_2":0.10517911701712282,"reward_err_1":0.010214408463350776,"train_loss":12.167162129746858,"_timestamp":1.7282583845571682e+09,"final/reward_param_1":5.464829196089604,"max_kl_dist":0.690240234375,"max_train_grp_loss":13.148279639198437,"max_reward_err":0.01426130884728489,"final/reward_err_2":0.01426130884728489,"val_weighted_loss":37.378969545732616,"reward_param_3":5.391572629706374,"reward_error_1_when_1_group_param_known":0.06442968345654335,"final/reward_2":7.1339345703125,"grad_norm":0.031313299268699434,"max_val_grp_loss":12.708268222932128,"live_grad":1.5070687721742415e-14,"group_weight_1":0.21321297876459677,"max_kl_dist_index":0,"reward_error_2_when_3_group_param_known":0,"optimal_reward_1":3.867779541015625,"reward_2_when_2_group_param_known":3.05710986328125,"reward_error_0_when_1_group_param_known":0,"max_train_grp_loss_index":1,"train_weighted_loss":36.50148638924058,"final/reward_param_3":5.391572629706374,"final/reward_param_2":8.198809998653777,"group_weight_3":0.5555243362261841,"cur_group_loss_1":0.09441071363171884,"_step":201,"max_val_grp_loss_index":0,"cur_group_loss_3":0.21260543310895058,"reward_0_when_1_group_param_known":3.867779541015625,"final/reward_err_1":0.010214408463350776,"reward_0_when_3_group_param_known":3.841189453125,"reward_error_1_when_3_group_param_known":0.015270013049259644,"optimal_reward_3":3.27631982421875,"reward_error_2_when_1_group_param_known":0.0064852651372159075,"hist_group_loss_3":42.895979855563766,"KL_distance_1":0.690240234375,"train_group_loss_3":10.629604576612875,"train_group_loss_1":11.801067641548878,"reward_2_when_3_group_param_known":3.27631982421875,"max_cur_train_grp_loss_index":2,"final/reward_err_3":0.00014784118339716522,"reward_2_when_1_group_param_known":3.255072021484375,"val_group_loss_2":12.537721975938016,"KL_distance_3":0.68309228515625,"reward_param_4":9.06309916788436,"_runtime":213.30545,"train_group_loss_2":13.148279639198437,"reward_param_2":8.198809998653777,"hist_group_loss_2":20.987025137410424,"reward_param_1":5.464829196089604,"max_reward_err_index":1,"reward_err_2":0.01426130884728489,"val_loss":12.459656515244205,"reward_error_1_when_2_group_param_known":0}