{"Iteration": 99, "train_loss": 17.949699325696862, "val_loss": 17.76317422758344, "grad_norm": 0.3719647051173205, "max_reward_err": 0.11604979749897922, "max_reward_err_index": 0, "max_kl_dist": 0.5985381882161905, "max_kl_dist_index": 0, "max_train_grp_loss": 21.20995554227041, "max_train_grp_loss_index": 0, "max_val_grp_loss": 20.849023867311313, "max_val_grp_loss_index": 0, "max_cur_train_grp_loss": 21.223196832789675, "max_cur_train_grp_loss_index": 0, "reward_err_1": 0.07716918323337559, "reward_err_2": 0.020640452151606408, "reward_err_3": 0.042285450013826234, "reward_param_1": 4.065017683377472, "reward_param_2": 3.2486381966820637, "reward_param_3": 7.230977302120723, "reward_param_4": 4.292944882253069, "KL_distance_1": 0.5985381882161905, "KL_distance_2": 0.2758972879713831, "KL_distance_3": 0.4581789026946675, "hist_group_loss_1": 2224.0461752604047, "hist_group_loss_2": 1570.0571896317551, "hist_group_loss_3": 1942.5741523143174, "cur_group_loss_1": 21.223196832789675, "cur_group_loss_2": 14.328099042183505, "cur_group_loss_3": 17.906055233446885, "train_group_loss_1": 21.20995554227041, "train_group_loss_2": 14.317721052158202, "train_group_loss_3": 17.885010347439806, "val_group_loss_1": 20.849023867311313, "val_group_loss_2": 13.904897808831626, "val_group_loss_3": 20.011507944633884, "_timestamp": 1726687814.636091, "_runtime": 9.119153022766113, "_step": 2, "final/reward_err_1": 0.07716918323337559, "final/reward_err_2": 0.020640452151606408, "final/reward_err_3": 0.042285450013826234, "final/reward_param_1": 4.065017683377472, "final/reward_param_2": 3.2486381966820637, "final/reward_param_3": 7.230977302120723, "final/reward_param_4": 4.292944882253069, "optimal_reward_1": 3.87601900100708, "optimal_reward_2": 3.87601900100708, "optimal_reward_3": 3.3746371269226074, "final/reward_1": 3.8373138904571533, "final/reward_2": 3.5966694355010986, "final/reward_3": 3.3746371269226074, "reward_0_when_1_group_param_known": 3.87601900100708, "reward_1_when_1_group_param_known": 3.4725828170776367, "reward_2_when_1_group_param_known": 3.3359267711639404, "reward_0_when_2_group_param_known": 3.4725828170776367, "reward_1_when_2_group_param_known": 3.87601900100708, "reward_2_when_2_group_param_known": 3.170760154724121, "reward_0_when_3_group_param_known": 3.8373138904571533, "reward_1_when_3_group_param_known": 3.5966694355010986, "reward_2_when_3_group_param_known": 3.3746371269226074, "reward_error_0_when_1_group_param_known": 0.0, "reward_error_1_when_1_group_param_known": 0.10408519251959839, "reward_error_2_when_1_group_param_known": 0.011470968374596076, "reward_error_0_when_2_group_param_known": 0.10408519251959839, "reward_error_1_when_2_group_param_known": 0.0, "reward_error_2_when_2_group_param_known": 0.060414487404281424, "reward_error_0_when_3_group_param_known": 0.009985789682628044, "reward_error_1_when_3_group_param_known": 0.07207125801844623, "reward_error_2_when_3_group_param_known": 0.0, "_wandb": {"runtime": 8}}