{"Iteration": 199, "train_loss": 16.78917791094516, "val_loss": 14.166360346966565, "grad_norm": 0.03011106379192392, "live_grad": 8.315007171346653e-15, "train_weighted_loss": 50.36753373283547, "val_weighted_loss": 42.49908104089969, "max_reward_err": 0.08805003628548073, "max_reward_err_index": 0, "max_kl_dist": 1.5786766490074364, "max_kl_dist_index": 0, "max_train_grp_loss": 19.397319875812485, "max_train_grp_loss_index": 0, "max_val_grp_loss": 19.60138630983272, "max_val_grp_loss_index": 0, "max_cur_train_grp_loss": 0.34794810427600137, "max_cur_train_grp_loss_index": 2, "reward_err_1": 0.08805003628548073, "reward_err_2": 0.004259369800777022, "reward_err_3": 0.04975677130710825, "KL_distance_1": 1.5786766490074364, "KL_distance_2": 0.8842392234604113, "KL_distance_3": 1.3026877237471122, "reward_param_1": 8.925035342530926, "reward_param_2": 4.497995644844962, "reward_param_3": 12.154576560009648, "reward_param_4": 5.602707933201588, "group_weight_1": 0.29236803210476847, "group_weight_2": 0.27012945135993266, "group_weight_3": 0.43750251653529876, "hist_group_loss_1": 30.154194202474944, "hist_group_loss_2": 22.24298430335005, "hist_group_loss_3": 70.46110073148812, "cur_group_loss_1": 0.14922505985463713, "cur_group_loss_2": 0.11367485192848453, "cur_group_loss_3": 0.34794810427600137, "train_group_loss_1": 19.397319875812485, "train_group_loss_2": 13.53106339443663, "train_group_loss_3": 17.743240107646404, "val_group_loss_1": 19.60138630983272, "val_group_loss_2": 6.504093252900112, "val_group_loss_3": 16.837003775116386, "_timestamp": 1726692690.049272, "_runtime": 16.125236988067627, "_step": 3, "final/reward_err_1": 0.08805003628548073, "final/reward_err_2": 0.004259369800777022, "final/reward_err_3": 0.04975677130710825, "final/reward_param_1": 8.925035342530926, "final/reward_param_2": 4.497995644844962, "final/reward_param_3": 12.154576560009648, "final/reward_param_4": 5.602707933201588, "optimal_reward_1": 3.784027576446533, "optimal_reward_2": 3.784027576446533, "optimal_reward_3": 3.210723400115967, "final/reward_1": 3.743748664855957, "final/reward_2": 3.5277538299560547, "final/reward_3": 3.210723400115967, "reward_0_when_1_group_param_known": 3.784027576446533, "reward_1_when_1_group_param_known": 3.406392812728882, "reward_2_when_1_group_param_known": 3.1765923500061035, "reward_0_when_2_group_param_known": 3.406392812728882, "reward_1_when_2_group_param_known": 3.784027576446533, "reward_2_when_2_group_param_known": 3.023632764816284, "reward_0_when_3_group_param_known": 3.743748664855957, "reward_1_when_3_group_param_known": 3.5277538299560547, "reward_2_when_3_group_param_known": 3.210723400115967, "reward_error_0_when_1_group_param_known": 0.0, "reward_error_1_when_1_group_param_known": 0.09979704325312472, "reward_error_2_when_1_group_param_known": 0.010630330257857316, "reward_error_0_when_2_group_param_known": 0.09979704325312472, "reward_error_1_when_2_group_param_known": 0.0, "reward_error_2_when_2_group_param_known": 0.058270555256465, "reward_error_0_when_3_group_param_known": 0.010644455088353476, "reward_error_1_when_3_group_param_known": 0.06772512655183595, "reward_error_2_when_3_group_param_known": 0.0, "_wandb": {"runtime": 16}}