{"optimal_reward_3":3.320061279296875,"optimal_reward_2":7.24602734375,"reward_err_1":0.010542895698828028,"reward_err_2":0.018554887025918766,"max_cur_train_grp_loss":0.254937033253905,"reward_error_1_when_3_group_param_known":0.019479895503085456,"final/reward_err_3":0.0013497344762335006,"optimal_reward_1":3.885563232421875,"_runtime":211.515753,"reward_err_3":0.0013497344762335006,"final/reward_1":3.850873046875,"KL_distance_1":0.6773272094726562,"reward_param_1":4.848747596069485,"cur_group_loss_2":0.11509524189569027,"val_loss":12.234504905252553,"reward_2_when_3_group_param_known":3.320061279296875,"val_group_loss_1":12.655398092071492,"final/reward_param_4":10.296495771907418,"hist_group_loss_1":17.71456863958737,"reward_param_2":6.828192533495501,"train_group_loss_2":13.696454702025909,"val_weighted_loss":36.70351471575766,"final/reward_2":7.10487548828125,"max_val_grp_loss":12.791158860912478,"reward_error_2_when_2_group_param_known":0.06160752898142066,"reward_1_when_3_group_param_known":7.10487548828125,"_step":201,"max_val_grp_loss_index":1,"hist_group_loss_3":51.10784712562733,"KL_distance_3":0.6763056030273438,"max_cur_train_grp_loss_index":2,"reward_error_1_when_1_group_param_known":0.05618703783269167,"train_group_loss_3":13.001673547995008,"val_group_loss_2":12.791158860912478,"hist_group_loss_2":23.074319856275523,"group_weight_1":0.2461101121223244,"reward_error_1_when_2_group_param_known":0,"reward_error_0_when_2_group_param_known":0.10085360176489651,"grad_norm":0.009063651940410136,"train_loss":12.627551231751708,"live_grad":3.211219551409566e-14,"reward_param_4":10.296495771907418,"final/reward_err_1":0.010542895698828028,"cur_group_loss_1":0.08847967391306386,"max_train_grp_loss":13.696454702025909,"final/reward_param_3":5.780735090624289,"max_reward_err":0.018554887025918766,"max_kl_dist":0.6773272094726562,"final/reward_param_1":4.848747596069485,"reward_error_0_when_3_group_param_known":0.008927968346368324,"_timestamp":1.728254917828615e+09,"final/reward_3":3.320061279296875,"group_weight_2":0.27395779738201215,"reward_2_when_2_group_param_known":3.1155205078125,"reward_1_when_1_group_param_known":6.83889453125,"reward_error_0_when_1_group_param_known":0,"reward_0_when_3_group_param_known":3.850873046875,"cur_group_loss_3":0.254937033253905,"final/reward_param_2":6.828192533495501,"Iteration":199,"reward_0_when_1_group_param_known":3.885563232421875,"reward_2_when_1_group_param_known":3.291370361328125,"group_weight_3":0.4799320904956634,"reward_1_when_2_group_param_known":7.24602734375,"_wandb":{"runtime":211},"train_group_loss_1":11.50232237720526,"reward_error_2_when_1_group_param_known":0.008641683256769945,"KL_distance_2":0.32446554565429686,"val_group_loss_3":11.255286129273214,"max_reward_err_index":1,"max_kl_dist_index":0,"train_weighted_loss":37.882653695255115,"max_train_grp_loss_index":1,"final/reward_err_2":0.018554887025918766,"reward_error_2_when_3_group_param_known":0,"reward_0_when_2_group_param_known":3.493690185546875,"reward_param_3":5.780735090624289}