{"Iteration": 99, "train_loss": 19.09208284112542, "val_loss": 17.88134395282911, "grad_norm": 0.00045580009356661406, "live_grad": 2.9971909445686426e-14, "train_weighted_loss": 57.27624852337627, "val_weighted_loss": 53.644031858487324, "max_reward_err": 0.09544692311413999, "max_reward_err_index": 0, "max_kl_dist": 1.3145110169308627, "max_kl_dist_index": 0, "max_train_grp_loss": 19.544041658989773, "max_train_grp_loss_index": 1, "max_val_grp_loss": 19.20173678914504, "max_val_grp_loss_index": 0, "max_cur_train_grp_loss": 0.1939586804047301, "max_cur_train_grp_loss_index": 2, "reward_err_1": 0.09544692311413999, "reward_err_2": 0.005055365452262325, "reward_err_3": 0.05717840708466523, "KL_distance_1": 1.3145110169308627, "KL_distance_2": 0.6857150586065477, "KL_distance_3": 1.0371689980708416, "reward_param_1": 10.321418528190419, "reward_param_2": 5.345937582217791, "reward_param_3": 8.670725244873521, "reward_param_4": 2.485434121965129, "group_weight_1": 0.331373224507565, "group_weight_2": 0.3342390956817012, "group_weight_3": 0.3343876798107338, "hist_group_loss_1": 18.52607575404258, "hist_group_loss_2": 19.387204310980263, "hist_group_loss_3": 19.431648876147072, "cur_group_loss_1": 0.18501977310272175, "cur_group_loss_2": 0.1935068026287148, "cur_group_loss_3": 0.1939586804047301, "train_group_loss_1": 19.42714699044981, "train_group_loss_2": 19.544041658989773, "train_group_loss_3": 18.23219373172797, "val_group_loss_1": 19.20173678914504, "val_group_loss_2": 15.736071197679385, "val_group_loss_3": 18.548110507019732, "_timestamp": 1726605835.702016, "_runtime": 9.502133131027222, "_step": 2, "final/reward_err_1": 0.09544692311413999, "final/reward_err_2": 0.005055365452262325, "final/reward_err_3": 0.05717840708466523, "final/reward_param_1": 10.321418528190419, "final/reward_param_2": 5.345937582217791, "final/reward_param_3": 8.670725244873521, "final/reward_param_4": 2.485434121965129, "optimal_reward_1": 3.8831357955932617, "optimal_reward_2": 3.8831357955932617, "optimal_reward_3": 3.3797338008880615, "final/reward_1": 3.8466908931732178, "final/reward_2": 3.620908498764038, "final/reward_3": 3.3797338008880615, "reward_0_when_1_group_param_known": 3.8831357955932617, "reward_1_when_1_group_param_known": 3.4835548400878906, "reward_2_when_1_group_param_known": 3.33915638923645, "reward_0_when_2_group_param_known": 3.4835548400878906, "reward_1_when_2_group_param_known": 3.8831357955932617, "reward_2_when_2_group_param_known": 3.1674530506134033, "reward_0_when_3_group_param_known": 3.8466908931732178, "reward_1_when_3_group_param_known": 3.620908498764038, "reward_2_when_3_group_param_known": 3.3797338008880615, "reward_error_0_when_1_group_param_known": 0.0, "reward_error_1_when_1_group_param_known": 0.10290161780044664, "reward_error_2_when_1_group_param_known": 0.012006096941998562, "reward_error_0_when_2_group_param_known": 0.10290161780044664, "reward_error_1_when_2_group_param_known": 0.0, "reward_error_2_when_2_group_param_known": 0.0628099024304456, "reward_error_0_when_3_group_param_known": 0.009385430831804306, "reward_error_1_when_3_group_param_known": 0.06752977764177336, "reward_error_2_when_3_group_param_known": 0.0, "_wandb": {"runtime": 9}}