{"Iteration": 199, "train_loss": 15.352451975448833, "val_loss": 15.327734279090542, "grad_norm": 0.164417956618463, "max_reward_err": 0.08477473108385611, "max_reward_err_index": 0, "max_kl_dist": 1.1702639960647863, "max_kl_dist_index": 0, "max_train_grp_loss": 19.54276976713438, "max_train_grp_loss_index": 0, "max_val_grp_loss": 19.747610690196826, "max_val_grp_loss_index": 0, "max_cur_train_grp_loss": 19.546579207957627, "max_cur_train_grp_loss_index": 0, "reward_err_1": 0.08721707952846362, "reward_err_2": 0.0019989948048548295, "reward_err_3": 0.0505040422903561, "reward_param_1": 9.468292577266578, "reward_param_2": 3.209885819830168, "reward_param_3": 8.153955938427817, "reward_param_4": 4.680550681271625, "KL_distance_1": 1.1702639960647863, "KL_distance_2": 0.5812180272837382, "KL_distance_3": 0.9151242416446742, "hist_group_loss_1": 4103.838164646182, "hist_group_loss_2": 2339.6303911531413, "hist_group_loss_3": 3969.918785653969, "cur_group_loss_1": 19.546579207957627, "cur_group_loss_2": 10.63010329614192, "cur_group_loss_3": 18.671629470830577, "train_group_loss_1": 19.54276976713438, "train_group_loss_2": 10.629289112331598, "train_group_loss_3": 18.665977381825023, "val_group_loss_1": 19.747610690196826, "val_group_loss_2": 7.200532730177934, "val_group_loss_3": 18.72564195227128, "_timestamp": 1726697527.512892, "_runtime": 11.553601026535034, "_step": 3, "final/reward_err_1": 0.08721707952846362, "final/reward_err_2": 0.0019989948048548295, "final/reward_err_3": 0.0505040422903561, "final/reward_param_1": 9.468292577266578, "final/reward_param_2": 3.209885819830168, "final/reward_param_3": 8.153955938427817, "final/reward_param_4": 4.680550681271625, "optimal_reward_1": 3.7869174480438232, "optimal_reward_2": 3.7869174480438232, "optimal_reward_3": 3.255725145339966, "final/reward_1": 3.7558434009552, "final/reward_2": 3.5533955097198486, "final/reward_3": 3.255725145339966, "reward_0_when_1_group_param_known": 3.7869174480438232, "reward_1_when_1_group_param_known": 3.424971103668213, "reward_2_when_1_group_param_known": 3.222290515899658, "reward_0_when_2_group_param_known": 3.424971103668213, "reward_1_when_2_group_param_known": 3.7869174480438232, "reward_2_when_2_group_param_known": 3.0696070194244385, "reward_0_when_3_group_param_known": 3.7558434009552, "reward_1_when_3_group_param_known": 3.5533955097198486, "reward_2_when_3_group_param_known": 3.255725145339966, "reward_error_0_when_1_group_param_known": 0.0, "reward_error_1_when_1_group_param_known": 0.09557809203434788, "reward_error_2_when_1_group_param_known": 0.010269487732453024, "reward_error_0_when_2_group_param_known": 0.09557809203434788, "reward_error_1_when_2_group_param_known": 0.0, "reward_error_2_when_2_group_param_known": 0.057166412275902585, "reward_error_0_when_3_group_param_known": 0.00820563096897576, "reward_error_1_when_3_group_param_known": 0.0616654420192347, "reward_error_2_when_3_group_param_known": 0.0, "_wandb": {"runtime": 11}}