{"Iteration": 99, "train_loss": 17.4287022391562, "val_loss": 17.26485157859874, "grad_norm": 0.4596957037060105, "max_reward_err": 0.10673218833117111, "max_reward_err_index": 0, "max_kl_dist": 0.5956594232260782, "max_kl_dist_index": 0, "max_train_grp_loss": 21.088455402655818, "max_train_grp_loss_index": 0, "max_val_grp_loss": 21.69130440119214, "max_val_grp_loss_index": 0, "max_cur_train_grp_loss": 21.102461153182723, "max_cur_train_grp_loss_index": 0, "reward_err_1": 0.07815155898308727, "reward_err_2": 0.003570911183581426, "reward_err_3": 0.0409745478257671, "reward_param_1": 5.96919043963719, "reward_param_2": 3.4402767624310475, "reward_param_3": 6.172489987677736, "reward_param_4": 2.7876285916570587, "KL_distance_1": 0.5956594232260782, "KL_distance_2": 0.22952815261474657, "KL_distance_3": 0.42964455732008344, "hist_group_loss_1": 2220.855811130378, "hist_group_loss_2": 1533.1210665110152, "hist_group_loss_3": 2148.637419842885, "cur_group_loss_1": 21.102461153182723, "cur_group_loss_2": 12.734543692444975, "cur_group_loss_3": 20.106075303796175, "train_group_loss_1": 21.088455402655818, "train_group_loss_2": 12.705853110134335, "train_group_loss_3": 20.086442152961823, "val_group_loss_1": 21.69130440119214, "val_group_loss_2": 10.283420992813188, "val_group_loss_3": 20.012084139471614, "_timestamp": 1726689395.4554958, "_runtime": 8.595816850662231, "_step": 2, "final/reward_err_1": 0.07815155898308727, "final/reward_err_2": 0.003570911183581426, "final/reward_err_3": 0.0409745478257671, "final/reward_param_1": 5.96919043963719, "final/reward_param_2": 3.4402767624310475, "final/reward_param_3": 6.172489987677736, "final/reward_param_4": 2.7876285916570587, "optimal_reward_1": 3.824740409851074, "optimal_reward_2": 3.824740409851074, "optimal_reward_3": 3.2862327098846436, "final/reward_1": 3.7884345054626465, "final/reward_2": 3.5667476654052734, "final/reward_3": 3.2862327098846436, "reward_0_when_1_group_param_known": 3.824740409851074, "reward_1_when_1_group_param_known": 3.4372060298919678, "reward_2_when_1_group_param_known": 3.2528157234191895, "reward_0_when_2_group_param_known": 3.4372060298919678, "reward_1_when_2_group_param_known": 3.824740409851074, "reward_2_when_2_group_param_known": 3.087484836578369, "reward_0_when_3_group_param_known": 3.7884345054626465, "reward_1_when_3_group_param_known": 3.5667476654052734, "reward_2_when_3_group_param_known": 3.2862327098846436, "reward_error_0_when_1_group_param_known": 0.0, "reward_error_1_when_1_group_param_known": 0.10132305422897865, "reward_error_2_when_1_group_param_known": 0.010168782741690603, "reward_error_0_when_2_group_param_known": 0.10132305422897865, "reward_error_1_when_2_group_param_known": 0.0, "reward_error_2_when_2_group_param_known": 0.060478940736138874, "reward_error_0_when_3_group_param_known": 0.00949238392621825, "reward_error_1_when_3_group_param_known": 0.06745366137302018, "reward_error_2_when_3_group_param_known": 0.0, "_wandb": {"runtime": 8}}