{"Iteration": 199, "train_loss": 15.734395372662908, "val_loss": 14.784214859047657, "grad_norm": 0.03432812442590177, "live_grad": 6.4527982610377676e-15, "train_weighted_loss": 47.203186117988736, "val_weighted_loss": 44.35264457714298, "max_reward_err": 0.0923743015575743, "max_reward_err_index": 0, "max_kl_dist": 1.7567805030199295, "max_kl_dist_index": 0, "max_train_grp_loss": 19.6798304722617, "max_train_grp_loss_index": 0, "max_val_grp_loss": 20.567796889526456, "max_val_grp_loss_index": 0, "max_cur_train_grp_loss": 0.3467256573405417, "max_cur_train_grp_loss_index": 2, "reward_err_1": 0.0923743015575743, "reward_err_2": 0.0011057139316464578, "reward_err_3": 0.05277347289965458, "KL_distance_1": 1.7567805030199295, "KL_distance_2": 0.9886315361210477, "KL_distance_3": 1.4265542228606347, "reward_param_1": 11.61970450404526, "reward_param_2": 5.206306492740336, "reward_param_3": 11.680351404810002, "reward_param_4": 4.235136253902603, "group_weight_1": 0.30000582019339, "group_weight_2": 0.2600031109872034, "group_weight_3": 0.4399910688194067, "hist_group_loss_1": 31.784349957756145, "hist_group_loss_2": 17.47352207442568, "hist_group_loss_3": 70.07960530335016, "cur_group_loss_1": 0.15745279910926196, "cur_group_loss_2": 0.08916553226941498, "cur_group_loss_3": 0.3467256573405417, "train_group_loss_1": 19.6798304722617, "train_group_loss_2": 11.148890400887042, "train_group_loss_3": 17.33457005310559, "val_group_loss_1": 20.567796889526456, "val_group_loss_2": 6.693696774091201, "val_group_loss_3": 17.323766585183378, "_timestamp": 1726698630.508619, "_runtime": 14.006550073623657, "_step": 3, "final/reward_err_1": 0.0923743015575743, "final/reward_err_2": 0.0011057139316464578, "final/reward_err_3": 0.05277347289965458, "final/reward_param_1": 11.61970450404526, "final/reward_param_2": 5.206306492740336, "final/reward_param_3": 11.680351404810002, "final/reward_param_4": 4.235136253902603, "optimal_reward_1": 3.824740409851074, "optimal_reward_2": 3.824740409851074, "optimal_reward_3": 3.2862327098846436, "final/reward_1": 3.7884345054626465, "final/reward_2": 3.5667476654052734, "final/reward_3": 3.2862327098846436, "reward_0_when_1_group_param_known": 3.824740409851074, "reward_1_when_1_group_param_known": 3.4372060298919678, "reward_2_when_1_group_param_known": 3.2528157234191895, "reward_0_when_2_group_param_known": 3.4372060298919678, "reward_1_when_2_group_param_known": 3.824740409851074, "reward_2_when_2_group_param_known": 3.087484836578369, "reward_0_when_3_group_param_known": 3.7884345054626465, "reward_1_when_3_group_param_known": 3.5667476654052734, "reward_2_when_3_group_param_known": 3.2862327098846436, "reward_error_0_when_1_group_param_known": 0.0, "reward_error_1_when_1_group_param_known": 0.10132305422897865, "reward_error_2_when_1_group_param_known": 0.010168782741690603, "reward_error_0_when_2_group_param_known": 0.10132305422897865, "reward_error_1_when_2_group_param_known": 0.0, "reward_error_2_when_2_group_param_known": 0.060478940736138874, "reward_error_0_when_3_group_param_known": 0.00949238392621825, "reward_error_1_when_3_group_param_known": 0.06745366137302018, "reward_error_2_when_3_group_param_known": 0.0, "_wandb": {"runtime": 14}}