{"Iteration": 99, "train_loss": 18.237215662790526, "val_loss": 17.823076364491477, "grad_norm": 0.3425441545849905, "max_reward_err": 0.04125963554130314, "max_reward_err_index": 1, "max_kl_dist": 0.5762027417864707, "max_kl_dist_index": 0, "max_train_grp_loss": 20.729881228507907, "max_train_grp_loss_index": 0, "max_val_grp_loss": 20.576340634395414, "max_val_grp_loss_index": 0, "max_cur_train_grp_loss": 20.733577325483704, "max_cur_train_grp_loss_index": 0, "reward_err_1": 0.06224594184689896, "reward_err_2": 0.011760486529834874, "reward_err_3": 0.029133228484551712, "reward_param_1": 6.046665296867751, "reward_param_2": 3.571303176393274, "reward_param_3": 5.994028051206467, "reward_param_4": 4.2241075412692, "KL_distance_1": 0.5762027417864707, "KL_distance_2": 0.29463180114084175, "KL_distance_3": 0.4228162122043656, "hist_group_loss_1": 2103.6706724124892, "hist_group_loss_2": 1625.2087824321104, "hist_group_loss_3": 2030.2092997821344, "cur_group_loss_1": 20.733577325483704, "cur_group_loss_2": 14.701779016312425, "cur_group_loss_3": 19.632718486392555, "train_group_loss_1": 20.729881228507907, "train_group_loss_2": 14.679781925673606, "train_group_loss_3": 19.62268442235322, "val_group_loss_1": 20.576340634395414, "val_group_loss_2": 13.089187757348753, "val_group_loss_3": 19.207003484527466, "_timestamp": 1726682624.8951838, "_runtime": 8.568564891815186, "_step": 2, "final/reward_err_1": 0.06224594184689896, "final/reward_err_2": 0.011760486529834874, "final/reward_err_3": 0.029133228484551712, "final/reward_param_1": 6.046665296867751, "final/reward_param_2": 3.571303176393274, "final/reward_param_3": 5.994028051206467, "final/reward_param_4": 4.2241075412692, "optimal_reward_1": 3.869661331176758, "optimal_reward_2": 3.869661331176758, "optimal_reward_3": 3.3746607303619385, "final/reward_1": 3.832443952560425, "final/reward_2": 3.602559804916382, "final/reward_3": 3.3746607303619385, "reward_0_when_1_group_param_known": 3.869661331176758, "reward_1_when_1_group_param_known": 3.4677367210388184, "reward_2_when_1_group_param_known": 3.334665060043335, "reward_0_when_2_group_param_known": 3.4677367210388184, "reward_1_when_2_group_param_known": 3.869661331176758, "reward_2_when_2_group_param_known": 3.163583993911743, "reward_0_when_3_group_param_known": 3.832443952560425, "reward_1_when_3_group_param_known": 3.602559804916382, "reward_2_when_3_group_param_known": 3.3746607303619385, "reward_error_0_when_1_group_param_known": 0.0, "reward_error_1_when_1_group_param_known": 0.1038655778219524, "reward_error_2_when_1_group_param_known": 0.011851760373646185, "reward_error_0_when_2_group_param_known": 0.1038655778219524, "reward_error_1_when_2_group_param_known": 0.0, "reward_error_2_when_2_group_param_known": 0.06254754279478546, "reward_error_0_when_3_group_param_known": 0.00961773536006451, "reward_error_1_when_3_group_param_known": 0.06902452266517878, "reward_error_2_when_3_group_param_known": 0.0, "_wandb": {"runtime": 8}}