{"Iteration": 99, "train_loss": 20.05145909151225, "val_loss": 20.478490955767473, "grad_norm": 0.3274445294910611, "max_reward_err": 0.06708699348257297, "max_reward_err_index": 0, "max_kl_dist": 0.3758928272118379, "max_kl_dist_index": 0, "max_train_grp_loss": 20.483536729003237, "max_train_grp_loss_index": 2, "max_val_grp_loss": 22.172498161321364, "max_val_grp_loss_index": 0, "max_cur_train_grp_loss": 20.49700568159241, "max_cur_train_grp_loss_index": 2, "reward_err_1": 0.06380429616991724, "reward_err_2": 0.014793008125389506, "reward_err_3": 0.030745314651019776, "reward_param_1": 5.349435548824354, "reward_param_2": 3.4999516168449194, "reward_param_3": 4.364221665091836, "reward_param_4": 3.3502972750707665, "KL_distance_1": 0.3758928272118379, "KL_distance_2": 0.19042031928701214, "KL_distance_3": 0.26491188165411467, "hist_group_loss_1": 2142.6567690762226, "hist_group_loss_2": 2007.0775455766582, "hist_group_loss_3": 2140.3507078082635, "cur_group_loss_1": 20.45276027425058, "cur_group_loss_2": 19.308011931401285, "cur_group_loss_3": 20.49700568159241, "train_group_loss_1": 20.438347378993623, "train_group_loss_2": 19.30330695309442, "train_group_loss_3": 20.483536729003237, "val_group_loss_1": 22.172498161321364, "val_group_loss_2": 18.845290596793852, "val_group_loss_3": 20.39981989398308, "_timestamp": 1726605585.46075, "_runtime": 8.331868171691895, "_step": 2, "final/reward_err_1": 0.06380429616991724, "final/reward_err_2": 0.014793008125389506, "final/reward_err_3": 0.030745314651019776, "final/reward_param_1": 5.349435548824354, "final/reward_param_2": 3.4999516168449194, "final/reward_param_3": 4.364221665091836, "final/reward_param_4": 3.3502972750707665, "optimal_reward_1": 3.866978645324707, "optimal_reward_2": 3.866978645324707, "optimal_reward_3": 3.311685085296631, "final/reward_1": 3.8343822956085205, "final/reward_2": 3.608206033706665, "final/reward_3": 3.311685085296631, "reward_0_when_1_group_param_known": 3.866978645324707, "reward_1_when_1_group_param_known": 3.4890663623809814, "reward_2_when_1_group_param_known": 3.2840659618377686, "reward_0_when_2_group_param_known": 3.4890663623809814, "reward_1_when_2_group_param_known": 3.866978645324707, "reward_2_when_2_group_param_known": 3.121250629425049, "reward_0_when_3_group_param_known": 3.8343822956085205, "reward_1_when_3_group_param_known": 3.608206033706665, "reward_2_when_3_group_param_known": 3.311685085296631, "reward_error_0_when_1_group_param_known": 0.0, "reward_error_1_when_1_group_param_known": 0.0977280501408077, "reward_error_2_when_1_group_param_known": 0.00833990030679153, "reward_error_0_when_2_group_param_known": 0.0977280501408077, "reward_error_1_when_2_group_param_known": 0.0, "reward_error_2_when_2_group_param_known": 0.057503793678052764, "reward_error_0_when_3_group_param_known": 0.008429410324154877, "reward_error_1_when_3_group_param_known": 0.06691855201499647, "reward_error_2_when_3_group_param_known": 0.0, "_wandb": {"runtime": 7}}