{"Iteration": 99, "train_loss": 16.624426575668505, "val_loss": 14.907726894045544, "grad_norm": 0.020245556069449472, "live_grad": 2.6269387673590115e-14, "train_weighted_loss": 49.87327972700551, "val_weighted_loss": 44.72318068213663, "max_reward_err": 0.09620591875243176, "max_reward_err_index": 0, "max_kl_dist": 1.567253947055771, "max_kl_dist_index": 0, "max_train_grp_loss": 21.467536169614114, "max_train_grp_loss_index": 0, "max_val_grp_loss": 18.99815518378995, "max_val_grp_loss_index": 0, "max_cur_train_grp_loss": 0.34343727592444445, "max_cur_train_grp_loss_index": 2, "reward_err_1": 0.09620591875243176, "reward_err_2": 0.0012114834937764856, "reward_err_3": 0.05614315945772057, "KL_distance_1": 1.567253947055771, "KL_distance_2": 0.8472653523514198, "KL_distance_3": 1.260142904439023, "reward_param_1": 11.123100373774193, "reward_param_2": 4.5007229475551975, "reward_param_3": 10.385540475524486, "reward_param_4": 4.465230961239106, "group_weight_1": 0.3207001868321395, "group_weight_2": 0.29517539281637295, "group_weight_3": 0.3841244203514876, "hist_group_loss_1": 16.61694410162535, "hist_group_loss_2": 8.323248332502343, "hist_group_loss_3": 34.66292631806519, "cur_group_loss_1": 0.16515437059886878, "cur_group_loss_2": 0.0846038407362988, "cur_group_loss_3": 0.34343727592444445, "train_group_loss_1": 21.467536169614114, "train_group_loss_2": 9.565571402366903, "train_group_loss_3": 19.572608810232566, "val_group_loss_1": 18.99815518378995, "val_group_loss_2": 8.139872289111645, "val_group_loss_3": 17.131119749985405, "_timestamp": 1726683071.7096162, "_runtime": 10.104635238647461, "_step": 2, "final/reward_err_1": 0.09620591875243176, "final/reward_err_2": 0.0012114834937764856, "final/reward_err_3": 0.05614315945772057, "final/reward_param_1": 11.123100373774193, "final/reward_param_2": 4.5007229475551975, "final/reward_param_3": 10.385540475524486, "final/reward_param_4": 4.465230961239106, "optimal_reward_1": 3.8641457557678223, "optimal_reward_2": 3.8641457557678223, "optimal_reward_3": 3.3321304321289062, "final/reward_1": 3.8311407566070557, "final/reward_2": 3.6006405353546143, "final/reward_3": 3.3321304321289062, "reward_0_when_1_group_param_known": 3.8641457557678223, "reward_1_when_1_group_param_known": 3.4569623470306396, "reward_2_when_1_group_param_known": 3.297084093093872, "reward_0_when_2_group_param_known": 3.4569623470306396, "reward_1_when_2_group_param_known": 3.8641457557678223, "reward_2_when_2_group_param_known": 3.1191890239715576, "reward_0_when_3_group_param_known": 3.8311407566070557, "reward_1_when_3_group_param_known": 3.6006405353546143, "reward_2_when_3_group_param_known": 3.3321304321289062, "reward_error_0_when_1_group_param_known": 0.0, "reward_error_1_when_1_group_param_known": 0.10537475407841429, "reward_error_2_when_1_group_param_known": 0.010517697235712045, "reward_error_0_when_2_group_param_known": 0.10537475407841429, "reward_error_1_when_2_group_param_known": 0.0, "reward_error_2_when_2_group_param_known": 0.0639054840423218, "reward_error_0_when_3_group_param_known": 0.00854134425739548, "reward_error_1_when_3_group_param_known": 0.06819236050293563, "reward_error_2_when_3_group_param_known": 0.0, "_wandb": {"runtime": 9}}