{"Iteration": 99, "train_loss": 18.996270798699438, "val_loss": 19.313152727463805, "grad_norm": 0.38515467033034073, "max_reward_err": 0.06710793265104385, "max_reward_err_index": 1, "max_kl_dist": 0.5540629248415793, "max_kl_dist_index": 0, "max_train_grp_loss": 21.69213328778273, "max_train_grp_loss_index": 0, "max_val_grp_loss": 21.058989280791966, "max_val_grp_loss_index": 0, "max_cur_train_grp_loss": 21.696032134105057, "max_cur_train_grp_loss_index": 0, "reward_err_1": 0.08190784800610865, "reward_err_2": 0.012725596510024209, "reward_err_3": 0.045542884322856976, "reward_param_1": 6.958741527547859, "reward_param_2": 3.7053611969181257, "reward_param_3": 4.20551478309792, "reward_param_4": 3.411796894225407, "KL_distance_1": 0.5540629248415793, "KL_distance_2": 0.2372621051030911, "KL_distance_3": 0.4129014698106015, "hist_group_loss_1": 2198.235681254388, "hist_group_loss_2": 1854.3057161060233, "hist_group_loss_3": 2015.714360569827, "cur_group_loss_1": 21.696032134105057, "cur_group_loss_2": 16.801550542694173, "cur_group_loss_3": 18.91376224136613, "train_group_loss_1": 21.69213328778273, "train_group_loss_2": 16.7814791809263, "train_group_loss_3": 18.89435417350376, "val_group_loss_1": 21.058989280791966, "val_group_loss_2": 16.990779648224695, "val_group_loss_3": 19.71322497458449, "_timestamp": 1726659282.285402, "_runtime": 8.195573091506958, "_step": 2, "final/reward_err_1": 0.08190784800610865, "final/reward_err_2": 0.012725596510024209, "final/reward_err_3": 0.045542884322856976, "final/reward_param_1": 6.958741527547859, "final/reward_param_2": 3.7053611969181257, "final/reward_param_3": 4.20551478309792, "final/reward_param_4": 3.411796894225407, "optimal_reward_1": 3.8667526245117188, "optimal_reward_2": 3.8667526245117188, "optimal_reward_3": 3.3613686561584473, "final/reward_1": 3.8306260108947754, "final/reward_2": 3.5890326499938965, "final/reward_3": 3.3613686561584473, "reward_0_when_1_group_param_known": 3.8667526245117188, "reward_1_when_1_group_param_known": 3.4561731815338135, "reward_2_when_1_group_param_known": 3.324531078338623, "reward_0_when_2_group_param_known": 3.4561731815338135, "reward_1_when_2_group_param_known": 3.8667526245117188, "reward_2_when_2_group_param_known": 3.1526591777801514, "reward_0_when_3_group_param_known": 3.8306260108947754, "reward_1_when_3_group_param_known": 3.5890326499938965, "reward_2_when_3_group_param_known": 3.3613686561584473, "reward_error_0_when_1_group_param_known": 0.0, "reward_error_1_when_1_group_param_known": 0.10618197822513974, "reward_error_2_when_1_group_param_known": 0.01095910076757965, "reward_error_0_when_2_group_param_known": 0.10618197822513974, "reward_error_1_when_2_group_param_known": 0.0, "reward_error_2_when_2_group_param_known": 0.062090624304452315, "reward_error_0_when_3_group_param_known": 0.009342882031794137, "reward_error_1_when_3_group_param_known": 0.07182253469159845, "reward_error_2_when_3_group_param_known": 0.0, "_wandb": {"runtime": 8}}