{"Iteration": 99, "train_loss": 22.086705101707032, "val_loss": 21.121675923902163, "grad_norm": 0.28128504085715045, "max_reward_err": 0.07373169673747763, "max_reward_err_index": 1, "max_kl_dist": 0.3483007441797213, "max_kl_dist_index": 0, "max_train_grp_loss": 24.18897894028822, "max_train_grp_loss_index": 0, "max_val_grp_loss": 23.65848354115094, "max_val_grp_loss_index": 0, "max_cur_train_grp_loss": 24.187814205752147, "max_cur_train_grp_loss_index": 0, "reward_err_1": 0.05395409332961801, "reward_err_2": 0.028367230626476142, "reward_err_3": 0.02581603551370536, "reward_param_1": 3.6189211865287576, "reward_param_2": 3.5062845945099212, "reward_param_3": 5.419143337455512, "reward_param_4": 4.347090493282881, "KL_distance_1": 0.3483007441797213, "KL_distance_2": 0.25133484138316015, "KL_distance_3": 0.25705239465074725, "hist_group_loss_1": 2412.700706806001, "hist_group_loss_2": 2351.4844146967466, "hist_group_loss_3": 2033.183862214504, "cur_group_loss_1": 24.187814205752147, "cur_group_loss_2": 22.236284801503352, "cur_group_loss_3": 19.898534021085222, "train_group_loss_1": 24.18897894028822, "train_group_loss_2": 22.217693227960474, "train_group_loss_3": 19.890929875978397, "val_group_loss_1": 23.65848354115094, "val_group_loss_2": 19.90188889370048, "val_group_loss_3": 19.841435387752234, "_timestamp": 1726611420.112635, "_runtime": 8.015558958053589, "_step": 2, "final/reward_err_1": 0.05395409332961801, "final/reward_err_2": 0.028367230626476142, "final/reward_err_3": 0.02581603551370536, "final/reward_param_1": 3.6189211865287576, "final/reward_param_2": 3.5062845945099212, "final/reward_param_3": 5.419143337455512, "final/reward_param_4": 4.347090493282881, "optimal_reward_1": 3.7750043869018555, "optimal_reward_2": 3.7750043869018555, "optimal_reward_3": 3.238502264022827, "final/reward_1": 3.7374794483184814, "final/reward_2": 3.5360023975372314, "final/reward_3": 3.238502264022827, "reward_0_when_1_group_param_known": 3.7750043869018555, "reward_1_when_1_group_param_known": 3.419440507888794, "reward_2_when_1_group_param_known": 3.19842529296875, "reward_0_when_2_group_param_known": 3.419440507888794, "reward_1_when_2_group_param_known": 3.7750043869018555, "reward_2_when_2_group_param_known": 3.0579755306243896, "reward_0_when_3_group_param_known": 3.7374794483184814, "reward_1_when_3_group_param_known": 3.5360023975372314, "reward_2_when_3_group_param_known": 3.238502264022827, "reward_error_0_when_1_group_param_known": 0.0, "reward_error_1_when_1_group_param_known": 0.09418899756693333, "reward_error_2_when_1_group_param_known": 0.012375156102035276, "reward_error_0_when_2_group_param_known": 0.09418899756693333, "reward_error_1_when_2_group_param_known": 0.0, "reward_error_2_when_2_group_param_known": 0.05574389599906886, "reward_error_0_when_3_group_param_known": 0.00994036953005258, "reward_error_1_when_3_group_param_known": 0.063311711688042, "reward_error_2_when_3_group_param_known": 0.0, "_wandb": {"runtime": 7}}