{"val_loss":14.277439036288097,"optimal_reward_3":3.320061279296875,"final/reward_param_2":4.904709049063666,"reward_error_1_when_3_group_param_known":0.019479895503085456,"max_reward_err":0.0810735192721442,"group_weight_3":0.9999390071239868,"KL_distance_3":1.0879910888671875,"reward_error_0_when_2_group_param_known":0.10085360176489651,"val_group_loss_2":20.16391757815907,"hist_group_loss_3":24.709406827485683,"final/reward_param_3":5.425217224301904,"reward_error_2_when_1_group_param_known":0.008641683256769945,"max_reward_err_index":1,"final/reward_err_1":0.007569964110561209,"val_group_loss_1":11.18013220209065,"max_val_grp_loss":20.16391757815907,"final/reward_2":7.10487548828125,"final/reward_err_3":0.012889210514530756,"reward_1_when_1_group_param_known":6.83889453125,"optimal_reward_2":7.24602734375,"reward_2_when_1_group_param_known":3.291370361328125,"cur_group_loss_1":0.07664080551787701,"_wandb":{"runtime":103},"reward_param_2":4.904709049063666,"max_cur_train_grp_loss_index":2,"val_group_loss_3":11.470590215876216,"train_group_loss_1":9.96328066979398,"reward_1_when_2_group_param_known":7.24602734375,"reward_0_when_3_group_param_known":3.850873046875,"train_group_loss_3":12.449164990452669,"max_kl_dist":1.0879910888671875,"train_group_loss_2":19.475539063644593,"reward_error_2_when_2_group_param_known":0.06160752898142066,"cur_group_loss_2":0.16365410071432995,"reward_param_1":2.5560082974874114,"train_weighted_loss":42.4772305016001,"final/reward_err_2":0.0810735192721442,"reward_err_3":0.012889210514530756,"optimal_reward_1":3.885563232421875,"train_loss":14.159076833866704,"_timestamp":1.7283144556019158e+09,"final/reward_param_1":2.5560082974874114,"hist_group_loss_1":7.944539028699612,"max_val_grp_loss_index":1,"cur_group_loss_3":0.24410127635922563,"_runtime":103.64786,"group_weight_1":5.237016418716131e-08,"reward_error_1_when_2_group_param_known":0,"Iteration":99,"reward_param_4":17.19213982404591,"val_weighted_loss":42.832317108864295,"KL_distance_2":0.70050830078125,"final/reward_3":3.320061279296875,"reward_2_when_3_group_param_known":3.320061279296875,"max_train_grp_loss":19.475539063644593,"live_grad":2.1361829447725528e-14,"grad_norm":0.6043122561720626,"max_cur_train_grp_loss":0.24410127635922563,"KL_distance_1":0.982497314453125,"reward_1_when_3_group_param_known":7.10487548828125,"_step":101,"reward_error_1_when_1_group_param_known":0.05618703783269167,"reward_err_2":0.0810735192721442,"reward_0_when_2_group_param_known":3.493690185546875,"reward_param_3":5.425217224301904,"max_kl_dist_index":2,"max_train_grp_loss_index":1,"reward_error_2_when_3_group_param_known":0,"reward_2_when_2_group_param_known":3.1155205078125,"final/reward_1":3.850873046875,"reward_error_0_when_3_group_param_known":0.008927968346368324,"reward_error_0_when_1_group_param_known":0,"reward_err_1":0.007569964110561209,"final/reward_param_4":17.19213982404591,"hist_group_loss_2":15.0038553385534,"group_weight_2":6.0940505849089907e-05,"reward_0_when_1_group_param_known":3.885563232421875}