{"Iteration": 1999, "train_loss": 14.541044583305926, "val_loss": 15.217155229235773, "grad_norm": 0.12760889990793553, "live_grad": 1.1024415407199645e-14, "train_weighted_loss": 43.623133749917784, "val_weighted_loss": 45.65146568770732, "max_reward_err": 0.09054430473557933, "max_reward_err_index": 0, "max_kl_dist": 2.5436059352096825, "max_kl_dist_index": 0, "max_train_grp_loss": 16.047023125988453, "max_train_grp_loss_index": 2, "max_val_grp_loss": 18.102121076145906, "max_val_grp_loss_index": 0, "max_cur_train_grp_loss": 0.1528303989009948, "max_cur_train_grp_loss_index": 2, "reward_err_1": 0.09054430473557933, "reward_err_2": 0.006342389521008922, "reward_err_3": 0.05259049411803374, "KL_distance_1": 2.5436059352096825, "KL_distance_2": 1.5120651896860808, "KL_distance_3": 2.169783517927406, "reward_param_1": 17.474071553554957, "reward_param_2": 7.964995170424311, "reward_param_3": 10.591930468003929, "reward_param_4": 6.3608085410646735, "group_weight_1": 0.3412947109385104, "group_weight_2": 0.20649751122584561, "group_weight_3": 0.45220777783564403, "hist_group_loss_1": 288.3428816770949, "hist_group_loss_2": 238.0970817942441, "hist_group_loss_3": 316.4824217475378, "cur_group_loss_1": 0.13898879443716075, "cur_group_loss_2": 0.14177321271445156, "cur_group_loss_3": 0.1528303989009948, "train_group_loss_1": 14.45468188321479, "train_group_loss_2": 12.902077262732453, "train_group_loss_3": 16.047023125988453, "val_group_loss_1": 18.102121076145906, "val_group_loss_2": 11.449166709204707, "val_group_loss_3": 16.156349605552613, "_timestamp": 1726581150.370646, "_runtime": 92.2953269481659, "_step": 21, "final/reward_err_1": 0.09054430473557933, "final/reward_err_2": 0.006342389521008922, "final/reward_err_3": 0.05259049411803374, "final/reward_param_1": 17.474071553554957, "final/reward_param_2": 7.964995170424311, "final/reward_param_3": 10.591930468003929, "final/reward_param_4": 6.3608085410646735, "optimal_reward_1": 3.8669028282165527, "optimal_reward_2": 3.8669028282165527, "optimal_reward_3": 3.3657867908477783, "final/reward_1": 3.8246397972106934, "final/reward_2": 3.594559669494629, "final/reward_3": 3.3657867908477783, "reward_0_when_1_group_param_known": 3.8669028282165527, "reward_1_when_1_group_param_known": 3.4664041996002197, "reward_2_when_1_group_param_known": 3.3253726959228516, "reward_0_when_2_group_param_known": 3.4664041996002197, "reward_1_when_2_group_param_known": 3.8669028282165527, "reward_2_when_2_group_param_known": 3.1640493869781494, "reward_0_when_3_group_param_known": 3.8246397972106934, "reward_1_when_3_group_param_known": 3.594559669494629, "reward_2_when_3_group_param_known": 3.3657867908477783, "reward_error_0_when_1_group_param_known": 0.0, "reward_error_1_when_1_group_param_known": 0.10357090581483432, "reward_error_2_when_1_group_param_known": 0.012007324716711247, "reward_error_0_when_2_group_param_known": 0.10357090581483432, "reward_error_1_when_2_group_param_known": 0.0, "reward_error_2_when_2_group_param_known": 0.05993766581358977, "reward_error_0_when_3_group_param_known": 0.01092942669711497, "reward_error_1_when_3_group_param_known": 0.07042927397467878, "reward_error_2_when_3_group_param_known": 0.0, "_wandb": {"runtime": 92}}