{"Iteration": 99, "train_loss": 21.034907225514033, "val_loss": 22.656112290107885, "grad_norm": 0.27231299497489164, "max_reward_err": 0.09090454099590967, "max_reward_err_index": 1, "max_kl_dist": 0.23008619970545163, "max_kl_dist_index": 0, "max_train_grp_loss": 23.031530858422087, "max_train_grp_loss_index": 0, "max_val_grp_loss": 23.95137670833596, "max_val_grp_loss_index": 2, "max_cur_train_grp_loss": 23.034152418922446, "max_cur_train_grp_loss_index": 0, "reward_err_1": 0.04257626200202198, "reward_err_2": 0.03782418194221859, "reward_err_3": 0.012219150954422772, "reward_param_1": 4.029639036655117, "reward_param_2": 3.781642025335935, "reward_param_3": 3.8219223631589663, "reward_param_4": 3.7229235548534687, "KL_distance_1": 0.23008619970545163, "KL_distance_2": 0.2067622213861042, "KL_distance_3": 0.1554908331184764, "hist_group_loss_1": 2324.1506158962343, "hist_group_loss_2": 1833.3384045384926, "hist_group_loss_3": 2332.4844605503695, "cur_group_loss_1": 23.034152418922446, "cur_group_loss_2": 17.192547250592476, "cur_group_loss_3": 22.953799011967746, "train_group_loss_1": 23.031530858422087, "train_group_loss_2": 17.178479212271156, "train_group_loss_3": 22.948244968941534, "val_group_loss_1": 23.31533044373723, "val_group_loss_2": 20.681653410564724, "val_group_loss_3": 23.95137670833596, "_timestamp": 1726610782.145646, "_runtime": 7.959827184677124, "_step": 2, "final/reward_err_1": 0.04257626200202198, "final/reward_err_2": 0.03782418194221859, "final/reward_err_3": 0.012219150954422772, "final/reward_param_1": 4.029639036655117, "final/reward_param_2": 3.781642025335935, "final/reward_param_3": 3.8219223631589663, "final/reward_param_4": 3.7229235548534687, "optimal_reward_1": 3.8824145793914795, "optimal_reward_2": 3.8824145793914795, "optimal_reward_3": 3.3310482501983643, "final/reward_1": 3.839902877807617, "final/reward_2": 3.6102006435394287, "final/reward_3": 3.3310482501983643, "reward_0_when_1_group_param_known": 3.8824145793914795, "reward_1_when_1_group_param_known": 3.4862008094787598, "reward_2_when_1_group_param_known": 3.297610282897949, "reward_0_when_2_group_param_known": 3.4862008094787598, "reward_1_when_2_group_param_known": 3.8824145793914795, "reward_2_when_2_group_param_known": 3.138624906539917, "reward_0_when_3_group_param_known": 3.839902877807617, "reward_1_when_3_group_param_known": 3.6102006435394287, "reward_2_when_3_group_param_known": 3.3310482501983643, "reward_error_0_when_1_group_param_known": 0.0, "reward_error_1_when_1_group_param_known": 0.10205344169473558, "reward_error_2_when_1_group_param_known": 0.010038271675717638, "reward_error_0_when_2_group_param_known": 0.10205344169473558, "reward_error_1_when_2_group_param_known": 0.0, "reward_error_2_when_2_group_param_known": 0.05776660354499171, "reward_error_0_when_3_group_param_known": 0.01094980989653235, "reward_error_1_when_3_group_param_known": 0.07011459757466626, "reward_error_2_when_3_group_param_known": 0.0, "_wandb": {"runtime": 8}}