{"Iteration": 99, "train_loss": 20.096200202418302, "val_loss": 19.775531147474872, "grad_norm": 0.3614620173417851, "max_reward_err": 0.08537351695130324, "max_reward_err_index": 0, "max_kl_dist": 0.5419731622334084, "max_kl_dist_index": 0, "max_train_grp_loss": 20.85295565027027, "max_train_grp_loss_index": 1, "max_val_grp_loss": 21.544432426184468, "max_val_grp_loss_index": 0, "max_cur_train_grp_loss": 20.856463937983822, "max_cur_train_grp_loss_index": 1, "reward_err_1": 0.08153347959453246, "reward_err_2": 0.03553733659198201, "reward_err_3": 0.0471963861079738, "reward_param_1": 3.2047760542814374, "reward_param_2": 1.8046324530733704, "reward_param_3": 6.817225894894328, "reward_param_4": 4.621339775845549, "KL_distance_1": 0.5419731622334084, "KL_distance_2": 0.25335857666723066, "KL_distance_3": 0.40741238937361607, "hist_group_loss_1": 2115.8101514542323, "hist_group_loss_2": 2153.2800187455473, "hist_group_loss_3": 2058.77251821895, "cur_group_loss_1": 20.229210003991632, "cur_group_loss_2": 20.856463937983822, "cur_group_loss_3": 19.342791042117696, "train_group_loss_1": 20.21475333074759, "train_group_loss_2": 20.85295565027027, "train_group_loss_3": 19.322921430029975, "val_group_loss_1": 21.544432426184468, "val_group_loss_2": 17.3655616809171, "val_group_loss_3": 20.408967571181993, "_timestamp": 1726603583.240541, "_runtime": 7.865267038345337, "_step": 2, "final/reward_err_1": 0.08153347959453246, "final/reward_err_2": 0.03553733659198201, "final/reward_err_3": 0.0471963861079738, "final/reward_param_1": 3.2047760542814374, "final/reward_param_2": 1.8046324530733704, "final/reward_param_3": 6.817225894894328, "final/reward_param_4": 4.621339775845549, "optimal_reward_1": 3.8517885208129883, "optimal_reward_2": 3.8517885208129883, "optimal_reward_3": 3.3532655239105225, "final/reward_1": 3.809525966644287, "final/reward_2": 3.5818495750427246, "final/reward_3": 3.3532655239105225, "reward_0_when_1_group_param_known": 3.8517885208129883, "reward_1_when_1_group_param_known": 3.454472303390503, "reward_2_when_1_group_param_known": 3.312851905822754, "reward_0_when_2_group_param_known": 3.454472303390503, "reward_1_when_2_group_param_known": 3.8517885208129883, "reward_2_when_2_group_param_known": 3.153261184692383, "reward_0_when_3_group_param_known": 3.809525966644287, "reward_1_when_3_group_param_known": 3.5818495750427246, "reward_2_when_3_group_param_known": 3.3532655239105225, "reward_error_0_when_1_group_param_known": 0.0, "reward_error_1_when_1_group_param_known": 0.10315109858072496, "reward_error_2_when_1_group_param_known": 0.012052018487530586, "reward_error_0_when_2_group_param_known": 0.10315109858072496, "reward_error_1_when_2_group_param_known": 0.0, "reward_error_2_when_2_group_param_known": 0.05964464722283546, "reward_error_0_when_3_group_param_known": 0.010972189656918369, "reward_error_1_when_3_group_param_known": 0.07008145548792702, "reward_error_2_when_3_group_param_known": 0.0, "_wandb": {"runtime": 7}}