{"Iteration": 199, "train_loss": 17.230844934278338, "val_loss": 14.517101548894104, "grad_norm": 0.023477466080284802, "live_grad": 3.340513536984109e-14, "train_weighted_loss": 51.69253480283503, "val_weighted_loss": 43.55130464668231, "max_reward_err": 0.08256774134483832, "max_reward_err_index": 0, "max_kl_dist": 1.3928849646826214, "max_kl_dist_index": 0, "max_train_grp_loss": 19.287758246635295, "max_train_grp_loss_index": 0, "max_val_grp_loss": 18.39106396069312, "max_val_grp_loss_index": 0, "max_cur_train_grp_loss": 0.3750705703318188, "max_cur_train_grp_loss_index": 2, "reward_err_1": 0.08256774134483832, "reward_err_2": 0.00439119919302874, "reward_err_3": 0.04482518250170631, "KL_distance_1": 1.3928849646826214, "KL_distance_2": 0.7844677282701262, "KL_distance_3": 1.117025418416734, "reward_param_1": 9.808901846608862, "reward_param_2": 5.148015104713659, "reward_param_3": 10.211492044736465, "reward_param_4": 5.077821727642868, "group_weight_1": 0.2793462655201231, "group_weight_2": 0.27075864506301206, "group_weight_3": 0.44989508941686485, "hist_group_loss_1": 28.13089927898819, "hist_group_loss_2": 25.008470086478273, "hist_group_loss_3": 75.7871306391215, "cur_group_loss_1": 0.1397751659657373, "cur_group_loss_2": 0.1269401378870115, "cur_group_loss_3": 0.3750705703318188, "train_group_loss_1": 19.287758246635295, "train_group_loss_2": 14.600838305783533, "train_group_loss_3": 17.626519937930315, "val_group_loss_1": 18.39106396069312, "val_group_loss_2": 7.423491539675091, "val_group_loss_3": 17.220535530646803, "_timestamp": 1726699002.5911942, "_runtime": 14.515704154968262, "_step": 3, "final/reward_err_1": 0.08256774134483832, "final/reward_err_2": 0.00439119919302874, "final/reward_err_3": 0.04482518250170631, "final/reward_param_1": 9.808901846608862, "final/reward_param_2": 5.148015104713659, "final/reward_param_3": 10.211492044736465, "final/reward_param_4": 5.077821727642868, "optimal_reward_1": 3.8699047565460205, "optimal_reward_2": 3.8699047565460205, "optimal_reward_3": 3.375126361846924, "final/reward_1": 3.831815481185913, "final/reward_2": 3.603090763092041, "final/reward_3": 3.375126361846924, "reward_0_when_1_group_param_known": 3.8699047565460205, "reward_1_when_1_group_param_known": 3.4682676792144775, "reward_2_when_1_group_param_known": 3.3350672721862793, "reward_0_when_2_group_param_known": 3.4682676792144775, "reward_1_when_2_group_param_known": 3.8699047565460205, "reward_2_when_2_group_param_known": 3.164400100708008, "reward_0_when_3_group_param_known": 3.831815481185913, "reward_1_when_3_group_param_known": 3.603090763092041, "reward_2_when_3_group_param_known": 3.375126361846924, "reward_error_0_when_1_group_param_known": 0.0, "reward_error_1_when_1_group_param_known": 0.10378474474137016, "reward_error_2_when_1_group_param_known": 0.011868915520758028, "reward_error_0_when_2_group_param_known": 0.10378474474137016, "reward_error_1_when_2_group_param_known": 0.0, "reward_error_2_when_2_group_param_known": 0.06243507310452317, "reward_error_0_when_3_group_param_known": 0.009842432244793276, "reward_error_1_when_3_group_param_known": 0.06894588116223231, "reward_error_2_when_3_group_param_known": 0.0, "_wandb": {"runtime": 14}}