{"Iteration": 199, "train_loss": 15.925647317028785, "val_loss": 15.619027659980274, "grad_norm": 0.208349698559392, "max_reward_err": 0.08979270211818169, "max_reward_err_index": 0, "max_kl_dist": 1.2004906764105316, "max_kl_dist_index": 0, "max_train_grp_loss": 21.355026665743093, "max_train_grp_loss_index": 0, "max_val_grp_loss": 20.30781566508455, "max_val_grp_loss_index": 0, "max_cur_train_grp_loss": 21.356600348592444, "max_cur_train_grp_loss_index": 0, "reward_err_1": 0.09643907087109012, "reward_err_2": 0.0009122827995652323, "reward_err_3": 0.05350076567423193, "reward_param_1": 8.83728677302687, "reward_param_2": 3.727658745501154, "reward_param_3": 8.950081711316406, "reward_param_4": 3.365515412381576, "KL_distance_1": 1.2004906764105316, "KL_distance_2": 0.5401641531016393, "KL_distance_3": 0.9326176040121836, "hist_group_loss_1": 4372.877519808923, "hist_group_loss_2": 2290.6114127037167, "hist_group_loss_3": 4166.054618666465, "cur_group_loss_1": 21.356600348592444, "cur_group_loss_2": 9.286385834432668, "cur_group_loss_3": 19.920991949410237, "train_group_loss_1": 21.355026665743093, "train_group_loss_2": 9.279305480535598, "train_group_loss_3": 19.91673275019876, "val_group_loss_1": 20.30781566508455, "val_group_loss_2": 6.275794860403257, "val_group_loss_3": 19.293260109237025, "_timestamp": 1726697869.6497111, "_runtime": 11.857110023498535, "_step": 3, "final/reward_err_1": 0.09643907087109012, "final/reward_err_2": 0.0009122827995652323, "final/reward_err_3": 0.05350076567423193, "final/reward_param_1": 8.83728677302687, "final/reward_param_2": 3.727658745501154, "final/reward_param_3": 8.950081711316406, "final/reward_param_4": 3.365515412381576, "optimal_reward_1": 3.884077310562134, "optimal_reward_2": 3.884077310562134, "optimal_reward_3": 3.3674604892730713, "final/reward_1": 3.847635269165039, "final/reward_2": 3.6067681312561035, "final/reward_3": 3.3674604892730713, "reward_0_when_1_group_param_known": 3.884077310562134, "reward_1_when_1_group_param_known": 3.4758739471435547, "reward_2_when_1_group_param_known": 3.3304951190948486, "reward_0_when_2_group_param_known": 3.4758739471435547, "reward_1_when_2_group_param_known": 3.884077310562134, "reward_2_when_2_group_param_known": 3.1624059677124023, "reward_0_when_3_group_param_known": 3.847635269165039, "reward_1_when_3_group_param_known": 3.6067681312561035, "reward_2_when_3_group_param_known": 3.3674604892730713, "reward_error_0_when_1_group_param_known": 0.0, "reward_error_1_when_1_group_param_known": 0.10509661131320291, "reward_error_2_when_1_group_param_known": 0.010977224616584088, "reward_error_0_when_2_group_param_known": 0.10509661131320291, "reward_error_1_when_2_group_param_known": 0.0, "reward_error_2_when_2_group_param_known": 0.060892925756326766, "reward_error_0_when_3_group_param_known": 0.009382419165034734, "reward_error_1_when_3_group_param_known": 0.07139641081600817, "reward_error_2_when_3_group_param_known": 0.0, "_wandb": {"runtime": 11}}