{"Iteration": 199, "train_loss": 16.429014805971978, "val_loss": 15.13040372995775, "grad_norm": 0.033969978108694114, "live_grad": 1.9658159525885e-14, "train_weighted_loss": 49.28704441791591, "val_weighted_loss": 45.391211189873246, "max_reward_err": 0.10038355925473881, "max_reward_err_index": 0, "max_kl_dist": 1.691481231499528, "max_kl_dist_index": 0, "max_train_grp_loss": 20.03426232506016, "max_train_grp_loss_index": 0, "max_val_grp_loss": 20.728608102044745, "max_val_grp_loss_index": 0, "max_cur_train_grp_loss": 0.3328739367455795, "max_cur_train_grp_loss_index": 2, "reward_err_1": 0.10038355925473881, "reward_err_2": 0.0006621672805496297, "reward_err_3": 0.06263418278209182, "KL_distance_1": 1.691481231499528, "KL_distance_2": 0.8749987781331368, "KL_distance_3": 1.3960654687391894, "reward_param_1": 13.199689739429736, "reward_param_2": 3.648540231412543, "reward_param_3": 8.461432619079398, "reward_param_4": 5.082175394399898, "group_weight_1": 0.29916481241435183, "group_weight_2": 0.2681004204730821, "group_weight_3": 0.43273476711256603, "hist_group_loss_1": 31.0253558417439, "hist_group_loss_2": 20.06205383850933, "hist_group_loss_3": 67.93839180349352, "cur_group_loss_1": 0.15411956713451236, "cur_group_loss_2": 0.10296947803267359, "cur_group_loss_3": 0.3328739367455795, "train_group_loss_1": 20.03426232506016, "train_group_loss_2": 12.257333118389326, "train_group_loss_3": 16.973092126381218, "val_group_loss_1": 20.728608102044745, "val_group_loss_2": 6.154481546463986, "val_group_loss_3": 18.713384396838247, "_timestamp": 1726698928.862336, "_runtime": 14.4112229347229, "_step": 3, "final/reward_err_1": 0.10038355925473881, "final/reward_err_2": 0.0006621672805496297, "final/reward_err_3": 0.06263418278209182, "final/reward_param_1": 13.199689739429736, "final/reward_param_2": 3.648540231412543, "final/reward_param_3": 8.461432619079398, "final/reward_param_4": 5.082175394399898, "optimal_reward_1": 3.8605411052703857, "optimal_reward_2": 3.8605411052703857, "optimal_reward_3": 3.298776388168335, "final/reward_1": 3.825101613998413, "final/reward_2": 3.5993566513061523, "final/reward_3": 3.298776388168335, "reward_0_when_1_group_param_known": 3.8605411052703857, "reward_1_when_1_group_param_known": 3.4837193489074707, "reward_2_when_1_group_param_known": 3.270322322845459, "reward_0_when_2_group_param_known": 3.4837193489074707, "reward_1_when_2_group_param_known": 3.8605411052703857, "reward_2_when_2_group_param_known": 3.110097646713257, "reward_0_when_3_group_param_known": 3.825101613998413, "reward_1_when_3_group_param_known": 3.5993566513061523, "reward_2_when_3_group_param_known": 3.298776388168335, "reward_error_0_when_1_group_param_known": 0.0, "reward_error_1_when_1_group_param_known": 0.09760853364531734, "reward_error_2_when_1_group_param_known": 0.008625642351791921, "reward_error_0_when_2_group_param_known": 0.09760853364531734, "reward_error_1_when_2_group_param_known": 0.0, "reward_error_2_when_2_group_param_known": 0.05719658420370927, "reward_error_0_when_3_group_param_known": 0.009179928488156982, "reward_error_1_when_3_group_param_known": 0.06765488226706512, "reward_error_2_when_3_group_param_known": 0.0, "_wandb": {"runtime": 14}}