{"Iteration": 199, "train_loss": 17.746279228409215, "val_loss": 15.12219238721951, "grad_norm": 0.013839647899417575, "live_grad": 1.414303868622662e-14, "train_weighted_loss": 53.238837685227644, "val_weighted_loss": 45.366577161658526, "max_reward_err": 0.06939656570361633, "max_reward_err_index": 0, "max_kl_dist": 1.285708074951946, "max_kl_dist_index": 0, "max_train_grp_loss": 19.569896542460825, "max_train_grp_loss_index": 0, "max_val_grp_loss": 18.96118973721111, "max_val_grp_loss_index": 0, "max_cur_train_grp_loss": 0.29455432032996653, "max_cur_train_grp_loss_index": 2, "reward_err_1": 0.06939656570361633, "reward_err_2": 0.011268599491292653, "reward_err_3": 0.03420945293997252, "KL_distance_1": 1.285708074951946, "KL_distance_2": 0.8282402781528213, "KL_distance_3": 1.0616562166249708, "reward_param_1": 10.199722642124831, "reward_param_2": 5.562235387802684, "reward_param_3": 8.458327267533331, "reward_param_4": 6.141393646834348, "group_weight_1": 0.30128045337756026, "group_weight_2": 0.2955723783960295, "group_weight_3": 0.4031471682264102, "hist_group_loss_1": 30.23149930534112, "hist_group_loss_2": 28.318716551254774, "hist_group_loss_3": 59.357510029513236, "cur_group_loss_1": 0.1505429442600721, "cur_group_loss_2": 0.1427422673186311, "cur_group_loss_3": 0.29455432032996653, "train_group_loss_1": 19.569896542460825, "train_group_loss_2": 16.131454990836946, "train_group_loss_3": 16.788470246285666, "val_group_loss_1": 18.96118973721111, "val_group_loss_2": 8.978018324541218, "val_group_loss_3": 16.650253240787393, "_timestamp": 1726693065.250331, "_runtime": 14.190603971481323, "_step": 3, "final/reward_err_1": 0.06939656570361633, "final/reward_err_2": 0.011268599491292653, "final/reward_err_3": 0.03420945293997252, "final/reward_param_1": 10.199722642124831, "final/reward_param_2": 5.562235387802684, "final/reward_param_3": 8.458327267533331, "final/reward_param_4": 6.141393646834348, "optimal_reward_1": 3.815298318862915, "optimal_reward_2": 3.815298318862915, "optimal_reward_3": 3.2616615295410156, "final/reward_1": 3.7792916297912598, "final/reward_2": 3.547971248626709, "final/reward_3": 3.2616615295410156, "reward_0_when_1_group_param_known": 3.815298318862915, "reward_1_when_1_group_param_known": 3.4180736541748047, "reward_2_when_1_group_param_known": 3.2313497066497803, "reward_0_when_2_group_param_known": 3.4180736541748047, "reward_1_when_2_group_param_known": 3.815298318862915, "reward_2_when_2_group_param_known": 3.058016777038574, "reward_0_when_3_group_param_known": 3.7792916297912598, "reward_1_when_3_group_param_known": 3.547971248626709, "reward_2_when_3_group_param_known": 3.2616615295410156, "reward_error_0_when_1_group_param_known": 0.0, "reward_error_1_when_1_group_param_known": 0.10411365809174691, "reward_error_2_when_1_group_param_known": 0.00929336861495278, "reward_error_0_when_2_group_param_known": 0.10411365809174691, "reward_error_1_when_2_group_param_known": 0.0, "reward_error_2_when_2_group_param_known": 0.06243589368731908, "reward_error_0_when_3_group_param_known": 0.009437450511703749, "reward_error_1_when_3_group_param_known": 0.07006714754506493, "reward_error_2_when_3_group_param_known": 0.0, "_wandb": {"runtime": 14}}