{"Iteration": 99, "train_loss": 15.651931868163926, "val_loss": 16.782294372484714, "grad_norm": 0.4939774530881026, "max_reward_err": 0.05784504635543222, "max_reward_err_index": 1, "max_kl_dist": 0.6798043161631717, "max_kl_dist_index": 0, "max_train_grp_loss": 20.10182357614743, "max_train_grp_loss_index": 0, "max_val_grp_loss": 20.502769610912395, "max_val_grp_loss_index": 0, "max_cur_train_grp_loss": 20.115149319390373, "max_cur_train_grp_loss_index": 0, "reward_err_1": 0.07063252014230971, "reward_err_2": 0.01428816638341343, "reward_err_3": 0.03378972435771396, "reward_param_1": 5.753438267290738, "reward_param_2": 4.3611710687488525, "reward_param_3": 7.126240418524493, "reward_param_4": 3.858489435468134, "KL_distance_1": 0.6798043161631717, "KL_distance_2": 0.3439938717211335, "KL_distance_3": 0.5153250073887213, "hist_group_loss_1": 2111.0678924090394, "hist_group_loss_2": 1223.146121490806, "hist_group_loss_3": 2050.409763406949, "cur_group_loss_1": 20.115149319390373, "cur_group_loss_2": 8.752005096235413, "cur_group_loss_3": 19.16358927387743, "train_group_loss_1": 20.10182357614743, "train_group_loss_2": 8.712353112771178, "train_group_loss_3": 19.1446167939392, "val_group_loss_1": 20.502769610912395, "val_group_loss_2": 10.149991661077298, "val_group_loss_3": 19.518525659968123, "_timestamp": 1726689133.7190661, "_runtime": 9.030221223831177, "_step": 2, "final/reward_err_1": 0.07063252014230971, "final/reward_err_2": 0.01428816638341343, "final/reward_err_3": 0.03378972435771396, "final/reward_param_1": 5.753438267290738, "final/reward_param_2": 4.3611710687488525, "final/reward_param_3": 7.126240418524493, "final/reward_param_4": 3.858489435468134, "optimal_reward_1": 3.8683831691741943, "optimal_reward_2": 3.8683831691741943, "optimal_reward_3": 3.3685383796691895, "final/reward_1": 3.825965404510498, "final/reward_2": 3.5973966121673584, "final/reward_3": 3.3685383796691895, "reward_0_when_1_group_param_known": 3.8683831691741943, "reward_1_when_1_group_param_known": 3.467085838317871, "reward_2_when_1_group_param_known": 3.32724666595459, "reward_0_when_2_group_param_known": 3.467085838317871, "reward_1_when_2_group_param_known": 3.8683831691741943, "reward_2_when_2_group_param_known": 3.166299343109131, "reward_0_when_3_group_param_known": 3.825965404510498, "reward_1_when_3_group_param_known": 3.5973966121673584, "reward_2_when_3_group_param_known": 3.3685383796691895, "reward_error_0_when_1_group_param_known": 0.0, "reward_error_1_when_1_group_param_known": 0.10373774088723234, "reward_error_2_when_1_group_param_known": 0.012258050543171991, "reward_error_0_when_2_group_param_known": 0.10373774088723234, "reward_error_1_when_2_group_param_known": 0.0, "reward_error_2_when_2_group_param_known": 0.06003762278045342, "reward_error_0_when_3_group_param_known": 0.010965243826337774, "reward_error_1_when_3_group_param_known": 0.07005163272507076, "reward_error_2_when_3_group_param_known": 0.0, "_wandb": {"runtime": 9}}