{"Iteration": 99, "train_loss": 16.892018785723337, "val_loss": 16.547734853899613, "grad_norm": 0.29216733543960544, "max_reward_err": 0.04893352483494047, "max_reward_err_index": 0, "max_kl_dist": 0.695706339037267, "max_kl_dist_index": 0, "max_train_grp_loss": 20.268332360749085, "max_train_grp_loss_index": 0, "max_val_grp_loss": 20.03142610069348, "max_val_grp_loss_index": 0, "max_cur_train_grp_loss": 20.275075476947414, "max_cur_train_grp_loss_index": 0, "reward_err_1": 0.05832057263455106, "reward_err_2": 0.013188296883800278, "reward_err_3": 0.026571450752684113, "reward_param_1": 6.766360864111659, "reward_param_2": 3.529294526082935, "reward_param_3": 6.455079881522272, "reward_param_4": 4.9247217580958695, "KL_distance_1": 0.695706339037267, "KL_distance_2": 0.40182532058125603, "KL_distance_3": 0.5293322410012723, "hist_group_loss_1": 2080.341135913253, "hist_group_loss_2": 1444.921143724759, "hist_group_loss_3": 1882.9126403354062, "cur_group_loss_1": 20.275075476947414, "cur_group_loss_2": 13.618143044679627, "cur_group_loss_3": 17.827145898026245, "train_group_loss_1": 20.268332360749085, "train_group_loss_2": 13.60986673145467, "train_group_loss_3": 17.81261818283713, "val_group_loss_1": 20.03142610069348, "val_group_loss_2": 10.137026413816423, "val_group_loss_3": 19.256826827402083, "_timestamp": 1726689832.244052, "_runtime": 8.568418025970459, "_step": 2, "final/reward_err_1": 0.05832057263455106, "final/reward_err_2": 0.013188296883800278, "final/reward_err_3": 0.026571450752684113, "final/reward_param_1": 6.766360864111659, "final/reward_param_2": 3.529294526082935, "final/reward_param_3": 6.455079881522272, "final/reward_param_4": 4.9247217580958695, "optimal_reward_1": 3.7937493324279785, "optimal_reward_2": 3.7937493324279785, "optimal_reward_3": 3.2583768367767334, "final/reward_1": 3.7626752853393555, "final/reward_2": 3.56032395362854, "final/reward_3": 3.2583768367767334, "reward_0_when_1_group_param_known": 3.7937493324279785, "reward_1_when_1_group_param_known": 3.4302093982696533, "reward_2_when_1_group_param_known": 3.224942445755005, "reward_0_when_2_group_param_known": 3.4302093982696533, "reward_1_when_2_group_param_known": 3.7937493324279785, "reward_2_when_2_group_param_known": 3.071303129196167, "reward_0_when_3_group_param_known": 3.7626752853393555, "reward_1_when_3_group_param_known": 3.56032395362854, "reward_2_when_3_group_param_known": 3.2583768367767334, "reward_error_0_when_1_group_param_known": 0.0, "reward_error_1_when_1_group_param_known": 0.09582602916088334, "reward_error_2_when_1_group_param_known": 0.010261057175572927, "reward_error_0_when_2_group_param_known": 0.09582602916088334, "reward_error_1_when_2_group_param_known": 0.0, "reward_error_2_when_2_group_param_known": 0.057413159051800874, "reward_error_0_when_3_group_param_known": 0.008190854051165217, "reward_error_1_when_3_group_param_known": 0.061528940988319736, "reward_error_2_when_3_group_param_known": 0.0, "_wandb": {"runtime": 8}}