{"Iteration": 99, "train_loss": 20.492879479839683, "val_loss": 21.40860911436525, "grad_norm": 0.2575971918371777, "max_reward_err": 0.07250239316526469, "max_reward_err_index": 0, "max_kl_dist": 0.46817629014801676, "max_kl_dist_index": 0, "max_train_grp_loss": 24.43747946828075, "max_train_grp_loss_index": 0, "max_val_grp_loss": 23.405165191345574, "max_val_grp_loss_index": 2, "max_cur_train_grp_loss": 24.43708820069023, "max_cur_train_grp_loss_index": 0, "reward_err_1": 0.08325290720379837, "reward_err_2": 0.00661650266929736, "reward_err_3": 0.044240939591308426, "reward_param_1": 4.4273403631992085, "reward_param_2": 3.367200380369702, "reward_param_3": 5.839874978517867, "reward_param_4": 2.140017735755917, "KL_distance_1": 0.46817629014801676, "KL_distance_2": 0.14576402961250742, "KL_distance_3": 0.3218119716413794, "hist_group_loss_1": 2445.4357420026813, "hist_group_loss_2": 1611.1674808784308, "hist_group_loss_3": 2328.198164138885, "cur_group_loss_1": 24.43708820069023, "cur_group_loss_2": 14.96699604687832, "cur_group_loss_3": 22.983258145592774, "train_group_loss_1": 24.43747946828075, "train_group_loss_2": 14.95229688858083, "train_group_loss_3": 22.979042876975228, "val_group_loss_1": 23.368417485304494, "val_group_loss_2": 16.985799053003127, "val_group_loss_3": 23.405165191345574, "_timestamp": 1726610839.148847, "_runtime": 8.14737319946289, "_step": 2, "final/reward_err_1": 0.08325290720379837, "final/reward_err_2": 0.00661650266929736, "final/reward_err_3": 0.044240939591308426, "final/reward_param_1": 4.4273403631992085, "final/reward_param_2": 3.367200380369702, "final/reward_param_3": 5.839874978517867, "final/reward_param_4": 2.140017735755917, "optimal_reward_1": 3.8888535499572754, "optimal_reward_2": 3.8888535499572754, "optimal_reward_3": 3.382976770401001, "final/reward_1": 3.852006435394287, "final/reward_2": 3.6119940280914307, "final/reward_3": 3.382976770401001, "reward_0_when_1_group_param_known": 3.8888535499572754, "reward_1_when_1_group_param_known": 3.4823989868164062, "reward_2_when_1_group_param_known": 3.3450193405151367, "reward_0_when_2_group_param_known": 3.4823989868164062, "reward_1_when_2_group_param_known": 3.8888535499572754, "reward_2_when_2_group_param_known": 3.1775741577148438, "reward_0_when_3_group_param_known": 3.852006435394287, "reward_1_when_3_group_param_known": 3.6119940280914307, "reward_2_when_3_group_param_known": 3.382976770401001, "reward_error_0_when_1_group_param_known": 0.0, "reward_error_1_when_1_group_param_known": 0.10451783743446308, "reward_error_2_when_1_group_param_known": 0.011220127261283255, "reward_error_0_when_2_group_param_known": 0.10451783743446308, "reward_error_1_when_2_group_param_known": 0.0, "reward_error_2_when_2_group_param_known": 0.06071653062572163, "reward_error_0_when_3_group_param_known": 0.009475058417510502, "reward_error_1_when_3_group_param_known": 0.07119309542239934, "reward_error_2_when_3_group_param_known": 0.0, "_wandb": {"runtime": 7}}