{"Iteration": 99, "train_loss": 16.712810660998137, "val_loss": 16.43749217373784, "grad_norm": 0.5582611978340907, "max_reward_err": 0.05727991225604369, "max_reward_err_index": 0, "max_kl_dist": 0.5350089683013183, "max_kl_dist_index": 0, "max_train_grp_loss": 21.361706916123058, "max_train_grp_loss_index": 0, "max_val_grp_loss": 20.889077116857965, "max_val_grp_loss_index": 0, "max_cur_train_grp_loss": 21.376934247546224, "max_cur_train_grp_loss_index": 0, "reward_err_1": 0.07036275951730785, "reward_err_2": 0.010766078025861377, "reward_err_3": 0.03334596094128856, "reward_param_1": 5.961110101746658, "reward_param_2": 2.9370034878495375, "reward_param_3": 5.427826714406718, "reward_param_4": 3.889158590530916, "KL_distance_1": 0.5350089683013183, "KL_distance_2": 0.24126010763056344, "KL_distance_3": 0.3886982564576872, "hist_group_loss_1": 2253.1455835496845, "hist_group_loss_2": 1484.9423870941644, "hist_group_loss_3": 2149.2274788659656, "cur_group_loss_1": 21.376934247546224, "cur_group_loss_2": 10.41145906850467, "cur_group_loss_3": 19.709742064976314, "train_group_loss_1": 21.361706916123058, "train_group_loss_2": 10.360571101734854, "train_group_loss_3": 19.684575256803843, "val_group_loss_1": 20.889077116857965, "val_group_loss_2": 10.76589590686039, "val_group_loss_3": 20.189880733086408, "_timestamp": 1726687371.782917, "_runtime": 8.217478036880493, "_step": 2, "final/reward_err_1": 0.07036275951730785, "final/reward_err_2": 0.010766078025861377, "final/reward_err_3": 0.03334596094128856, "final/reward_param_1": 5.961110101746658, "final/reward_param_2": 2.9370034878495375, "final/reward_param_3": 5.427826714406718, "final/reward_param_4": 3.889158590530916, "optimal_reward_1": 3.79974365234375, "optimal_reward_2": 3.79974365234375, "optimal_reward_3": 3.231123924255371, "final/reward_1": 3.7608675956726074, "final/reward_2": 3.536965847015381, "final/reward_3": 3.231123924255371, "reward_0_when_1_group_param_known": 3.79974365234375, "reward_1_when_1_group_param_known": 3.4242894649505615, "reward_2_when_1_group_param_known": 3.1954028606414795, "reward_0_when_2_group_param_known": 3.4242894649505615, "reward_1_when_2_group_param_known": 3.79974365234375, "reward_2_when_2_group_param_known": 3.0462567806243896, "reward_0_when_3_group_param_known": 3.7608675956726074, "reward_1_when_3_group_param_known": 3.536965847015381, "reward_2_when_3_group_param_known": 3.231123924255371, "reward_error_0_when_1_group_param_known": 0.0, "reward_error_1_when_1_group_param_known": 0.09881039926511927, "reward_error_2_when_1_group_param_known": 0.011055305971318851, "reward_error_0_when_2_group_param_known": 0.09881039926511927, "reward_error_1_when_2_group_param_known": 0.0, "reward_error_2_when_2_group_param_known": 0.05721450119669583, "reward_error_0_when_3_group_param_known": 0.010231231427194603, "reward_error_1_when_3_group_param_known": 0.06915671933981206, "reward_error_2_when_3_group_param_known": 0.0, "_wandb": {"runtime": 8}}