{"Iteration": 99, "train_loss": 14.159670661023059, "val_loss": 15.205394208394857, "grad_norm": 0.4211882697556701, "max_reward_err": 0.05407660622961669, "max_reward_err_index": 1, "max_kl_dist": 0.9909106360316312, "max_kl_dist_index": 0, "max_train_grp_loss": 20.901383650776186, "max_train_grp_loss_index": 0, "max_val_grp_loss": 20.190613497079973, "max_val_grp_loss_index": 0, "max_cur_train_grp_loss": 20.903109601980884, "max_cur_train_grp_loss_index": 0, "reward_err_1": 0.07941852852946643, "reward_err_2": 0.010108457556547715, "reward_err_3": 0.04232275809095359, "reward_param_1": 8.949313074657606, "reward_param_2": 4.947136903121514, "reward_param_3": 5.959944860790838, "reward_param_4": 3.237039003157745, "KL_distance_1": 0.9909106360316312, "KL_distance_2": 0.46237294676712454, "KL_distance_3": 0.7701883547413723, "hist_group_loss_1": 2114.2799285232577, "hist_group_loss_2": 1037.793005858579, "hist_group_loss_3": 1924.3910614638048, "cur_group_loss_1": 20.903109601980884, "cur_group_loss_2": 7.715408669731456, "cur_group_loss_3": 18.48067528147994, "train_group_loss_1": 20.901383650776186, "train_group_loss_2": 7.683245762266832, "train_group_loss_3": 18.4707297532131, "val_group_loss_1": 20.190613497079973, "val_group_loss_2": 8.179230974404256, "val_group_loss_3": 19.57930588976288, "_timestamp": 1726687316.637441, "_runtime": 8.395807027816772, "_step": 2, "final/reward_err_1": 0.07941852852946643, "final/reward_err_2": 0.010108457556547715, "final/reward_err_3": 0.04232275809095359, "final/reward_param_1": 8.949313074657606, "final/reward_param_2": 4.947136903121514, "final/reward_param_3": 5.959944860790838, "final/reward_param_4": 3.237039003157745, "optimal_reward_1": 3.885589361190796, "optimal_reward_2": 3.885589361190796, "optimal_reward_3": 3.3994290828704834, "final/reward_1": 3.846374034881592, "final/reward_2": 3.6055054664611816, "final/reward_3": 3.3994290828704834, "reward_0_when_1_group_param_known": 3.885589361190796, "reward_1_when_1_group_param_known": 3.49007511138916, "reward_2_when_1_group_param_known": 3.357795238494873, "reward_0_when_2_group_param_known": 3.49007511138916, "reward_1_when_2_group_param_known": 3.885589361190796, "reward_2_when_2_group_param_known": 3.1996824741363525, "reward_0_when_3_group_param_known": 3.846374034881592, "reward_1_when_3_group_param_known": 3.6055054664611816, "reward_2_when_3_group_param_known": 3.3994290828704834, "reward_error_0_when_1_group_param_known": 0.0, "reward_error_1_when_1_group_param_known": 0.10179002798186183, "reward_error_2_when_1_group_param_known": 0.012247304874045104, "reward_error_0_when_2_group_param_known": 0.10179002798186183, "reward_error_1_when_2_group_param_known": 0.0, "reward_error_2_when_2_group_param_known": 0.05875886917030918, "reward_error_0_when_3_group_param_known": 0.010092504035780556, "reward_error_1_when_3_group_param_known": 0.07208273152255555, "reward_error_2_when_3_group_param_known": 0.0, "_wandb": {"runtime": 8}}