{"Iteration": 99, "train_loss": 17.038510307697372, "val_loss": 19.030720497273645, "grad_norm": 0.007249836486516516, "live_grad": 3.4589026840559895e-14, "train_weighted_loss": 51.115530923092116, "val_weighted_loss": 57.09216149182093, "max_reward_err": 0.08628664375679215, "max_reward_err_index": 0, "max_kl_dist": 1.2986341694181318, "max_kl_dist_index": 0, "max_train_grp_loss": 19.28913103098281, "max_train_grp_loss_index": 0, "max_val_grp_loss": 19.847597673260296, "max_val_grp_loss_index": 1, "max_cur_train_grp_loss": 0.2926575422873447, "max_cur_train_grp_loss_index": 2, "reward_err_1": 0.08628664375679215, "reward_err_2": 0.011440373369535578, "reward_err_3": 0.050076505067416295, "KL_distance_1": 1.2986341694181318, "KL_distance_2": 0.7479795523040601, "KL_distance_3": 1.0614146941542648, "reward_param_1": 11.062877167871537, "reward_param_2": 6.207674177520872, "reward_param_3": 7.552452495847165, "reward_param_4": 4.366790254751889, "group_weight_1": 0.3187372211276796, "group_weight_2": 0.3125079729761611, "group_weight_3": 0.3687548058961593, "hist_group_loss_1": 14.897169521877501, "hist_group_loss_2": 12.923467250432495, "hist_group_loss_3": 29.473663063745587, "cur_group_loss_1": 0.14838604525454566, "cur_group_loss_2": 0.12945164541102488, "cur_group_loss_3": 0.2926575422873447, "train_group_loss_1": 19.28913103098281, "train_group_loss_2": 14.630077386196762, "train_group_loss_3": 16.68012830949498, "val_group_loss_1": 19.55222205765421, "val_group_loss_2": 19.847597673260296, "val_group_loss_3": 17.63911100990728, "_timestamp": 1726685277.868574, "_runtime": 10.025707960128784, "_step": 2, "final/reward_err_1": 0.08628664375679215, "final/reward_err_2": 0.011440373369535578, "final/reward_err_3": 0.050076505067416295, "final/reward_param_1": 11.062877167871537, "final/reward_param_2": 6.207674177520872, "final/reward_param_3": 7.552452495847165, "final/reward_param_4": 4.366790254751889, "optimal_reward_1": 3.8689029216766357, "optimal_reward_2": 3.8689029216766357, "optimal_reward_3": 3.338573932647705, "final/reward_1": 3.8354125022888184, "final/reward_2": 3.6089484691619873, "final/reward_3": 3.338573932647705, "reward_0_when_1_group_param_known": 3.8689029216766357, "reward_1_when_1_group_param_known": 3.4624440670013428, "reward_2_when_1_group_param_known": 3.304152727127075, "reward_0_when_2_group_param_known": 3.4624440670013428, "reward_1_when_2_group_param_known": 3.8689029216766357, "reward_2_when_2_group_param_known": 3.1259868144989014, "reward_0_when_3_group_param_known": 3.8354125022888184, "reward_1_when_3_group_param_known": 3.6089484691619873, "reward_2_when_3_group_param_known": 3.338573932647705, "reward_error_0_when_1_group_param_known": 0.0, "reward_error_1_when_1_group_param_known": 0.10505790993048467, "reward_error_2_when_1_group_param_known": 0.010310152243156, "reward_error_0_when_2_group_param_known": 0.10505790993048467, "reward_error_1_when_2_group_param_known": 0.0, "reward_error_2_when_2_group_param_known": 0.06367602528430706, "reward_error_0_when_3_group_param_known": 0.008656309053447097, "reward_error_1_when_3_group_param_known": 0.0671907405735562, "reward_error_2_when_3_group_param_known": 0.0, "_wandb": {"runtime": 9}}