{"Iteration": 99, "train_loss": 16.231102131536876, "val_loss": 16.24728902044601, "grad_norm": 0.434448932648087, "max_reward_err": 0.05856160448280598, "max_reward_err_index": 1, "max_kl_dist": 0.8331261215597242, "max_kl_dist_index": 0, "max_train_grp_loss": 21.310059197265502, "max_train_grp_loss_index": 0, "max_val_grp_loss": 21.16410647285525, "max_val_grp_loss_index": 0, "max_cur_train_grp_loss": 21.312886154027158, "max_cur_train_grp_loss_index": 0, "reward_err_1": 0.09258766885805725, "reward_err_2": 0.0035316982451747835, "reward_err_3": 0.053347600443368816, "reward_param_1": 6.402045249193217, "reward_param_2": 4.047235554556396, "reward_param_3": 7.965682143461299, "reward_param_4": 2.715310395070087, "KL_distance_1": 0.8331261215597242, "KL_distance_2": 0.3497257407851734, "KL_distance_3": 0.6307716209181792, "hist_group_loss_1": 2154.6320492887853, "hist_group_loss_2": 1319.9553028043185, "hist_group_loss_3": 2024.9759081471873, "cur_group_loss_1": 21.312886154027158, "cur_group_loss_2": 9.902320812679182, "cur_group_loss_3": 19.461454328922372, "train_group_loss_1": 21.310059197265502, "train_group_loss_2": 9.864574399740395, "train_group_loss_3": 19.45002879670652, "val_group_loss_1": 21.16410647285525, "val_group_loss_2": 8.609175708082418, "val_group_loss_3": 19.525888025398366, "_timestamp": 1726681958.581009, "_runtime": 8.225037813186646, "_step": 2, "final/reward_err_1": 0.09258766885805725, "final/reward_err_2": 0.0035316982451747835, "final/reward_err_3": 0.053347600443368816, "final/reward_param_1": 6.402045249193217, "final/reward_param_2": 4.047235554556396, "final/reward_param_3": 7.965682143461299, "final/reward_param_4": 2.715310395070087, "optimal_reward_1": 3.828052282333374, "optimal_reward_2": 3.828052282333374, "optimal_reward_3": 3.2916338443756104, "final/reward_1": 3.7912938594818115, "final/reward_2": 3.5654032230377197, "final/reward_3": 3.2916338443756104, "reward_0_when_1_group_param_known": 3.828052282333374, "reward_1_when_1_group_param_known": 3.4364659786224365, "reward_2_when_1_group_param_known": 3.2576518058776855, "reward_0_when_2_group_param_known": 3.4364659786224365, "reward_1_when_2_group_param_known": 3.828052282333374, "reward_2_when_2_group_param_known": 3.0915684700012207, "reward_0_when_3_group_param_known": 3.7912938594818115, "reward_1_when_3_group_param_known": 3.5654032230377197, "reward_2_when_3_group_param_known": 3.2916338443756104, "reward_error_0_when_1_group_param_known": 0.0, "reward_error_1_when_1_group_param_known": 0.10229387553511878, "reward_error_2_when_1_group_param_known": 0.010323760206801147, "reward_error_0_when_2_group_param_known": 0.10229387553511878, "reward_error_1_when_2_group_param_known": 0.0, "reward_error_2_when_2_group_param_known": 0.06077996029729729, "reward_error_0_when_3_group_param_known": 0.009602382658461642, "reward_error_1_when_3_group_param_known": 0.06861166983214702, "reward_error_2_when_3_group_param_known": 0.0, "_wandb": {"runtime": 8}}