{"Iteration": 99, "train_loss": 17.952950481895655, "val_loss": 19.244494055099732, "grad_norm": 0.006453165516765653, "live_grad": 2.5707836845059343e-14, "train_weighted_loss": 53.85885144568695, "val_weighted_loss": 57.733482165299186, "max_reward_err": 0.07948033865952871, "max_reward_err_index": 0, "max_kl_dist": 1.1481521987845587, "max_kl_dist_index": 0, "max_train_grp_loss": 22.49799521514945, "max_train_grp_loss_index": 0, "max_val_grp_loss": 22.404893390694475, "max_val_grp_loss_index": 0, "max_cur_train_grp_loss": 0.23934493683126912, "max_cur_train_grp_loss_index": 0, "reward_err_1": 0.07948033865952871, "reward_err_2": 0.008988210987283222, "reward_err_3": 0.04230974663456946, "KL_distance_1": 1.1481521987845587, "KL_distance_2": 0.6216893244415357, "KL_distance_3": 0.9307710445929407, "reward_param_1": 6.740231647065596, "reward_param_2": 5.8622270402697, "reward_param_3": 10.236837639378166, "reward_param_4": 4.2090704380264, "group_weight_1": 0.3507491895874666, "group_weight_2": 0.3075420512245475, "group_weight_3": 0.34170875918798593, "hist_group_loss_1": 23.967420966262097, "hist_group_loss_2": 10.821463104262477, "hist_group_loss_3": 21.35615941355684, "cur_group_loss_1": 0.23934493683126912, "cur_group_loss_2": 0.10804391988145298, "cur_group_loss_3": 0.2130740921296016, "train_group_loss_1": 22.49799521514945, "train_group_loss_2": 11.885740872351318, "train_group_loss_3": 20.454605191520866, "val_group_loss_1": 22.404893390694475, "val_group_loss_2": 13.447633036519678, "val_group_loss_3": 21.546101939174484, "_timestamp": 1726610007.269469, "_runtime": 9.447014093399048, "_step": 2, "final/reward_err_1": 0.07948033865952871, "final/reward_err_2": 0.008988210987283222, "final/reward_err_3": 0.04230974663456946, "final/reward_param_1": 6.740231647065596, "final/reward_param_2": 5.8622270402697, "final/reward_param_3": 10.236837639378166, "final/reward_param_4": 4.2090704380264, "optimal_reward_1": 3.8953254222869873, "optimal_reward_2": 3.8953254222869873, "optimal_reward_3": 3.3897509574890137, "final/reward_1": 3.860149383544922, "final/reward_2": 3.6194307804107666, "final/reward_3": 3.3897509574890137, "reward_0_when_1_group_param_known": 3.8953254222869873, "reward_1_when_1_group_param_known": 3.486448287963867, "reward_2_when_1_group_param_known": 3.353602647781372, "reward_0_when_2_group_param_known": 3.486448287963867, "reward_1_when_2_group_param_known": 3.8953254222869873, "reward_2_when_2_group_param_known": 3.1823203563690186, "reward_0_when_3_group_param_known": 3.860149383544922, "reward_1_when_3_group_param_known": 3.6194307804107666, "reward_2_when_3_group_param_known": 3.3897509574890137, "reward_error_0_when_1_group_param_known": 0.0, "reward_error_1_when_1_group_param_known": 0.1049661042396463, "reward_error_2_when_1_group_param_known": 0.01066400162164679, "reward_error_0_when_2_group_param_known": 0.1049661042396463, "reward_error_1_when_2_group_param_known": 0.0, "reward_error_2_when_2_group_param_known": 0.06119346339049376, "reward_error_0_when_3_group_param_known": 0.00903032094335605, "reward_error_1_when_3_group_param_known": 0.07082710992455157, "reward_error_2_when_3_group_param_known": 0.0, "_wandb": {"runtime": 9}}