{"Iteration": 99, "train_loss": 16.17701907804817, "val_loss": 16.777905341187157, "grad_norm": 0.4405420968929948, "max_reward_err": 0.0985175075914306, "max_reward_err_index": 0, "max_kl_dist": 0.7940832572072093, "max_kl_dist_index": 0, "max_train_grp_loss": 20.94347474196346, "max_train_grp_loss_index": 0, "max_val_grp_loss": 19.983775209121745, "max_val_grp_loss_index": 0, "max_cur_train_grp_loss": 20.95157514201833, "max_cur_train_grp_loss_index": 0, "reward_err_1": 0.0906605087421643, "reward_err_2": 0.007175429509030623, "reward_err_3": 0.055810835849280406, "reward_param_1": 5.032147482579586, "reward_param_2": 4.375057927640883, "reward_param_3": 8.646962915082886, "reward_param_4": 3.0643801329288367, "KL_distance_1": 0.7940832572072093, "KL_distance_2": 0.36064308413251117, "KL_distance_3": 0.6281000834268748, "hist_group_loss_1": 2162.6867283332826, "hist_group_loss_2": 1330.6146413353265, "hist_group_loss_3": 2019.5062779027235, "cur_group_loss_1": 20.95157514201833, "cur_group_loss_2": 10.51779975107404, "cur_group_loss_3": 19.272258021169975, "train_group_loss_1": 20.94347474196346, "train_group_loss_2": 10.485267371505786, "train_group_loss_3": 19.259559150597862, "val_group_loss_1": 19.983775209121745, "val_group_loss_2": 11.088270340107734, "val_group_loss_3": 19.071222207657875, "_timestamp": 1726682228.601831, "_runtime": 8.62044906616211, "_step": 2, "final/reward_err_1": 0.0906605087421643, "final/reward_err_2": 0.007175429509030623, "final/reward_err_3": 0.055810835849280406, "final/reward_param_1": 5.032147482579586, "final/reward_param_2": 4.375057927640883, "final/reward_param_3": 8.646962915082886, "final/reward_param_4": 3.0643801329288367, "optimal_reward_1": 3.8433432579040527, "optimal_reward_2": 3.8433432579040527, "optimal_reward_3": 3.2542388439178467, "final/reward_1": 3.803264617919922, "final/reward_2": 3.5905978679656982, "final/reward_3": 3.2542388439178467, "reward_0_when_1_group_param_known": 3.8433432579040527, "reward_1_when_1_group_param_known": 3.466123342514038, "reward_2_when_1_group_param_known": 3.218020439147949, "reward_0_when_2_group_param_known": 3.466123342514038, "reward_1_when_2_group_param_known": 3.8433432579040527, "reward_2_when_2_group_param_known": 3.063755989074707, "reward_0_when_3_group_param_known": 3.803264617919922, "reward_1_when_3_group_param_known": 3.5905978679656982, "reward_2_when_3_group_param_known": 3.2542388439178467, "reward_error_0_when_1_group_param_known": 0.0, "reward_error_1_when_1_group_param_known": 0.09814890059956018, "reward_error_2_when_1_group_param_known": 0.01112960864491844, "reward_error_0_when_2_group_param_known": 0.09814890059956018, "reward_error_1_when_2_group_param_known": 0.0, "reward_error_2_when_2_group_param_known": 0.058533765952413414, "reward_error_0_when_3_group_param_known": 0.010428066736351708, "reward_error_1_when_3_group_param_known": 0.06576185705468002, "reward_error_2_when_3_group_param_known": 0.0, "_wandb": {"runtime": 8}}