{"Iteration": 99, "train_loss": 13.837739773290608, "val_loss": 14.042271102113169, "grad_norm": 0.01685405821074881, "live_grad": 4.278321889649759e-15, "train_weighted_loss": 41.51321931987182, "val_weighted_loss": 42.126813306339514, "max_reward_err": 0.09313993549518061, "max_reward_err_index": 0, "max_kl_dist": 1.910330061310017, "max_kl_dist_index": 0, "max_train_grp_loss": 19.86156015100068, "max_train_grp_loss_index": 0, "max_val_grp_loss": 19.171435928276303, "max_val_grp_loss_index": 0, "max_cur_train_grp_loss": 0.35022898975379463, "max_cur_train_grp_loss_index": 2, "reward_err_1": 0.09313993549518061, "reward_err_2": 0.0010381848771049036, "reward_err_3": 0.051960065516618206, "KL_distance_1": 1.910330061310017, "KL_distance_2": 1.064152631811552, "KL_distance_3": 1.5661961421748392, "reward_param_1": 13.079809826351108, "reward_param_2": 5.694009783786567, "reward_param_3": 10.928864308834857, "reward_param_4": 4.293116058961847, "group_weight_1": 0.32126820481851115, "group_weight_2": 0.288914161201305, "group_weight_3": 0.3898176339801839, "hist_group_loss_1": 16.091868724513, "hist_group_loss_2": 5.477200787410322, "hist_group_loss_3": 35.4321408528838, "cur_group_loss_1": 0.16018465470350993, "cur_group_loss_2": 0.054960702429559014, "cur_group_loss_3": 0.35022898975379463, "train_group_loss_1": 19.86156015100068, "train_group_loss_2": 7.092782280031946, "train_group_loss_3": 16.457862960403773, "val_group_loss_1": 19.171435928276303, "val_group_loss_2": 6.813261170322322, "val_group_loss_3": 16.713117146236566, "_timestamp": 1726690181.259248, "_runtime": 9.816865921020508, "_step": 2, "final/reward_err_1": 0.09313993549518061, "final/reward_err_2": 0.0010381848771049036, "final/reward_err_3": 0.051960065516618206, "final/reward_param_1": 13.079809826351108, "final/reward_param_2": 5.694009783786567, "final/reward_param_3": 10.928864308834857, "final/reward_param_4": 4.293116058961847, "optimal_reward_1": 3.870741367340088, "optimal_reward_2": 3.870741367340088, "optimal_reward_3": 3.3351211547851562, "final/reward_1": 3.836113214492798, "final/reward_2": 3.5835537910461426, "final/reward_3": 3.3351211547851562, "reward_0_when_1_group_param_known": 3.870741367340088, "reward_1_when_1_group_param_known": 3.47579288482666, "reward_2_when_1_group_param_known": 3.3037049770355225, "reward_0_when_2_group_param_known": 3.47579288482666, "reward_1_when_2_group_param_known": 3.870741367340088, "reward_2_when_2_group_param_known": 3.1393208503723145, "reward_0_when_3_group_param_known": 3.836113214492798, "reward_1_when_3_group_param_known": 3.5835537910461426, "reward_2_when_3_group_param_known": 3.3351211547851562, "reward_error_0_when_1_group_param_known": 0.0, "reward_error_1_when_1_group_param_known": 0.10203432496055144, "reward_error_2_when_1_group_param_known": 0.009419801048174388, "reward_error_0_when_2_group_param_known": 0.10203432496055144, "reward_error_1_when_2_group_param_known": 0.0, "reward_error_2_when_2_group_param_known": 0.05870860317380433, "reward_error_0_when_3_group_param_known": 0.008946129322788094, "reward_error_1_when_3_group_param_known": 0.07419446277582117, "reward_error_2_when_3_group_param_known": 0.0, "_wandb": {"runtime": 9}}