{"Iteration": 99, "train_loss": 21.368167532838974, "val_loss": 21.17365590048019, "grad_norm": 0.2084037250419848, "max_reward_err": 0.097126887237825, "max_reward_err_index": 0, "max_kl_dist": 0.41994499192701984, "max_kl_dist_index": 0, "max_train_grp_loss": 24.37145873568768, "max_train_grp_loss_index": 2, "max_val_grp_loss": 23.648877837663846, "max_val_grp_loss_index": 2, "max_cur_train_grp_loss": 24.37197283225234, "max_cur_train_grp_loss_index": 2, "reward_err_1": 0.08294519632587237, "reward_err_2": 0.007200520268168537, "reward_err_3": 0.050088173455669585, "reward_param_1": 3.616136186223741, "reward_param_2": 2.8484468524739612, "reward_param_3": 6.010079533718045, "reward_param_4": 2.1943372060257227, "KL_distance_1": 0.41994499192701984, "KL_distance_2": 0.11271106470609586, "KL_distance_3": 0.29459509905139436, "hist_group_loss_1": 2431.966275042424, "hist_group_loss_2": 1650.8875049633482, "hist_group_loss_3": 2444.4069165499695, "cur_group_loss_1": 24.25748002416241, "cur_group_loss_2": 15.572595321932608, "cur_group_loss_3": 24.37197283225234, "train_group_loss_1": 24.25704725288181, "train_group_loss_2": 15.560672131505084, "train_group_loss_3": 24.37145873568768, "val_group_loss_1": 23.454308122454037, "val_group_loss_2": 16.52985492395607, "val_group_loss_3": 23.648877837663846, "_timestamp": 1726610707.298261, "_runtime": 8.016077995300293, "_step": 2, "final/reward_err_1": 0.08294519632587237, "final/reward_err_2": 0.007200520268168537, "final/reward_err_3": 0.050088173455669585, "final/reward_param_1": 3.616136186223741, "final/reward_param_2": 2.8484468524739612, "final/reward_param_3": 6.010079533718045, "final/reward_param_4": 2.1943372060257227, "optimal_reward_1": 3.894484758377075, "optimal_reward_2": 3.894484758377075, "optimal_reward_3": 3.3417041301727295, "final/reward_1": 3.853400707244873, "final/reward_2": 3.6607706546783447, "final/reward_3": 3.3417041301727295, "reward_0_when_1_group_param_known": 3.894484758377075, "reward_1_when_1_group_param_known": 3.5591492652893066, "reward_2_when_1_group_param_known": 3.2951979637145996, "reward_0_when_2_group_param_known": 3.5591492652893066, "reward_1_when_2_group_param_known": 3.894484758377075, "reward_2_when_2_group_param_known": 3.1762964725494385, "reward_0_when_3_group_param_known": 3.853400707244873, "reward_1_when_3_group_param_known": 3.6607706546783447, "reward_2_when_3_group_param_known": 3.3417041301727295, "reward_error_0_when_1_group_param_known": 0.0, "reward_error_1_when_1_group_param_known": 0.08610522672260011, "reward_error_2_when_1_group_param_known": 0.013916901271485703, "reward_error_0_when_2_group_param_known": 0.08610522672260011, "reward_error_1_when_2_group_param_known": 0.0, "reward_error_2_when_2_group_param_known": 0.04949799598647928, "reward_error_0_when_3_group_param_known": 0.01054929051752737, "reward_error_1_when_3_group_param_known": 0.06001155947420493, "reward_error_2_when_3_group_param_known": 0.0, "_wandb": {"runtime": 7}}