{"Iteration": 99, "train_loss": 18.171593846353183, "val_loss": 18.567251739659124, "grad_norm": 0.0045064866275271375, "live_grad": 1.8562401077082567e-14, "train_weighted_loss": 54.51478153905955, "val_weighted_loss": 55.70175521897737, "max_reward_err": 0.08883395962874763, "max_reward_err_index": 0, "max_kl_dist": 1.4015135058858246, "max_kl_dist_index": 0, "max_train_grp_loss": 18.636256731389224, "max_train_grp_loss_index": 0, "max_val_grp_loss": 19.928868064660666, "max_val_grp_loss_index": 0, "max_cur_train_grp_loss": 0.2912775107428863, "max_cur_train_grp_loss_index": 2, "reward_err_1": 0.08883395962874763, "reward_err_2": 0.00042877870904518324, "reward_err_3": 0.052098975347772095, "KL_distance_1": 1.4015135058858246, "KL_distance_2": 0.6894184990801013, "KL_distance_3": 1.1148880354295034, "reward_param_1": 9.30590701276879, "reward_param_2": 3.907959025618151, "reward_param_3": 10.506927746184958, "reward_param_4": 3.6367075101463953, "group_weight_1": 0.3159738323441388, "group_weight_2": 0.3190669093368319, "group_weight_3": 0.36495925831902926, "hist_group_loss_1": 14.85132030526398, "hist_group_loss_2": 15.825462986051381, "hist_group_loss_3": 29.263952824076583, "cur_group_loss_1": 0.14791225775796957, "cur_group_loss_2": 0.15812712064151002, "cur_group_loss_3": 0.2912775107428863, "train_group_loss_1": 18.636256731389224, "train_group_loss_2": 17.711476913062363, "train_group_loss_3": 18.058457927224644, "val_group_loss_1": 19.928868064660666, "val_group_loss_2": 17.526102653552545, "val_group_loss_3": 18.271053365764043, "_timestamp": 1726685051.09219, "_runtime": 9.867774963378906, "_step": 2, "final/reward_err_1": 0.08883395962874763, "final/reward_err_2": 0.00042877870904518324, "final/reward_err_3": 0.052098975347772095, "final/reward_param_1": 9.30590701276879, "final/reward_param_2": 3.907959025618151, "final/reward_param_3": 10.506927746184958, "final/reward_param_4": 3.6367075101463953, "optimal_reward_1": 3.761061906814575, "optimal_reward_2": 3.761061906814575, "optimal_reward_3": 3.2219769954681396, "final/reward_1": 3.7224037647247314, "final/reward_2": 3.5345420837402344, "final/reward_3": 3.2219769954681396, "reward_0_when_1_group_param_known": 3.761061906814575, "reward_1_when_1_group_param_known": 3.4177727699279785, "reward_2_when_1_group_param_known": 3.179455518722534, "reward_0_when_2_group_param_known": 3.4177727699279785, "reward_1_when_2_group_param_known": 3.761061906814575, "reward_2_when_2_group_param_known": 3.04893159866333, "reward_0_when_3_group_param_known": 3.7224037647247314, "reward_1_when_3_group_param_known": 3.5345420837402344, "reward_2_when_3_group_param_known": 3.2219769954681396, "reward_error_0_when_1_group_param_known": 0.0, "reward_error_1_when_1_group_param_known": 0.0912745244274229, "reward_error_2_when_1_group_param_known": 0.01319732474980855, "reward_error_0_when_2_group_param_known": 0.0912745244274229, "reward_error_1_when_2_group_param_known": 0.0, "reward_error_2_when_2_group_param_known": 0.0537078312626707, "reward_error_0_when_3_group_param_known": 0.010278517888737756, "reward_error_1_when_3_group_param_known": 0.06022762418877369, "reward_error_2_when_3_group_param_known": 0.0, "_wandb": {"runtime": 9}}