{"Iteration": 99, "train_loss": 18.135988226491136, "val_loss": 19.324134930460847, "grad_norm": 0.005415244338969518, "live_grad": 8.242611568074747e-15, "train_weighted_loss": 54.40796467947343, "val_weighted_loss": 57.97240479138255, "max_reward_err": 0.07357492922916557, "max_reward_err_index": 0, "max_kl_dist": 1.1652442373583562, "max_kl_dist_index": 0, "max_train_grp_loss": 19.76038113169864, "max_train_grp_loss_index": 1, "max_val_grp_loss": 21.46363001829417, "max_val_grp_loss_index": 1, "max_cur_train_grp_loss": 0.21958696004429631, "max_cur_train_grp_loss_index": 1, "reward_err_1": 0.07357492922916557, "reward_err_2": 0.020316287681160696, "reward_err_3": 0.035965777378533244, "KL_distance_1": 1.1652442373583562, "KL_distance_2": 0.74843629575725, "KL_distance_3": 0.9635447561652899, "reward_param_1": 10.139069817145897, "reward_param_2": 6.391790845647992, "reward_param_3": 7.440399290759611, "reward_param_4": 5.5831666435425475, "group_weight_1": 0.3304734574236305, "group_weight_2": 0.3456598849396692, "group_weight_3": 0.3238666576367003, "hist_group_loss_1": 17.611966456178994, "hist_group_loss_2": 22.104861896321086, "hist_group_loss_3": 15.592519944049494, "cur_group_loss_1": 0.17628180181933753, "cur_group_loss_2": 0.21958696004429631, "cur_group_loss_3": 0.1558841584830218, "train_group_loss_1": 18.510694240687002, "train_group_loss_2": 19.76038113169864, "train_group_loss_3": 16.368945436403127, "val_group_loss_1": 18.922775379797663, "val_group_loss_2": 21.46363001829417, "val_group_loss_3": 17.68965217585479, "_timestamp": 1726605798.414465, "_runtime": 9.86185598373413, "_step": 2, "final/reward_err_1": 0.07357492922916557, "final/reward_err_2": 0.020316287681160696, "final/reward_err_3": 0.035965777378533244, "final/reward_param_1": 10.139069817145897, "final/reward_param_2": 6.391790845647992, "final/reward_param_3": 7.440399290759611, "final/reward_param_4": 5.5831666435425475, "optimal_reward_1": 3.9322431087493896, "optimal_reward_2": 3.9322431087493896, "optimal_reward_3": 3.4171640872955322, "final/reward_1": 3.891317367553711, "final/reward_2": 3.641733407974243, "final/reward_3": 3.4171640872955322, "reward_0_when_1_group_param_known": 3.9322431087493896, "reward_1_when_1_group_param_known": 3.5081164836883545, "reward_2_when_1_group_param_known": 3.382530450820923, "reward_0_when_2_group_param_known": 3.5081164836883545, "reward_1_when_2_group_param_known": 3.9322431087493896, "reward_2_when_2_group_param_known": 3.203848123550415, "reward_0_when_3_group_param_known": 3.891317367553711, "reward_1_when_3_group_param_known": 3.641733407974243, "reward_2_when_3_group_param_known": 3.4171640872955322, "reward_error_0_when_1_group_param_known": 0.0, "reward_error_1_when_1_group_param_known": 0.10785869879645472, "reward_error_2_when_1_group_param_known": 0.010135198541788402, "reward_error_0_when_2_group_param_known": 0.10785869879645472, "reward_error_1_when_2_group_param_known": 0.0, "reward_error_2_when_2_group_param_known": 0.06242485239096118, "reward_error_0_when_3_group_param_known": 0.010407734227982341, "reward_error_1_when_3_group_param_known": 0.07387887593438752, "reward_error_2_when_3_group_param_known": 0.0, "_wandb": {"runtime": 9}}