{"Iteration": 1999, "train_loss": 14.149411993640376, "val_loss": 14.386610421746195, "grad_norm": 0.0014548192902495323, "max_reward_err": 0.07958184047253818, "max_reward_err_index": 0, "max_kl_dist": 2.108675101959092, "max_kl_dist_index": 0, "max_train_grp_loss": 19.620191812161558, "max_train_grp_loss_index": 0, "max_val_grp_loss": 20.477453454884383, "max_val_grp_loss_index": 0, "max_cur_train_grp_loss": 19.62020647503107, "max_cur_train_grp_loss_index": 0, "reward_err_1": 0.07985772508957165, "reward_err_2": 0.0004549416792608189, "reward_err_3": 0.04379430982781484, "reward_param_1": 12.670219777278687, "reward_param_2": 4.881488316628383, "reward_param_3": 13.781210052005916, "reward_param_4": 5.154873084919594, "KL_distance_1": 2.108675101959092, "KL_distance_2": 1.250464293334941, "KL_distance_3": 1.746368578089912, "hist_group_loss_1": 39672.649009581175, "hist_group_loss_2": 14606.835929680881, "hist_group_loss_3": 32557.592706222225, "cur_group_loss_1": 19.62020647503107, "cur_group_loss_2": 7.16835394550248, "cur_group_loss_3": 15.85941063693878, "train_group_loss_1": 19.620191812161558, "train_group_loss_2": 7.168361791424836, "train_group_loss_3": 15.859416189985618, "val_group_loss_1": 20.477453454884383, "val_group_loss_2": 7.066440508391979, "val_group_loss_3": 15.985937594446426, "_timestamp": 1726580282.739417, "_runtime": 67.71975207328796, "_step": 21, "final/reward_err_1": 0.07985772508957165, "final/reward_err_2": 0.0004549416792608189, "final/reward_err_3": 0.04379430982781484, "final/reward_param_1": 12.670219777278687, "final/reward_param_2": 4.881488316628383, "final/reward_param_3": 13.781210052005916, "final/reward_param_4": 5.154873084919594, "optimal_reward_1": 3.870737075805664, "optimal_reward_2": 3.870737075805664, "optimal_reward_3": 3.327569007873535, "final/reward_1": 3.8269641399383545, "final/reward_2": 3.639406681060791, "final/reward_3": 3.327569007873535, "reward_0_when_1_group_param_known": 3.870737075805664, "reward_1_when_1_group_param_known": 3.5440561771392822, "reward_2_when_1_group_param_known": 3.277423858642578, "reward_0_when_2_group_param_known": 3.5440561771392822, "reward_1_when_2_group_param_known": 3.870737075805664, "reward_2_when_2_group_param_known": 3.1691665649414062, "reward_0_when_3_group_param_known": 3.8269641399383545, "reward_1_when_3_group_param_known": 3.639406681060791, "reward_2_when_3_group_param_known": 3.327569007873535, "reward_error_0_when_1_group_param_known": 0.0, "reward_error_1_when_1_group_param_known": 0.08439759463599984, "reward_error_2_when_1_group_param_known": 0.015069604600928176, "reward_error_0_when_2_group_param_known": 0.08439759463599984, "reward_error_1_when_2_group_param_known": 0.0, "reward_error_2_when_2_group_param_known": 0.04760305272627693, "reward_error_0_when_3_group_param_known": 0.011308682302633167, "reward_error_1_when_3_group_param_known": 0.059763913232655674, "reward_error_2_when_3_group_param_known": 0.0, "_wandb": {"runtime": 67}}