{"Iteration": 199, "train_loss": 14.766737316296314, "val_loss": 14.238645558969056, "grad_norm": 0.045249380175457106, "live_grad": 2.6323540680294663e-14, "train_weighted_loss": 44.300211948888936, "val_weighted_loss": 42.71593667690717, "max_reward_err": 0.09687236160953837, "max_reward_err_index": 0, "max_kl_dist": 1.7649808398951032, "max_kl_dist_index": 0, "max_train_grp_loss": 20.071438205606064, "max_train_grp_loss_index": 0, "max_val_grp_loss": 19.20241524056402, "max_val_grp_loss_index": 0, "max_cur_train_grp_loss": 0.3629426817629256, "max_cur_train_grp_loss_index": 2, "reward_err_1": 0.09687236160953837, "reward_err_2": 0.000618108392291635, "reward_err_3": 0.05854263089732218, "KL_distance_1": 1.7649808398951032, "KL_distance_2": 1.029525058781027, "KL_distance_3": 1.455687128995436, "reward_param_1": 10.349324011646535, "reward_param_2": 4.901961306334867, "reward_param_3": 13.08568761039045, "reward_param_4": 4.343625057655534, "group_weight_1": 0.3000084543331135, "group_weight_2": 0.2457927580772416, "group_weight_3": 0.4541987875896448, "hist_group_loss_1": 32.90768322252937, "hist_group_loss_2": 12.975491088991157, "hist_group_loss_3": 74.3801137192218, "cur_group_loss_1": 0.16319560496492214, "cur_group_loss_2": 0.06757990426949415, "cur_group_loss_3": 0.3629426817629256, "train_group_loss_1": 20.071438205606064, "train_group_loss_2": 8.722636489892416, "train_group_loss_3": 17.41696225840055, "val_group_loss_1": 19.20241524056402, "val_group_loss_2": 6.1556371879544605, "val_group_loss_3": 17.105120126080372, "_timestamp": 1726698730.160265, "_runtime": 14.73497986793518, "_step": 3, "final/reward_err_1": 0.09687236160953837, "final/reward_err_2": 0.000618108392291635, "final/reward_err_3": 0.05854263089732218, "final/reward_param_1": 10.349324011646535, "final/reward_param_2": 4.901961306334867, "final/reward_param_3": 13.08568761039045, "final/reward_param_4": 4.343625057655534, "optimal_reward_1": 3.8433432579040527, "optimal_reward_2": 3.8433432579040527, "optimal_reward_3": 3.2542388439178467, "final/reward_1": 3.803264617919922, "final/reward_2": 3.5905978679656982, "final/reward_3": 3.2542388439178467, "reward_0_when_1_group_param_known": 3.8433432579040527, "reward_1_when_1_group_param_known": 3.466123342514038, "reward_2_when_1_group_param_known": 3.218020439147949, "reward_0_when_2_group_param_known": 3.466123342514038, "reward_1_when_2_group_param_known": 3.8433432579040527, "reward_2_when_2_group_param_known": 3.063755989074707, "reward_0_when_3_group_param_known": 3.803264617919922, "reward_1_when_3_group_param_known": 3.5905978679656982, "reward_2_when_3_group_param_known": 3.2542388439178467, "reward_error_0_when_1_group_param_known": 0.0, "reward_error_1_when_1_group_param_known": 0.09814890059956018, "reward_error_2_when_1_group_param_known": 0.01112960864491844, "reward_error_0_when_2_group_param_known": 0.09814890059956018, "reward_error_1_when_2_group_param_known": 0.0, "reward_error_2_when_2_group_param_known": 0.058533765952413414, "reward_error_0_when_3_group_param_known": 0.010428066736351708, "reward_error_1_when_3_group_param_known": 0.06576185705468002, "reward_error_2_when_3_group_param_known": 0.0, "_wandb": {"runtime": 14}}