{"Iteration": 99, "train_loss": 18.080480832485087, "val_loss": 16.99727485056456, "grad_norm": 0.36473620526655914, "max_reward_err": 0.0658723380605241, "max_reward_err_index": 1, "max_kl_dist": 0.66132282875691, "max_kl_dist_index": 0, "max_train_grp_loss": 21.11723262219682, "max_train_grp_loss_index": 0, "max_val_grp_loss": 20.35175126214844, "max_val_grp_loss_index": 0, "max_cur_train_grp_loss": 21.122549241823556, "max_cur_train_grp_loss_index": 0, "reward_err_1": 0.08359692593656116, "reward_err_2": 0.00879325410425756, "reward_err_3": 0.04723446415914938, "reward_param_1": 7.480132147018368, "reward_param_2": 2.716564518848932, "reward_param_3": 4.765778199980936, "reward_param_4": 4.394539222249744, "KL_distance_1": 0.66132282875691, "KL_distance_2": 0.27935337631778034, "KL_distance_3": 0.5024601081131765, "hist_group_loss_1": 2150.1950761664198, "hist_group_loss_2": 1615.2296847148812, "hist_group_loss_3": 2099.1939977232846, "cur_group_loss_1": 21.122549241823556, "cur_group_loss_2": 14.329333805567344, "cur_group_loss_3": 20.434959239938156, "train_group_loss_1": 21.11723262219682, "train_group_loss_2": 14.306603945049922, "train_group_loss_3": 20.426712674078306, "val_group_loss_1": 20.35175126214844, "val_group_loss_2": 11.565943819841388, "val_group_loss_3": 19.48619686509522, "_timestamp": 1726682364.329105, "_runtime": 8.288136959075928, "_step": 2, "final/reward_err_1": 0.08359692593656116, "final/reward_err_2": 0.00879325410425756, "final/reward_err_3": 0.04723446415914938, "final/reward_param_1": 7.480132147018368, "final/reward_param_2": 2.716564518848932, "final/reward_param_3": 4.765778199980936, "final/reward_param_4": 4.394539222249744, "optimal_reward_1": 3.8608431816101074, "optimal_reward_2": 3.8608431816101074, "optimal_reward_3": 3.3174452781677246, "final/reward_1": 3.8267719745635986, "final/reward_2": 3.5796079635620117, "final/reward_3": 3.3174452781677246, "reward_0_when_1_group_param_known": 3.8608431816101074, "reward_1_when_1_group_param_known": 3.4672656059265137, "reward_2_when_1_group_param_known": 3.286299705505371, "reward_0_when_2_group_param_known": 3.4672656059265137, "reward_1_when_2_group_param_known": 3.8608431816101074, "reward_2_when_2_group_param_known": 3.1212518215179443, "reward_0_when_3_group_param_known": 3.8267719745635986, "reward_1_when_3_group_param_known": 3.5796079635620117, "reward_2_when_3_group_param_known": 3.3174452781677246, "reward_error_0_when_1_group_param_known": 0.0, "reward_error_1_when_1_group_param_known": 0.10194083446804438, "reward_error_2_when_1_group_param_known": 0.009388420923571552, "reward_error_0_when_2_group_param_known": 0.10194083446804438, "reward_error_1_when_2_group_param_known": 0.0, "reward_error_2_when_2_group_param_known": 0.05913992250028639, "reward_error_0_when_3_group_param_known": 0.008824809878006984, "reward_error_1_when_3_group_param_known": 0.07284295290408836, "reward_error_2_when_3_group_param_known": 0.0, "_wandb": {"runtime": 8}}