{"reward_error_2_when_1_group_param_known":0.00849832984501714,"max_reward_err":0.03420386904051342,"train_group_loss_3":11.0954151076692,"train_group_loss_2":16.020531433985987,"group_weight_2":0.20327011280178542,"optimal_reward_2":7.1581357421875,"val_loss":12.292920116596456,"final/reward_err_2":0.03420386904051342,"group_weight_3":0.6439763935474632,"max_reward_err_index":1,"KL_distance_3":0.703220703125,"val_weighted_loss":36.87876034978937,"reward_1_when_1_group_param_known":6.699916015625,"reward_0_when_1_group_param_known":3.8680634765625,"final/reward_1":3.83464501953125,"max_train_grp_loss":16.020531433985987,"reward_error_0_when_2_group_param_known":0.10530859550248342,"group_weight_1":0.15275349365075133,"hist_group_loss_3":23.925044181759613,"final/reward_param_3":5.008216979025389,"val_group_loss_1":10.517153899760917,"train_weighted_loss":40.31345675455415,"final/reward_3":3.336449462890625,"max_val_grp_loss":15.126942806820473,"KL_distance_2":0.35987127685546877,"max_cur_train_grp_loss_index":2,"final/reward_param_1":4.047922897070192,"optimal_reward_3":3.336449462890625,"reward_2_when_2_group_param_known":3.12821826171875,"reward_error_1_when_3_group_param_known":0.02112789329121925,"val_group_loss_2":15.126942806820473,"max_cur_train_grp_loss":0.23610503979036157,"max_kl_dist_index":2,"final/reward_err_3":0.0015758705649462359,"reward_2_when_1_group_param_known":3.30809521484375,"reward_err_3":0.0015758705649462359,"reward_error_2_when_3_group_param_known":0,"reward_error_1_when_1_group_param_known":0.06401383587376193,"_timestamp":1.72831499910079e+09,"reward_0_when_2_group_param_known":3.46072314453125,"Iteration":99,"_wandb":{"runtime":103},"cur_group_loss_1":0.093888585617053,"reward_param_1":4.047922897070192,"reward_0_when_3_group_param_known":3.83464501953125,"optimal_reward_1":3.8680634765625,"reward_err_2":0.03420386904051342,"reward_error_0_when_3_group_param_known":0.008639583407495802,"reward_param_4":9.221671819068396,"reward_error_0_when_1_group_param_known":0,"KL_distance_1":0.6683199462890625,"max_val_grp_loss_index":1,"train_loss":13.43781891818472,"_step":101,"cur_group_loss_3":0.23610503979036157,"_runtime":103.203043,"reward_1_when_2_group_param_known":7.1581357421875,"reward_param_3":5.008216979025389,"final/reward_err_1":0.003058271901541477,"max_train_grp_loss_index":1,"val_group_loss_3":11.25163383895782,"cur_group_loss_2":0.12415770808897529,"hist_group_loss_1":9.536678182064852,"max_kl_dist":0.703220703125,"reward_param_2":9.48223143891119,"reward_1_when_3_group_param_known":7.0068994140625,"reward_err_1":0.003058271901541477,"final/reward_2":7.0068994140625,"train_group_loss_1":11.63881137428041,"reward_error_1_when_2_group_param_known":0,"live_grad":1.0455330684325623e-14,"reward_2_when_3_group_param_known":3.336449462890625,"final/reward_param_4":9.221671819068396,"grad_norm":0.0181662816036659,"hist_group_loss_2":12.393780482320981,"reward_error_2_when_2_group_param_known":0.06241101610796404,"final/reward_param_2":9.48223143891119}