{"Iteration": 199, "train_loss": 17.440855686551828, "val_loss": 15.617969948921075, "grad_norm": 0.16264733183577165, "max_reward_err": 0.0652172801413937, "max_reward_err_index": 0, "max_kl_dist": 0.9139195059879652, "max_kl_dist_index": 0, "max_train_grp_loss": 19.789176037912778, "max_train_grp_loss_index": 0, "max_val_grp_loss": 19.11440775527119, "max_val_grp_loss_index": 0, "max_cur_train_grp_loss": 19.79181435942942, "max_cur_train_grp_loss_index": 0, "reward_err_1": 0.07242256550003182, "reward_err_2": 0.009155930019529242, "reward_err_3": 0.03734469995209202, "reward_param_1": 8.275098676949497, "reward_param_2": 4.666081240899826, "reward_param_3": 7.167612031093662, "reward_param_4": 4.5038715642442595, "KL_distance_1": 0.9139195059879652, "KL_distance_2": 0.49422920634988, "KL_distance_3": 0.7123641829570083, "hist_group_loss_1": 4080.9029357034224, "hist_group_loss_2": 2955.8154765113613, "hist_group_loss_3": 3957.430336363961, "cur_group_loss_1": 19.79181435942942, "cur_group_loss_2": 14.068822166691657, "cur_group_loss_3": 18.805597426759583, "train_group_loss_1": 19.789176037912778, "train_group_loss_2": 14.067331543277172, "train_group_loss_3": 18.800155005461924, "val_group_loss_1": 19.11440775527119, "val_group_loss_2": 8.940881667318498, "val_group_loss_3": 18.322721360176768, "_timestamp": 1726697805.868397, "_runtime": 11.584904909133911, "_step": 3, "final/reward_err_1": 0.07242256550003182, "final/reward_err_2": 0.009155930019529242, "final/reward_err_3": 0.03734469995209202, "final/reward_param_1": 8.275098676949497, "final/reward_param_2": 4.666081240899826, "final/reward_param_3": 7.167612031093662, "final/reward_param_4": 4.5038715642442595, "optimal_reward_1": 3.8699047565460205, "optimal_reward_2": 3.8699047565460205, "optimal_reward_3": 3.375126361846924, "final/reward_1": 3.831815481185913, "final/reward_2": 3.603090763092041, "final/reward_3": 3.375126361846924, "reward_0_when_1_group_param_known": 3.8699047565460205, "reward_1_when_1_group_param_known": 3.4682676792144775, "reward_2_when_1_group_param_known": 3.3350672721862793, "reward_0_when_2_group_param_known": 3.4682676792144775, "reward_1_when_2_group_param_known": 3.8699047565460205, "reward_2_when_2_group_param_known": 3.164400100708008, "reward_0_when_3_group_param_known": 3.831815481185913, "reward_1_when_3_group_param_known": 3.603090763092041, "reward_2_when_3_group_param_known": 3.375126361846924, "reward_error_0_when_1_group_param_known": 0.0, "reward_error_1_when_1_group_param_known": 0.10378474474137016, "reward_error_2_when_1_group_param_known": 0.011868915520758028, "reward_error_0_when_2_group_param_known": 0.10378474474137016, "reward_error_1_when_2_group_param_known": 0.0, "reward_error_2_when_2_group_param_known": 0.06243507310452317, "reward_error_0_when_3_group_param_known": 0.009842432244793276, "reward_error_1_when_3_group_param_known": 0.06894588116223231, "reward_error_2_when_3_group_param_known": 0.0, "_wandb": {"runtime": 11}}