{"Iteration": 99, "train_loss": 17.014844200431696, "val_loss": 17.612974405310748, "grad_norm": 0.006206196595981752, "live_grad": 2.1435374263312617e-14, "train_weighted_loss": 51.044532601295074, "val_weighted_loss": 52.83892321593224, "max_reward_err": 0.10026647337854451, "max_reward_err_index": 0, "max_kl_dist": 1.7522305987449185, "max_kl_dist_index": 0, "max_train_grp_loss": 21.09865169730367, "max_train_grp_loss_index": 0, "max_val_grp_loss": 20.64201294774133, "max_val_grp_loss_index": 0, "max_cur_train_grp_loss": 0.21752367343523482, "max_cur_train_grp_loss_index": 0, "reward_err_1": 0.10026647337854451, "reward_err_2": 0.0011264576229277098, "reward_err_3": 0.062047092780108594, "KL_distance_1": 1.7522305987449185, "KL_distance_2": 0.832904055827117, "KL_distance_3": 1.4476773699344618, "reward_param_1": 13.346901128433077, "reward_param_2": 4.086084965281571, "reward_param_3": 7.956957972615075, "reward_param_4": 4.749725713725868, "group_weight_1": 0.34895850874716006, "group_weight_2": 0.32146666919410555, "group_weight_3": 0.3295748220587344, "hist_group_loss_1": 21.808774211439033, "hist_group_loss_2": 13.60285785918847, "hist_group_loss_3": 16.09381188233571, "cur_group_loss_1": 0.21752367343523482, "cur_group_loss_2": 0.13638893962260254, "cur_group_loss_3": 0.16017476171836917, "train_group_loss_1": 21.09865169730367, "train_group_loss_2": 13.77719404727643, "train_group_loss_3": 16.337131830550312, "val_group_loss_1": 20.64201294774133, "val_group_loss_2": 15.118885581088309, "val_group_loss_3": 17.13370677333116, "_timestamp": 1726668236.789278, "_runtime": 9.493773937225342, "_step": 2, "final/reward_err_1": 0.10026647337854451, "final/reward_err_2": 0.0011264576229277098, "final/reward_err_3": 0.062047092780108594, "final/reward_param_1": 13.346901128433077, "final/reward_param_2": 4.086084965281571, "final/reward_param_3": 7.956957972615075, "final/reward_param_4": 4.749725713725868, "optimal_reward_1": 3.8366410732269287, "optimal_reward_2": 3.8366410732269287, "optimal_reward_3": 3.288270950317383, "final/reward_1": 3.801785469055176, "final/reward_2": 3.5611062049865723, "final/reward_3": 3.288270950317383, "reward_0_when_1_group_param_known": 3.8366410732269287, "reward_1_when_1_group_param_known": 3.45465350151062, "reward_2_when_1_group_param_known": 3.2577602863311768, "reward_0_when_2_group_param_known": 3.45465350151062, "reward_1_when_2_group_param_known": 3.8366410732269287, "reward_2_when_2_group_param_known": 3.1000757217407227, "reward_0_when_3_group_param_known": 3.801785469055176, "reward_1_when_3_group_param_known": 3.5611062049865723, "reward_2_when_3_group_param_known": 3.288270950317383, "reward_error_0_when_1_group_param_known": 0.0, "reward_error_1_when_1_group_param_known": 0.09956301995042394, "reward_error_2_when_1_group_param_known": 0.009278634409144774, "reward_error_0_when_2_group_param_known": 0.09956301995042394, "reward_error_1_when_2_group_param_known": 0.0, "reward_error_2_when_2_group_param_known": 0.05723227538731126, "reward_error_0_when_3_group_param_known": 0.009084927025096074, "reward_error_1_when_3_group_param_known": 0.0718166914708571, "reward_error_2_when_3_group_param_known": 0.0, "_wandb": {"runtime": 9}}