{"Iteration": 99, "train_loss": 18.059910729517803, "val_loss": 17.60982405198067, "grad_norm": 0.014766013843402228, "live_grad": 2.4480921190312398e-14, "train_weighted_loss": 54.17973218855341, "val_weighted_loss": 52.82947215594202, "max_reward_err": 0.08683771837838714, "max_reward_err_index": 0, "max_kl_dist": 1.0094394498996706, "max_kl_dist_index": 0, "max_train_grp_loss": 19.375324375888574, "max_train_grp_loss_index": 0, "max_val_grp_loss": 20.508662437592612, "max_val_grp_loss_index": 0, "max_cur_train_grp_loss": 0.38726111971521393, "max_cur_train_grp_loss_index": 2, "reward_err_1": 0.08683771837838714, "reward_err_2": 0.014466179070154662, "reward_err_3": 0.049347451546763545, "KL_distance_1": 1.0094394498996706, "KL_distance_2": 0.5322751189992512, "KL_distance_3": 0.8067826057258886, "reward_param_1": 5.277471121990212, "reward_param_2": 4.93514258626502, "reward_param_3": 9.532746913530447, "reward_param_4": 4.984135786988356, "group_weight_1": 0.3157048679585222, "group_weight_2": 0.2955093363319906, "group_weight_3": 0.3887857957094872, "hist_group_loss_1": 18.204497546319665, "hist_group_loss_2": 11.59375918264227, "hist_group_loss_3": 39.02656986971634, "cur_group_loss_1": 0.18109219542211535, "cur_group_loss_2": 0.11645378000290105, "cur_group_loss_3": 0.38726111971521393, "train_group_loss_1": 19.375324375888574, "train_group_loss_2": 16.77166961202099, "train_group_loss_3": 18.973328296004922, "val_group_loss_1": 20.508662437592612, "val_group_loss_2": 13.737230292716637, "val_group_loss_3": 18.299871682377365, "_timestamp": 1726684898.721406, "_runtime": 9.800432920455933, "_step": 2, "final/reward_err_1": 0.08683771837838714, "final/reward_err_2": 0.014466179070154662, "final/reward_err_3": 0.049347451546763545, "final/reward_param_1": 5.277471121990212, "final/reward_param_2": 4.93514258626502, "final/reward_param_3": 9.532746913530447, "final/reward_param_4": 4.984135786988356, "optimal_reward_1": 3.883310317993164, "optimal_reward_2": 3.883310317993164, "optimal_reward_3": 3.390115261077881, "final/reward_1": 3.8442142009735107, "final/reward_2": 3.598407745361328, "final/reward_3": 3.390115261077881, "reward_0_when_1_group_param_known": 3.883310317993164, "reward_1_when_1_group_param_known": 3.4867608547210693, "reward_2_when_1_group_param_known": 3.3494973182678223, "reward_0_when_2_group_param_known": 3.4867608547210693, "reward_1_when_2_group_param_known": 3.883310317993164, "reward_2_when_2_group_param_known": 3.1918535232543945, "reward_0_when_3_group_param_known": 3.8442142009735107, "reward_1_when_3_group_param_known": 3.598407745361328, "reward_2_when_3_group_param_known": 3.390115261077881, "reward_error_0_when_1_group_param_known": 0.0, "reward_error_1_when_1_group_param_known": 0.1021163468277821, "reward_error_2_when_1_group_param_known": 0.011981286676708506, "reward_error_0_when_2_group_param_known": 0.1021163468277821, "reward_error_1_when_2_group_param_known": 0.0, "reward_error_2_when_2_group_param_known": 0.05848230002671041, "reward_error_0_when_3_group_param_known": 0.010067729287176206, "reward_error_1_when_3_group_param_known": 0.07336590416474088, "reward_error_2_when_3_group_param_known": 0.0, "_wandb": {"runtime": 9}}