{"Iteration": 99, "train_loss": 19.237253150741758, "val_loss": 19.500249774657366, "grad_norm": 0.005643925873655931, "live_grad": 1.5862208260849765e-14, "train_weighted_loss": 57.71175945222527, "val_weighted_loss": 58.5007493239721, "max_reward_err": 0.08735689570544079, "max_reward_err_index": 0, "max_kl_dist": 1.225251258806476, "max_kl_dist_index": 0, "max_train_grp_loss": 23.217802984464786, "max_train_grp_loss_index": 0, "max_val_grp_loss": 23.635362087466785, "max_val_grp_loss_index": 0, "max_cur_train_grp_loss": 0.25237714957997803, "max_cur_train_grp_loss_index": 0, "reward_err_1": 0.08735689570544079, "reward_err_2": 0.002215160176453225, "reward_err_3": 0.04896459888417157, "KL_distance_1": 1.225251258806476, "KL_distance_2": 0.5923812889761556, "KL_distance_3": 0.9635177217226021, "reward_param_1": 9.579920757876787, "reward_param_2": 3.042961186556161, "reward_param_3": 8.18364440379649, "reward_param_4": 4.703928997799626, "group_weight_1": 0.3515625360970826, "group_weight_2": 0.31429233971028386, "group_weight_3": 0.33414512419263354, "hist_group_loss_1": 25.296885310220148, "hist_group_loss_2": 14.09048165584734, "hist_group_loss_3": 20.21566477713408, "cur_group_loss_1": 0.25237714957997803, "cur_group_loss_2": 0.14122218076344314, "cur_group_loss_3": 0.20140747719894656, "train_group_loss_1": 23.217802984464786, "train_group_loss_2": 15.677191762585572, "train_group_loss_3": 19.535770979430588, "val_group_loss_1": 23.635362087466785, "val_group_loss_2": 16.91540893670468, "val_group_loss_3": 18.31180760909698, "_timestamp": 1726611571.69105, "_runtime": 9.50041913986206, "_step": 2, "final/reward_err_1": 0.08735689570544079, "final/reward_err_2": 0.002215160176453225, "final/reward_err_3": 0.04896459888417157, "final/reward_param_1": 9.579920757876787, "final/reward_param_2": 3.042961186556161, "final/reward_param_3": 8.18364440379649, "final/reward_param_4": 4.703928997799626, "optimal_reward_1": 3.87953782081604, "optimal_reward_2": 3.87953782081604, "optimal_reward_3": 3.3318350315093994, "final/reward_1": 3.8410425186157227, "final/reward_2": 3.6315650939941406, "final/reward_3": 3.3318350315093994, "reward_0_when_1_group_param_known": 3.87953782081604, "reward_1_when_1_group_param_known": 3.4939897060394287, "reward_2_when_1_group_param_known": 3.290055751800537, "reward_0_when_2_group_param_known": 3.4939897060394287, "reward_1_when_2_group_param_known": 3.87953782081604, "reward_2_when_2_group_param_known": 3.1354916095733643, "reward_0_when_3_group_param_known": 3.8410425186157227, "reward_1_when_3_group_param_known": 3.6315650939941406, "reward_2_when_3_group_param_known": 3.3318350315093994, "reward_error_0_when_1_group_param_known": 0.0, "reward_error_1_when_1_group_param_known": 0.09937990878911275, "reward_error_2_when_1_group_param_known": 0.01253942026353427, "reward_error_0_when_2_group_param_known": 0.09937990878911275, "reward_error_1_when_2_group_param_known": 0.0, "reward_error_2_when_2_group_param_known": 0.058929514840681346, "reward_error_0_when_3_group_param_known": 0.009922651609108454, "reward_error_1_when_3_group_param_known": 0.06391811042319977, "reward_error_2_when_3_group_param_known": 0.0, "_wandb": {"runtime": 9}}