{"Iteration": 0, "train_loss": 20.292580118325272, "val_loss": 19.763305075414067, "grad_norm": 0.6585340160081312, "max_reward_err": 0.08966735094238756, "max_reward_err_index": 0, "max_kl_dist": 0.2880073107194728, "max_kl_dist_index": 0, "max_train_grp_loss": 22.760997084026457, "max_train_grp_loss_index": 0, "max_val_grp_loss": 22.477860483570307, "max_val_grp_loss_index": 0, "max_cur_train_grp_loss": 22.791035851589477, "max_cur_train_grp_loss_index": 0, "reward_err_1": 0.08966735094238756, "reward_err_2": 0.003553803274463102, "reward_err_3": 0.049953403396239625, "reward_param_1": 4.036125745625902, "reward_param_2": 1.3003657020660921, "reward_param_3": 3.3975027996624916, "reward_param_4": 2.058710018702326, "KL_distance_1": 0.2880073107194728, "KL_distance_2": 0.02625071284232978, "KL_distance_3": 0.16444047102294224, "hist_group_loss_1": 22.791035851589477, "hist_group_loss_2": 16.674638233939216, "hist_group_loss_3": 22.084792788404787, "cur_group_loss_1": 22.791035851589477, "cur_group_loss_2": 16.674638233939216, "cur_group_loss_3": 22.084792788404787, "train_group_loss_1": 22.760997084026457, "train_group_loss_2": 16.61245398377922, "train_group_loss_3": 22.049451697177023, "val_group_loss_1": 22.477860483570307, "val_group_loss_2": 16.180840888856753, "val_group_loss_3": 21.79885859015643, "_timestamp": 1726687978.737289, "_runtime": 3.902026891708374, "_step": 0}