{"Iteration": 99, "train_loss": 16.376371264487748, "val_loss": 16.89218637981455, "grad_norm": 0.407040089144046, "max_reward_err": 0.0956612288511552, "max_reward_err_index": 0, "max_kl_dist": 0.8461972625999453, "max_kl_dist_index": 0, "max_train_grp_loss": 21.617576976534863, "max_train_grp_loss_index": 0, "max_val_grp_loss": 21.37614265941554, "max_val_grp_loss_index": 0, "max_cur_train_grp_loss": 21.625384207104503, "max_cur_train_grp_loss_index": 0, "reward_err_1": 0.08483699052728294, "reward_err_2": 0.0030297473831285074, "reward_err_3": 0.04626174627751117, "reward_param_1": 8.019160458836101, "reward_param_2": 3.068170743002732, "reward_param_3": 5.555091416660485, "reward_param_4": 3.201441546768216, "KL_distance_1": 0.8461972625999453, "KL_distance_2": 0.2880815854919884, "KL_distance_3": 0.6321726433001106, "hist_group_loss_1": 2228.4239068508787, "hist_group_loss_2": 1342.6631967231401, "hist_group_loss_3": 2131.8033754973494, "cur_group_loss_1": 21.625384207104503, "cur_group_loss_2": 11.095723768242635, "cur_group_loss_3": 20.533936435674644, "train_group_loss_1": 21.617576976534863, "train_group_loss_2": 11.070599894986607, "train_group_loss_3": 20.523760366918836, "val_group_loss_1": 21.37614265941554, "val_group_loss_2": 8.712206694337912, "val_group_loss_3": 20.044362502699027, "_timestamp": 1726689376.53546, "_runtime": 8.676439046859741, "_step": 2, "final/reward_err_1": 0.08483699052728294, "final/reward_err_2": 0.0030297473831285074, "final/reward_err_3": 0.04626174627751117, "final/reward_param_1": 8.019160458836101, "final/reward_param_2": 3.068170743002732, "final/reward_param_3": 5.555091416660485, "final/reward_param_4": 3.201441546768216, "optimal_reward_1": 3.8721461296081543, "optimal_reward_2": 3.8721461296081543, "optimal_reward_3": 3.377051591873169, "final/reward_1": 3.834397315979004, "final/reward_2": 3.592139482498169, "final/reward_3": 3.377051591873169, "reward_0_when_1_group_param_known": 3.8721461296081543, "reward_1_when_1_group_param_known": 3.473419189453125, "reward_2_when_1_group_param_known": 3.3377835750579834, "reward_0_when_2_group_param_known": 3.473419189453125, "reward_1_when_2_group_param_known": 3.8721461296081543, "reward_2_when_2_group_param_known": 3.1756153106689453, "reward_0_when_3_group_param_known": 3.834397315979004, "reward_1_when_3_group_param_known": 3.592139482498169, "reward_2_when_3_group_param_known": 3.377051591873169, "reward_error_0_when_1_group_param_known": 0.0, "reward_error_1_when_1_group_param_known": 0.10297311279297687, "reward_error_2_when_1_group_param_known": 0.01162789958841124, "reward_error_0_when_2_group_param_known": 0.10297311279297687, "reward_error_1_when_2_group_param_known": 0.0, "reward_error_2_when_2_group_param_known": 0.05964856494611378, "reward_error_0_when_3_group_param_known": 0.00974880915276057, "reward_error_1_when_3_group_param_known": 0.07231303719891401, "reward_error_2_when_3_group_param_known": 0.0, "_wandb": {"runtime": 8}}