{"Iteration": 99, "train_loss": 16.223180551396176, "val_loss": 17.693152888043446, "grad_norm": 0.39600653662366103, "max_reward_err": 0.09445101467289564, "max_reward_err_index": 1, "max_kl_dist": 0.6698171758761846, "max_kl_dist_index": 0, "max_train_grp_loss": 20.630258346034374, "max_train_grp_loss_index": 0, "max_val_grp_loss": 20.892596989058866, "max_val_grp_loss_index": 0, "max_cur_train_grp_loss": 20.638446983541463, "max_cur_train_grp_loss_index": 0, "reward_err_1": 0.07153860000834687, "reward_err_2": 0.025522069179477355, "reward_err_3": 0.04033609397342939, "reward_param_1": 3.649789621545582, "reward_param_2": 5.4921200873296865, "reward_param_3": 7.897200002026569, "reward_param_4": 4.53041398321324, "KL_distance_1": 0.6698171758761846, "KL_distance_2": 0.4356093812855774, "KL_distance_3": 0.5551855499389987, "hist_group_loss_1": 2127.8007133281885, "hist_group_loss_2": 1195.6010405068412, "hist_group_loss_3": 1958.9109058409533, "cur_group_loss_1": 20.638446983541463, "cur_group_loss_2": 10.11239795066944, "cur_group_loss_3": 18.37892630553895, "train_group_loss_1": 20.630258346034374, "train_group_loss_2": 10.091671313687058, "train_group_loss_3": 18.36108255661341, "val_group_loss_1": 20.892596989058866, "val_group_loss_2": 13.46010691945573, "val_group_loss_3": 18.840235917204698, "_timestamp": 1726656190.7357051, "_runtime": 8.266326189041138, "_step": 2, "final/reward_err_1": 0.07153860000834687, "final/reward_err_2": 0.025522069179477355, "final/reward_err_3": 0.04033609397342939, "final/reward_param_1": 3.649789621545582, "final/reward_param_2": 5.4921200873296865, "final/reward_param_3": 7.897200002026569, "final/reward_param_4": 4.53041398321324, "optimal_reward_1": 3.793275833129883, "optimal_reward_2": 3.793275833129883, "optimal_reward_3": 3.246778726577759, "final/reward_1": 3.759331464767456, "final/reward_2": 3.5279622077941895, "final/reward_3": 3.246778726577759, "reward_0_when_1_group_param_known": 3.793275833129883, "reward_1_when_1_group_param_known": 3.401733875274658, "reward_2_when_1_group_param_known": 3.2136919498443604, "reward_0_when_2_group_param_known": 3.401733875274658, "reward_1_when_2_group_param_known": 3.793275833129883, "reward_2_when_2_group_param_known": 3.0463056564331055, "reward_0_when_3_group_param_known": 3.759331464767456, "reward_1_when_3_group_param_known": 3.5279622077941895, "reward_2_when_3_group_param_known": 3.246778726577759, "reward_error_0_when_1_group_param_known": 0.0, "reward_error_1_when_1_group_param_known": 0.10322000694902224, "reward_error_2_when_1_group_param_known": 0.010190647259868334, "reward_error_0_when_2_group_param_known": 0.10322000694902224, "reward_error_1_when_2_group_param_known": 0.0, "reward_error_2_when_2_group_param_known": 0.06174522104127508, "reward_error_0_when_3_group_param_known": 0.008948563156404792, "reward_error_1_when_3_group_param_known": 0.06994314070663812, "reward_error_2_when_3_group_param_known": 0.0, "_wandb": {"runtime": 9}}