{"Iteration": 99, "train_loss": 16.762670607522832, "val_loss": 15.900640451979354, "grad_norm": 0.004424306766070615, "live_grad": 3.000581839979873e-14, "train_weighted_loss": 50.288011822568485, "val_weighted_loss": 47.701921355938055, "max_reward_err": 0.10377307967466944, "max_reward_err_index": 0, "max_kl_dist": 1.8491491253503003, "max_kl_dist_index": 0, "max_train_grp_loss": 19.335321826164485, "max_train_grp_loss_index": 0, "max_val_grp_loss": 18.905970683944236, "max_val_grp_loss_index": 0, "max_cur_train_grp_loss": 0.18415236341809527, "max_cur_train_grp_loss_index": 0, "reward_err_1": 0.10377307967466944, "reward_err_2": 0.0017195298679518758, "reward_err_3": 0.06617631163933574, "KL_distance_1": 1.8491491253503003, "KL_distance_2": 0.9905887100396386, "KL_distance_3": 1.5199413573537688, "reward_param_1": 9.219485542304616, "reward_param_2": 5.613052177674844, "reward_param_3": 13.895226753322147, "reward_param_4": 4.162310660024445, "group_weight_1": 0.3389955867281547, "group_weight_2": 0.32446481529553933, "group_weight_3": 0.33653959797630584, "hist_group_loss_1": 18.474651169418323, "hist_group_loss_2": 14.093652572440044, "hist_group_loss_3": 17.74752410678485, "cur_group_loss_1": 0.18415236341809527, "cur_group_loss_2": 0.1410266788919217, "cur_group_loss_3": 0.17653944388969603, "train_group_loss_1": 19.335321826164485, "train_group_loss_2": 14.245131540578498, "train_group_loss_3": 16.59397983948033, "val_group_loss_1": 18.905970683944236, "val_group_loss_2": 11.305505791407914, "val_group_loss_3": 17.202413450628807, "_timestamp": 1726667545.962052, "_runtime": 9.887867212295532, "_step": 2, "final/reward_err_1": 0.10377307967466944, "final/reward_err_2": 0.0017195298679518758, "final/reward_err_3": 0.06617631163933574, "final/reward_param_1": 9.219485542304616, "final/reward_param_2": 5.613052177674844, "final/reward_param_3": 13.895226753322147, "final/reward_param_4": 4.162310660024445, "optimal_reward_1": 3.873142719268799, "optimal_reward_2": 3.873142719268799, "optimal_reward_3": 3.363903284072876, "final/reward_1": 3.8371264934539795, "final/reward_2": 3.6077330112457275, "final/reward_3": 3.363903284072876, "reward_0_when_1_group_param_known": 3.873142719268799, "reward_1_when_1_group_param_known": 3.4625096321105957, "reward_2_when_1_group_param_known": 3.3238730430603027, "reward_0_when_2_group_param_known": 3.4625096321105957, "reward_1_when_2_group_param_known": 3.873142719268799, "reward_2_when_2_group_param_known": 3.1438493728637695, "reward_0_when_3_group_param_known": 3.8371264934539795, "reward_1_when_3_group_param_known": 3.6077330112457275, "reward_2_when_3_group_param_known": 3.363903284072876, "reward_error_0_when_1_group_param_known": 0.0, "reward_error_1_when_1_group_param_known": 0.10602064445374364, "reward_error_2_when_1_group_param_known": 0.011899938146885801, "reward_error_0_when_2_group_param_known": 0.10602064445374364, "reward_error_1_when_2_group_param_known": 0.0, "reward_error_2_when_2_group_param_known": 0.06541624197431568, "reward_error_0_when_3_group_param_known": 0.009298966866271003, "reward_error_1_when_3_group_param_known": 0.0685256721118651, "reward_error_2_when_3_group_param_known": 0.0, "_wandb": {"runtime": 9}}