{"Iteration": 99, "train_loss": 14.986703797526237, "val_loss": 15.752113067633005, "grad_norm": 0.007651369895343216, "live_grad": 1.2587819107078783e-14, "train_weighted_loss": 44.96011139257871, "val_weighted_loss": 47.256339202899014, "max_reward_err": 0.07261732130968952, "max_reward_err_index": 0, "max_kl_dist": 1.825452667439143, "max_kl_dist_index": 0, "max_train_grp_loss": 19.9715377725211, "max_train_grp_loss_index": 0, "max_val_grp_loss": 18.310022403974692, "max_val_grp_loss_index": 0, "max_cur_train_grp_loss": 0.1902188581246931, "max_cur_train_grp_loss_index": 0, "reward_err_1": 0.07261732130968952, "reward_err_2": 0.008569206560551958, "reward_err_3": 0.03385091624442127, "KL_distance_1": 1.825452667439143, "KL_distance_2": 1.1731590800528091, "KL_distance_3": 1.5267937834487897, "reward_param_1": 12.280103323932593, "reward_param_2": 6.967169004667906, "reward_param_3": 11.573837605308709, "reward_param_4": 6.622200662241475, "group_weight_1": 0.3488105396401744, "group_weight_2": 0.31774926609091947, "group_weight_3": 0.33344019426890614, "hist_group_loss_1": 19.113503912637153, "hist_group_loss_2": 9.786873105066901, "hist_group_loss_3": 14.606965243482563, "cur_group_loss_1": 0.1902188581246931, "cur_group_loss_2": 0.09883784993392875, "cur_group_loss_3": 0.14496519992287032, "train_group_loss_1": 19.9715377725211, "train_group_loss_2": 8.898578097786878, "train_group_loss_3": 15.220263279450826, "val_group_loss_1": 18.310022403974692, "val_group_loss_2": 11.978673033655497, "val_group_loss_3": 16.787398242394325, "_timestamp": 1726659752.4368472, "_runtime": 9.557152271270752, "_step": 2, "final/reward_err_1": 0.07261732130968952, "final/reward_err_2": 0.008569206560551958, "final/reward_err_3": 0.03385091624442127, "final/reward_param_1": 12.280103323932593, "final/reward_param_2": 6.967169004667906, "final/reward_param_3": 11.573837605308709, "final/reward_param_4": 6.622200662241475, "optimal_reward_1": 3.939390182495117, "optimal_reward_2": 3.939390182495117, "optimal_reward_3": 3.4304511547088623, "final/reward_1": 3.8967127799987793, "final/reward_2": 3.6586339473724365, "final/reward_3": 3.4304511547088623, "reward_0_when_1_group_param_known": 3.939390182495117, "reward_1_when_1_group_param_known": 3.527578830718994, "reward_2_when_1_group_param_known": 3.3940188884735107, "reward_0_when_2_group_param_known": 3.527578830718994, "reward_1_when_2_group_param_known": 3.939390182495117, "reward_2_when_2_group_param_known": 3.225066661834717, "reward_0_when_3_group_param_known": 3.8967127799987793, "reward_1_when_3_group_param_known": 3.6586339473724365, "reward_2_when_3_group_param_known": 3.4304511547088623, "reward_error_0_when_1_group_param_known": 0.0, "reward_error_1_when_1_group_param_known": 0.10453682745264177, "reward_error_2_when_1_group_param_known": 0.010620255060429077, "reward_error_0_when_2_group_param_known": 0.10453682745264177, "reward_error_1_when_2_group_param_known": 0.0, "reward_error_2_when_2_group_param_known": 0.059870985946621415, "reward_error_0_when_3_group_param_known": 0.010833504811474914, "reward_error_1_when_3_group_param_known": 0.07126895842159414, "reward_error_2_when_3_group_param_known": 0.0, "_wandb": {"runtime": 9}}