{"Iteration": 99, "train_loss": 19.208036438533235, "val_loss": 18.981444350251383, "grad_norm": 0.30678070187437617, "max_reward_err": 0.06386621182742315, "max_reward_err_index": 1, "max_kl_dist": 0.5972724628430667, "max_kl_dist_index": 0, "max_train_grp_loss": 21.517460417329094, "max_train_grp_loss_index": 0, "max_val_grp_loss": 21.064537567058924, "max_val_grp_loss_index": 0, "max_cur_train_grp_loss": 21.51767990241871, "max_cur_train_grp_loss_index": 0, "reward_err_1": 0.07909158367658346, "reward_err_2": 0.00498489766399501, "reward_err_3": 0.04174367985213468, "reward_param_1": 6.587798311263113, "reward_param_2": 3.3994591843002526, "reward_param_3": 5.208371162775027, "reward_param_4": 2.3342521440425807, "KL_distance_1": 0.5972724628430667, "KL_distance_2": 0.20581000703752964, "KL_distance_3": 0.428404726429432, "hist_group_loss_1": 2151.655219220942, "hist_group_loss_2": 1885.8767259170531, "hist_group_loss_3": 2056.008615362008, "cur_group_loss_1": 21.51767990241871, "cur_group_loss_2": 17.261776002349265, "cur_group_loss_3": 19.941544257237762, "train_group_loss_1": 21.517460417329094, "train_group_loss_2": 17.245597257751953, "train_group_loss_3": 19.9321767712138, "val_group_loss_1": 21.064537567058924, "val_group_loss_2": 15.314270794311255, "val_group_loss_3": 20.261270129261, "_timestamp": 1726684692.688579, "_runtime": 8.656021118164062, "_step": 2, "final/reward_err_1": 0.07909158367658346, "final/reward_err_2": 0.00498489766399501, "final/reward_err_3": 0.04174367985213468, "final/reward_param_1": 6.587798311263113, "final/reward_param_2": 3.3994591843002526, "final/reward_param_3": 5.208371162775027, "final/reward_param_4": 2.3342521440425807, "optimal_reward_1": 3.798083543777466, "optimal_reward_2": 3.798083543777466, "optimal_reward_3": 3.293947219848633, "final/reward_1": 3.763892412185669, "final/reward_2": 3.5496251583099365, "final/reward_3": 3.293947219848633, "reward_0_when_1_group_param_known": 3.798083543777466, "reward_1_when_1_group_param_known": 3.4340016841888428, "reward_2_when_1_group_param_known": 3.2582314014434814, "reward_0_when_2_group_param_known": 3.4340016841888428, "reward_1_when_2_group_param_known": 3.798083543777466, "reward_2_when_2_group_param_known": 3.1138041019439697, "reward_0_when_3_group_param_known": 3.763892412185669, "reward_1_when_3_group_param_known": 3.5496251583099365, "reward_2_when_3_group_param_known": 3.293947219848633, "reward_error_0_when_1_group_param_known": 0.0, "reward_error_1_when_1_group_param_known": 0.09585936048855775, "reward_error_2_when_1_group_param_known": 0.010842862991226866, "reward_error_0_when_2_group_param_known": 0.09585936048855775, "reward_error_1_when_2_group_param_known": 0.0, "reward_error_2_when_2_group_param_known": 0.054689133092102556, "reward_error_0_when_3_group_param_known": 0.009002206296334216, "reward_error_1_when_3_group_param_known": 0.06541677733092191, "reward_error_2_when_3_group_param_known": 0.0, "_wandb": {"runtime": 8}}