{"Iteration": 199, "train_loss": 13.007755896921088, "val_loss": 14.20592843762523, "grad_norm": 0.04125419303388135, "live_grad": 1.7955433472977262e-14, "train_weighted_loss": 39.02326769076327, "val_weighted_loss": 42.61778531287568, "max_reward_err": 0.10119730533478342, "max_reward_err_index": 0, "max_kl_dist": 2.097927093921222, "max_kl_dist_index": 0, "max_train_grp_loss": 17.92617075123752, "max_train_grp_loss_index": 0, "max_val_grp_loss": 19.75750592368471, "max_val_grp_loss_index": 0, "max_cur_train_grp_loss": 0.3477777218068916, "max_cur_train_grp_loss_index": 2, "reward_err_1": 0.10119730533478342, "reward_err_2": 0.0007358787173756602, "reward_err_3": 0.06241816004217028, "KL_distance_1": 2.097927093921222, "KL_distance_2": 1.1772099403690894, "KL_distance_3": 1.733534931653363, "reward_param_1": 10.806213330330323, "reward_param_2": 4.575132134418291, "reward_param_3": 14.322260048576343, "reward_param_4": 5.181496934960313, "group_weight_1": 0.300182552865795, "group_weight_2": 0.2478683819815353, "group_weight_3": 0.4519490651526697, "hist_group_loss_1": 29.508546938048404, "hist_group_loss_2": 10.359255770654187, "hist_group_loss_3": 70.42641560056545, "cur_group_loss_1": 0.1457591599410198, "cur_group_loss_2": 0.053826078859839616, "cur_group_loss_3": 0.3477777218068916, "train_group_loss_1": 17.92617075123752, "train_group_loss_2": 6.9474804698069965, "train_group_loss_3": 16.691308043104357, "val_group_loss_1": 19.75750592368471, "val_group_loss_2": 6.005757837190338, "val_group_loss_3": 16.674145929528557, "_timestamp": 1726698230.183973, "_runtime": 15.288227081298828, "_step": 3, "final/reward_err_1": 0.10119730533478342, "final/reward_err_2": 0.0007358787173756602, "final/reward_err_3": 0.06241816004217028, "final/reward_param_1": 10.806213330330323, "final/reward_param_2": 4.575132134418291, "final/reward_param_3": 14.322260048576343, "final/reward_param_4": 5.181496934960313, "optimal_reward_1": 3.8879001140594482, "optimal_reward_2": 3.8879001140594482, "optimal_reward_3": 3.328000545501709, "final/reward_1": 3.8516592979431152, "final/reward_2": 3.6378118991851807, "final/reward_3": 3.328000545501709, "reward_0_when_1_group_param_known": 3.8879001140594482, "reward_1_when_1_group_param_known": 3.5038833618164062, "reward_2_when_1_group_param_known": 3.288445234298706, "reward_0_when_2_group_param_known": 3.5038833618164062, "reward_1_when_2_group_param_known": 3.8879001140594482, "reward_2_when_2_group_param_known": 3.1316840648651123, "reward_0_when_3_group_param_known": 3.8516592979431152, "reward_1_when_3_group_param_known": 3.6378118991851807, "reward_2_when_3_group_param_known": 3.328000545501709, "reward_error_0_when_1_group_param_known": 0.0, "reward_error_1_when_1_group_param_known": 0.09877227834489838, "reward_error_2_when_1_group_param_known": 0.011885608389237752, "reward_error_0_when_2_group_param_known": 0.09877227834489838, "reward_error_1_when_2_group_param_known": 0.0, "reward_error_2_when_2_group_param_known": 0.05898931744525938, "reward_error_0_when_3_group_param_known": 0.009321437036223937, "reward_error_1_when_3_group_param_known": 0.06432475308969411, "reward_error_2_when_3_group_param_known": 0.0, "_wandb": {"runtime": 14}}