{"Iteration": 99, "train_loss": 18.467742100679185, "val_loss": 18.770009499179686, "grad_norm": 0.2503169505378449, "max_reward_err": 0.06747954586291911, "max_reward_err_index": 0, "max_kl_dist": 0.6714985133142708, "max_kl_dist_index": 0, "max_train_grp_loss": 21.27422599748905, "max_train_grp_loss_index": 0, "max_val_grp_loss": 21.143747060941394, "max_val_grp_loss_index": 0, "max_cur_train_grp_loss": 21.278028473648842, "max_cur_train_grp_loss_index": 0, "reward_err_1": 0.07930639473562304, "reward_err_2": 0.0073862444397606005, "reward_err_3": 0.04317785540854481, "reward_param_1": 5.714402787062922, "reward_param_2": 3.8754221820745127, "reward_param_3": 7.1429909933379365, "reward_param_4": 3.3135444903000817, "KL_distance_1": 0.6714985133142708, "KL_distance_2": 0.2933827296813646, "KL_distance_3": 0.502176647596718, "hist_group_loss_1": 2159.0694858215916, "hist_group_loss_2": 1554.6734581336582, "hist_group_loss_3": 1979.9643126829214, "cur_group_loss_1": 21.278028473648842, "cur_group_loss_2": 14.919154845871516, "cur_group_loss_3": 19.126111093929683, "train_group_loss_1": 21.27422599748905, "train_group_loss_2": 14.911916570949652, "train_group_loss_3": 19.116257508997702, "val_group_loss_1": 21.143747060941394, "val_group_loss_2": 15.52220426659603, "val_group_loss_3": 19.24221558375375, "_timestamp": 1726684272.518682, "_runtime": 8.883937120437622, "_step": 2, "final/reward_err_1": 0.07930639473562304, "final/reward_err_2": 0.0073862444397606005, "final/reward_err_3": 0.04317785540854481, "final/reward_param_1": 5.714402787062922, "final/reward_param_2": 3.8754221820745127, "final/reward_param_3": 7.1429909933379365, "final/reward_param_4": 3.3135444903000817, "optimal_reward_1": 3.8651840686798096, "optimal_reward_2": 3.8651840686798096, "optimal_reward_3": 3.337219715118408, "final/reward_1": 3.8319525718688965, "final/reward_2": 3.6041877269744873, "final/reward_3": 3.337219715118408, "reward_0_when_1_group_param_known": 3.8651840686798096, "reward_1_when_1_group_param_known": 3.4605093002319336, "reward_2_when_1_group_param_known": 3.3015952110290527, "reward_0_when_2_group_param_known": 3.4605093002319336, "reward_1_when_2_group_param_known": 3.8651840686798096, "reward_2_when_2_group_param_known": 3.1258203983306885, "reward_0_when_3_group_param_known": 3.8319525718688965, "reward_1_when_3_group_param_known": 3.6041877269744873, "reward_2_when_3_group_param_known": 3.337219715118408, "reward_error_0_when_1_group_param_known": 0.0, "reward_error_1_when_1_group_param_known": 0.10469741188447372, "reward_error_2_when_1_group_param_known": 0.010674905199669023, "reward_error_0_when_2_group_param_known": 0.10469741188447372, "reward_error_1_when_2_group_param_known": 0.0, "reward_error_2_when_2_group_param_known": 0.0633459390851702, "reward_error_0_when_3_group_param_known": 0.00859764922457202, "reward_error_1_when_3_group_param_known": 0.06752494501367125, "reward_error_2_when_3_group_param_known": 0.0, "_wandb": {"runtime": 8}}