{"Iteration": 99, "train_loss": 14.281894767199313, "val_loss": 14.412249064805243, "grad_norm": 0.019118871613994802, "live_grad": 2.6300806190413152e-14, "train_weighted_loss": 42.84568430159793, "val_weighted_loss": 43.23674719441573, "max_reward_err": 0.09001904312415956, "max_reward_err_index": 0, "max_kl_dist": 1.9147443095979966, "max_kl_dist_index": 0, "max_train_grp_loss": 19.646854741701734, "max_train_grp_loss_index": 0, "max_val_grp_loss": 18.819295540497105, "max_val_grp_loss_index": 0, "max_cur_train_grp_loss": 0.3502366148378479, "max_cur_train_grp_loss_index": 2, "reward_err_1": 0.09001904312415956, "reward_err_2": 0.0012162323824930392, "reward_err_3": 0.050522659488098545, "KL_distance_1": 1.9147443095979966, "KL_distance_2": 1.0992988419263365, "KL_distance_3": 1.5804704651651025, "reward_param_1": 11.275303318731986, "reward_param_2": 4.65083065149585, "reward_param_3": 13.011226245844123, "reward_param_4": 5.377836764820817, "group_weight_1": 0.3192329888988255, "group_weight_2": 0.2903353788504789, "group_weight_3": 0.3904316322506956, "hist_group_loss_1": 15.213874233289792, "hist_group_loss_2": 5.725426698562166, "hist_group_loss_3": 35.34704099057054, "cur_group_loss_1": 0.15114743147360543, "cur_group_loss_2": 0.05784435211565943, "cur_group_loss_3": 0.3502366148378479, "train_group_loss_1": 19.646854741701734, "train_group_loss_2": 6.887825722856798, "train_group_loss_3": 17.859334367031554, "val_group_loss_1": 18.819295540497105, "val_group_loss_2": 7.469830824008353, "val_group_loss_3": 16.939400315353424, "_timestamp": 1726689999.996525, "_runtime": 9.74272894859314, "_step": 2, "final/reward_err_1": 0.09001904312415956, "final/reward_err_2": 0.0012162323824930392, "final/reward_err_3": 0.050522659488098545, "final/reward_param_1": 11.275303318731986, "final/reward_param_2": 4.65083065149585, "final/reward_param_3": 13.011226245844123, "final/reward_param_4": 5.377836764820817, "optimal_reward_1": 3.7806432247161865, "optimal_reward_2": 3.7806432247161865, "optimal_reward_3": 3.2050557136535645, "final/reward_1": 3.7406539916992188, "final/reward_2": 3.5228474140167236, "final/reward_3": 3.2050557136535645, "reward_0_when_1_group_param_known": 3.7806432247161865, "reward_1_when_1_group_param_known": 3.4037325382232666, "reward_2_when_1_group_param_known": 3.1705894470214844, "reward_0_when_2_group_param_known": 3.4037325382232666, "reward_1_when_2_group_param_known": 3.7806432247161865, "reward_2_when_2_group_param_known": 3.017861843109131, "reward_0_when_3_group_param_known": 3.7406539916992188, "reward_1_when_3_group_param_known": 3.5228474140167236, "reward_2_when_3_group_param_known": 3.2050557136535645, "reward_error_0_when_1_group_param_known": 0.0, "reward_error_1_when_1_group_param_known": 0.09969485722134351, "reward_error_2_when_1_group_param_known": 0.010753718409715467, "reward_error_0_when_2_group_param_known": 0.09969485722134351, "reward_error_1_when_2_group_param_known": 0.0, "reward_error_2_when_2_group_param_known": 0.05840580859389936, "reward_error_0_when_3_group_param_known": 0.010577362274106087, "reward_error_1_when_3_group_param_known": 0.06818834663215693, "reward_error_2_when_3_group_param_known": 0.0, "_wandb": {"runtime": 9}}