{"Iteration": 99, "train_loss": 17.365244528770784, "val_loss": 18.522806576410474, "grad_norm": 0.3667966940662463, "max_reward_err": 0.07522385643789867, "max_reward_err_index": 1, "max_kl_dist": 0.5165534807017661, "max_kl_dist_index": 0, "max_train_grp_loss": 20.29394267432749, "max_train_grp_loss_index": 0, "max_val_grp_loss": 20.8222326291638, "max_val_grp_loss_index": 0, "max_cur_train_grp_loss": 20.300428942472006, "max_cur_train_grp_loss_index": 0, "reward_err_1": 0.05187240540746161, "reward_err_2": 0.02717925602996842, "reward_err_3": 0.0223845655586114, "reward_param_1": 6.300926810922054, "reward_param_2": 3.5732013041508193, "reward_param_3": 4.7771489400105365, "reward_param_4": 5.326656198420962, "KL_distance_1": 0.5165534807017661, "KL_distance_2": 0.37787063106297264, "KL_distance_3": 0.39362325323704855, "hist_group_loss_1": 2079.6534051494464, "hist_group_loss_2": 1600.7867807437306, "hist_group_loss_3": 1953.893166836781, "cur_group_loss_1": 20.300428942472006, "cur_group_loss_2": 14.477591768211827, "cur_group_loss_3": 18.37841266633321, "train_group_loss_1": 20.29394267432749, "train_group_loss_2": 14.459171943375845, "train_group_loss_3": 18.361116978555874, "val_group_loss_1": 20.8222326291638, "val_group_loss_2": 15.819592382460149, "val_group_loss_3": 19.575134161320193, "_timestamp": 1726687945.788049, "_runtime": 8.446372032165527, "_step": 2, "final/reward_err_1": 0.05187240540746161, "final/reward_err_2": 0.02717925602996842, "final/reward_err_3": 0.0223845655586114, "final/reward_param_1": 6.300926810922054, "final/reward_param_2": 3.5732013041508193, "final/reward_param_3": 4.7771489400105365, "final/reward_param_4": 5.326656198420962, "optimal_reward_1": 3.7825028896331787, "optimal_reward_2": 3.7825028896331787, "optimal_reward_3": 3.2431414127349854, "final/reward_1": 3.750595808029175, "final/reward_2": 3.5503880977630615, "final/reward_3": 3.2431414127349854, "reward_0_when_1_group_param_known": 3.7825028896331787, "reward_1_when_1_group_param_known": 3.411386013031006, "reward_2_when_1_group_param_known": 3.2099814414978027, "reward_0_when_2_group_param_known": 3.411386013031006, "reward_1_when_2_group_param_known": 3.7825028896331787, "reward_2_when_2_group_param_known": 3.0519144535064697, "reward_0_when_3_group_param_known": 3.750595808029175, "reward_1_when_3_group_param_known": 3.5503880977630615, "reward_2_when_3_group_param_known": 3.2431414127349854, "reward_error_0_when_1_group_param_known": 0.0, "reward_error_1_when_1_group_param_known": 0.09811410260103283, "reward_error_2_when_1_group_param_known": 0.010224645495559308, "reward_error_0_when_2_group_param_known": 0.09811410260103283, "reward_error_1_when_2_group_param_known": 0.0, "reward_error_2_when_2_group_param_known": 0.05896349708267927, "reward_error_0_when_3_group_param_known": 0.008435441435207523, "reward_error_1_when_3_group_param_known": 0.0613653971041982, "reward_error_2_when_3_group_param_known": 0.0, "_wandb": {"runtime": 8}}