{"Iteration": 99, "train_loss": 14.478537102620379, "val_loss": 14.690197391675673, "grad_norm": 0.02513486693881467, "live_grad": 2.3419917211848566e-14, "train_weighted_loss": 43.43561130786114, "val_weighted_loss": 44.070592175027016, "max_reward_err": 0.10425601292440631, "max_reward_err_index": 0, "max_kl_dist": 2.010169085153217, "max_kl_dist_index": 0, "max_train_grp_loss": 20.92248747756652, "max_train_grp_loss_index": 0, "max_val_grp_loss": 19.60825662842226, "max_val_grp_loss_index": 0, "max_cur_train_grp_loss": 0.451557723822564, "max_cur_train_grp_loss_index": 2, "reward_err_1": 0.10425601292440631, "reward_err_2": 0.0019032126981303828, "reward_err_3": 0.06366231275578758, "KL_distance_1": 2.010169085153217, "KL_distance_2": 1.0122926566856576, "KL_distance_3": 1.675034650832244, "reward_param_1": 8.565840684030796, "reward_param_2": 4.403154315196003, "reward_param_3": 14.744139621891344, "reward_param_4": 5.007576744053801, "group_weight_1": 0.30921305991100245, "group_weight_2": 0.2765920992016347, "group_weight_3": 0.4141948408873629, "hist_group_loss_1": 16.33368720415295, "hist_group_loss_2": 5.185017331173321, "hist_group_loss_3": 45.56428117508336, "cur_group_loss_1": 0.16221168226354368, "cur_group_loss_2": 0.05236849475407648, "cur_group_loss_3": 0.451557723822564, "train_group_loss_1": 20.92248747756652, "train_group_loss_2": 6.812373154838586, "train_group_loss_3": 18.511017952463813, "val_group_loss_1": 19.60825662842226, "val_group_loss_2": 5.749841644531001, "val_group_loss_3": 18.083027006074783, "_timestamp": 1726690121.651149, "_runtime": 9.800166130065918, "_step": 2, "final/reward_err_1": 0.10425601292440631, "final/reward_err_2": 0.0019032126981303828, "final/reward_err_3": 0.06366231275578758, "final/reward_param_1": 8.565840684030796, "final/reward_param_2": 4.403154315196003, "final/reward_param_3": 14.744139621891344, "final/reward_param_4": 5.007576744053801, "optimal_reward_1": 3.860621452331543, "optimal_reward_2": 3.860621452331543, "optimal_reward_3": 3.3138341903686523, "final/reward_1": 3.8245344161987305, "final/reward_2": 3.578054666519165, "final/reward_3": 3.3138341903686523, "reward_0_when_1_group_param_known": 3.860621452331543, "reward_1_when_1_group_param_known": 3.4612629413604736, "reward_2_when_1_group_param_known": 3.285645008087158, "reward_0_when_2_group_param_known": 3.4612629413604736, "reward_1_when_2_group_param_known": 3.860621452331543, "reward_2_when_2_group_param_known": 3.115248203277588, "reward_0_when_3_group_param_known": 3.8245344161987305, "reward_1_when_3_group_param_known": 3.578054666519165, "reward_2_when_3_group_param_known": 3.3138341903686523, "reward_error_0_when_1_group_param_known": 0.0, "reward_error_1_when_1_group_param_known": 0.1034440998430149, "reward_error_2_when_1_group_param_known": 0.008506515613672933, "reward_error_0_when_2_group_param_known": 0.1034440998430149, "reward_error_1_when_2_group_param_known": 0.0, "reward_error_2_when_2_group_param_known": 0.0599263498663379, "reward_error_0_when_3_group_param_known": 0.009347468167597338, "reward_error_1_when_3_group_param_known": 0.07319204674722188, "reward_error_2_when_3_group_param_known": 0.0, "_wandb": {"runtime": 9}}