{"Iteration": 99, "train_loss": 18.601700454356962, "val_loss": 17.289045982360033, "grad_norm": 0.3261271647475922, "max_reward_err": 0.0617804700429668, "max_reward_err_index": 0, "max_kl_dist": 0.6577079595337818, "max_kl_dist_index": 0, "max_train_grp_loss": 22.81384269220885, "max_train_grp_loss_index": 0, "max_val_grp_loss": 21.185796227993606, "max_val_grp_loss_index": 0, "max_cur_train_grp_loss": 22.81228813978323, "max_cur_train_grp_loss_index": 0, "reward_err_1": 0.07943741428772591, "reward_err_2": 0.009773757820917483, "reward_err_3": 0.043569802817534815, "reward_param_1": 7.324771279666547, "reward_param_2": 3.9568480918938076, "reward_param_3": 5.442149609386405, "reward_param_4": 3.6499815582374033, "KL_distance_1": 0.6577079595337818, "KL_distance_2": 0.32050341999330384, "KL_distance_3": 0.5028469850326742, "hist_group_loss_1": 2276.9591378710998, "hist_group_loss_2": 1480.2145352556427, "hist_group_loss_3": 2109.7903418248284, "cur_group_loss_1": 22.81228813978323, "cur_group_loss_2": 12.889273380834666, "cur_group_loss_3": 20.597869533966247, "train_group_loss_1": 22.81384269220885, "train_group_loss_2": 12.864545619402094, "train_group_loss_3": 20.590255653506198, "val_group_loss_1": 21.185796227993606, "val_group_loss_2": 10.44569980427253, "val_group_loss_3": 20.260079070379575, "_timestamp": 1726606856.5468311, "_runtime": 8.06076717376709, "_step": 2, "final/reward_err_1": 0.07943741428772591, "final/reward_err_2": 0.009773757820917483, "final/reward_err_3": 0.043569802817534815, "final/reward_param_1": 7.324771279666547, "final/reward_param_2": 3.9568480918938076, "final/reward_param_3": 5.442149609386405, "final/reward_param_4": 3.6499815582374033, "optimal_reward_1": 3.867140769958496, "optimal_reward_2": 3.867140769958496, "optimal_reward_3": 3.3081343173980713, "final/reward_1": 3.833752155303955, "final/reward_2": 3.6075756549835205, "final/reward_3": 3.3081343173980713, "reward_0_when_1_group_param_known": 3.867140769958496, "reward_1_when_1_group_param_known": 3.49029541015625, "reward_2_when_1_group_param_known": 3.2803642749786377, "reward_0_when_2_group_param_known": 3.49029541015625, "reward_1_when_2_group_param_known": 3.867140769958496, "reward_2_when_2_group_param_known": 3.118959903717041, "reward_0_when_3_group_param_known": 3.833752155303955, "reward_1_when_3_group_param_known": 3.6075756549835205, "reward_2_when_3_group_param_known": 3.3081343173980713, "reward_error_0_when_1_group_param_known": 0.0, "reward_error_1_when_1_group_param_known": 0.09744805845438374, "reward_error_2_when_1_group_param_known": 0.00839447245941193, "reward_error_0_when_2_group_param_known": 0.09744805845438374, "reward_error_1_when_2_group_param_known": 0.0, "reward_error_2_when_2_group_param_known": 0.05718462297196584, "reward_error_0_when_3_group_param_known": 0.008633927917472566, "reward_error_1_when_3_group_param_known": 0.06712067918276514, "reward_error_2_when_3_group_param_known": 0.0, "_wandb": {"runtime": 7}}