{"Iteration": 199, "train_loss": 14.325795603013166, "val_loss": 14.289036850431692, "grad_norm": 0.03911609319333469, "live_grad": 1.397690980177654e-14, "train_weighted_loss": 42.9773868090395, "val_weighted_loss": 42.867110551295085, "max_reward_err": 0.08525332801097238, "max_reward_err_index": 0, "max_kl_dist": 1.7943947188424054, "max_kl_dist_index": 0, "max_train_grp_loss": 19.703200563772715, "max_train_grp_loss_index": 0, "max_val_grp_loss": 19.81880787271391, "max_val_grp_loss_index": 0, "max_cur_train_grp_loss": 0.3223485733559612, "max_cur_train_grp_loss_index": 2, "reward_err_1": 0.08525332801097238, "reward_err_2": 0.0018566232121528775, "reward_err_3": 0.04643824109289926, "KL_distance_1": 1.7943947188424054, "KL_distance_2": 1.111343951129013, "KL_distance_3": 1.4881397678873827, "reward_param_1": 12.233712405099112, "reward_param_2": 5.162557504169999, "reward_param_3": 11.69106803052568, "reward_param_4": 5.883785303696648, "group_weight_1": 0.3081480984336453, "group_weight_2": 0.2558722387233804, "group_weight_3": 0.43597966284297435, "hist_group_loss_1": 30.677280405059616, "hist_group_loss_2": 12.087054998994848, "hist_group_loss_3": 65.37878949783715, "cur_group_loss_1": 0.15158145404763948, "cur_group_loss_2": 0.06337399657226307, "cur_group_loss_3": 0.3223485733559612, "train_group_loss_1": 19.703200563772715, "train_group_loss_2": 7.546297880042647, "train_group_loss_3": 16.437512938988665, "val_group_loss_1": 19.81880787271391, "val_group_loss_2": 7.294794830331946, "val_group_loss_3": 16.221039509025267, "_timestamp": 1726698430.927202, "_runtime": 14.167687892913818, "_step": 3, "final/reward_err_1": 0.08525332801097238, "final/reward_err_2": 0.0018566232121528775, "final/reward_err_3": 0.04643824109289926, "final/reward_param_1": 12.233712405099112, "final/reward_param_2": 5.162557504169999, "final/reward_param_3": 11.69106803052568, "final/reward_param_4": 5.883785303696648, "optimal_reward_1": 3.8691489696502686, "optimal_reward_2": 3.8691489696502686, "optimal_reward_3": 3.3071203231811523, "final/reward_1": 3.8334453105926514, "final/reward_2": 3.6074156761169434, "final/reward_3": 3.3071203231811523, "reward_0_when_1_group_param_known": 3.8691489696502686, "reward_1_when_1_group_param_known": 3.4901177883148193, "reward_2_when_1_group_param_known": 3.2788524627685547, "reward_0_when_2_group_param_known": 3.4901177883148193, "reward_1_when_2_group_param_known": 3.8691489696502686, "reward_2_when_2_group_param_known": 3.1177523136138916, "reward_0_when_3_group_param_known": 3.8334453105926514, "reward_1_when_3_group_param_known": 3.6074156761169434, "reward_2_when_3_group_param_known": 3.3071203231811523, "reward_error_0_when_1_group_param_known": 0.0, "reward_error_1_when_1_group_param_known": 0.09796241610457035, "reward_error_2_when_1_group_param_known": 0.008547575428222254, "reward_error_0_when_2_group_param_known": 0.09796241610457035, "reward_error_1_when_2_group_param_known": 0.0, "reward_error_2_when_2_group_param_known": 0.05726069542734561, "reward_error_0_when_3_group_param_known": 0.00922778092486949, "reward_error_1_when_3_group_param_known": 0.06764621770481564, "reward_error_2_when_3_group_param_known": 0.0, "_wandb": {"runtime": 14}}