{"Iteration": 199, "train_loss": 17.827911416786964, "val_loss": 15.503882577586733, "grad_norm": 0.15007203908940212, "max_reward_err": 0.06578522773183484, "max_reward_err_index": 0, "max_kl_dist": 0.9101526570492163, "max_kl_dist_index": 0, "max_train_grp_loss": 19.54279335181824, "max_train_grp_loss_index": 0, "max_val_grp_loss": 19.87035454209273, "max_val_grp_loss_index": 0, "max_cur_train_grp_loss": 19.546053014464857, "max_cur_train_grp_loss_index": 0, "reward_err_1": 0.06931197994354435, "reward_err_2": 0.009917644724365923, "reward_err_3": 0.03688092098702508, "reward_param_1": 6.494705102911973, "reward_param_2": 3.955982465618282, "reward_param_3": 8.638078121717536, "reward_param_4": 4.935190091557469, "KL_distance_1": 0.9101526570492163, "KL_distance_2": 0.49588493142335377, "KL_distance_3": 0.7215077390825231, "hist_group_loss_1": 4037.502825318991, "hist_group_loss_2": 3257.464513756743, "hist_group_loss_3": 3781.8857255998896, "cur_group_loss_1": 19.546053014464857, "cur_group_loss_2": 15.875938647206393, "cur_group_loss_3": 17.873212280323536, "train_group_loss_1": 19.54279335181824, "train_group_loss_2": 15.876800932825697, "train_group_loss_3": 17.867415455330857, "val_group_loss_1": 19.87035454209273, "val_group_loss_2": 7.832497372376183, "val_group_loss_3": 18.931826971451763, "_timestamp": 1726692548.5245829, "_runtime": 11.492592811584473, "_step": 3, "final/reward_err_1": 0.06931197994354435, "final/reward_err_2": 0.009917644724365923, "final/reward_err_3": 0.03688092098702508, "final/reward_param_1": 6.494705102911973, "final/reward_param_2": 3.955982465618282, "final/reward_param_3": 8.638078121717536, "final/reward_param_4": 4.935190091557469, "optimal_reward_1": 3.7643983364105225, "optimal_reward_2": 3.7643983364105225, "optimal_reward_3": 3.2276272773742676, "final/reward_1": 3.725473642349243, "final/reward_2": 3.5370585918426514, "final/reward_3": 3.2276272773742676, "reward_0_when_1_group_param_known": 3.7643983364105225, "reward_1_when_1_group_param_known": 3.4167792797088623, "reward_2_when_1_group_param_known": 3.185643196105957, "reward_0_when_2_group_param_known": 3.4167792797088623, "reward_1_when_2_group_param_known": 3.7643983364105225, "reward_2_when_2_group_param_known": 3.0518436431884766, "reward_0_when_3_group_param_known": 3.725473642349243, "reward_1_when_3_group_param_known": 3.5370585918426514, "reward_2_when_3_group_param_known": 3.2276272773742676, "reward_error_0_when_1_group_param_known": 0.0, "reward_error_1_when_1_group_param_known": 0.09234385568056709, "reward_error_2_when_1_group_param_known": 0.013007722906117384, "reward_error_0_when_2_group_param_known": 0.09234385568056709, "reward_error_1_when_2_group_param_known": 0.0, "reward_error_2_when_2_group_param_known": 0.05446218509120859, "reward_error_0_when_3_group_param_known": 0.010340216571871954, "reward_error_1_when_3_group_param_known": 0.06039205319186466, "reward_error_2_when_3_group_param_known": 0.0, "_wandb": {"runtime": 11}}