{"Iteration": 99, "train_loss": 22.13245079418004, "val_loss": 22.005233173737032, "grad_norm": 0.1923360086115334, "max_reward_err": 0.05593370419309318, "max_reward_err_index": 1, "max_kl_dist": 0.3914228679805662, "max_kl_dist_index": 0, "max_train_grp_loss": 24.854743983681683, "max_train_grp_loss_index": 0, "max_val_grp_loss": 23.649696880080278, "max_val_grp_loss_index": 2, "max_cur_train_grp_loss": 24.853918306846644, "max_cur_train_grp_loss_index": 0, "reward_err_1": 0.07924405469734563, "reward_err_2": 0.01904373804688148, "reward_err_3": 0.03996995284042066, "reward_param_1": 4.997109750216628, "reward_param_2": 1.2821818585408105, "reward_param_3": 4.414555279120365, "reward_param_4": 3.6419579905067967, "KL_distance_1": 0.3914228679805662, "KL_distance_2": 0.1388921677519225, "KL_distance_3": 0.25777014343714577, "hist_group_loss_1": 2481.3959641263255, "hist_group_loss_2": 1884.6581616687868, "hist_group_loss_3": 2386.0997409658303, "cur_group_loss_1": 24.853918306846644, "cur_group_loss_2": 18.012143331155382, "cur_group_loss_3": 23.89535236938205, "train_group_loss_1": 24.854743983681683, "train_group_loss_2": 18.00042222469952, "train_group_loss_3": 23.895915787954195, "val_group_loss_1": 23.162181838084297, "val_group_loss_2": 19.025731985895757, "val_group_loss_3": 23.649696880080278, "_timestamp": 1726610726.077767, "_runtime": 8.195262908935547, "_step": 2, "final/reward_err_1": 0.07924405469734563, "final/reward_err_2": 0.01904373804688148, "final/reward_err_3": 0.03996995284042066, "final/reward_param_1": 4.997109750216628, "final/reward_param_2": 1.2821818585408105, "final/reward_param_3": 4.414555279120365, "final/reward_param_4": 3.6419579905067967, "optimal_reward_1": 3.823425769805908, "optimal_reward_2": 3.823425769805908, "optimal_reward_3": 3.2643818855285645, "final/reward_1": 3.7817330360412598, "final/reward_2": 3.553356885910034, "final/reward_3": 3.2643818855285645, "reward_0_when_1_group_param_known": 3.823425769805908, "reward_1_when_1_group_param_known": 3.428101062774658, "reward_2_when_1_group_param_known": 3.2270522117614746, "reward_0_when_2_group_param_known": 3.428101062774658, "reward_1_when_2_group_param_known": 3.823425769805908, "reward_2_when_2_group_param_known": 3.0676209926605225, "reward_0_when_3_group_param_known": 3.7817330360412598, "reward_1_when_3_group_param_known": 3.553356885910034, "reward_2_when_3_group_param_known": 3.2643818855285645, "reward_error_0_when_1_group_param_known": 0.0, "reward_error_1_when_1_group_param_known": 0.10339541835836875, "reward_error_2_when_1_group_param_known": 0.011435449367176435, "reward_error_0_when_2_group_param_known": 0.10339541835836875, "reward_error_1_when_2_group_param_known": 0.0, "reward_error_2_when_2_group_param_known": 0.06027508415614882, "reward_error_0_when_3_group_param_known": 0.010904549028753582, "reward_error_1_when_3_group_param_known": 0.07063531506970613, "reward_error_2_when_3_group_param_known": 0.0, "_wandb": {"runtime": 8}}