{"Iteration": 99, "train_loss": 19.894027750507547, "val_loss": 20.10675249956784, "grad_norm": 0.4813515513601082, "max_reward_err": 0.1312344836259906, "max_reward_err_index": 1, "max_kl_dist": 0.3173884168440636, "max_kl_dist_index": 0, "max_train_grp_loss": 22.700995747486637, "max_train_grp_loss_index": 0, "max_val_grp_loss": 22.240622657675477, "max_val_grp_loss_index": 0, "max_cur_train_grp_loss": 22.7058890013005, "max_cur_train_grp_loss_index": 0, "reward_err_1": 0.05061265486612672, "reward_err_2": 0.024561646339210534, "reward_err_3": 0.019005316595907075, "reward_param_1": 4.516898476904113, "reward_param_2": 3.743769080531855, "reward_param_3": 4.446401370090145, "reward_param_4": 3.402067301268435, "KL_distance_1": 0.3173884168440636, "KL_distance_2": 0.196378876169083, "KL_distance_3": 0.2163758249524851, "hist_group_loss_1": 2306.968461754142, "hist_group_loss_2": 1942.8905234959914, "hist_group_loss_3": 2224.5979244334535, "cur_group_loss_1": 22.7058890013005, "cur_group_loss_2": 15.761625902425731, "cur_group_loss_3": 21.379872138608633, "train_group_loss_1": 22.700995747486637, "train_group_loss_2": 15.711183735335608, "train_group_loss_3": 21.366491964482, "val_group_loss_1": 22.240622657675477, "val_group_loss_2": 16.246353028398858, "val_group_loss_3": 21.800131743507603, "_timestamp": 1726608623.244938, "_runtime": 8.026043891906738, "_step": 2, "final/reward_err_1": 0.05061265486612672, "final/reward_err_2": 0.024561646339210534, "final/reward_err_3": 0.019005316595907075, "final/reward_param_1": 4.516898476904113, "final/reward_param_2": 3.743769080531855, "final/reward_param_3": 4.446401370090145, "final/reward_param_4": 3.402067301268435, "optimal_reward_1": 3.8653156757354736, "optimal_reward_2": 3.8653156757354736, "optimal_reward_3": 3.331118106842041, "final/reward_1": 3.8325858116149902, "final/reward_2": 3.5891125202178955, "final/reward_3": 3.331118106842041, "reward_0_when_1_group_param_known": 3.8653156757354736, "reward_1_when_1_group_param_known": 3.477531671524048, "reward_2_when_1_group_param_known": 3.30049467086792, "reward_0_when_2_group_param_known": 3.477531671524048, "reward_1_when_2_group_param_known": 3.8653156757354736, "reward_2_when_2_group_param_known": 3.137904405593872, "reward_0_when_3_group_param_known": 3.8325858116149902, "reward_1_when_3_group_param_known": 3.5891125202178955, "reward_2_when_3_group_param_known": 3.331118106842041, "reward_error_0_when_1_group_param_known": 0.0, "reward_error_1_when_1_group_param_known": 0.10032401923748184, "reward_error_2_when_1_group_param_known": 0.009193140258588025, "reward_error_0_when_2_group_param_known": 0.10032401923748184, "reward_error_1_when_2_group_param_known": 0.0, "reward_error_2_when_2_group_param_known": 0.05800265708121018, "reward_error_0_when_3_group_param_known": 0.008467578554048038, "reward_error_1_when_3_group_param_known": 0.0714568171628113, "reward_error_2_when_3_group_param_known": 0.0, "_wandb": {"runtime": 7}}