{"Iteration": 199, "train_loss": 16.1459629743934, "val_loss": 14.6547544038499, "grad_norm": 0.057304911445032476, "live_grad": 1.991421448535074e-14, "train_weighted_loss": 48.437888923180196, "val_weighted_loss": 43.96426321154969, "max_reward_err": 0.10863271773962577, "max_reward_err_index": 0, "max_kl_dist": 1.6827882841233281, "max_kl_dist_index": 0, "max_train_grp_loss": 21.805953361434927, "max_train_grp_loss_index": 0, "max_val_grp_loss": 18.966057522089628, "max_val_grp_loss_index": 0, "max_cur_train_grp_loss": 0.38658649142610607, "max_cur_train_grp_loss_index": 2, "reward_err_1": 0.10863271773962577, "reward_err_2": 0.0019472295653291199, "reward_err_3": 0.06965975592041398, "KL_distance_1": 1.6827882841233281, "KL_distance_2": 0.7407182435265226, "KL_distance_3": 1.3783242653009586, "reward_param_1": 7.3355594637438015, "reward_param_2": 4.611291249338456, "reward_param_3": 12.96672009640081, "reward_param_4": 4.042563927411402, "group_weight_1": 0.31103031421476407, "group_weight_2": 0.2385992219890854, "group_weight_3": 0.4503704637961504, "hist_group_loss_1": 41.30852864980007, "hist_group_loss_2": 14.7980154635024, "hist_group_loss_3": 78.32654026675291, "cur_group_loss_1": 0.20382374057684338, "cur_group_loss_2": 0.07628286321249937, "cur_group_loss_3": 0.38658649142610607, "train_group_loss_1": 21.805953361434927, "train_group_loss_2": 10.98947474971788, "train_group_loss_3": 18.940153442553203, "val_group_loss_1": 18.966057522089628, "val_group_loss_2": 6.6852936291646134, "val_group_loss_3": 17.89248624226113, "_timestamp": 1726698853.46561, "_runtime": 14.542906045913696, "_step": 3, "final/reward_err_1": 0.10863271773962577, "final/reward_err_2": 0.0019472295653291199, "final/reward_err_3": 0.06965975592041398, "final/reward_param_1": 7.3355594637438015, "final/reward_param_2": 4.611291249338456, "final/reward_param_3": 12.96672009640081, "final/reward_param_4": 4.042563927411402, "optimal_reward_1": 3.80763578414917, "optimal_reward_2": 3.80763578414917, "optimal_reward_3": 3.3006885051727295, "final/reward_1": 3.773042917251587, "final/reward_2": 3.553501844406128, "final/reward_3": 3.3006885051727295, "reward_0_when_1_group_param_known": 3.80763578414917, "reward_1_when_1_group_param_known": 3.4319357872009277, "reward_2_when_1_group_param_known": 3.266146421432495, "reward_0_when_2_group_param_known": 3.4319357872009277, "reward_1_when_2_group_param_known": 3.80763578414917, "reward_2_when_2_group_param_known": 3.1126708984375, "reward_0_when_3_group_param_known": 3.773042917251587, "reward_1_when_3_group_param_known": 3.553501844406128, "reward_2_when_3_group_param_known": 3.3006885051727295, "reward_error_0_when_1_group_param_known": 0.0, "reward_error_1_when_1_group_param_known": 0.09867015078286794, "reward_error_2_when_1_group_param_known": 0.010465114683224778, "reward_error_0_when_2_group_param_known": 0.09867015078286794, "reward_error_1_when_2_group_param_known": 0.0, "reward_error_2_when_2_group_param_known": 0.056963147670728256, "reward_error_0_when_3_group_param_known": 0.009085130211663064, "reward_error_1_when_3_group_param_known": 0.06674323757565724, "reward_error_2_when_3_group_param_known": 0.0, "_wandb": {"runtime": 14}}