{"Iteration": 99, "train_loss": 15.200341517804661, "val_loss": 15.313497546759478, "grad_norm": 0.022395046916536175, "live_grad": 1.4697356992414398e-14, "train_weighted_loss": 45.60102455341397, "val_weighted_loss": 45.94049264027843, "max_reward_err": 0.10640049681798328, "max_reward_err_index": 0, "max_kl_dist": 1.739786069344643, "max_kl_dist_index": 0, "max_train_grp_loss": 20.61824499955145, "max_train_grp_loss_index": 0, "max_val_grp_loss": 19.682806228626553, "max_val_grp_loss_index": 0, "max_cur_train_grp_loss": 0.4001113800287268, "max_cur_train_grp_loss_index": 2, "reward_err_1": 0.10640049681798328, "reward_err_2": 0.0002716588516514851, "reward_err_3": 0.06348332482725506, "KL_distance_1": 1.739786069344643, "KL_distance_2": 0.799884717518254, "KL_distance_3": 1.380599626242933, "reward_param_1": 9.702392458139014, "reward_param_2": 3.6934863140453187, "reward_param_3": 11.745114057747474, "reward_param_4": 4.183624735226394, "group_weight_1": 0.32111388025080395, "group_weight_2": 0.28287341857151055, "group_weight_3": 0.3960127011776855, "hist_group_loss_1": 19.383218513422598, "hist_group_loss_2": 6.703587116494361, "hist_group_loss_3": 40.3482642203884, "cur_group_loss_1": 0.19271448094562668, "cur_group_loss_2": 0.06717585722150839, "cur_group_loss_3": 0.4001113800287268, "train_group_loss_1": 20.61824499955145, "train_group_loss_2": 9.67656437921904, "train_group_loss_3": 19.602550403711245, "val_group_loss_1": 19.682806228626553, "val_group_loss_2": 7.922906469915176, "val_group_loss_3": 17.812001416652983, "_timestamp": 1726683114.087599, "_runtime": 10.380815029144287, "_step": 2, "final/reward_err_1": 0.10640049681798328, "final/reward_err_2": 0.0002716588516514851, "final/reward_err_3": 0.06348332482725506, "final/reward_param_1": 9.702392458139014, "final/reward_param_2": 3.6934863140453187, "final/reward_param_3": 11.745114057747474, "final/reward_param_4": 4.183624735226394, "optimal_reward_1": 3.8721461296081543, "optimal_reward_2": 3.8721461296081543, "optimal_reward_3": 3.377051591873169, "final/reward_1": 3.834397315979004, "final/reward_2": 3.592139482498169, "final/reward_3": 3.377051591873169, "reward_0_when_1_group_param_known": 3.8721461296081543, "reward_1_when_1_group_param_known": 3.473419189453125, "reward_2_when_1_group_param_known": 3.3377835750579834, "reward_0_when_2_group_param_known": 3.473419189453125, "reward_1_when_2_group_param_known": 3.8721461296081543, "reward_2_when_2_group_param_known": 3.1756153106689453, "reward_0_when_3_group_param_known": 3.834397315979004, "reward_1_when_3_group_param_known": 3.592139482498169, "reward_2_when_3_group_param_known": 3.377051591873169, "reward_error_0_when_1_group_param_known": 0.0, "reward_error_1_when_1_group_param_known": 0.10297311279297687, "reward_error_2_when_1_group_param_known": 0.01162789958841124, "reward_error_0_when_2_group_param_known": 0.10297311279297687, "reward_error_1_when_2_group_param_known": 0.0, "reward_error_2_when_2_group_param_known": 0.05964856494611378, "reward_error_0_when_3_group_param_known": 0.00974880915276057, "reward_error_1_when_3_group_param_known": 0.07231303719891401, "reward_error_2_when_3_group_param_known": 0.0, "_wandb": {"runtime": 10}}