{"Iteration": 99, "train_loss": 17.531114555589593, "val_loss": 19.16302501038253, "grad_norm": 0.2753907290466771, "max_reward_err": 0.04998889187993329, "max_reward_err_index": 0, "max_kl_dist": 0.728106433493716, "max_kl_dist_index": 0, "max_train_grp_loss": 20.76454061336604, "max_train_grp_loss_index": 0, "max_val_grp_loss": 20.742905462678706, "max_val_grp_loss_index": 0, "max_cur_train_grp_loss": 20.76858832722403, "max_cur_train_grp_loss_index": 0, "reward_err_1": 0.07126047768010471, "reward_err_2": 0.013013642256650174, "reward_err_3": 0.03549940565638962, "reward_param_1": 7.484649159382971, "reward_param_2": 4.661690194957629, "reward_param_3": 6.239382122174068, "reward_param_4": 4.068352437866623, "KL_distance_1": 0.728106433493716, "KL_distance_2": 0.41253369382836336, "KL_distance_3": 0.5684974889107248, "hist_group_loss_1": 2107.6395381311945, "hist_group_loss_2": 1483.2116982119317, "hist_group_loss_3": 1847.2222031429953, "cur_group_loss_1": 20.76858832722403, "cur_group_loss_2": 13.94736850606192, "cur_group_loss_3": 17.68527037288718, "train_group_loss_1": 20.76454061336604, "train_group_loss_2": 13.937779969722023, "train_group_loss_3": 17.673495500830832, "val_group_loss_1": 20.742905462678706, "val_group_loss_2": 17.954388523474126, "val_group_loss_3": 18.86092143058248, "_timestamp": 1726684557.364358, "_runtime": 8.479784965515137, "_step": 2, "final/reward_err_1": 0.07126047768010471, "final/reward_err_2": 0.013013642256650174, "final/reward_err_3": 0.03549940565638962, "final/reward_param_1": 7.484649159382971, "final/reward_param_2": 4.661690194957629, "final/reward_param_3": 6.239382122174068, "final/reward_param_4": 4.068352437866623, "optimal_reward_1": 3.852689266204834, "optimal_reward_2": 3.852689266204834, "optimal_reward_3": 3.3024346828460693, "final/reward_1": 3.8164188861846924, "final/reward_2": 3.5882885456085205, "final/reward_3": 3.3024346828460693, "reward_0_when_1_group_param_known": 3.852689266204834, "reward_1_when_1_group_param_known": 3.475465774536133, "reward_2_when_1_group_param_known": 3.27390193939209, "reward_0_when_2_group_param_known": 3.475465774536133, "reward_1_when_2_group_param_known": 3.852689266204834, "reward_2_when_2_group_param_known": 3.1151528358459473, "reward_0_when_3_group_param_known": 3.8164188861846924, "reward_1_when_3_group_param_known": 3.5882885456085205, "reward_2_when_3_group_param_known": 3.3024346828460693, "reward_error_0_when_1_group_param_known": 0.0, "reward_error_1_when_1_group_param_known": 0.09791173531113566, "reward_error_2_when_1_group_param_known": 0.008639911518065122, "reward_error_0_when_2_group_param_known": 0.09791173531113566, "reward_error_1_when_2_group_param_known": 0.0, "reward_error_2_when_2_group_param_known": 0.0567102350193103, "reward_error_0_when_3_group_param_known": 0.00941430193664968, "reward_error_1_when_3_group_param_known": 0.06862757474774667, "reward_error_2_when_3_group_param_known": 0.0, "_wandb": {"runtime": 8}}