{"Iteration": 199, "train_loss": 17.77268721407444, "val_loss": 16.77133679078821, "grad_norm": 0.21956617962445957, "max_reward_err": 0.04421218961041822, "max_reward_err_index": 1, "max_kl_dist": 0.5728703858894735, "max_kl_dist_index": 0, "max_train_grp_loss": 20.732938886850135, "max_train_grp_loss_index": 0, "max_val_grp_loss": 19.40384504311125, "max_val_grp_loss_index": 0, "max_cur_train_grp_loss": 20.734381752984273, "max_cur_train_grp_loss_index": 0, "reward_err_1": 0.0451259522181175, "reward_err_2": 0.02616740896544632, "reward_err_3": 0.016663834170610625, "reward_param_1": 5.718353656572547, "reward_param_2": 4.724519779544043, "reward_param_3": 6.3243080220402454, "reward_param_4": 5.468770244138318, "KL_distance_1": 0.5728703858894735, "KL_distance_2": 0.454635003138596, "KL_distance_3": 0.45396970512572615, "hist_group_loss_1": 4276.897942757911, "hist_group_loss_2": 3320.279755362893, "hist_group_loss_3": 4006.31899826002, "cur_group_loss_1": 20.734381752984273, "cur_group_loss_2": 14.028952101787798, "cur_group_loss_3": 18.46502643863274, "train_group_loss_1": 20.732938886850135, "train_group_loss_2": 14.021704483374899, "train_group_loss_3": 18.457394777376326, "val_group_loss_1": 19.40384504311125, "val_group_loss_2": 11.706779610438895, "val_group_loss_3": 18.576363759752148, "_timestamp": 1726697847.6773891, "_runtime": 11.703139066696167, "_step": 3, "final/reward_err_1": 0.0451259522181175, "final/reward_err_2": 0.02616740896544632, "final/reward_err_3": 0.016663834170610625, "final/reward_param_1": 5.718353656572547, "final/reward_param_2": 4.724519779544043, "final/reward_param_3": 6.3243080220402454, "final/reward_param_4": 5.468770244138318, "optimal_reward_1": 3.8741343021392822, "optimal_reward_2": 3.8741343021392822, "optimal_reward_3": 3.3486669063568115, "final/reward_1": 3.840017557144165, "final/reward_2": 3.611396074295044, "final/reward_3": 3.3486669063568115, "reward_0_when_1_group_param_known": 3.8741343021392822, "reward_1_when_1_group_param_known": 3.4676833152770996, "reward_2_when_1_group_param_known": 3.31387996673584, "reward_0_when_2_group_param_known": 3.4676833152770996, "reward_1_when_2_group_param_known": 3.8741343021392822, "reward_2_when_2_group_param_known": 3.1369452476501465, "reward_0_when_3_group_param_known": 3.840017557144165, "reward_1_when_3_group_param_known": 3.611396074295044, "reward_2_when_3_group_param_known": 3.3486669063568115, "reward_error_0_when_1_group_param_known": 0.0, "reward_error_1_when_1_group_param_known": 0.10491401566480076, "reward_error_2_when_1_group_param_known": 0.010388294982380973, "reward_error_0_when_2_group_param_known": 0.10491401566480076, "reward_error_1_when_2_group_param_known": 0.0, "reward_error_2_when_2_group_param_known": 0.0632256550523886, "reward_error_0_when_3_group_param_known": 0.008806288665903515, "reward_error_1_when_3_group_param_known": 0.06781856470467615, "reward_error_2_when_3_group_param_known": 0.0, "_wandb": {"runtime": 11}}