{"Iteration": 199, "train_loss": 17.91295207929301, "val_loss": 15.22227215682996, "grad_norm": 0.015173153381797042, "live_grad": 1.083705067187462e-14, "train_weighted_loss": 53.738856237879034, "val_weighted_loss": 45.666816470489884, "max_reward_err": 0.10380309961897084, "max_reward_err_index": 0, "max_kl_dist": 1.6443165475289585, "max_kl_dist_index": 0, "max_train_grp_loss": 18.984876072411, "max_train_grp_loss_index": 0, "max_val_grp_loss": 19.73233176152916, "max_val_grp_loss_index": 0, "max_cur_train_grp_loss": 0.3734611724052336, "max_cur_train_grp_loss_index": 2, "reward_err_1": 0.10380309961897084, "reward_err_2": 0.00625767387633312, "reward_err_3": 0.06797147495431977, "KL_distance_1": 1.6443165475289585, "KL_distance_2": 0.7239437593154174, "KL_distance_3": 1.3986280384980656, "reward_param_1": 13.631589459710774, "reward_param_2": 3.9019460103847514, "reward_param_3": 5.213215462926351, "reward_param_4": 5.571770093951198, "group_weight_1": 0.27587519540372507, "group_weight_2": 0.27945675675661186, "group_weight_3": 0.44466804783966307, "hist_group_loss_1": 27.62441699032927, "hist_group_loss_2": 28.914316121237135, "hist_group_loss_3": 75.36236409101767, "cur_group_loss_1": 0.137576956098848, "cur_group_loss_2": 0.14584904904121362, "cur_group_loss_3": 0.3734611724052336, "train_group_loss_1": 18.984876072411, "train_group_loss_2": 16.77450628980827, "train_group_loss_3": 17.551159626962423, "val_group_loss_1": 19.73233176152916, "val_group_loss_2": 7.27987036349201, "val_group_loss_3": 17.468234728523154, "_timestamp": 1726693259.102955, "_runtime": 14.459652185440063, "_step": 3, "final/reward_err_1": 0.10380309961897084, "final/reward_err_2": 0.00625767387633312, "final/reward_err_3": 0.06797147495431977, "final/reward_param_1": 13.631589459710774, "final/reward_param_2": 3.9019460103847514, "final/reward_param_3": 5.213215462926351, "final/reward_param_4": 5.571770093951198, "optimal_reward_1": 3.8686554431915283, "optimal_reward_2": 3.8686554431915283, "optimal_reward_3": 3.3082499504089355, "final/reward_1": 3.8281407356262207, "final/reward_2": 3.6051533222198486, "final/reward_3": 3.3082499504089355, "reward_0_when_1_group_param_known": 3.8686554431915283, "reward_1_when_1_group_param_known": 3.4855799674987793, "reward_2_when_1_group_param_known": 3.2765629291534424, "reward_0_when_2_group_param_known": 3.4855799674987793, "reward_1_when_2_group_param_known": 3.8686554431915283, "reward_2_when_2_group_param_known": 3.1214022636413574, "reward_0_when_3_group_param_known": 3.8281407356262207, "reward_1_when_3_group_param_known": 3.6051533222198486, "reward_2_when_3_group_param_known": 3.3082499504089355, "reward_error_0_when_1_group_param_known": 0.0, "reward_error_1_when_1_group_param_known": 0.09902031372861753, "reward_error_2_when_1_group_param_known": 0.009578182341263635, "reward_error_0_when_2_group_param_known": 0.09902031372861753, "reward_error_1_when_2_group_param_known": 0.0, "reward_error_2_when_2_group_param_known": 0.05647931370617318, "reward_error_0_when_3_group_param_known": 0.01047255517071434, "reward_error_1_when_3_group_param_known": 0.068112067575162, "reward_error_2_when_3_group_param_known": 0.0, "_wandb": {"runtime": 14}}