{"Iteration": 199, "train_loss": 16.9850430581325, "val_loss": 13.967931685005347, "grad_norm": 0.041070452670712194, "live_grad": 3.1826221580710174e-14, "train_weighted_loss": 50.9551291743975, "val_weighted_loss": 41.90379505501604, "max_reward_err": 0.09216441113900288, "max_reward_err_index": 0, "max_kl_dist": 1.5257290014631533, "max_kl_dist_index": 0, "max_train_grp_loss": 20.06524564230096, "max_train_grp_loss_index": 0, "max_val_grp_loss": 18.785117626373385, "max_val_grp_loss_index": 0, "max_cur_train_grp_loss": 0.4042169541773869, "max_cur_train_grp_loss_index": 2, "reward_err_1": 0.09216441113900288, "reward_err_2": 0.0021134340524468077, "reward_err_3": 0.05111289950952878, "KL_distance_1": 1.5257290014631533, "KL_distance_2": 0.8161040693473461, "KL_distance_3": 1.229072041443273, "reward_param_1": 9.935299332169029, "reward_param_2": 3.756652621574433, "reward_param_3": 11.023142753686622, "reward_param_4": 5.378716939931441, "group_weight_1": 0.28444993254196105, "group_weight_2": 0.25107423427582265, "group_weight_3": 0.46447583318221625, "hist_group_loss_1": 32.67313422233996, "hist_group_loss_2": 20.19227376714134, "hist_group_loss_3": 81.70836174849222, "cur_group_loss_1": 0.1618331099981559, "cur_group_loss_2": 0.10300655600875208, "cur_group_loss_3": 0.4042169541773869, "train_group_loss_1": 20.06524564230096, "train_group_loss_2": 13.29153860819713, "train_group_loss_3": 18.996042071000034, "val_group_loss_1": 18.785117626373385, "val_group_loss_2": 6.034121926124681, "val_group_loss_3": 17.68274993273603, "_timestamp": 1726698903.79871, "_runtime": 14.77517318725586, "_step": 3, "final/reward_err_1": 0.09216441113900288, "final/reward_err_2": 0.0021134340524468077, "final/reward_err_3": 0.05111289950952878, "final/reward_param_1": 9.935299332169029, "final/reward_param_2": 3.756652621574433, "final/reward_param_3": 11.023142753686622, "final/reward_param_4": 5.378716939931441, "optimal_reward_1": 3.8608431816101074, "optimal_reward_2": 3.8608431816101074, "optimal_reward_3": 3.3174452781677246, "final/reward_1": 3.8267719745635986, "final/reward_2": 3.5796079635620117, "final/reward_3": 3.3174452781677246, "reward_0_when_1_group_param_known": 3.8608431816101074, "reward_1_when_1_group_param_known": 3.4672656059265137, "reward_2_when_1_group_param_known": 3.286299705505371, "reward_0_when_2_group_param_known": 3.4672656059265137, "reward_1_when_2_group_param_known": 3.8608431816101074, "reward_2_when_2_group_param_known": 3.1212518215179443, "reward_0_when_3_group_param_known": 3.8267719745635986, "reward_1_when_3_group_param_known": 3.5796079635620117, "reward_2_when_3_group_param_known": 3.3174452781677246, "reward_error_0_when_1_group_param_known": 0.0, "reward_error_1_when_1_group_param_known": 0.10194083446804438, "reward_error_2_when_1_group_param_known": 0.009388420923571552, "reward_error_0_when_2_group_param_known": 0.10194083446804438, "reward_error_1_when_2_group_param_known": 0.0, "reward_error_2_when_2_group_param_known": 0.05913992250028639, "reward_error_0_when_3_group_param_known": 0.008824809878006984, "reward_error_1_when_3_group_param_known": 0.07284295290408836, "reward_error_2_when_3_group_param_known": 0.0, "_wandb": {"runtime": 14}}