{"Iteration": 199, "train_loss": 15.133873561237428, "val_loss": 14.911132498783743, "grad_norm": 0.2344319509526061, "max_reward_err": 0.08791698588412639, "max_reward_err_index": 0, "max_kl_dist": 1.1611388127429314, "max_kl_dist_index": 0, "max_train_grp_loss": 20.515052562016642, "max_train_grp_loss_index": 0, "max_val_grp_loss": 19.81259836630763, "max_val_grp_loss_index": 0, "max_cur_train_grp_loss": 20.51721762584296, "max_cur_train_grp_loss_index": 0, "reward_err_1": 0.09249281179145355, "reward_err_2": 0.002237944436000906, "reward_err_3": 0.055132923987786304, "reward_param_1": 7.734117037010038, "reward_param_2": 4.298728764996432, "reward_param_3": 10.153581092851503, "reward_param_4": 3.627985587698867, "KL_distance_1": 1.1611388127429314, "KL_distance_2": 0.5994285691089907, "KL_distance_3": 0.9300828769913345, "hist_group_loss_1": 4246.924827741404, "hist_group_loss_2": 2298.470243571094, "hist_group_loss_3": 3945.798110000794, "cur_group_loss_1": 20.51721762584296, "cur_group_loss_2": 8.722572350403555, "cur_group_loss_3": 18.603664469150726, "train_group_loss_1": 20.515052562016642, "train_group_loss_2": 8.713812326510617, "train_group_loss_3": 18.598516940069008, "val_group_loss_1": 19.81259836630763, "val_group_loss_2": 6.403580502311628, "val_group_loss_3": 18.237134419278103, "_timestamp": 1726697549.053472, "_runtime": 11.45192813873291, "_step": 3, "final/reward_err_1": 0.09249281179145355, "final/reward_err_2": 0.002237944436000906, "final/reward_err_3": 0.055132923987786304, "final/reward_param_1": 7.734117037010038, "final/reward_param_2": 4.298728764996432, "final/reward_param_3": 10.153581092851503, "final/reward_param_4": 3.627985587698867, "optimal_reward_1": 3.8433432579040527, "optimal_reward_2": 3.8433432579040527, "optimal_reward_3": 3.2542388439178467, "final/reward_1": 3.803264617919922, "final/reward_2": 3.5905978679656982, "final/reward_3": 3.2542388439178467, "reward_0_when_1_group_param_known": 3.8433432579040527, "reward_1_when_1_group_param_known": 3.466123342514038, "reward_2_when_1_group_param_known": 3.218020439147949, "reward_0_when_2_group_param_known": 3.466123342514038, "reward_1_when_2_group_param_known": 3.8433432579040527, "reward_2_when_2_group_param_known": 3.063755989074707, "reward_0_when_3_group_param_known": 3.803264617919922, "reward_1_when_3_group_param_known": 3.5905978679656982, "reward_2_when_3_group_param_known": 3.2542388439178467, "reward_error_0_when_1_group_param_known": 0.0, "reward_error_1_when_1_group_param_known": 0.09814890059956018, "reward_error_2_when_1_group_param_known": 0.01112960864491844, "reward_error_0_when_2_group_param_known": 0.09814890059956018, "reward_error_1_when_2_group_param_known": 0.0, "reward_error_2_when_2_group_param_known": 0.058533765952413414, "reward_error_0_when_3_group_param_known": 0.010428066736351708, "reward_error_1_when_3_group_param_known": 0.06576185705468002, "reward_error_2_when_3_group_param_known": 0.0, "_wandb": {"runtime": 11}}