{"Iteration": 99, "train_loss": 15.711932859233317, "val_loss": 17.32188876030372, "grad_norm": 0.45621324792399326, "max_reward_err": 0.08107655642830054, "max_reward_err_index": 1, "max_kl_dist": 0.6557581029164644, "max_kl_dist_index": 0, "max_train_grp_loss": 20.4995230667334, "max_train_grp_loss_index": 0, "max_val_grp_loss": 20.59467681831092, "max_val_grp_loss_index": 0, "max_cur_train_grp_loss": 20.50397141785292, "max_cur_train_grp_loss_index": 0, "reward_err_1": 0.06942392515341196, "reward_err_2": 0.02065164015767181, "reward_err_3": 0.036725722678357796, "reward_param_1": 4.58491241452799, "reward_param_2": 5.154486544699084, "reward_param_3": 7.8121287707960185, "reward_param_4": 4.3132747370855125, "KL_distance_1": 0.6557581029164644, "KL_distance_2": 0.4128781892009588, "KL_distance_3": 0.5316924278863153, "hist_group_loss_1": 2091.2452824823276, "hist_group_loss_2": 1315.4429043306936, "hist_group_loss_3": 1969.9436588569322, "cur_group_loss_1": 20.50397141785292, "cur_group_loss_2": 10.0831691105033, "cur_group_loss_3": 18.68931119676478, "train_group_loss_1": 20.4995230667334, "train_group_loss_2": 10.044493855682683, "train_group_loss_3": 18.674975274556676, "val_group_loss_1": 20.59467681831092, "val_group_loss_2": 12.032540255088055, "val_group_loss_3": 19.076430784761406, "_timestamp": 1726689284.312329, "_runtime": 9.115422010421753, "_step": 2, "final/reward_err_1": 0.06942392515341196, "final/reward_err_2": 0.02065164015767181, "final/reward_err_3": 0.036725722678357796, "final/reward_param_1": 4.58491241452799, "final/reward_param_2": 5.154486544699084, "final/reward_param_3": 7.8121287707960185, "final/reward_param_4": 4.3132747370855125, "optimal_reward_1": 3.8380610942840576, "optimal_reward_2": 3.8380610942840576, "optimal_reward_3": 3.256373405456543, "final/reward_1": 3.7958598136901855, "final/reward_2": 3.5798747539520264, "final/reward_3": 3.256373405456543, "reward_0_when_1_group_param_known": 3.8380610942840576, "reward_1_when_1_group_param_known": 3.4578683376312256, "reward_2_when_1_group_param_known": 3.2186596393585205, "reward_0_when_2_group_param_known": 3.4578683376312256, "reward_1_when_2_group_param_known": 3.8380610942840576, "reward_2_when_2_group_param_known": 3.066926956176758, "reward_0_when_3_group_param_known": 3.7958598136901855, "reward_1_when_3_group_param_known": 3.5798747539520264, "reward_2_when_3_group_param_known": 3.256373405456543, "reward_error_0_when_1_group_param_known": 0.0, "reward_error_1_when_1_group_param_known": 0.09905854735325735, "reward_error_2_when_1_group_param_known": 0.011581523800319515, "reward_error_0_when_2_group_param_known": 0.09905854735325735, "reward_error_1_when_2_group_param_known": 0.0, "reward_error_2_when_2_group_param_known": 0.05817712703412304, "reward_error_0_when_3_group_param_known": 0.010995468690355538, "reward_error_1_when_3_group_param_known": 0.06726999231891923, "reward_error_2_when_3_group_param_known": 0.0, "_wandb": {"runtime": 8}}