{"reward_error_2_when_3_group_param_known":0,"final/reward_3":3.27631982421875,"reward_2_when_1_group_param_known":3.255072021484375,"optimal_reward_3":3.27631982421875,"reward_error_2_when_2_group_param_known":0.06690737556116683,"train_group_loss_1":11.812555435605264,"reward_error_2_when_1_group_param_known":0.0064852651372159075,"final/reward_1":3.841189453125,"reward_1_when_1_group_param_known":6.77779443359375,"val_group_loss_2":12.493357609166608,"_runtime":210.320814,"optimal_reward_2":7.24455908203125,"max_cur_train_grp_loss_index":2,"train_loss":12.16128009197048,"max_reward_err_index":1,"reward_error_1_when_3_group_param_known":0.015270013049259644,"reward_err_2":0.01426130884728489,"reward_error_0_when_2_group_param_known":0.11032717529039895,"max_kl_dist_index":0,"max_kl_dist":0.679398681640625,"max_val_grp_loss_index":0,"reward_0_when_2_group_param_known":3.441058349609375,"grad_norm":0.019920281210978687,"cur_group_loss_2":0.10487522260293851,"hist_group_loss_3":42.951135393349595,"reward_err_3":0.00013413010590474194,"final/reward_err_2":0.01426130884728489,"train_group_loss_2":13.109864273729908,"group_weight_1":0.24294855371943727,"max_train_grp_loss_index":1,"_timestamp":1.7282551334844959e+09,"KL_distance_1":0.679398681640625,"train_weighted_loss":36.48384027591144,"train_group_loss_3":10.661631278484949,"val_group_loss_1":12.706553908766955,"reward_param_4":8.901967808291262,"group_weight_3":0.4990053731333994,"val_weighted_loss":37.33950720750381,"reward_2_when_3_group_param_known":3.27631982421875,"reward_param_1":5.464608632427132,"KL_distance_2":0.31749362182617186,"group_weight_2":0.2580460731471634,"reward_param_3":5.320917160388164,"_wandb":{"runtime":210},"live_grad":1.5716244776471194e-14,"reward_param_2":8.219391459734963,"reward_err_1":0.010232903106689764,"reward_1_when_3_group_param_known":7.1339345703125,"max_cur_train_grp_loss":0.21324164258982506,"_step":201,"reward_error_0_when_1_group_param_known":0,"Iteration":199,"final/reward_err_1":0.010232903106689764,"final/reward_param_2":8.219391459734963,"hist_group_loss_2":20.968511512425497,"reward_0_when_3_group_param_known":3.841189453125,"val_loss":12.446502402501268,"final/reward_err_3":0.00013413010590474194,"val_group_loss_3":12.138814754115991,"final/reward_param_3":5.320917160388164,"optimal_reward_1":3.867779541015625,"KL_distance_3":0.67189794921875,"cur_group_loss_1":0.09450140584964138,"reward_error_1_when_1_group_param_known":0.06442968345654335,"final/reward_2":7.1339345703125,"max_reward_err":0.01426130884728489,"final/reward_param_4":8.901967808291262,"reward_1_when_2_group_param_known":7.24455908203125,"max_val_grp_loss":12.706553908766955,"reward_0_when_1_group_param_known":3.867779541015625,"reward_error_0_when_3_group_param_known":0.006874768225192712,"hist_group_loss_1":18.958896871398988,"cur_group_loss_3":0.21324164258982506,"reward_error_1_when_2_group_param_known":0,"reward_2_when_2_group_param_known":3.05710986328125,"max_train_grp_loss":13.109864273729908,"final/reward_param_1":5.464608632427132}