{"Iteration": 99, "train_loss": 14.298840657412487, "val_loss": 16.336720787128158, "grad_norm": 0.00860456119742762, "live_grad": 4.249961662327121e-14, "train_weighted_loss": 42.896521972237466, "val_weighted_loss": 49.01016236138449, "max_reward_err": 0.11258566501009826, "max_reward_err_index": 0, "max_kl_dist": 2.293015813638712, "max_kl_dist_index": 0, "max_train_grp_loss": 18.637072294281758, "max_train_grp_loss_index": 0, "max_val_grp_loss": 20.531426033488348, "max_val_grp_loss_index": 0, "max_cur_train_grp_loss": 0.21305145635109118, "max_cur_train_grp_loss_index": 2, "reward_err_1": 0.11258566501009826, "reward_err_2": 0.0053669511149524295, "reward_err_3": 0.07541325710890667, "KL_distance_1": 2.293015813638712, "KL_distance_2": 0.9718007078408699, "KL_distance_3": 1.9580992846855538, "reward_param_1": 6.402453969870408, "reward_param_2": 3.9811235583116567, "reward_param_3": 16.301829320608515, "reward_param_4": 5.376994096222784, "group_weight_1": 0.3319987724870303, "group_weight_2": 0.31296128135216617, "group_weight_3": 0.35503994616080364, "hist_group_loss_1": 14.86372716832002, "hist_group_loss_2": 8.958548123996186, "hist_group_loss_3": 21.573630764341974, "cur_group_loss_1": 0.14792018994716558, "cur_group_loss_2": 0.08946775245669246, "cur_group_loss_3": 0.21305145635109118, "train_group_loss_1": 18.637072294281758, "train_group_loss_2": 10.022285692367458, "train_group_loss_3": 13.20782404192079, "val_group_loss_1": 20.531426033488348, "val_group_loss_2": 10.42755643062269, "val_group_loss_3": 18.052899372105482, "_timestamp": 1726683260.093062, "_runtime": 10.038936853408813, "_step": 2, "final/reward_err_1": 0.11258566501009826, "final/reward_err_2": 0.0053669511149524295, "final/reward_err_3": 0.07541325710890667, "final/reward_param_1": 6.402453969870408, "final/reward_param_2": 3.9811235583116567, "final/reward_param_3": 16.301829320608515, "final/reward_param_4": 5.376994096222784, "optimal_reward_1": 3.866352081298828, "optimal_reward_2": 3.866352081298828, "optimal_reward_3": 3.364398956298828, "final/reward_1": 3.8258588314056396, "final/reward_2": 3.5992729663848877, "final/reward_3": 3.364398956298828, "reward_0_when_1_group_param_known": 3.866352081298828, "reward_1_when_1_group_param_known": 3.466999053955078, "reward_2_when_1_group_param_known": 3.324810028076172, "reward_0_when_2_group_param_known": 3.466999053955078, "reward_1_when_2_group_param_known": 3.866352081298828, "reward_2_when_2_group_param_known": 3.1610913276672363, "reward_0_when_3_group_param_known": 3.8258588314056396, "reward_1_when_3_group_param_known": 3.5992729663848877, "reward_2_when_3_group_param_known": 3.364398956298828, "reward_error_0_when_1_group_param_known": 0.0, "reward_error_1_when_1_group_param_known": 0.10328935879258955, "reward_error_2_when_1_group_param_known": 0.011767013584562513, "reward_error_0_when_2_group_param_known": 0.10328935879258955, "reward_error_1_when_2_group_param_known": 0.0, "reward_error_2_when_2_group_param_known": 0.06042910822182941, "reward_error_0_when_3_group_param_known": 0.010473244298947946, "reward_error_1_when_3_group_param_known": 0.06907780494326327, "reward_error_2_when_3_group_param_known": 0.0, "_wandb": {"runtime": 9}}