{"Iteration": 99, "train_loss": 20.025755778405554, "val_loss": 20.590252817352965, "grad_norm": 0.22778506498306986, "max_reward_err": 0.049348836476365836, "max_reward_err_index": 1, "max_kl_dist": 0.45406664416924475, "max_kl_dist_index": 0, "max_train_grp_loss": 22.893849104850712, "max_train_grp_loss_index": 0, "max_val_grp_loss": 23.6183336759257, "max_val_grp_loss_index": 0, "max_cur_train_grp_loss": 22.892986213566815, "max_cur_train_grp_loss_index": 0, "reward_err_1": 0.05656532632797387, "reward_err_2": 0.020570006677892754, "reward_err_3": 0.023965641046098784, "reward_param_1": 4.8822460903678415, "reward_param_2": 4.4366117752192356, "reward_param_3": 5.5303588669679105, "reward_param_4": 3.1022251439294477, "KL_distance_1": 0.45406664416924475, "KL_distance_2": 0.26443162488413907, "KL_distance_3": 0.32774671750898804, "hist_group_loss_1": 2287.8178489229363, "hist_group_loss_2": 1678.187006275248, "hist_group_loss_3": 2231.641243528632, "cur_group_loss_1": 22.892986213566815, "cur_group_loss_2": 15.926595029210661, "cur_group_loss_3": 22.013109961798648, "train_group_loss_1": 22.893849104850712, "train_group_loss_2": 15.915725511955873, "train_group_loss_3": 22.008732825240195, "val_group_loss_1": 23.6183336759257, "val_group_loss_2": 15.59025741754143, "val_group_loss_3": 22.73769966199625, "_timestamp": 1726610155.8224041, "_runtime": 8.004477262496948, "_step": 2, "final/reward_err_1": 0.05656532632797387, "final/reward_err_2": 0.020570006677892754, "final/reward_err_3": 0.023965641046098784, "final/reward_param_1": 4.8822460903678415, "final/reward_param_2": 4.4366117752192356, "final/reward_param_3": 5.5303588669679105, "final/reward_param_4": 3.1022251439294477, "optimal_reward_1": 3.8883774280548096, "optimal_reward_2": 3.8883774280548096, "optimal_reward_3": 3.346843719482422, "final/reward_1": 3.8492772579193115, "final/reward_2": 3.6396799087524414, "final/reward_3": 3.346843719482422, "reward_0_when_1_group_param_known": 3.8883774280548096, "reward_1_when_1_group_param_known": 3.499903678894043, "reward_2_when_1_group_param_known": 3.3037302494049072, "reward_0_when_2_group_param_known": 3.499903678894043, "reward_1_when_2_group_param_known": 3.8883774280548096, "reward_2_when_2_group_param_known": 3.1488685607910156, "reward_0_when_3_group_param_known": 3.8492772579193115, "reward_1_when_3_group_param_known": 3.6396799087524414, "reward_2_when_3_group_param_known": 3.346843719482422, "reward_error_0_when_1_group_param_known": 0.0, "reward_error_1_when_1_group_param_known": 0.09990638932268042, "reward_error_2_when_1_group_param_known": 0.012881829476095764, "reward_error_0_when_2_group_param_known": 0.09990638932268042, "reward_error_1_when_2_group_param_known": 0.0, "reward_error_2_when_2_group_param_known": 0.05915279447885975, "reward_error_0_when_3_group_param_known": 0.010055651967679024, "reward_error_1_when_3_group_param_known": 0.06395920249613757, "reward_error_2_when_3_group_param_known": 0.0, "_wandb": {"runtime": 8}}