{"Iteration": 99, "train_loss": 17.723676912599483, "val_loss": 17.371247272667922, "grad_norm": 0.45442205999854113, "max_reward_err": 0.07149690257067494, "max_reward_err_index": 0, "max_kl_dist": 0.6234464814034698, "max_kl_dist_index": 0, "max_train_grp_loss": 21.163949088946357, "max_train_grp_loss_index": 0, "max_val_grp_loss": 20.58049674647183, "max_val_grp_loss_index": 0, "max_cur_train_grp_loss": 21.17540432549634, "max_cur_train_grp_loss_index": 0, "reward_err_1": 0.0773829486730239, "reward_err_2": 0.010932365165167724, "reward_err_3": 0.04123219205179163, "reward_param_1": 7.113551110117063, "reward_param_2": 3.277896101213009, "reward_param_3": 5.001849967703711, "reward_param_4": 4.133539633093119, "KL_distance_1": 0.6234464814034698, "KL_distance_2": 0.28875145371357713, "KL_distance_3": 0.47232821144024933, "hist_group_loss_1": 2197.3996867438204, "hist_group_loss_2": 1481.0252696890025, "hist_group_loss_3": 2141.839596311609, "cur_group_loss_1": 21.17540432549634, "cur_group_loss_2": 12.177493225453084, "cur_group_loss_3": 20.371560704972836, "train_group_loss_1": 21.163949088946357, "train_group_loss_2": 12.144121295614811, "train_group_loss_3": 20.355652207979144, "val_group_loss_1": 20.58049674647183, "val_group_loss_2": 11.750079425038953, "val_group_loss_3": 19.627227520802673, "_timestamp": 1726596168.450476, "_runtime": 8.073705911636353, "_step": 2, "final/reward_err_1": 0.0773829486730239, "final/reward_err_2": 0.010932365165167724, "final/reward_err_3": 0.04123219205179163, "final/reward_param_1": 7.113551110117063, "final/reward_param_2": 3.277896101213009, "final/reward_param_3": 5.001849967703711, "final/reward_param_4": 4.133539633093119, "optimal_reward_1": 3.805432081222534, "optimal_reward_2": 3.805432081222534, "optimal_reward_3": 3.2428696155548096, "final/reward_1": 3.766294479370117, "final/reward_2": 3.5440943241119385, "final/reward_3": 3.2428696155548096, "reward_0_when_1_group_param_known": 3.805432081222534, "reward_1_when_1_group_param_known": 3.4210703372955322, "reward_2_when_1_group_param_known": 3.2084529399871826, "reward_0_when_2_group_param_known": 3.4210703372955322, "reward_1_when_2_group_param_known": 3.805432081222534, "reward_2_when_2_group_param_known": 3.051255702972412, "reward_0_when_3_group_param_known": 3.766294479370117, "reward_1_when_3_group_param_known": 3.5440943241119385, "reward_2_when_3_group_param_known": 3.2428696155548096, "reward_error_0_when_1_group_param_known": 0.0, "reward_error_1_when_1_group_param_known": 0.10100344342593595, "reward_error_2_when_1_group_param_known": 0.010613030941035457, "reward_error_0_when_2_group_param_known": 0.10100344342593595, "reward_error_1_when_2_group_param_known": 0.0, "reward_error_2_when_2_group_param_known": 0.05908776340044587, "reward_error_0_when_3_group_param_known": 0.010284667027835545, "reward_error_1_when_3_group_param_known": 0.0686749235126641, "reward_error_2_when_3_group_param_known": 0.0, "_wandb": {"runtime": 8}}