{"Iteration": 99, "train_loss": 18.556790086655994, "val_loss": 18.785876741689272, "grad_norm": 0.3013106876346788, "max_reward_err": 0.10766036629808728, "max_reward_err_index": 0, "max_kl_dist": 0.5913430773740124, "max_kl_dist_index": 0, "max_train_grp_loss": 21.329734238296293, "max_train_grp_loss_index": 0, "max_val_grp_loss": 20.597952132866094, "max_val_grp_loss_index": 0, "max_cur_train_grp_loss": 21.33888393582957, "max_cur_train_grp_loss_index": 0, "reward_err_1": 0.08408070768018583, "reward_err_2": 0.017541565736092238, "reward_err_3": 0.048891066310658204, "reward_param_1": 7.369856414387861, "reward_param_2": 3.5716064933295817, "reward_param_3": 3.6140348437679255, "reward_param_4": 3.7703116772324408, "KL_distance_1": 0.5913430773740124, "KL_distance_2": 0.24065736932742043, "KL_distance_3": 0.4553640287952961, "hist_group_loss_1": 2207.2567059823864, "hist_group_loss_2": 1687.0412290918275, "hist_group_loss_3": 2006.439968139844, "cur_group_loss_1": 21.33888393582957, "cur_group_loss_2": 15.995208540131328, "cur_group_loss_3": 18.903966622336497, "train_group_loss_1": 21.329734238296293, "train_group_loss_2": 15.988295107795471, "train_group_loss_3": 18.88812241845537, "val_group_loss_1": 20.597952132866094, "val_group_loss_2": 15.758234067626057, "val_group_loss_3": 19.94868084449012, "_timestamp": 1726684387.701118, "_runtime": 8.89424991607666, "_step": 2, "final/reward_err_1": 0.08408070768018583, "final/reward_err_2": 0.017541565736092238, "final/reward_err_3": 0.048891066310658204, "final/reward_param_1": 7.369856414387861, "final/reward_param_2": 3.5716064933295817, "final/reward_param_3": 3.6140348437679255, "final/reward_param_4": 3.7703116772324408, "optimal_reward_1": 3.924014091491699, "optimal_reward_2": 3.924014091491699, "optimal_reward_3": 3.40653657913208, "final/reward_1": 3.8835723400115967, "final/reward_2": 3.6450908184051514, "final/reward_3": 3.40653657913208, "reward_0_when_1_group_param_known": 3.924014091491699, "reward_1_when_1_group_param_known": 3.5108532905578613, "reward_2_when_1_group_param_known": 3.372161388397217, "reward_0_when_2_group_param_known": 3.5108532905578613, "reward_1_when_2_group_param_known": 3.924014091491699, "reward_2_when_2_group_param_known": 3.199089765548706, "reward_0_when_3_group_param_known": 3.8835723400115967, "reward_1_when_3_group_param_known": 3.6450908184051514, "reward_2_when_3_group_param_known": 3.40653657913208, "reward_error_0_when_1_group_param_known": 0.0, "reward_error_1_when_1_group_param_known": 0.10529034588068371, "reward_error_2_when_1_group_param_known": 0.010090950129653801, "reward_error_0_when_2_group_param_known": 0.10529034588068371, "reward_error_1_when_2_group_param_known": 0.0, "reward_error_2_when_2_group_param_known": 0.060896693390630634, "reward_error_0_when_3_group_param_known": 0.010306219737536355, "reward_error_1_when_3_group_param_known": 0.0710811089316237, "reward_error_2_when_3_group_param_known": 0.0, "_wandb": {"runtime": 8}}