{"Iteration": 99, "train_loss": 18.355373724555513, "val_loss": 18.100167990995498, "grad_norm": 0.26929581933982594, "max_reward_err": 0.053356185934874394, "max_reward_err_index": 1, "max_kl_dist": 0.5637352939863276, "max_kl_dist_index": 0, "max_train_grp_loss": 20.06700626062119, "max_train_grp_loss_index": 0, "max_val_grp_loss": 19.076255063033734, "max_val_grp_loss_index": 0, "max_cur_train_grp_loss": 20.07206679736231, "max_cur_train_grp_loss_index": 0, "reward_err_1": 0.04833934820209713, "reward_err_2": 0.02874206218969958, "reward_err_3": 0.023400402888954716, "reward_param_1": 7.081833155582937, "reward_param_2": 5.337733108857525, "reward_param_3": 4.068698380478195, "reward_param_4": 5.15721262840075, "KL_distance_1": 0.5637352939863276, "KL_distance_2": 0.4545250357791574, "KL_distance_3": 0.462715737001244, "hist_group_loss_1": 2042.8971559447052, "hist_group_loss_2": 1718.1498495581632, "hist_group_loss_3": 1905.3248050895072, "cur_group_loss_1": 20.07206679736231, "cur_group_loss_2": 16.65120689504656, "cur_group_loss_3": 18.291944371916053, "train_group_loss_1": 20.06700626062119, "train_group_loss_2": 16.645999098230078, "train_group_loss_3": 18.280112245533953, "val_group_loss_1": 19.076255063033734, "val_group_loss_2": 16.227707902859745, "val_group_loss_3": 18.89681943357577, "_timestamp": 1726659413.127651, "_runtime": 8.06091594696045, "_step": 2, "final/reward_err_1": 0.04833934820209713, "final/reward_err_2": 0.02874206218969958, "final/reward_err_3": 0.023400402888954716, "final/reward_param_1": 7.081833155582937, "final/reward_param_2": 5.337733108857525, "final/reward_param_3": 4.068698380478195, "final/reward_param_4": 5.15721262840075, "optimal_reward_1": 3.8719916343688965, "optimal_reward_2": 3.8719916343688965, "optimal_reward_3": 3.3668301105499268, "final/reward_1": 3.8341760635375977, "final/reward_2": 3.6066181659698486, "final/reward_3": 3.3668301105499268, "reward_0_when_1_group_param_known": 3.8719916343688965, "reward_1_when_1_group_param_known": 3.4697206020355225, "reward_2_when_1_group_param_known": 3.3270106315612793, "reward_0_when_2_group_param_known": 3.4697206020355225, "reward_1_when_2_group_param_known": 3.8719916343688965, "reward_2_when_2_group_param_known": 3.154261827468872, "reward_0_when_3_group_param_known": 3.8341760635375977, "reward_1_when_3_group_param_known": 3.6066181659698486, "reward_2_when_3_group_param_known": 3.3668301105499268, "reward_error_0_when_1_group_param_known": 0.0, "reward_error_1_when_1_group_param_known": 0.10389253653409325, "reward_error_2_when_1_group_param_known": 0.011826993843221712, "reward_error_0_when_2_group_param_known": 0.10389253653409325, "reward_error_1_when_2_group_param_known": 0.0, "reward_error_2_when_2_group_param_known": 0.06313602887623412, "reward_error_0_when_3_group_param_known": 0.009766439187429305, "reward_error_1_when_3_group_param_known": 0.06853668433669062, "reward_error_2_when_3_group_param_known": 0.0, "_wandb": {"runtime": 7}}