{"Iteration": 99, "train_loss": 20.442332116422957, "val_loss": 20.62235158625697, "grad_norm": 0.3128709737022344, "max_reward_err": 0.0993675456047802, "max_reward_err_index": 0, "max_kl_dist": 0.44440202516150645, "max_kl_dist_index": 0, "max_train_grp_loss": 23.316947298451257, "max_train_grp_loss_index": 2, "max_val_grp_loss": 23.053286631694814, "max_val_grp_loss_index": 0, "max_cur_train_grp_loss": 23.32201751928348, "max_cur_train_grp_loss_index": 2, "reward_err_1": 0.08225057423686208, "reward_err_2": 0.016400940266187856, "reward_err_3": 0.04420706848664564, "reward_param_1": 5.502637791739099, "reward_param_2": 3.542870257852263, "reward_param_3": 4.444106406624835, "reward_param_4": 1.1766302736775551, "KL_distance_1": 0.44440202516150645, "KL_distance_2": 0.15419426351558013, "KL_distance_3": 0.29880040341195546, "hist_group_loss_1": 2345.7760667793136, "hist_group_loss_2": 1695.2253788444784, "hist_group_loss_3": 2369.520760184507, "cur_group_loss_1": 23.02750224318914, "cur_group_loss_2": 15.446863490811369, "cur_group_loss_3": 23.32201751928348, "train_group_loss_1": 23.021700464554133, "train_group_loss_2": 15.429139879662126, "train_group_loss_3": 23.316947298451257, "val_group_loss_1": 23.053286631694814, "val_group_loss_2": 16.13750430220005, "val_group_loss_3": 22.460696068823975, "_timestamp": 1726609830.778551, "_runtime": 7.923452138900757, "_step": 2, "final/reward_err_1": 0.08225057423686208, "final/reward_err_2": 0.016400940266187856, "final/reward_err_3": 0.04420706848664564, "final/reward_param_1": 5.502637791739099, "final/reward_param_2": 3.542870257852263, "final/reward_param_3": 4.444106406624835, "final/reward_param_4": 1.1766302736775551, "optimal_reward_1": 3.7992148399353027, "optimal_reward_2": 3.7992148399353027, "optimal_reward_3": 3.289585590362549, "final/reward_1": 3.7646615505218506, "final/reward_2": 3.5522572994232178, "final/reward_3": 3.289585590362549, "reward_0_when_1_group_param_known": 3.7992148399353027, "reward_1_when_1_group_param_known": 3.425678014755249, "reward_2_when_1_group_param_known": 3.2561442852020264, "reward_0_when_2_group_param_known": 3.425678014755249, "reward_1_when_2_group_param_known": 3.7992148399353027, "reward_2_when_2_group_param_known": 3.103405237197876, "reward_0_when_3_group_param_known": 3.7646615505218506, "reward_1_when_3_group_param_known": 3.5522572994232178, "reward_2_when_3_group_param_known": 3.289585590362549, "reward_error_0_when_1_group_param_known": 0.0, "reward_error_1_when_1_group_param_known": 0.09831947939706792, "reward_error_2_when_1_group_param_known": 0.010165810933296573, "reward_error_0_when_2_group_param_known": 0.09831947939706792, "reward_error_1_when_2_group_param_known": 0.0, "reward_error_2_when_2_group_param_known": 0.05659690196543988, "reward_error_0_when_3_group_param_known": 0.009094850085930008, "reward_error_1_when_3_group_param_known": 0.06500225728647933, "reward_error_2_when_3_group_param_known": 0.0, "_wandb": {"runtime": 7}}