{"reward_2_when_3_group_param_known":3.27631982421875,"max_kl_dist":0.6626270751953125,"reward_error_0_when_1_group_param_known":0,"optimal_reward_2":7.24455908203125,"final/reward_param_1":5.4530814330130255,"reward_param_1":5.4530814330130255,"reward_param_3":5.197438507296623,"reward_error_1_when_3_group_param_known":0.015270013049259644,"cur_group_loss_3":0.21428390049516569,"reward_param_2":8.26859929659803,"val_group_loss_2":12.451033688401187,"final/reward_2":7.1339345703125,"_runtime":209.428545,"reward_error_2_when_2_group_param_known":0.06690737556116683,"reward_2_when_1_group_param_known":3.255072021484375,"group_weight_2":0.3098425434118159,"val_group_loss_3":12.146592442030778,"reward_2_when_2_group_param_known":3.05710986328125,"final/reward_param_2":8.26859929659803,"reward_0_when_1_group_param_known":3.867779541015625,"max_kl_dist_index":0,"reward_error_0_when_2_group_param_known":0.11032717529039895,"reward_0_when_2_group_param_known":3.441058349609375,"reward_1_when_2_group_param_known":7.24455908203125,"final/reward_err_2":0.01424702010675168,"cur_group_loss_1":0.09452589572481837,"reward_1_when_1_group_param_known":6.77779443359375,"KL_distance_1":0.6626270751953125,"optimal_reward_3":3.27631982421875,"train_group_loss_1":11.815769876495757,"train_group_loss_2":13.073622528142971,"group_weight_3":0.3864444703424954,"reward_err_3":0.00013293783829659316,"final/reward_3":3.27631982421875,"train_loss":12.156261274713621,"optimal_reward_1":3.867779541015625,"reward_err_2":0.01424702010675168,"train_weighted_loss":36.468783824140864,"max_cur_train_grp_loss":0.21428390049516569,"reward_error_1_when_2_group_param_known":0,"reward_error_1_when_1_group_param_known":0.06442968345654335,"reward_1_when_3_group_param_known":7.1339345703125,"max_reward_err":0.01424702010675168,"hist_group_loss_2":20.952434757182118,"final/reward_err_1":0.010215292166445422,"max_reward_err_index":1,"max_train_grp_loss_index":1,"KL_distance_3":0.655265625,"max_val_grp_loss":12.686690595528423,"val_group_loss_1":12.686690595528423,"reward_err_1":0.010215292166445422,"reward_error_2_when_1_group_param_known":0.0064852651372159075,"reward_error_2_when_3_group_param_known":0,"hist_group_loss_1":18.954323485641797,"val_loss":12.428364160340337,"final/reward_err_3":0.00013293783829659316,"reward_error_0_when_3_group_param_known":0.006874768225192712,"_wandb":{"runtime":209},"_timestamp":1.728253834985845e+09,"KL_distance_2":0.3083454895019531,"cur_group_loss_2":0.10458880596282365,"_step":201,"final/reward_1":3.841189453125,"max_val_grp_loss_index":0,"train_group_loss_3":10.714086636684922,"live_grad":2.978183060533029e-14,"final/reward_param_3":5.197438507296623,"hist_group_loss_3":43.044828820221426,"reward_0_when_3_group_param_known":3.841189453125,"Iteration":199,"group_weight_1":0.3037129862456887,"val_weighted_loss":37.28509248102102,"grad_norm":0.00458551988115061,"final/reward_param_4":8.657059298025056,"max_train_grp_loss":13.073622528142971,"reward_param_4":8.657059298025056,"max_cur_train_grp_loss_index":2}