{"Iteration": 99, "train_loss": 19.262534458756207, "val_loss": 17.92686530891059, "grad_norm": 0.0026494095497996794, "live_grad": 1.3076264095473344e-14, "train_weighted_loss": 57.78760337626862, "val_weighted_loss": 53.780595926731756, "max_reward_err": 0.07032694976536442, "max_reward_err_index": 0, "max_kl_dist": 1.1736763605657479, "max_kl_dist_index": 0, "max_train_grp_loss": 21.972884574474012, "max_train_grp_loss_index": 0, "max_val_grp_loss": 21.47510223042029, "max_val_grp_loss_index": 0, "max_cur_train_grp_loss": 0.20926930372027933, "max_cur_train_grp_loss_index": 0, "reward_err_1": 0.07032694976536442, "reward_err_2": 0.012420585359033332, "reward_err_3": 0.03194516008058538, "KL_distance_1": 1.1736763605657479, "KL_distance_2": 0.7242387489976125, "KL_distance_3": 0.9537710737541126, "reward_param_1": 9.26874024443772, "reward_param_2": 5.958530344402044, "reward_param_3": 8.882907363918791, "reward_param_4": 5.257314089315209, "group_weight_1": 0.3399723283756797, "group_weight_2": 0.32526587100006443, "group_weight_3": 0.33476180062425587, "hist_group_loss_1": 20.95058223662135, "hist_group_loss_2": 16.528450771131553, "hist_group_loss_3": 19.406083119996584, "cur_group_loss_1": 0.20926930372027933, "cur_group_loss_2": 0.1649555378221514, "cur_group_loss_3": 0.19368922378743406, "train_group_loss_1": 21.972884574474012, "train_group_loss_2": 14.84681622339407, "train_group_loss_3": 20.33708568763452, "val_group_loss_1": 21.47510223042029, "val_group_loss_2": 12.739707661990598, "val_group_loss_3": 19.299244625463665, "_timestamp": 1726608333.310422, "_runtime": 9.447511911392212, "_step": 2, "final/reward_err_1": 0.07032694976536442, "final/reward_err_2": 0.012420585359033332, "final/reward_err_3": 0.03194516008058538, "final/reward_param_1": 9.26874024443772, "final/reward_param_2": 5.958530344402044, "final/reward_param_3": 8.882907363918791, "final/reward_param_4": 5.257314089315209, "optimal_reward_1": 3.9322431087493896, "optimal_reward_2": 3.9322431087493896, "optimal_reward_3": 3.4171640872955322, "final/reward_1": 3.891317367553711, "final/reward_2": 3.641733407974243, "final/reward_3": 3.4171640872955322, "reward_0_when_1_group_param_known": 3.9322431087493896, "reward_1_when_1_group_param_known": 3.5081164836883545, "reward_2_when_1_group_param_known": 3.382530450820923, "reward_0_when_2_group_param_known": 3.5081164836883545, "reward_1_when_2_group_param_known": 3.9322431087493896, "reward_2_when_2_group_param_known": 3.203848123550415, "reward_0_when_3_group_param_known": 3.891317367553711, "reward_1_when_3_group_param_known": 3.641733407974243, "reward_2_when_3_group_param_known": 3.4171640872955322, "reward_error_0_when_1_group_param_known": 0.0, "reward_error_1_when_1_group_param_known": 0.10785869879645472, "reward_error_2_when_1_group_param_known": 0.010135198541788402, "reward_error_0_when_2_group_param_known": 0.10785869879645472, "reward_error_1_when_2_group_param_known": 0.0, "reward_error_2_when_2_group_param_known": 0.06242485239096118, "reward_error_0_when_3_group_param_known": 0.010407734227982341, "reward_error_1_when_3_group_param_known": 0.07387887593438752, "reward_error_2_when_3_group_param_known": 0.0, "_wandb": {"runtime": 9}}