{"Iteration": 99, "train_loss": 13.837739220536548, "val_loss": 14.96468710002391, "grad_norm": 0.016852106749880753, "live_grad": 1.155058875536237e-14, "train_weighted_loss": 41.51321766160963, "val_weighted_loss": 44.894061300071726, "max_reward_err": 0.09313993549518061, "max_reward_err_index": 0, "max_kl_dist": 1.9103605617839543, "max_kl_dist_index": 0, "max_train_grp_loss": 19.861649244571222, "max_train_grp_loss_index": 0, "max_val_grp_loss": 19.87908186374217, "max_val_grp_loss_index": 0, "max_cur_train_grp_loss": 0.3502276039176236, "max_cur_train_grp_loss_index": 2, "reward_err_1": 0.09313993549518061, "reward_err_2": 0.0010381848771049036, "reward_err_3": 0.051960065516618206, "KL_distance_1": 1.9103605617839543, "KL_distance_2": 1.0641566745999358, "KL_distance_3": 1.5662238388630394, "reward_param_1": 13.080184980747557, "reward_param_2": 5.693956340431794, "reward_param_3": 10.928569623601415, "reward_param_4": 4.293044344220525, "group_weight_1": 0.3212350888053925, "group_weight_2": 0.28891263243072973, "group_weight_3": 0.3898522787638776, "hist_group_loss_1": 16.101989512963062, "hist_group_loss_2": 5.497100864675438, "hist_group_loss_3": 35.461457113844254, "cur_group_loss_1": 0.1601853727795675, "cur_group_loss_2": 0.05496021294133206, "cur_group_loss_3": 0.3502276039176236, "train_group_loss_1": 19.861649244571222, "train_group_loss_2": 7.092719115923852, "train_group_loss_3": 16.457797742126722, "val_group_loss_1": 19.87908186374217, "val_group_loss_2": 8.782621101925654, "val_group_loss_3": 16.741341026861758, "_timestamp": 1726682949.285953, "_runtime": 10.115707159042358, "_step": 2, "final/reward_err_1": 0.09313993549518061, "final/reward_err_2": 0.0010381848771049036, "final/reward_err_3": 0.051960065516618206, "final/reward_param_1": 13.080184980747557, "final/reward_param_2": 5.693956340431794, "final/reward_param_3": 10.928569623601415, "final/reward_param_4": 4.293044344220525, "optimal_reward_1": 3.870741367340088, "optimal_reward_2": 3.870741367340088, "optimal_reward_3": 3.3351211547851562, "final/reward_1": 3.836113214492798, "final/reward_2": 3.5835537910461426, "final/reward_3": 3.3351211547851562, "reward_0_when_1_group_param_known": 3.870741367340088, "reward_1_when_1_group_param_known": 3.47579288482666, "reward_2_when_1_group_param_known": 3.3037049770355225, "reward_0_when_2_group_param_known": 3.47579288482666, "reward_1_when_2_group_param_known": 3.870741367340088, "reward_2_when_2_group_param_known": 3.1393208503723145, "reward_0_when_3_group_param_known": 3.836113214492798, "reward_1_when_3_group_param_known": 3.5835537910461426, "reward_2_when_3_group_param_known": 3.3351211547851562, "reward_error_0_when_1_group_param_known": 0.0, "reward_error_1_when_1_group_param_known": 0.10203432496055144, "reward_error_2_when_1_group_param_known": 0.009419801048174388, "reward_error_0_when_2_group_param_known": 0.10203432496055144, "reward_error_1_when_2_group_param_known": 0.0, "reward_error_2_when_2_group_param_known": 0.05870860317380433, "reward_error_0_when_3_group_param_known": 0.008946129322788094, "reward_error_1_when_3_group_param_known": 0.07419446277582117, "reward_error_2_when_3_group_param_known": 0.0, "_wandb": {"runtime": 10}}