{"Iteration": 199, "train_loss": 14.441223679207942, "val_loss": 14.721702702199838, "grad_norm": 0.1886312901421324, "max_reward_err": 0.06993719862269832, "max_reward_err_index": 0, "max_kl_dist": 1.1722924012535432, "max_kl_dist_index": 0, "max_train_grp_loss": 19.954719368582108, "max_train_grp_loss_index": 2, "max_val_grp_loss": 19.36822901467882, "max_val_grp_loss_index": 0, "max_cur_train_grp_loss": 19.958895024849458, "max_cur_train_grp_loss_index": 2, "reward_err_1": 0.0685425397926442, "reward_err_2": 0.0081081605143439, "reward_err_3": 0.033882224568006394, "reward_param_1": 9.296175841022723, "reward_param_2": 5.185574368274389, "reward_param_3": 8.467527369179209, "reward_param_4": 4.658505775679908, "KL_distance_1": 1.1722924012535432, "KL_distance_2": 0.6569356453979295, "KL_distance_3": 0.9379981591220709, "hist_group_loss_1": 3892.633311181578, "hist_group_loss_2": 1666.4288542042098, "hist_group_loss_3": 4170.048273278668, "cur_group_loss_1": 18.497810105365517, "cur_group_loss_2": 6.832638621136596, "cur_group_loss_3": 19.958895024849458, "train_group_loss_1": 18.493987601701043, "train_group_loss_2": 6.829750581213939, "train_group_loss_3": 19.954719368582108, "val_group_loss_1": 19.36822901467882, "val_group_loss_2": 7.46790198385057, "val_group_loss_3": 17.52688454252828, "_timestamp": 1726697381.262275, "_runtime": 11.868300914764404, "_step": 3, "final/reward_err_1": 0.0685425397926442, "final/reward_err_2": 0.0081081605143439, "final/reward_err_3": 0.033882224568006394, "final/reward_param_1": 9.296175841022723, "final/reward_param_2": 5.185574368274389, "final/reward_param_3": 8.467527369179209, "final/reward_param_4": 4.658505775679908, "optimal_reward_1": 3.7993900775909424, "optimal_reward_2": 3.7993900775909424, "optimal_reward_3": 3.2844576835632324, "final/reward_1": 3.7590062618255615, "final/reward_2": 3.5602219104766846, "final/reward_3": 3.2844576835632324, "reward_0_when_1_group_param_known": 3.7993900775909424, "reward_1_when_1_group_param_known": 3.436445713043213, "reward_2_when_1_group_param_known": 3.2425923347473145, "reward_0_when_2_group_param_known": 3.436445713043213, "reward_1_when_2_group_param_known": 3.7993900775909424, "reward_2_when_2_group_param_known": 3.1007323265075684, "reward_0_when_3_group_param_known": 3.7590062618255615, "reward_1_when_3_group_param_known": 3.5602219104766846, "reward_2_when_3_group_param_known": 3.2844576835632324, "reward_error_0_when_1_group_param_known": 0.0, "reward_error_1_when_1_group_param_known": 0.09552700752902413, "reward_error_2_when_1_group_param_known": 0.012746502725679575, "reward_error_0_when_2_group_param_known": 0.09552700752902413, "reward_error_1_when_2_group_param_known": 0.0, "reward_error_2_when_2_group_param_known": 0.055937806102694144, "reward_error_0_when_3_group_param_known": 0.010629025959605284, "reward_error_1_when_3_group_param_known": 0.06294909504683073, "reward_error_2_when_3_group_param_known": 0.0, "_wandb": {"runtime": 11}}