{"Iteration": 99, "train_loss": 16.444338753066457, "val_loss": 17.245497756100093, "grad_norm": 0.4810124458518182, "max_reward_err": 0.09548929155471247, "max_reward_err_index": 0, "max_kl_dist": 0.7540625502959895, "max_kl_dist_index": 0, "max_train_grp_loss": 20.5153588717552, "max_train_grp_loss_index": 0, "max_val_grp_loss": 21.579406321156767, "max_val_grp_loss_index": 0, "max_cur_train_grp_loss": 20.52660940756494, "max_cur_train_grp_loss_index": 0, "reward_err_1": 0.08519447428758012, "reward_err_2": 0.005871820795791306, "reward_err_3": 0.04948098035759182, "reward_param_1": 5.160005941611783, "reward_param_2": 4.423512008245874, "reward_param_3": 8.31133216951629, "reward_param_4": 2.827909944728258, "KL_distance_1": 0.7540625502959895, "KL_distance_2": 0.3428043057644895, "KL_distance_3": 0.5871727610874319, "hist_group_loss_1": 2134.95789918989, "hist_group_loss_2": 1417.12957587159, "hist_group_loss_3": 1987.6153626937792, "cur_group_loss_1": 20.52660940756494, "cur_group_loss_2": 11.200338677955823, "cur_group_loss_3": 18.410248130346687, "train_group_loss_1": 20.5153588717552, "train_group_loss_2": 11.16376386700951, "train_group_loss_3": 18.38857004740452, "val_group_loss_1": 21.579406321156767, "val_group_loss_2": 11.01904571343389, "val_group_loss_3": 19.321856318680368, "_timestamp": 1726682191.123411, "_runtime": 8.493754863739014, "_step": 2, "final/reward_err_1": 0.08519447428758012, "final/reward_err_2": 0.005871820795791306, "final/reward_err_3": 0.04948098035759182, "final/reward_param_1": 5.160005941611783, "final/reward_param_2": 4.423512008245874, "final/reward_param_3": 8.31133216951629, "final/reward_param_4": 2.827909944728258, "optimal_reward_1": 3.8633759021759033, "optimal_reward_2": 3.8633759021759033, "optimal_reward_3": 3.3000659942626953, "final/reward_1": 3.82757568359375, "final/reward_2": 3.600954294204712, "final/reward_3": 3.3000659942626953, "reward_0_when_1_group_param_known": 3.8633759021759033, "reward_1_when_1_group_param_known": 3.482351064682007, "reward_2_when_1_group_param_known": 3.2718944549560547, "reward_0_when_2_group_param_known": 3.482351064682007, "reward_1_when_2_group_param_known": 3.8633759021759033, "reward_2_when_2_group_param_known": 3.1088309288024902, "reward_0_when_3_group_param_known": 3.82757568359375, "reward_1_when_3_group_param_known": 3.600954294204712, "reward_2_when_3_group_param_known": 3.3000659942626953, "reward_error_0_when_1_group_param_known": 0.0, "reward_error_1_when_1_group_param_known": 0.09862484188486509, "reward_error_2_when_1_group_param_known": 0.008536659374575551, "reward_error_0_when_2_group_param_known": 0.09862484188486509, "reward_error_1_when_2_group_param_known": 0.0, "reward_error_2_when_2_group_param_known": 0.05794886095995515, "reward_error_0_when_3_group_param_known": 0.009266563619136872, "reward_error_1_when_3_group_param_known": 0.06792546586610745, "reward_error_2_when_3_group_param_known": 0.0, "_wandb": {"runtime": 8}}