{"Iteration": 199, "train_loss": 14.08074322074304, "val_loss": 15.602732723456873, "grad_norm": 0.04322917268970089, "live_grad": 2.1315125559112394e-14, "train_weighted_loss": 42.24222966222913, "val_weighted_loss": 46.80819817037062, "max_reward_err": 0.10041033060328321, "max_reward_err_index": 0, "max_kl_dist": 1.9535865471457818, "max_kl_dist_index": 0, "max_train_grp_loss": 20.015249675243684, "max_train_grp_loss_index": 0, "max_val_grp_loss": 20.498950723267832, "max_val_grp_loss_index": 0, "max_cur_train_grp_loss": 0.34048106779730897, "max_cur_train_grp_loss_index": 2, "reward_err_1": 0.10041033060328321, "reward_err_2": 0.004506523949100494, "reward_err_3": 0.0639528430498264, "KL_distance_1": 1.9535865471457818, "KL_distance_2": 1.0554480007760707, "KL_distance_3": 1.6628986482647314, "reward_param_1": 8.059931691934619, "reward_param_2": 5.862181675065551, "reward_param_3": 15.01733582757555, "reward_param_4": 5.052686591006849, "group_weight_1": 0.3083595798437262, "group_weight_2": 0.24825481687189502, "group_weight_3": 0.44338560328437887, "hist_group_loss_1": 32.91709828024512, "hist_group_loss_2": 11.236011981126843, "hist_group_loss_3": 69.2344241506463, "cur_group_loss_1": 0.16274498020092834, "cur_group_loss_2": 0.058735244767829736, "cur_group_loss_3": 0.34048106779730897, "train_group_loss_1": 20.015249675243684, "train_group_loss_2": 7.581463619503189, "train_group_loss_3": 16.340384359417246, "val_group_loss_1": 20.498950723267832, "val_group_loss_2": 8.653932545803837, "val_group_loss_3": 17.348488663374724, "_timestamp": 1726698480.338091, "_runtime": 14.305768013000488, "_step": 3, "final/reward_err_1": 0.10041033060328321, "final/reward_err_2": 0.004506523949100494, "final/reward_err_3": 0.0639528430498264, "final/reward_param_1": 8.059931691934619, "final/reward_param_2": 5.862181675065551, "final/reward_param_3": 15.01733582757555, "final/reward_param_4": 5.052686591006849, "optimal_reward_1": 3.8380610942840576, "optimal_reward_2": 3.8380610942840576, "optimal_reward_3": 3.256373405456543, "final/reward_1": 3.7958598136901855, "final/reward_2": 3.5798747539520264, "final/reward_3": 3.256373405456543, "reward_0_when_1_group_param_known": 3.8380610942840576, "reward_1_when_1_group_param_known": 3.4578683376312256, "reward_2_when_1_group_param_known": 3.2186596393585205, "reward_0_when_2_group_param_known": 3.4578683376312256, "reward_1_when_2_group_param_known": 3.8380610942840576, "reward_2_when_2_group_param_known": 3.066926956176758, "reward_0_when_3_group_param_known": 3.7958598136901855, "reward_1_when_3_group_param_known": 3.5798747539520264, "reward_2_when_3_group_param_known": 3.256373405456543, "reward_error_0_when_1_group_param_known": 0.0, "reward_error_1_when_1_group_param_known": 0.09905854735325735, "reward_error_2_when_1_group_param_known": 0.011581523800319515, "reward_error_0_when_2_group_param_known": 0.09905854735325735, "reward_error_1_when_2_group_param_known": 0.0, "reward_error_2_when_2_group_param_known": 0.05817712703412304, "reward_error_0_when_3_group_param_known": 0.010995468690355538, "reward_error_1_when_3_group_param_known": 0.06726999231891923, "reward_error_2_when_3_group_param_known": 0.0, "_wandb": {"runtime": 14}}