{"Iteration": 99, "train_loss": 18.119700872258793, "val_loss": 17.777092676230108, "grad_norm": 0.32921978057705314, "max_reward_err": 0.08333477115396734, "max_reward_err_index": 1, "max_kl_dist": 0.41127219686584965, "max_kl_dist_index": 0, "max_train_grp_loss": 20.669316142358966, "max_train_grp_loss_index": 0, "max_val_grp_loss": 20.674399223127203, "max_val_grp_loss_index": 0, "max_cur_train_grp_loss": 20.673982692681804, "max_cur_train_grp_loss_index": 0, "reward_err_1": 0.047714827906623174, "reward_err_2": 0.029334291547014984, "reward_err_3": 0.017227744022830123, "reward_param_1": 5.352211572549284, "reward_param_2": 4.207036060435985, "reward_param_3": 4.767535250314787, "reward_param_4": 4.744386671191865, "KL_distance_1": 0.41127219686584965, "KL_distance_2": 0.32930658604930163, "KL_distance_3": 0.30837254544839154, "hist_group_loss_1": 2107.6065574190666, "hist_group_loss_2": 1713.640768392298, "hist_group_loss_3": 2066.081057709522, "cur_group_loss_1": 20.673982692681804, "cur_group_loss_2": 15.629734145424326, "cur_group_loss_3": 19.925543461049646, "train_group_loss_1": 20.669316142358966, "train_group_loss_2": 15.61408766634789, "train_group_loss_3": 19.915608377370052, "val_group_loss_1": 20.674399223127203, "val_group_loss_2": 12.504984410220045, "val_group_loss_3": 19.735738920956003, "_timestamp": 1726689939.6506188, "_runtime": 8.455912828445435, "_step": 2, "final/reward_err_1": 0.047714827906623174, "final/reward_err_2": 0.029334291547014984, "final/reward_err_3": 0.017227744022830123, "final/reward_param_1": 5.352211572549284, "final/reward_param_2": 4.207036060435985, "final/reward_param_3": 4.767535250314787, "final/reward_param_4": 4.744386671191865, "optimal_reward_1": 3.8138465881347656, "optimal_reward_2": 3.8138465881347656, "optimal_reward_3": 3.308058500289917, "final/reward_1": 3.7787630558013916, "final/reward_2": 3.5612988471984863, "final/reward_3": 3.308058500289917, "reward_0_when_1_group_param_known": 3.8138465881347656, "reward_1_when_1_group_param_known": 3.439753770828247, "reward_2_when_1_group_param_known": 3.273068904876709, "reward_0_when_2_group_param_known": 3.439753770828247, "reward_1_when_2_group_param_known": 3.8138465881347656, "reward_2_when_2_group_param_known": 3.121405839920044, "reward_0_when_3_group_param_known": 3.7787630558013916, "reward_1_when_3_group_param_known": 3.5612988471984863, "reward_2_when_3_group_param_known": 3.308058500289917, "reward_error_0_when_1_group_param_known": 0.0, "reward_error_1_when_1_group_param_known": 0.09808806113763369, "reward_error_2_when_1_group_param_known": 0.010577078794145125, "reward_error_0_when_2_group_param_known": 0.09808806113763369, "reward_error_1_when_2_group_param_known": 0.0, "reward_error_2_when_2_group_param_known": 0.05642362743993641, "reward_error_0_when_3_group_param_known": 0.009198988874519018, "reward_error_1_when_3_group_param_known": 0.06621864175711184, "reward_error_2_when_3_group_param_known": 0.0, "_wandb": {"runtime": 8}}