{"Iteration": 99, "train_loss": 17.89313717257582, "val_loss": 17.259507984040088, "grad_norm": 0.4090228943346306, "max_reward_err": 0.06073009358928829, "max_reward_err_index": 1, "max_kl_dist": 0.6378034021400831, "max_kl_dist_index": 0, "max_train_grp_loss": 20.988315427536413, "max_train_grp_loss_index": 0, "max_val_grp_loss": 20.56023465922824, "max_val_grp_loss_index": 0, "max_cur_train_grp_loss": 20.99471319398753, "max_cur_train_grp_loss_index": 0, "reward_err_1": 0.06089031249625473, "reward_err_2": 0.01293420743049874, "reward_err_3": 0.028641693530187747, "reward_param_1": 6.742701322383545, "reward_param_2": 4.217480930559487, "reward_param_3": 5.863404512437288, "reward_param_4": 4.233477774153379, "KL_distance_1": 0.6378034021400831, "KL_distance_2": 0.36257196550947285, "KL_distance_3": 0.4868557591383747, "hist_group_loss_1": 2143.485751719066, "hist_group_loss_2": 1527.1446991005423, "hist_group_loss_3": 2018.6148563903648, "cur_group_loss_1": 20.99471319398753, "cur_group_loss_2": 12.844286812473255, "cur_group_loss_3": 19.244444735670307, "train_group_loss_1": 20.988315427536413, "train_group_loss_2": 12.813534552487031, "train_group_loss_3": 19.22975907650132, "val_group_loss_1": 20.56023465922824, "val_group_loss_2": 11.75947980026892, "val_group_loss_3": 19.230997674360385, "_timestamp": 1726584818.5243032, "_runtime": 7.98871922492981, "_step": 2, "final/reward_err_1": 0.06089031249625473, "final/reward_err_2": 0.01293420743049874, "final/reward_err_3": 0.028641693530187747, "final/reward_param_1": 6.742701322383545, "final/reward_param_2": 4.217480930559487, "final/reward_param_3": 5.863404512437288, "final/reward_param_4": 4.233477774153379, "optimal_reward_1": 3.779723644256592, "optimal_reward_2": 3.779723644256592, "optimal_reward_3": 3.248685598373413, "final/reward_1": 3.741098642349243, "final/reward_2": 3.5430009365081787, "final/reward_3": 3.248685598373413, "reward_0_when_1_group_param_known": 3.779723644256592, "reward_1_when_1_group_param_known": 3.4200356006622314, "reward_2_when_1_group_param_known": 3.2069242000579834, "reward_0_when_2_group_param_known": 3.4200356006622314, "reward_1_when_2_group_param_known": 3.779723644256592, "reward_2_when_2_group_param_known": 3.065584421157837, "reward_0_when_3_group_param_known": 3.741098642349243, "reward_1_when_3_group_param_known": 3.5430009365081787, "reward_2_when_3_group_param_known": 3.248685598373413, "reward_error_0_when_1_group_param_known": 0.0, "reward_error_1_when_1_group_param_known": 0.0951625244191907, "reward_error_2_when_1_group_param_known": 0.012854859927454733, "reward_error_0_when_2_group_param_known": 0.0951625244191907, "reward_error_1_when_2_group_param_known": 0.0, "reward_error_2_when_2_group_param_known": 0.05636161815943446, "reward_error_0_when_3_group_param_known": 0.01021900158389636, "reward_error_1_when_3_group_param_known": 0.06262963381148795, "reward_error_2_when_3_group_param_known": 0.0, "_wandb": {"runtime": 7}}