{"Iteration": 199, "train_loss": 17.04738438313076, "val_loss": 15.0707965216202, "grad_norm": 0.0166663386420738, "live_grad": 2.3064482530569192e-14, "train_weighted_loss": 51.14215314939227, "val_weighted_loss": 45.212389564860594, "max_reward_err": 0.08588959815077689, "max_reward_err_index": 0, "max_kl_dist": 1.3326841801455107, "max_kl_dist_index": 0, "max_train_grp_loss": 19.180515902611944, "max_train_grp_loss_index": 0, "max_val_grp_loss": 18.42429489069085, "max_val_grp_loss_index": 0, "max_cur_train_grp_loss": 0.2902047325944602, "max_cur_train_grp_loss_index": 2, "reward_err_1": 0.08588959815077689, "reward_err_2": 0.01237053111859573, "reward_err_3": 0.0499364635877156, "KL_distance_1": 1.3326841801455107, "KL_distance_2": 0.7771136415075964, "KL_distance_3": 1.0951321073935538, "reward_param_1": 11.321254447265527, "reward_param_2": 6.35911654874322, "reward_param_3": 7.506180347551312, "reward_param_4": 4.530433919889134, "group_weight_1": 0.3031703405286309, "group_weight_2": 0.29202399472150375, "group_weight_3": 0.40480566474986523, "hist_group_loss_1": 29.689769873526696, "hist_group_loss_2": 25.943884382336428, "hist_group_loss_3": 58.6009983050015, "cur_group_loss_1": 0.14755098002101522, "cur_group_loss_2": 0.131387848781499, "cur_group_loss_3": 0.2902047325944602, "train_group_loss_1": 19.180515902611944, "train_group_loss_2": 14.849161150536915, "train_group_loss_3": 16.540228729631643, "val_group_loss_1": 18.42429489069085, "val_group_loss_2": 9.180368897444618, "val_group_loss_3": 17.196213986244096, "_timestamp": 1726693316.78178, "_runtime": 14.254523992538452, "_step": 3, "final/reward_err_1": 0.08588959815077689, "final/reward_err_2": 0.01237053111859573, "final/reward_err_3": 0.0499364635877156, "final/reward_param_1": 11.321254447265527, "final/reward_param_2": 6.35911654874322, "final/reward_param_3": 7.506180347551312, "final/reward_param_4": 4.530433919889134, "optimal_reward_1": 3.8689029216766357, "optimal_reward_2": 3.8689029216766357, "optimal_reward_3": 3.338573932647705, "final/reward_1": 3.8354125022888184, "final/reward_2": 3.6089484691619873, "final/reward_3": 3.338573932647705, "reward_0_when_1_group_param_known": 3.8689029216766357, "reward_1_when_1_group_param_known": 3.4624440670013428, "reward_2_when_1_group_param_known": 3.304152727127075, "reward_0_when_2_group_param_known": 3.4624440670013428, "reward_1_when_2_group_param_known": 3.8689029216766357, "reward_2_when_2_group_param_known": 3.1259868144989014, "reward_0_when_3_group_param_known": 3.8354125022888184, "reward_1_when_3_group_param_known": 3.6089484691619873, "reward_2_when_3_group_param_known": 3.338573932647705, "reward_error_0_when_1_group_param_known": 0.0, "reward_error_1_when_1_group_param_known": 0.10505790993048467, "reward_error_2_when_1_group_param_known": 0.010310152243156, "reward_error_0_when_2_group_param_known": 0.10505790993048467, "reward_error_1_when_2_group_param_known": 0.0, "reward_error_2_when_2_group_param_known": 0.06367602528430706, "reward_error_0_when_3_group_param_known": 0.008656309053447097, "reward_error_1_when_3_group_param_known": 0.0671907405735562, "reward_error_2_when_3_group_param_known": 0.0, "_wandb": {"runtime": 14}}