{"Iteration": 99, "train_loss": 15.169671988417655, "val_loss": 16.751722607801888, "grad_norm": 0.4484959734732681, "max_reward_err": 0.06067417880437071, "max_reward_err_index": 0, "max_kl_dist": 0.8788459968000183, "max_kl_dist_index": 0, "max_train_grp_loss": 20.653258790423898, "max_train_grp_loss_index": 0, "max_val_grp_loss": 20.820301370582463, "max_val_grp_loss_index": 0, "max_cur_train_grp_loss": 20.66168918244744, "max_cur_train_grp_loss_index": 0, "reward_err_1": 0.07945378868274514, "reward_err_2": 0.0021480036451352446, "reward_err_3": 0.043345670021627716, "reward_param_1": 7.431586767963282, "reward_param_2": 3.360671950169088, "reward_param_3": 7.480202527201625, "reward_param_4": 3.638059663491597, "KL_distance_1": 0.8788459968000183, "KL_distance_2": 0.3880125846059831, "KL_distance_3": 0.6644879732049435, "hist_group_loss_1": 2134.4972448145677, "hist_group_loss_2": 1197.0136126727036, "hist_group_loss_3": 2018.9583785940918, "cur_group_loss_1": 20.66168918244744, "cur_group_loss_2": 9.143382033089198, "cur_group_loss_3": 19.11087246610545, "train_group_loss_1": 20.653258790423898, "train_group_loss_2": 9.11141779363431, "train_group_loss_3": 19.096092350382456, "val_group_loss_1": 20.820301370582463, "val_group_loss_2": 9.648007997608923, "val_group_loss_3": 19.38672984557673, "_timestamp": 1726682020.884372, "_runtime": 8.167561054229736, "_step": 2, "final/reward_err_1": 0.07945378868274514, "final/reward_err_2": 0.0021480036451352446, "final/reward_err_3": 0.043345670021627716, "final/reward_param_1": 7.431586767963282, "final/reward_param_2": 3.360671950169088, "final/reward_param_3": 7.480202527201625, "final/reward_param_4": 3.638059663491597, "optimal_reward_1": 3.7876079082489014, "optimal_reward_2": 3.7876079082489014, "optimal_reward_3": 3.2552034854888916, "final/reward_1": 3.755828619003296, "final/reward_2": 3.553105354309082, "final/reward_3": 3.2552034854888916, "reward_0_when_1_group_param_known": 3.7876079082489014, "reward_1_when_1_group_param_known": 3.425462007522583, "reward_2_when_1_group_param_known": 3.221684455871582, "reward_0_when_2_group_param_known": 3.425462007522583, "reward_1_when_2_group_param_known": 3.7876079082489014, "reward_2_when_2_group_param_known": 3.069401741027832, "reward_0_when_3_group_param_known": 3.755828619003296, "reward_1_when_3_group_param_known": 3.553105354309082, "reward_2_when_3_group_param_known": 3.2552034854888916, "reward_error_0_when_1_group_param_known": 0.0, "reward_error_1_when_1_group_param_known": 0.09561335531526725, "reward_error_2_when_1_group_param_known": 0.010297061233416388, "reward_error_0_when_2_group_param_known": 0.09561335531526725, "reward_error_1_when_2_group_param_known": 0.0, "reward_error_2_when_2_group_param_known": 0.057078380902862186, "reward_error_0_when_3_group_param_known": 0.008390332372153529, "reward_error_1_when_3_group_param_known": 0.06191310178360972, "reward_error_2_when_3_group_param_known": 0.0, "_wandb": {"runtime": 8}}