{"Iteration": 99, "train_loss": 16.450413262703847, "val_loss": 17.601403251503463, "grad_norm": 0.012155259051642522, "live_grad": 1.2476061772908183e-14, "train_weighted_loss": 49.35123978811154, "val_weighted_loss": 52.80420975451039, "max_reward_err": 0.1125270183554242, "max_reward_err_index": 0, "max_kl_dist": 1.8785014693888815, "max_kl_dist_index": 0, "max_train_grp_loss": 19.8191900388984, "max_train_grp_loss_index": 0, "max_val_grp_loss": 21.032019252468277, "max_val_grp_loss_index": 0, "max_cur_train_grp_loss": 0.35322228906126135, "max_cur_train_grp_loss_index": 2, "reward_err_1": 0.1125270183554242, "reward_err_2": 0.00035281261882946666, "reward_err_3": 0.07065795584351538, "KL_distance_1": 1.8785014693888815, "KL_distance_2": 0.9344880189318608, "KL_distance_3": 1.5149900750536471, "reward_param_1": 10.302369754168064, "reward_param_2": 3.656715956458708, "reward_param_3": 13.022505057848887, "reward_param_4": 3.217406725369879, "group_weight_1": 0.31651302959751426, "group_weight_2": 0.2983501524898624, "group_weight_3": 0.38513681791262333, "hist_group_loss_1": 15.930688726273608, "hist_group_loss_2": 10.021028383982685, "hist_group_loss_3": 35.55411211212291, "cur_group_loss_1": 0.1585663801172717, "cur_group_loss_2": 0.1007636064489782, "cur_group_loss_3": 0.35322228906126135, "train_group_loss_1": 19.8191900388984, "train_group_loss_2": 12.598048677912988, "train_group_loss_3": 17.6593827841946, "val_group_loss_1": 21.032019252468277, "val_group_loss_2": 14.054386638355904, "val_group_loss_3": 17.859884652088255, "_timestamp": 1726684713.416161, "_runtime": 10.187637090682983, "_step": 2, "final/reward_err_1": 0.1125270183554242, "final/reward_err_2": 0.00035281261882946666, "final/reward_err_3": 0.07065795584351538, "final/reward_param_1": 10.302369754168064, "final/reward_param_2": 3.656715956458708, "final/reward_param_3": 13.022505057848887, "final/reward_param_4": 3.217406725369879, "optimal_reward_1": 3.822805166244507, "optimal_reward_2": 3.822805166244507, "optimal_reward_3": 3.2835702896118164, "final/reward_1": 3.7867486476898193, "final/reward_2": 3.5572304725646973, "final/reward_3": 3.2835702896118164, "reward_0_when_1_group_param_known": 3.822805166244507, "reward_1_when_1_group_param_known": 3.427518129348755, "reward_2_when_1_group_param_known": 3.2508020401000977, "reward_0_when_2_group_param_known": 3.427518129348755, "reward_1_when_2_group_param_known": 3.822805166244507, "reward_2_when_2_group_param_known": 3.080749988555908, "reward_0_when_3_group_param_known": 3.7867486476898193, "reward_1_when_3_group_param_known": 3.5572304725646973, "reward_2_when_3_group_param_known": 3.2835702896118164, "reward_error_0_when_1_group_param_known": 0.0, "reward_error_1_when_1_group_param_known": 0.10340234976821452, "reward_error_2_when_1_group_param_known": 0.009979457304564846, "reward_error_0_when_2_group_param_known": 0.10340234976821452, "reward_error_1_when_2_group_param_known": 0.0, "reward_error_2_when_2_group_param_known": 0.061768222747528155, "reward_error_0_when_3_group_param_known": 0.009431952973451988, "reward_error_1_when_3_group_param_known": 0.06947115590008163, "reward_error_2_when_3_group_param_known": 0.0, "_wandb": {"runtime": 10}}