{"Iteration": 99, "train_loss": 18.075780217858938, "val_loss": 18.332232497541472, "grad_norm": 0.2922856729102969, "max_reward_err": 0.06271954696827552, "max_reward_err_index": 1, "max_kl_dist": 0.45715827373803664, "max_kl_dist_index": 0, "max_train_grp_loss": 20.80343811157515, "max_train_grp_loss_index": 0, "max_val_grp_loss": 19.94542600358181, "max_val_grp_loss_index": 2, "max_cur_train_grp_loss": 20.807082810942063, "max_cur_train_grp_loss_index": 0, "reward_err_1": 0.0436651270012035, "reward_err_2": 0.032989714116991635, "reward_err_3": 0.015272397070715586, "reward_param_1": 5.590664296939767, "reward_param_2": 4.374783455989437, "reward_param_3": 4.787968337600564, "reward_param_4": 5.304941113285273, "KL_distance_1": 0.45715827373803664, "KL_distance_2": 0.40772021051154506, "KL_distance_3": 0.3557838373285838, "hist_group_loss_1": 2113.976176153252, "hist_group_loss_2": 1558.001750095226, "hist_group_loss_3": 1979.2436538904758, "cur_group_loss_1": 20.807082810942063, "cur_group_loss_2": 14.505975226915231, "cur_group_loss_3": 18.968291039542056, "train_group_loss_1": 20.80343811157515, "train_group_loss_2": 14.493547842278652, "train_group_loss_3": 18.956424643428473, "val_group_loss_1": 19.840840594850224, "val_group_loss_2": 15.955305914836211, "val_group_loss_3": 19.94542600358181, "_timestamp": 1726687834.705684, "_runtime": 8.58082103729248, "_step": 2, "final/reward_err_1": 0.0436651270012035, "final/reward_err_2": 0.032989714116991635, "final/reward_err_3": 0.015272397070715586, "final/reward_param_1": 5.590664296939767, "final/reward_param_2": 4.374783455989437, "final/reward_param_3": 4.787968337600564, "final/reward_param_4": 5.304941113285273, "optimal_reward_1": 3.824197769165039, "optimal_reward_2": 3.824197769165039, "optimal_reward_3": 3.286194324493408, "final/reward_1": 3.787515640258789, "final/reward_2": 3.5511789321899414, "final/reward_3": 3.286194324493408, "reward_0_when_1_group_param_known": 3.824197769165039, "reward_1_when_1_group_param_known": 3.424851417541504, "reward_2_when_1_group_param_known": 3.255265712738037, "reward_0_when_2_group_param_known": 3.424851417541504, "reward_1_when_2_group_param_known": 3.824197769165039, "reward_2_when_2_group_param_known": 3.083137273788452, "reward_0_when_3_group_param_known": 3.787515640258789, "reward_1_when_3_group_param_known": 3.5511789321899414, "reward_2_when_3_group_param_known": 3.286194324493408, "reward_error_0_when_1_group_param_known": 0.0, "reward_error_1_when_1_group_param_known": 0.10442617660715987, "reward_error_2_when_1_group_param_known": 0.009411680716763144, "reward_error_0_when_2_group_param_known": 0.10442617660715987, "reward_error_1_when_2_group_param_known": 0.0, "reward_error_2_when_2_group_param_known": 0.061790944373400325, "reward_error_0_when_3_group_param_known": 0.009592110847933223, "reward_error_1_when_3_group_param_known": 0.07139244711047137, "reward_error_2_when_3_group_param_known": 0.0, "_wandb": {"runtime": 8}}