{"hist_group_loss_1":18.958896871398988,"reward_2_when_1_group_param_known":3.255072021484375,"reward_error_1_when_1_group_param_known":0.06442968345654335,"final/reward_err_1":0.010232903106689764,"reward_error_2_when_1_group_param_known":0.0064852651372159075,"reward_1_when_2_group_param_known":7.24455908203125,"max_cur_train_grp_loss_index":2,"hist_group_loss_3":42.951135393349595,"reward_1_when_3_group_param_known":7.1339345703125,"max_cur_train_grp_loss":0.21324164258982506,"reward_error_2_when_2_group_param_known":0.06690737556116683,"final/reward_err_3":0.00013413010590474194,"cur_group_loss_1":0.09450140584964138,"final/reward_3":3.27631982421875,"max_train_grp_loss":13.109864273729908,"reward_error_2_when_3_group_param_known":0,"reward_1_when_1_group_param_known":6.77779443359375,"reward_err_1":0.010232903106689764,"live_grad":1.5716244776471194e-14,"optimal_reward_1":3.867779541015625,"reward_err_2":0.01426130884728489,"train_group_loss_3":10.661631278484949,"train_weighted_loss":36.48384027591144,"reward_param_3":5.320917160388164,"KL_distance_1":0.679398681640625,"reward_param_1":5.464608632427132,"reward_error_0_when_2_group_param_known":0.11032717529039895,"final/reward_err_2":0.01426130884728489,"val_group_loss_1":12.706553908766955,"reward_2_when_2_group_param_known":3.05710986328125,"reward_error_1_when_2_group_param_known":0,"optimal_reward_2":7.24455908203125,"train_group_loss_2":13.109864273729908,"grad_norm":0.019920281210978687,"reward_0_when_1_group_param_known":3.867779541015625,"max_kl_dist_index":0,"final/reward_1":3.841189453125,"KL_distance_3":0.67189794921875,"max_val_grp_loss":12.706553908766955,"reward_0_when_3_group_param_known":3.841189453125,"reward_error_0_when_1_group_param_known":0,"cur_group_loss_3":0.21324164258982506,"max_val_grp_loss_index":0,"_runtime":208.414759,"group_weight_3":0.4990053731333994,"train_loss":12.16128009197048,"train_group_loss_1":11.812555435605264,"optimal_reward_3":3.27631982421875,"final/reward_2":7.1339345703125,"max_kl_dist":0.679398681640625,"val_group_loss_2":12.493357609166608,"val_group_loss_3":12.138814754115991,"max_reward_err_index":1,"reward_param_2":8.219391459734963,"final/reward_param_3":5.320917160388164,"max_train_grp_loss_index":1,"_wandb":{"runtime":208},"group_weight_2":0.2580460731471634,"max_reward_err":0.01426130884728489,"_timestamp":1.7282577224485388e+09,"Iteration":199,"final/reward_param_1":5.464608632427132,"final/reward_param_4":8.901967808291262,"hist_group_loss_2":20.968511512425497,"val_weighted_loss":37.33950720750381,"reward_2_when_3_group_param_known":3.27631982421875,"KL_distance_2":0.31749362182617186,"val_loss":12.446502402501268,"final/reward_param_2":8.219391459734963,"cur_group_loss_2":0.10487522260293851,"reward_error_1_when_3_group_param_known":0.015270013049259644,"group_weight_1":0.24294855371943727,"_step":201,"reward_0_when_2_group_param_known":3.441058349609375,"reward_param_4":8.901967808291262,"reward_error_0_when_3_group_param_known":0.006874768225192712,"reward_err_3":0.00013413010590474194}