{"Iteration": 99, "train_loss": 19.270958083476366, "val_loss": 20.210374843618396, "grad_norm": 0.43823691275376214, "max_reward_err": 0.14386923615123826, "max_reward_err_index": 1, "max_kl_dist": 0.3127392090810137, "max_kl_dist_index": 1, "max_train_grp_loss": 21.146754204600057, "max_train_grp_loss_index": 0, "max_val_grp_loss": 21.036959558885975, "max_val_grp_loss_index": 0, "max_cur_train_grp_loss": 21.15503712211431, "max_cur_train_grp_loss_index": 0, "reward_err_1": 0.027826814056650096, "reward_err_2": 0.058713627555938966, "reward_err_3": 0.006308758094007767, "reward_param_1": 3.9739047340147153, "reward_param_2": 3.072750307672231, "reward_param_3": 3.6046170534994424, "reward_param_4": 5.442114980800426, "KL_distance_1": 0.21599966783290483, "KL_distance_2": 0.3127392090810137, "KL_distance_3": 0.16204934864253892, "hist_group_loss_1": 2177.088254456434, "hist_group_loss_2": 1930.6921846876899, "hist_group_loss_3": 2141.0195236746054, "cur_group_loss_1": 21.15503712211431, "cur_group_loss_2": 16.698617017893078, "cur_group_loss_3": 20.228452078297348, "train_group_loss_1": 21.146754204600057, "train_group_loss_2": 16.66793131492817, "train_group_loss_3": 20.210758353196994, "val_group_loss_1": 21.036959558885975, "val_group_loss_2": 19.219092406324982, "val_group_loss_3": 20.34719272382101, "_timestamp": 1726604861.992162, "_runtime": 8.107719898223877, "_step": 2, "final/reward_err_1": 0.027826814056650096, "final/reward_err_2": 0.058713627555938966, "final/reward_err_3": 0.006308758094007767, "final/reward_param_1": 3.9739047340147153, "final/reward_param_2": 3.072750307672231, "final/reward_param_3": 3.6046170534994424, "final/reward_param_4": 5.442114980800426, "optimal_reward_1": 3.866978645324707, "optimal_reward_2": 3.866978645324707, "optimal_reward_3": 3.311685085296631, "final/reward_1": 3.8343822956085205, "final/reward_2": 3.608206033706665, "final/reward_3": 3.311685085296631, "reward_0_when_1_group_param_known": 3.866978645324707, "reward_1_when_1_group_param_known": 3.4890663623809814, "reward_2_when_1_group_param_known": 3.2840659618377686, "reward_0_when_2_group_param_known": 3.4890663623809814, "reward_1_when_2_group_param_known": 3.866978645324707, "reward_2_when_2_group_param_known": 3.121250629425049, "reward_0_when_3_group_param_known": 3.8343822956085205, "reward_1_when_3_group_param_known": 3.608206033706665, "reward_2_when_3_group_param_known": 3.311685085296631, "reward_error_0_when_1_group_param_known": 0.0, "reward_error_1_when_1_group_param_known": 0.0977280501408077, "reward_error_2_when_1_group_param_known": 0.00833990030679153, "reward_error_0_when_2_group_param_known": 0.0977280501408077, "reward_error_1_when_2_group_param_known": 0.0, "reward_error_2_when_2_group_param_known": 0.057503793678052764, "reward_error_0_when_3_group_param_known": 0.008429410324154877, "reward_error_1_when_3_group_param_known": 0.06691855201499647, "reward_error_2_when_3_group_param_known": 0.0, "_wandb": {"runtime": 7}}