{"Iteration": 99, "train_loss": 15.779034500938351, "val_loss": 16.278973908375317, "grad_norm": 0.523881326700594, "max_reward_err": 0.08684274655445716, "max_reward_err_index": 0, "max_kl_dist": 0.7116989332235605, "max_kl_dist_index": 0, "max_train_grp_loss": 20.822056923537954, "max_train_grp_loss_index": 0, "max_val_grp_loss": 21.18492485977619, "max_val_grp_loss_index": 0, "max_cur_train_grp_loss": 20.834593902412536, "max_cur_train_grp_loss_index": 0, "reward_err_1": 0.08567257835892005, "reward_err_2": 0.004446161798136225, "reward_err_3": 0.04693963777531893, "reward_param_1": 7.386113668213806, "reward_param_2": 2.488170303215895, "reward_param_3": 5.663902738541407, "reward_param_4": 3.8708211944501647, "KL_distance_1": 0.7116989332235605, "KL_distance_2": 0.2752435210710289, "KL_distance_3": 0.5280909930526382, "hist_group_loss_1": 2184.4495092976545, "hist_group_loss_2": 1367.9866802255765, "hist_group_loss_3": 2145.6123960646373, "cur_group_loss_1": 20.834593902412536, "cur_group_loss_2": 10.07960333594582, "cur_group_loss_3": 19.98025990253202, "train_group_loss_1": 20.822056923537954, "train_group_loss_2": 10.036941116775287, "train_group_loss_3": 19.959962746625866, "val_group_loss_1": 21.18492485977619, "val_group_loss_2": 10.186250121979468, "val_group_loss_3": 19.467326080226478, "_timestamp": 1726687390.328018, "_runtime": 8.175637006759644, "_step": 2, "final/reward_err_1": 0.08567257835892005, "final/reward_err_2": 0.004446161798136225, "final/reward_err_3": 0.04693963777531893, "final/reward_param_1": 7.386113668213806, "final/reward_param_2": 2.488170303215895, "final/reward_param_3": 5.663902738541407, "final/reward_param_4": 3.8708211944501647, "optimal_reward_1": 3.8958516120910645, "optimal_reward_2": 3.8958516120910645, "optimal_reward_3": 3.381232261657715, "final/reward_1": 3.8572397232055664, "final/reward_2": 3.6314523220062256, "final/reward_3": 3.381232261657715, "reward_0_when_1_group_param_known": 3.8958516120910645, "reward_1_when_1_group_param_known": 3.4992785453796387, "reward_2_when_1_group_param_known": 3.3414580821990967, "reward_0_when_2_group_param_known": 3.4992785453796387, "reward_1_when_2_group_param_known": 3.8958516120910645, "reward_2_when_2_group_param_known": 3.180368661880493, "reward_0_when_3_group_param_known": 3.8572397232055664, "reward_1_when_3_group_param_known": 3.6314523220062256, "reward_2_when_3_group_param_known": 3.381232261657715, "reward_error_0_when_1_group_param_known": 0.0, "reward_error_1_when_1_group_param_known": 0.10179367855814422, "reward_error_2_when_1_group_param_known": 0.011763220145994378, "reward_error_0_when_2_group_param_known": 0.10179367855814422, "reward_error_1_when_2_group_param_known": 0.0, "reward_error_2_when_2_group_param_known": 0.05940544281886876, "reward_error_0_when_3_group_param_known": 0.009911026581624204, "reward_error_1_when_3_group_param_known": 0.06786687903211099, "reward_error_2_when_3_group_param_known": 0.0, "_wandb": {"runtime": 8}}