{"Iteration": 99, "train_loss": 15.59823616164919, "val_loss": 17.69647962930721, "grad_norm": 0.38349836369813406, "max_reward_err": 0.05448509773547453, "max_reward_err_index": 1, "max_kl_dist": 0.7087047408513343, "max_kl_dist_index": 0, "max_train_grp_loss": 19.358521920821097, "max_train_grp_loss_index": 0, "max_val_grp_loss": 20.35384566458356, "max_val_grp_loss_index": 0, "max_cur_train_grp_loss": 19.36710601190482, "max_cur_train_grp_loss_index": 0, "reward_err_1": 0.06992771166506072, "reward_err_2": 0.015284963114527757, "reward_err_3": 0.03305880174959027, "reward_param_1": 6.207990939280097, "reward_param_2": 3.6899525648716844, "reward_param_3": 7.263718342034989, "reward_param_4": 5.074036229546131, "KL_distance_1": 0.7087047408513343, "KL_distance_2": 0.4136247196113101, "KL_distance_3": 0.5487544482904556, "hist_group_loss_1": 2004.1064144445072, "hist_group_loss_2": 1151.3750148870765, "hist_group_loss_3": 2008.4146993201393, "cur_group_loss_1": 19.36710601190482, "cur_group_loss_2": 9.663791364206844, "cur_group_loss_3": 19.14622976218702, "train_group_loss_1": 19.358521920821097, "train_group_loss_2": 9.641316452180474, "train_group_loss_3": 19.132838966397674, "val_group_loss_1": 20.35384566458356, "val_group_loss_2": 13.387072660448549, "val_group_loss_3": 18.959792784518964, "_timestamp": 1726682058.028131, "_runtime": 8.267919063568115, "_step": 2, "final/reward_err_1": 0.06992771166506072, "final/reward_err_2": 0.015284963114527757, "final/reward_err_3": 0.03305880174959027, "final/reward_param_1": 6.207990939280097, "final/reward_param_2": 3.6899525648716844, "final/reward_param_3": 7.263718342034989, "final/reward_param_4": 5.074036229546131, "optimal_reward_1": 3.8594422340393066, "optimal_reward_2": 3.8594422340393066, "optimal_reward_3": 3.3084986209869385, "final/reward_1": 3.819638729095459, "final/reward_2": 3.5962886810302734, "final/reward_3": 3.3084986209869385, "reward_0_when_1_group_param_known": 3.8594422340393066, "reward_1_when_1_group_param_known": 3.4673831462860107, "reward_2_when_1_group_param_known": 3.2762653827667236, "reward_0_when_2_group_param_known": 3.4673831462860107, "reward_1_when_2_group_param_known": 3.8594422340393066, "reward_2_when_2_group_param_known": 3.114921808242798, "reward_0_when_3_group_param_known": 3.819638729095459, "reward_1_when_3_group_param_known": 3.5962886810302734, "reward_2_when_3_group_param_known": 3.3084986209869385, "reward_error_0_when_1_group_param_known": 0.0, "reward_error_1_when_1_group_param_known": 0.10158439069133712, "reward_error_2_when_1_group_param_known": 0.009742557550348786, "reward_error_0_when_2_group_param_known": 0.10158439069133712, "reward_error_1_when_2_group_param_known": 0.0, "reward_error_2_when_2_group_param_known": 0.058508959778981524, "reward_error_0_when_3_group_param_known": 0.010313279103594501, "reward_error_1_when_3_group_param_known": 0.06818434816515331, "reward_error_2_when_3_group_param_known": 0.0, "_wandb": {"runtime": 8}}