{"Iteration": 99, "train_loss": 17.393080337875105, "val_loss": 18.527302423866765, "grad_norm": 0.4037927107160106, "max_reward_err": 0.07382343047382577, "max_reward_err_index": 1, "max_kl_dist": 0.5126006612460106, "max_kl_dist_index": 0, "max_train_grp_loss": 20.589641841900757, "max_train_grp_loss_index": 0, "max_val_grp_loss": 20.255055005025163, "max_val_grp_loss_index": 0, "max_cur_train_grp_loss": 20.59973225117194, "max_cur_train_grp_loss_index": 0, "reward_err_1": 0.06500974974971956, "reward_err_2": 0.023356847879266018, "reward_err_3": 0.033000716626265414, "reward_param_1": 4.250526365410342, "reward_param_2": 4.375441299220455, "reward_param_3": 6.575610397598089, "reward_param_4": 4.606260879275245, "KL_distance_1": 0.5126006612460106, "KL_distance_2": 0.3452022800687957, "KL_distance_3": 0.39967818554678236, "hist_group_loss_1": 2136.407885930703, "hist_group_loss_2": 1490.9970717551569, "hist_group_loss_3": 2018.9714400102084, "cur_group_loss_1": 20.59973225117194, "cur_group_loss_2": 13.092953472876529, "cur_group_loss_3": 18.821753057438933, "train_group_loss_1": 20.589641841900757, "train_group_loss_2": 13.074562674411897, "train_group_loss_3": 18.80137722483375, "val_group_loss_1": 20.255055005025163, "val_group_loss_2": 16.57492523141734, "val_group_loss_3": 18.795708312561807, "_timestamp": 1726600310.369279, "_runtime": 8.26219391822815, "_step": 2, "final/reward_err_1": 0.06500974974971956, "final/reward_err_2": 0.023356847879266018, "final/reward_err_3": 0.033000716626265414, "final/reward_param_1": 4.250526365410342, "final/reward_param_2": 4.375441299220455, "final/reward_param_3": 6.575610397598089, "final/reward_param_4": 4.606260879275245, "optimal_reward_1": 3.793275833129883, "optimal_reward_2": 3.793275833129883, "optimal_reward_3": 3.246778726577759, "final/reward_1": 3.759331464767456, "final/reward_2": 3.5279622077941895, "final/reward_3": 3.246778726577759, "reward_0_when_1_group_param_known": 3.793275833129883, "reward_1_when_1_group_param_known": 3.401733875274658, "reward_2_when_1_group_param_known": 3.2136919498443604, "reward_0_when_2_group_param_known": 3.401733875274658, "reward_1_when_2_group_param_known": 3.793275833129883, "reward_2_when_2_group_param_known": 3.0463056564331055, "reward_0_when_3_group_param_known": 3.759331464767456, "reward_1_when_3_group_param_known": 3.5279622077941895, "reward_2_when_3_group_param_known": 3.246778726577759, "reward_error_0_when_1_group_param_known": 0.0, "reward_error_1_when_1_group_param_known": 0.10322000694902224, "reward_error_2_when_1_group_param_known": 0.010190647259868334, "reward_error_0_when_2_group_param_known": 0.10322000694902224, "reward_error_1_when_2_group_param_known": 0.0, "reward_error_2_when_2_group_param_known": 0.06174522104127508, "reward_error_0_when_3_group_param_known": 0.008948563156404792, "reward_error_1_when_3_group_param_known": 0.06994314070663812, "reward_error_2_when_3_group_param_known": 0.0, "_wandb": {"runtime": 8}}