{"Iteration": 199, "train_loss": 14.86467992076461, "val_loss": 15.071400880929868, "grad_norm": 0.22878998950583807, "max_reward_err": 0.08090360922745109, "max_reward_err_index": 0, "max_kl_dist": 1.17516349297354, "max_kl_dist_index": 0, "max_train_grp_loss": 19.088954292867054, "max_train_grp_loss_index": 0, "max_val_grp_loss": 19.595304985867276, "max_val_grp_loss_index": 0, "max_cur_train_grp_loss": 19.094173820889775, "max_cur_train_grp_loss_index": 0, "reward_err_1": 0.08492706511132751, "reward_err_2": 0.006681895453661963, "reward_err_3": 0.04678161747114655, "reward_param_1": 7.289479367684042, "reward_param_2": 3.892653277010574, "reward_param_3": 10.030122503739213, "reward_param_4": 5.049179376913341, "KL_distance_1": 1.17516349297354, "KL_distance_2": 0.5890281658031329, "KL_distance_3": 0.9380076858796631, "hist_group_loss_1": 4097.807237014078, "hist_group_loss_2": 2266.349517197915, "hist_group_loss_3": 3579.5111124380487, "cur_group_loss_1": 19.094173820889775, "cur_group_loss_2": 9.721898435726619, "cur_group_loss_3": 15.584696835954675, "train_group_loss_1": 19.088954292867054, "train_group_loss_2": 9.72036618927046, "train_group_loss_3": 15.572818098868451, "val_group_loss_1": 19.595304985867276, "val_group_loss_2": 7.728806875395428, "val_group_loss_3": 17.871922294832597, "_timestamp": 1726697589.425656, "_runtime": 11.503722190856934, "_step": 3, "final/reward_err_1": 0.08492706511132751, "final/reward_err_2": 0.006681895453661963, "final/reward_err_3": 0.04678161747114655, "final/reward_param_1": 7.289479367684042, "final/reward_param_2": 3.892653277010574, "final/reward_param_3": 10.030122503739213, "final/reward_param_4": 5.049179376913341, "optimal_reward_1": 3.866352081298828, "optimal_reward_2": 3.866352081298828, "optimal_reward_3": 3.364398956298828, "final/reward_1": 3.8258588314056396, "final/reward_2": 3.5992729663848877, "final/reward_3": 3.364398956298828, "reward_0_when_1_group_param_known": 3.866352081298828, "reward_1_when_1_group_param_known": 3.466999053955078, "reward_2_when_1_group_param_known": 3.324810028076172, "reward_0_when_2_group_param_known": 3.466999053955078, "reward_1_when_2_group_param_known": 3.866352081298828, "reward_2_when_2_group_param_known": 3.1610913276672363, "reward_0_when_3_group_param_known": 3.8258588314056396, "reward_1_when_3_group_param_known": 3.5992729663848877, "reward_2_when_3_group_param_known": 3.364398956298828, "reward_error_0_when_1_group_param_known": 0.0, "reward_error_1_when_1_group_param_known": 0.10328935879258955, "reward_error_2_when_1_group_param_known": 0.011767013584562513, "reward_error_0_when_2_group_param_known": 0.10328935879258955, "reward_error_1_when_2_group_param_known": 0.0, "reward_error_2_when_2_group_param_known": 0.06042910822182941, "reward_error_0_when_3_group_param_known": 0.010473244298947946, "reward_error_1_when_3_group_param_known": 0.06907780494326327, "reward_error_2_when_3_group_param_known": 0.0, "_wandb": {"runtime": 11}}