{"final/reward_err_3":0.0009738972161936942,"reward_2_when_2_group_param_known":3.1155205078125,"cur_group_loss_2":0.11516391303826153,"max_train_grp_loss":13.704362572598686,"grad_norm":0.00429555447488991,"max_kl_dist_index":0,"reward_err_3":0.0009738972161936942,"optimal_reward_1":3.885563232421875,"train_group_loss_2":13.704362572598686,"reward_error_2_when_1_group_param_known":0.008641683256769945,"KL_distance_1":0.6758584594726562,"reward_error_0_when_2_group_param_known":0.10085360176489651,"val_loss":12.224458263009655,"final/reward_3":3.320061279296875,"hist_group_loss_3":51.11193098026306,"live_grad":1.7906900486111822e-14,"max_reward_err_index":1,"max_train_grp_loss_index":1,"reward_0_when_2_group_param_known":3.493690185546875,"group_weight_2":0.30574232595409817,"reward_err_2":0.018554887025918766,"final/reward_2":7.10487548828125,"max_reward_err":0.018554887025918766,"reward_error_0_when_3_group_param_known":0.008927968346368324,"KL_distance_3":0.6751723022460937,"train_group_loss_3":13.008360991294674,"max_val_grp_loss_index":1,"max_cur_train_grp_loss":0.2550660675218348,"reward_error_2_when_3_group_param_known":0,"_timestamp":1.728254268292193e+09,"reward_param_4":10.238276008867278,"reward_1_when_3_group_param_known":7.10487548828125,"val_group_loss_3":11.246847824820987,"train_group_loss_1":11.490125762865055,"reward_param_2":6.897941235698848,"final/reward_1":3.850873046875,"reward_param_3":5.730592200012881,"reward_0_when_1_group_param_known":3.885563232421875,"reward_error_1_when_1_group_param_known":0.05618703783269167,"hist_group_loss_2":23.096993887979767,"final/reward_param_1":4.882952902445592,"max_cur_train_grp_loss_index":2,"group_weight_1":0.2896604571363751,"reward_err_1":0.010009382814626967,"train_loss":12.626539686225764,"_runtime":210.816246,"val_group_loss_1":12.63942608822061,"reward_param_1":4.882952902445592,"max_kl_dist":0.6758584594726562,"reward_error_2_when_2_group_param_known":0.06160752898142066,"val_group_loss_2":12.785416317265883,"final/reward_err_1":0.010009382814626967,"Iteration":199,"_wandb":{"runtime":210},"reward_2_when_3_group_param_known":3.320061279296875,"cur_group_loss_3":0.2550660675218348,"KL_distance_2":0.32336480712890625,"reward_2_when_1_group_param_known":3.291370361328125,"final/reward_err_2":0.018554887025918766,"final/reward_param_3":5.730592200012881,"optimal_reward_2":7.24602734375,"hist_group_loss_1":17.69366632687492,"final/reward_param_4":10.238276008867278,"reward_error_1_when_3_group_param_known":0.019479895503085456,"reward_error_0_when_1_group_param_known":0,"reward_error_1_when_2_group_param_known":0,"_step":201,"reward_1_when_1_group_param_known":6.83889453125,"final/reward_param_2":6.897941235698848,"train_weighted_loss":37.87961905867729,"cur_group_loss_1":0.08838448392122833,"reward_0_when_3_group_param_known":3.850873046875,"optimal_reward_3":3.320061279296875,"group_weight_3":0.4045972169095268,"reward_1_when_2_group_param_known":7.24602734375,"val_weighted_loss":36.67337478902897,"max_val_grp_loss":12.785416317265883}