{"Iteration": 199, "train_loss": 13.423358441839264, "val_loss": 14.159748723010605, "grad_norm": 0.06799621447059774, "live_grad": 1.1548587717848375e-14, "train_weighted_loss": 40.27007532551779, "val_weighted_loss": 42.47924616903181, "max_reward_err": 0.09035402268049858, "max_reward_err_index": 0, "max_kl_dist": 2.029420872675724, "max_kl_dist_index": 0, "max_train_grp_loss": 20.175830026156586, "max_train_grp_loss_index": 0, "max_val_grp_loss": 19.223253190711528, "max_val_grp_loss_index": 0, "max_cur_train_grp_loss": 0.417157640637703, "max_cur_train_grp_loss_index": 2, "reward_err_1": 0.09035402268049858, "reward_err_2": 0.0022494584949334017, "reward_err_3": 0.049603921550488185, "KL_distance_1": 2.029420872675724, "KL_distance_2": 1.161062345969036, "KL_distance_3": 1.683434613506027, "reward_param_1": 10.77390557795208, "reward_param_2": 5.657133099881381, "reward_param_3": 14.214144295940471, "reward_param_4": 5.796440085028036, "group_weight_1": 0.28979890443716244, "group_weight_2": 0.22545791294592826, "group_weight_3": 0.4847431826169092, "hist_group_loss_1": 33.62831359582719, "hist_group_loss_2": 8.522938919172448, "hist_group_loss_3": 85.07151168034544, "cur_group_loss_1": 0.1654061731287305, "cur_group_loss_2": 0.04600983673277491, "cur_group_loss_3": 0.417157640637703, "train_group_loss_1": 20.175830026156586, "train_group_loss_2": 6.309959793946105, "train_group_loss_3": 17.0997994534161, "val_group_loss_1": 19.223253190711528, "val_group_loss_2": 6.817802105023881, "val_group_loss_3": 16.501111755559904, "_timestamp": 1726698204.928384, "_runtime": 14.303459167480469, "_step": 3, "final/reward_err_1": 0.09035402268049858, "final/reward_err_2": 0.0022494584949334017, "final/reward_err_3": 0.049603921550488185, "final/reward_param_1": 10.77390557795208, "final/reward_param_2": 5.657133099881381, "final/reward_param_3": 14.214144295940471, "final/reward_param_4": 5.796440085028036, "optimal_reward_1": 3.9575352668762207, "optimal_reward_2": 3.9575352668762207, "optimal_reward_3": 3.453465223312378, "final/reward_1": 3.9158573150634766, "final/reward_2": 3.681488275527954, "final/reward_3": 3.453465223312378, "reward_0_when_1_group_param_known": 3.9575352668762207, "reward_1_when_1_group_param_known": 3.5510668754577637, "reward_2_when_1_group_param_known": 3.4159226417541504, "reward_0_when_2_group_param_known": 3.5510668754577637, "reward_1_when_2_group_param_known": 3.9575352668762207, "reward_2_when_2_group_param_known": 3.2513158321380615, "reward_0_when_3_group_param_known": 3.9158573150634766, "reward_1_when_3_group_param_known": 3.681488275527954, "reward_2_when_3_group_param_known": 3.453465223312378, "reward_error_0_when_1_group_param_known": 0.0, "reward_error_1_when_1_group_param_known": 0.10270745906436166, "reward_error_2_when_1_group_param_known": 0.010870988740468253, "reward_error_0_when_2_group_param_known": 0.10270745906436166, "reward_error_1_when_2_group_param_known": 0.0, "reward_error_2_when_2_group_param_known": 0.058535232904539165, "reward_error_0_when_3_group_param_known": 0.010531290058633277, "reward_error_1_when_3_group_param_known": 0.06975225051276858, "reward_error_2_when_3_group_param_known": 0.0, "_wandb": {"runtime": 14}}