{"Iteration": 199, "train_loss": 14.831442422002432, "val_loss": 15.355146859157099, "grad_norm": 0.22129843936677962, "max_reward_err": 0.0854565672681969, "max_reward_err_index": 0, "max_kl_dist": 1.312029610141055, "max_kl_dist_index": 0, "max_train_grp_loss": 19.824813809179908, "max_train_grp_loss_index": 0, "max_val_grp_loss": 20.779745690948698, "max_val_grp_loss_index": 0, "max_cur_train_grp_loss": 19.828088653012703, "max_cur_train_grp_loss_index": 0, "reward_err_1": 0.09051872008525211, "reward_err_2": 0.0022110971044310623, "reward_err_3": 0.052310446570742436, "reward_param_1": 10.856373627241407, "reward_param_2": 4.667736048351025, "reward_param_3": 8.21963215875698, "reward_param_4": 3.807405432121039, "KL_distance_1": 1.312029610141055, "KL_distance_2": 0.6894826784163846, "KL_distance_3": 1.0599722250468708, "hist_group_loss_1": 4110.419741500048, "hist_group_loss_2": 2087.165862714572, "hist_group_loss_3": 3636.679069407045, "cur_group_loss_1": 19.828088653012703, "cur_group_loss_2": 8.572810062973458, "cur_group_loss_3": 16.727090139305552, "train_group_loss_1": 19.824813809179908, "train_group_loss_2": 8.567488018748637, "train_group_loss_3": 16.71913445443635, "val_group_loss_1": 20.779745690948698, "val_group_loss_2": 6.522274594473466, "val_group_loss_3": 18.95765217550065, "_timestamp": 1726697507.627703, "_runtime": 11.53485894203186, "_step": 3, "final/reward_err_1": 0.09051872008525211, "final/reward_err_2": 0.0022110971044310623, "final/reward_err_3": 0.052310446570742436, "final/reward_param_1": 10.856373627241407, "final/reward_param_2": 4.667736048351025, "final/reward_param_3": 8.21963215875698, "final/reward_param_4": 3.807405432121039, "optimal_reward_1": 3.8633759021759033, "optimal_reward_2": 3.8633759021759033, "optimal_reward_3": 3.3000659942626953, "final/reward_1": 3.82757568359375, "final/reward_2": 3.600954294204712, "final/reward_3": 3.3000659942626953, "reward_0_when_1_group_param_known": 3.8633759021759033, "reward_1_when_1_group_param_known": 3.482351064682007, "reward_2_when_1_group_param_known": 3.2718944549560547, "reward_0_when_2_group_param_known": 3.482351064682007, "reward_1_when_2_group_param_known": 3.8633759021759033, "reward_2_when_2_group_param_known": 3.1088309288024902, "reward_0_when_3_group_param_known": 3.82757568359375, "reward_1_when_3_group_param_known": 3.600954294204712, "reward_2_when_3_group_param_known": 3.3000659942626953, "reward_error_0_when_1_group_param_known": 0.0, "reward_error_1_when_1_group_param_known": 0.09862484188486509, "reward_error_2_when_1_group_param_known": 0.008536659374575551, "reward_error_0_when_2_group_param_known": 0.09862484188486509, "reward_error_1_when_2_group_param_known": 0.0, "reward_error_2_when_2_group_param_known": 0.05794886095995515, "reward_error_0_when_3_group_param_known": 0.009266563619136872, "reward_error_1_when_3_group_param_known": 0.06792546586610745, "reward_error_2_when_3_group_param_known": 0.0, "_wandb": {"runtime": 11}}