{"Iteration": 99, "train_loss": 16.080686555319293, "val_loss": 17.58400392795012, "grad_norm": 0.011024375018263545, "live_grad": 2.7274453864805693e-14, "train_weighted_loss": 48.24205966595789, "val_weighted_loss": 52.752011783850364, "max_reward_err": 0.08326776117313035, "max_reward_err_index": 0, "max_kl_dist": 1.6170053929296886, "max_kl_dist_index": 0, "max_train_grp_loss": 17.591623114530172, "max_train_grp_loss_index": 0, "max_val_grp_loss": 18.853268525249604, "max_val_grp_loss_index": 0, "max_cur_train_grp_loss": 0.3667236874091887, "max_cur_train_grp_loss_index": 2, "reward_err_1": 0.08326776117313035, "reward_err_2": 0.006995736564837574, "reward_err_3": 0.05091707435303739, "KL_distance_1": 1.6170053929296886, "KL_distance_2": 0.8946456218091653, "KL_distance_3": 1.3613812822425175, "reward_param_1": 13.02933067263396, "reward_param_2": 5.900834689986697, "reward_param_3": 7.799191005838258, "reward_param_4": 4.844630484349462, "group_weight_1": 0.3104103508737484, "group_weight_2": 0.3003293750943415, "group_weight_3": 0.3892602740319101, "hist_group_loss_1": 14.264827615123101, "hist_group_loss_2": 10.963293087836545, "hist_group_loss_3": 36.9001346306949, "cur_group_loss_1": 0.14187890549397117, "cur_group_loss_2": 0.11012301170516245, "cur_group_loss_3": 0.3667236874091887, "train_group_loss_1": 17.591623114530172, "train_group_loss_2": 14.207923143556037, "train_group_loss_3": 17.234523720751447, "val_group_loss_1": 18.853268525249604, "val_group_loss_2": 16.29712181832867, "val_group_loss_3": 17.65676909733693, "_timestamp": 1726684735.26389, "_runtime": 10.026647090911865, "_step": 2, "final/reward_err_1": 0.08326776117313035, "final/reward_err_2": 0.006995736564837574, "final/reward_err_3": 0.05091707435303739, "final/reward_param_1": 13.02933067263396, "final/reward_param_2": 5.900834689986697, "final/reward_param_3": 7.799191005838258, "final/reward_param_4": 4.844630484349462, "optimal_reward_1": 3.878673791885376, "optimal_reward_2": 3.878673791885376, "optimal_reward_3": 3.3327279090881348, "final/reward_1": 3.8372855186462402, "final/reward_2": 3.6475391387939453, "final/reward_3": 3.3327279090881348, "reward_0_when_1_group_param_known": 3.878673791885376, "reward_1_when_1_group_param_known": 3.5492217540740967, "reward_2_when_1_group_param_known": 3.282655954360962, "reward_0_when_2_group_param_known": 3.5492217540740967, "reward_1_when_2_group_param_known": 3.878673791885376, "reward_2_when_2_group_param_known": 3.170855760574341, "reward_0_when_3_group_param_known": 3.8372855186462402, "reward_1_when_3_group_param_known": 3.6475391387939453, "reward_2_when_3_group_param_known": 3.3327279090881348, "reward_error_0_when_1_group_param_known": 0.0, "reward_error_1_when_1_group_param_known": 0.08493935182188567, "reward_error_2_when_1_group_param_known": 0.015024315243566644, "reward_error_0_when_2_group_param_known": 0.08493935182188567, "reward_error_1_when_2_group_param_known": 0.0, "reward_error_2_when_2_group_param_known": 0.04857046627550332, "reward_error_0_when_3_group_param_known": 0.01067072805290424, "reward_error_1_when_3_group_param_known": 0.05959115550655239, "reward_error_2_when_3_group_param_known": 0.0, "_wandb": {"runtime": 9}}