{"Iteration": 99, "train_loss": 17.217021473646213, "val_loss": 17.056437137034987, "grad_norm": 0.009305767181335276, "live_grad": 1.87245987913084e-14, "train_weighted_loss": 51.65106442093864, "val_weighted_loss": 51.16931141110497, "max_reward_err": 0.0830492724758321, "max_reward_err_index": 0, "max_kl_dist": 1.3577421118491275, "max_kl_dist_index": 0, "max_train_grp_loss": 19.401540665069593, "max_train_grp_loss_index": 0, "max_val_grp_loss": 18.927977609380523, "max_val_grp_loss_index": 0, "max_cur_train_grp_loss": 0.3786535505420676, "max_cur_train_grp_loss_index": 2, "reward_err_1": 0.0830492724758321, "reward_err_2": 0.003980887354182966, "reward_err_3": 0.04518940181146126, "KL_distance_1": 1.3577421118491275, "KL_distance_2": 0.7502171032625203, "KL_distance_3": 1.0846821203900063, "reward_param_1": 9.8895012703657, "reward_param_2": 4.995393650631656, "reward_param_3": 9.790171342394803, "reward_param_4": 4.92616152947669, "group_weight_1": 0.30726617353865604, "group_weight_2": 0.30213371619226925, "group_weight_3": 0.39060011026907476, "hist_group_loss_1": 14.116605912837462, "hist_group_loss_2": 12.432136062773312, "hist_group_loss_3": 38.113597314692946, "cur_group_loss_1": 0.1405985664821591, "cur_group_loss_2": 0.12484518827316769, "cur_group_loss_3": 0.3786535505420676, "train_group_loss_1": 19.401540665069593, "train_group_loss_2": 14.359323257232933, "train_group_loss_3": 17.795141611329196, "val_group_loss_1": 18.927977609380523, "val_group_loss_2": 14.666260389651978, "val_group_loss_3": 17.36338852916278, "_timestamp": 1726683467.0310988, "_runtime": 10.920976877212524, "_step": 2, "final/reward_err_1": 0.0830492724758321, "final/reward_err_2": 0.003980887354182966, "final/reward_err_3": 0.04518940181146126, "final/reward_param_1": 9.8895012703657, "final/reward_param_2": 4.995393650631656, "final/reward_param_3": 9.790171342394803, "final/reward_param_4": 4.92616152947669, "optimal_reward_1": 3.8699047565460205, "optimal_reward_2": 3.8699047565460205, "optimal_reward_3": 3.375126361846924, "final/reward_1": 3.831815481185913, "final/reward_2": 3.603090763092041, "final/reward_3": 3.375126361846924, "reward_0_when_1_group_param_known": 3.8699047565460205, "reward_1_when_1_group_param_known": 3.4682676792144775, "reward_2_when_1_group_param_known": 3.3350672721862793, "reward_0_when_2_group_param_known": 3.4682676792144775, "reward_1_when_2_group_param_known": 3.8699047565460205, "reward_2_when_2_group_param_known": 3.164400100708008, "reward_0_when_3_group_param_known": 3.831815481185913, "reward_1_when_3_group_param_known": 3.603090763092041, "reward_2_when_3_group_param_known": 3.375126361846924, "reward_error_0_when_1_group_param_known": 0.0, "reward_error_1_when_1_group_param_known": 0.10378474474137016, "reward_error_2_when_1_group_param_known": 0.011868915520758028, "reward_error_0_when_2_group_param_known": 0.10378474474137016, "reward_error_1_when_2_group_param_known": 0.0, "reward_error_2_when_2_group_param_known": 0.06243507310452317, "reward_error_0_when_3_group_param_known": 0.009842432244793276, "reward_error_1_when_3_group_param_known": 0.06894588116223231, "reward_error_2_when_3_group_param_known": 0.0, "_wandb": {"runtime": 9}}