{"Iteration": 99, "train_loss": 21.227562457724282, "val_loss": 19.962408890950517, "grad_norm": 0.0017707373353697434, "live_grad": 5.3209689837893134e-15, "train_weighted_loss": 63.68268737317285, "val_weighted_loss": 59.887226672851554, "max_reward_err": 0.09472672147254083, "max_reward_err_index": 0, "max_kl_dist": 1.1809286813553599, "max_kl_dist_index": 0, "max_train_grp_loss": 24.03247856004132, "max_train_grp_loss_index": 0, "max_val_grp_loss": 23.71603855803116, "max_val_grp_loss_index": 0, "max_cur_train_grp_loss": 0.2390966436948183, "max_cur_train_grp_loss_index": 2, "reward_err_1": 0.09472672147254083, "reward_err_2": 0.0016796382894227037, "reward_err_3": 0.057987328211385865, "KL_distance_1": 1.1809286813553599, "KL_distance_2": 0.4664572301000831, "KL_distance_3": 0.9487081986657376, "reward_param_1": 10.681414991791582, "reward_param_2": 3.3093003314135188, "reward_param_3": 5.6555390799371485, "reward_param_4": 3.336545366232578, "group_weight_1": 0.3305241617285183, "group_weight_2": 0.32634576062045617, "group_weight_3": 0.3431300776510255, "hist_group_loss_1": 20.19012745759561, "hist_group_loss_2": 18.91789460765363, "hist_group_loss_3": 23.933112177344608, "cur_group_loss_1": 0.20195309360475136, "cur_group_loss_2": 0.18869758584296767, "cur_group_loss_3": 0.2390966436948183, "train_group_loss_1": 24.03247856004132, "train_group_loss_2": 16.983002811201107, "train_group_loss_3": 21.757511380926033, "val_group_loss_1": 23.71603855803116, "val_group_loss_2": 14.089200167243632, "val_group_loss_3": 22.048408254665798, "_timestamp": 1726610402.602119, "_runtime": 9.333950996398926, "_step": 2, "final/reward_err_1": 0.09472672147254083, "final/reward_err_2": 0.0016796382894227037, "final/reward_err_3": 0.057987328211385865, "final/reward_param_1": 10.681414991791582, "final/reward_param_2": 3.3093003314135188, "final/reward_param_3": 5.6555390799371485, "final/reward_param_4": 3.336545366232578, "optimal_reward_1": 3.841636896133423, "optimal_reward_2": 3.841636896133423, "optimal_reward_3": 3.281508684158325, "final/reward_1": 3.805366277694702, "final/reward_2": 3.5709657669067383, "final/reward_3": 3.281508684158325, "reward_0_when_1_group_param_known": 3.841636896133423, "reward_1_when_1_group_param_known": 3.4451205730438232, "reward_2_when_1_group_param_known": 3.251262903213501, "reward_0_when_2_group_param_known": 3.4451205730438232, "reward_1_when_2_group_param_known": 3.841636896133423, "reward_2_when_2_group_param_known": 3.080437421798706, "reward_0_when_3_group_param_known": 3.805366277694702, "reward_1_when_3_group_param_known": 3.5709657669067383, "reward_2_when_3_group_param_known": 3.281508684158325, "reward_error_0_when_1_group_param_known": 0.0, "reward_error_1_when_1_group_param_known": 0.10321546096370798, "reward_error_2_when_1_group_param_known": 0.00921703516764636, "reward_error_0_when_2_group_param_known": 0.10321546096370798, "reward_error_1_when_2_group_param_known": 0.0, "reward_error_2_when_2_group_param_known": 0.0612740302441686, "reward_error_0_when_3_group_param_known": 0.009441448897793229, "reward_error_1_when_3_group_param_known": 0.0704572390740814, "reward_error_2_when_3_group_param_known": 0.0, "_wandb": {"runtime": 9}}