{"Iteration": 99, "train_loss": 18.452270905287907, "val_loss": 18.921989020659158, "grad_norm": 0.3147084207629617, "max_reward_err": 0.08601643347514244, "max_reward_err_index": 1, "max_kl_dist": 0.44279920966320857, "max_kl_dist_index": 0, "max_train_grp_loss": 20.76804923091357, "max_train_grp_loss_index": 0, "max_val_grp_loss": 20.54621230916932, "max_val_grp_loss_index": 0, "max_cur_train_grp_loss": 20.77769482776965, "max_cur_train_grp_loss_index": 0, "reward_err_1": 0.05800881571470259, "reward_err_2": 0.04174108829537252, "reward_err_3": 0.023052456807166933, "reward_param_1": 5.49228596450353, "reward_param_2": 5.532549601632661, "reward_param_3": 5.170123587121748, "reward_param_4": 2.7458591633381286, "KL_distance_1": 0.44279920966320857, "KL_distance_2": 0.34069497298694273, "KL_distance_3": 0.32985461549001277, "hist_group_loss_1": 2150.655366388303, "hist_group_loss_2": 1593.319615767408, "hist_group_loss_3": 2112.4925123267203, "cur_group_loss_1": 20.77769482776965, "cur_group_loss_2": 14.922507589760684, "cur_group_loss_3": 20.32408516912754, "train_group_loss_1": 20.76804923091357, "train_group_loss_2": 14.912919915085107, "train_group_loss_3": 20.312865691181106, "val_group_loss_1": 20.54621230916932, "val_group_loss_2": 16.549035343768054, "val_group_loss_3": 19.381725622565295, "_timestamp": 1726684233.0602329, "_runtime": 8.422478914260864, "_step": 2, "final/reward_err_1": 0.05800881571470259, "final/reward_err_2": 0.04174108829537252, "final/reward_err_3": 0.023052456807166933, "final/reward_param_1": 5.49228596450353, "final/reward_param_2": 5.532549601632661, "final/reward_param_3": 5.170123587121748, "final/reward_param_4": 2.7458591633381286, "optimal_reward_1": 3.880918025970459, "optimal_reward_2": 3.880918025970459, "optimal_reward_3": 3.319674015045166, "final/reward_1": 3.8381175994873047, "final/reward_2": 3.608170986175537, "final/reward_3": 3.319674015045166, "reward_0_when_1_group_param_known": 3.880918025970459, "reward_1_when_1_group_param_known": 3.483751058578491, "reward_2_when_1_group_param_known": 3.287625551223755, "reward_0_when_2_group_param_known": 3.483751058578491, "reward_1_when_2_group_param_known": 3.880918025970459, "reward_2_when_2_group_param_known": 3.126237392425537, "reward_0_when_3_group_param_known": 3.8381175994873047, "reward_1_when_3_group_param_known": 3.608170986175537, "reward_2_when_3_group_param_known": 3.319674015045166, "reward_error_0_when_1_group_param_known": 0.0, "reward_error_1_when_1_group_param_known": 0.10233840672083058, "reward_error_2_when_1_group_param_known": 0.009654099672486998, "reward_error_0_when_2_group_param_known": 0.10233840672083058, "reward_error_1_when_2_group_param_known": 0.0, "reward_error_2_when_2_group_param_known": 0.05826976436329309, "reward_error_0_when_3_group_param_known": 0.011028428376157638, "reward_error_1_when_3_group_param_known": 0.07027900047611002, "reward_error_2_when_3_group_param_known": 0.0, "_wandb": {"runtime": 8}}