{"Iteration": 99, "train_loss": 16.399035699126163, "val_loss": 15.224328432962867, "grad_norm": 0.014071512921654534, "live_grad": 1.9636829459801953e-14, "train_weighted_loss": 49.19710709737849, "val_weighted_loss": 45.672985298888605, "max_reward_err": 0.10330056607829792, "max_reward_err_index": 0, "max_kl_dist": 1.7157249132112713, "max_kl_dist_index": 0, "max_train_grp_loss": 20.158572538557276, "max_train_grp_loss_index": 0, "max_val_grp_loss": 20.887489811432815, "max_val_grp_loss_index": 0, "max_cur_train_grp_loss": 0.33946764335936563, "max_cur_train_grp_loss_index": 2, "reward_err_1": 0.10330056607829792, "reward_err_2": 0.0005304378635180722, "reward_err_3": 0.06603457007412003, "KL_distance_1": 1.7157249132112713, "KL_distance_2": 0.8402697615764173, "KL_distance_3": 1.4199763411993407, "reward_param_1": 13.479933809046758, "reward_param_2": 3.437703595383389, "reward_param_3": 7.865076635722781, "reward_param_4": 4.829791050254649, "group_weight_1": 0.3173208498765913, "group_weight_2": 0.29989746420571756, "group_weight_3": 0.3827816859176912, "hist_group_loss_1": 15.565591915391705, "hist_group_loss_2": 9.91831426817519, "hist_group_loss_3": 34.32073284326718, "cur_group_loss_1": 0.15507519591058036, "cur_group_loss_2": 0.09998800062834631, "cur_group_loss_3": 0.33946764335936563, "train_group_loss_1": 20.158572538557276, "train_group_loss_2": 11.901733388268646, "train_group_loss_3": 17.309607971008518, "val_group_loss_1": 20.887489811432815, "val_group_loss_2": 6.075527900194245, "val_group_loss_3": 18.91524217840469, "_timestamp": 1726690606.581783, "_runtime": 9.833470106124878, "_step": 2, "final/reward_err_1": 0.10330056607829792, "final/reward_err_2": 0.0005304378635180722, "final/reward_err_3": 0.06603457007412003, "final/reward_param_1": 13.479933809046758, "final/reward_param_2": 3.437703595383389, "final/reward_param_3": 7.865076635722781, "final/reward_param_4": 4.829791050254649, "optimal_reward_1": 3.8605411052703857, "optimal_reward_2": 3.8605411052703857, "optimal_reward_3": 3.298776388168335, "final/reward_1": 3.825101613998413, "final/reward_2": 3.5993566513061523, "final/reward_3": 3.298776388168335, "reward_0_when_1_group_param_known": 3.8605411052703857, "reward_1_when_1_group_param_known": 3.4837193489074707, "reward_2_when_1_group_param_known": 3.270322322845459, "reward_0_when_2_group_param_known": 3.4837193489074707, "reward_1_when_2_group_param_known": 3.8605411052703857, "reward_2_when_2_group_param_known": 3.110097646713257, "reward_0_when_3_group_param_known": 3.825101613998413, "reward_1_when_3_group_param_known": 3.5993566513061523, "reward_2_when_3_group_param_known": 3.298776388168335, "reward_error_0_when_1_group_param_known": 0.0, "reward_error_1_when_1_group_param_known": 0.09760853364531734, "reward_error_2_when_1_group_param_known": 0.008625642351791921, "reward_error_0_when_2_group_param_known": 0.09760853364531734, "reward_error_1_when_2_group_param_known": 0.0, "reward_error_2_when_2_group_param_known": 0.05719658420370927, "reward_error_0_when_3_group_param_known": 0.009179928488156982, "reward_error_1_when_3_group_param_known": 0.06765488226706512, "reward_error_2_when_3_group_param_known": 0.0, "_wandb": {"runtime": 9}}