{"Iteration": 199, "train_loss": 18.27202100539434, "val_loss": 16.584915628894453, "grad_norm": 0.21051890233544213, "max_reward_err": 0.04073613476993176, "max_reward_err_index": 1, "max_kl_dist": 0.5908257981615275, "max_kl_dist_index": 0, "max_train_grp_loss": 20.57238478805349, "max_train_grp_loss_index": 0, "max_val_grp_loss": 20.47494283396959, "max_val_grp_loss_index": 0, "max_cur_train_grp_loss": 20.573421493205846, "max_cur_train_grp_loss_index": 0, "reward_err_1": 0.06184035636766103, "reward_err_2": 0.019939535223970482, "reward_err_3": 0.026229121538628435, "reward_param_1": 6.580453334824593, "reward_param_2": 4.298079548699518, "reward_param_3": 5.689583721839226, "reward_param_4": 4.596184872924267, "KL_distance_1": 0.5908257981615275, "KL_distance_2": 0.3598280996120286, "KL_distance_3": 0.45180775459450706, "hist_group_loss_1": 4194.889659467804, "hist_group_loss_2": 3651.559332600446, "hist_group_loss_3": 3881.3253790597055, "cur_group_loss_1": 20.573421493205846, "cur_group_loss_2": 16.269492726969347, "cur_group_loss_3": 18.147655776717848, "train_group_loss_1": 20.57238478805349, "train_group_loss_2": 16.262716820240634, "train_group_loss_3": 18.141052514702675, "val_group_loss_1": 20.47494283396959, "val_group_loss_2": 9.814612473265113, "val_group_loss_3": 19.337836340431828, "_timestamp": 1726692276.334851, "_runtime": 11.722717046737671, "_step": 3, "final/reward_err_1": 0.06184035636766103, "final/reward_err_2": 0.019939535223970482, "final/reward_err_3": 0.026229121538628435, "final/reward_param_1": 6.580453334824593, "final/reward_param_2": 4.298079548699518, "final/reward_param_3": 5.689583721839226, "final/reward_param_4": 4.596184872924267, "optimal_reward_1": 3.924014091491699, "optimal_reward_2": 3.924014091491699, "optimal_reward_3": 3.40653657913208, "final/reward_1": 3.8835723400115967, "final/reward_2": 3.6450908184051514, "final/reward_3": 3.40653657913208, "reward_0_when_1_group_param_known": 3.924014091491699, "reward_1_when_1_group_param_known": 3.5108532905578613, "reward_2_when_1_group_param_known": 3.372161388397217, "reward_0_when_2_group_param_known": 3.5108532905578613, "reward_1_when_2_group_param_known": 3.924014091491699, "reward_2_when_2_group_param_known": 3.199089765548706, "reward_0_when_3_group_param_known": 3.8835723400115967, "reward_1_when_3_group_param_known": 3.6450908184051514, "reward_2_when_3_group_param_known": 3.40653657913208, "reward_error_0_when_1_group_param_known": 0.0, "reward_error_1_when_1_group_param_known": 0.10529034588068371, "reward_error_2_when_1_group_param_known": 0.010090950129653801, "reward_error_0_when_2_group_param_known": 0.10529034588068371, "reward_error_1_when_2_group_param_known": 0.0, "reward_error_2_when_2_group_param_known": 0.060896693390630634, "reward_error_0_when_3_group_param_known": 0.010306219737536355, "reward_error_1_when_3_group_param_known": 0.0710811089316237, "reward_error_2_when_3_group_param_known": 0.0, "_wandb": {"runtime": 11}}