{"Iteration": 99, "train_loss": 15.090923793878835, "val_loss": 17.36983787438681, "grad_norm": 0.012266390464012051, "live_grad": 1.868146126111213e-14, "train_weighted_loss": 45.2727713816365, "val_weighted_loss": 52.10951362316043, "max_reward_err": 0.095101403715968, "max_reward_err_index": 0, "max_kl_dist": 1.9080976074072817, "max_kl_dist_index": 0, "max_train_grp_loss": 20.543179448670667, "max_train_grp_loss_index": 0, "max_val_grp_loss": 20.33681462792999, "max_val_grp_loss_index": 0, "max_cur_train_grp_loss": 0.21856217766608177, "max_cur_train_grp_loss_index": 0, "reward_err_1": 0.095101403715968, "reward_err_2": 0.0020922422805781586, "reward_err_3": 0.05431894921347472, "KL_distance_1": 1.9080976074072817, "KL_distance_2": 1.030095233520981, "KL_distance_3": 1.5725039527261664, "reward_param_1": 9.908178951774653, "reward_param_2": 4.57386223328999, "reward_param_3": 13.474163348991468, "reward_param_4": 5.46655975154571, "group_weight_1": 0.3529444699767544, "group_weight_2": 0.3028413952724066, "group_weight_3": 0.34421413475083906, "hist_group_loss_1": 21.956512278166482, "hist_group_loss_2": 6.646360758723593, "hist_group_loss_3": 19.45183355213713, "cur_group_loss_1": 0.21856217766608177, "cur_group_loss_2": 0.06711885500546197, "cur_group_loss_3": 0.19356353559509454, "train_group_loss_1": 20.543179448670667, "train_group_loss_2": 7.385968874501299, "train_group_loss_3": 18.580850977015253, "val_group_loss_1": 20.33681462792999, "val_group_loss_2": 11.569709794707824, "val_group_loss_3": 19.549741571518624, "_timestamp": 1726607161.529879, "_runtime": 9.619048118591309, "_step": 2, "final/reward_err_1": 0.095101403715968, "final/reward_err_2": 0.0020922422805781586, "final/reward_err_3": 0.05431894921347472, "final/reward_param_1": 9.908178951774653, "final/reward_param_2": 4.57386223328999, "final/reward_param_3": 13.474163348991468, "final/reward_param_4": 5.46655975154571, "optimal_reward_1": 3.848555564880371, "optimal_reward_2": 3.848555564880371, "optimal_reward_3": 3.3066821098327637, "final/reward_1": 3.812652349472046, "final/reward_2": 3.571387767791748, "final/reward_3": 3.3066821098327637, "reward_0_when_1_group_param_known": 3.848555564880371, "reward_1_when_1_group_param_known": 3.458169937133789, "reward_2_when_1_group_param_known": 3.2784266471862793, "reward_0_when_2_group_param_known": 3.458169937133789, "reward_1_when_2_group_param_known": 3.848555564880371, "reward_2_when_2_group_param_known": 3.1137285232543945, "reward_0_when_3_group_param_known": 3.812652349472046, "reward_1_when_3_group_param_known": 3.571387767791748, "reward_2_when_3_group_param_known": 3.3066821098327637, "reward_error_0_when_1_group_param_known": 0.0, "reward_error_1_when_1_group_param_known": 0.1014369212462486, "reward_error_2_when_1_group_param_known": 0.008544958876592283, "reward_error_0_when_2_group_param_known": 0.1014369212462486, "reward_error_1_when_2_group_param_known": 0.0, "reward_error_2_when_2_group_param_known": 0.05835262664185394, "reward_error_0_when_3_group_param_known": 0.009329010534746227, "reward_error_1_when_3_group_param_known": 0.07201865541916336, "reward_error_2_when_3_group_param_known": 0.0, "_wandb": {"runtime": 9}}