{"Iteration": 99, "train_loss": 16.47107116942692, "val_loss": 16.77468274274711, "grad_norm": 0.4844378879151984, "max_reward_err": 0.0851675639890271, "max_reward_err_index": 1, "max_kl_dist": 0.613815631784429, "max_kl_dist_index": 0, "max_train_grp_loss": 21.590714710713456, "max_train_grp_loss_index": 0, "max_val_grp_loss": 20.670404391297023, "max_val_grp_loss_index": 0, "max_cur_train_grp_loss": 21.59520382220763, "max_cur_train_grp_loss_index": 0, "reward_err_1": 0.076316433041719, "reward_err_2": 0.011091966587247771, "reward_err_3": 0.037683459829567514, "reward_param_1": 6.550052665980919, "reward_param_2": 3.358423285747977, "reward_param_3": 5.811702248734242, "reward_param_4": 4.208080763086411, "KL_distance_1": 0.613815631784429, "KL_distance_2": 0.29970645156495357, "KL_distance_3": 0.45838539873854206, "hist_group_loss_1": 2198.258572074866, "hist_group_loss_2": 1381.7946109492918, "hist_group_loss_3": 2115.896239666269, "cur_group_loss_1": 21.59520382220763, "cur_group_loss_2": 10.219952464382697, "cur_group_loss_3": 20.340612060104707, "train_group_loss_1": 21.590714710713456, "train_group_loss_2": 10.17401272535043, "train_group_loss_3": 20.3292072890362, "val_group_loss_1": 20.670404391297023, "val_group_loss_2": 9.544770375027245, "val_group_loss_3": 19.607078019027533, "_timestamp": 1726689172.960686, "_runtime": 8.59600305557251, "_step": 2, "final/reward_err_1": 0.076316433041719, "final/reward_err_2": 0.011091966587247771, "final/reward_err_3": 0.037683459829567514, "final/reward_param_1": 6.550052665980919, "final/reward_param_2": 3.358423285747977, "final/reward_param_3": 5.811702248734242, "final/reward_param_4": 4.208080763086411, "optimal_reward_1": 3.860621452331543, "optimal_reward_2": 3.860621452331543, "optimal_reward_3": 3.3138341903686523, "final/reward_1": 3.8245344161987305, "final/reward_2": 3.578054666519165, "final/reward_3": 3.3138341903686523, "reward_0_when_1_group_param_known": 3.860621452331543, "reward_1_when_1_group_param_known": 3.4612629413604736, "reward_2_when_1_group_param_known": 3.285645008087158, "reward_0_when_2_group_param_known": 3.4612629413604736, "reward_1_when_2_group_param_known": 3.860621452331543, "reward_2_when_2_group_param_known": 3.115248203277588, "reward_0_when_3_group_param_known": 3.8245344161987305, "reward_1_when_3_group_param_known": 3.578054666519165, "reward_2_when_3_group_param_known": 3.3138341903686523, "reward_error_0_when_1_group_param_known": 0.0, "reward_error_1_when_1_group_param_known": 0.1034440998430149, "reward_error_2_when_1_group_param_known": 0.008506515613672933, "reward_error_0_when_2_group_param_known": 0.1034440998430149, "reward_error_1_when_2_group_param_known": 0.0, "reward_error_2_when_2_group_param_known": 0.0599263498663379, "reward_error_0_when_3_group_param_known": 0.009347468167597338, "reward_error_1_when_3_group_param_known": 0.07319204674722188, "reward_error_2_when_3_group_param_known": 0.0, "_wandb": {"runtime": 8}}