{"Iteration": 99, "train_loss": 17.26184203295915, "val_loss": 16.517472028052637, "grad_norm": 0.3545781939790116, "max_reward_err": 0.07944152915536454, "max_reward_err_index": 0, "max_kl_dist": 0.7719863326970244, "max_kl_dist_index": 0, "max_train_grp_loss": 20.32786527863822, "max_train_grp_loss_index": 0, "max_val_grp_loss": 20.74950252094734, "max_val_grp_loss_index": 0, "max_cur_train_grp_loss": 20.336403927442987, "max_cur_train_grp_loss_index": 0, "reward_err_1": 0.08907725255132695, "reward_err_2": 0.005210983499863673, "reward_err_3": 0.05227454465219984, "reward_param_1": 5.398062767572631, "reward_param_2": 3.162915596449675, "reward_param_3": 8.018509890375467, "reward_param_4": 3.640889399834602, "KL_distance_1": 0.7719863326970244, "KL_distance_2": 0.3192613272459481, "KL_distance_3": 0.5893288963713523, "hist_group_loss_1": 2098.026436148129, "hist_group_loss_2": 1505.4873512595823, "hist_group_loss_3": 2019.8108501069403, "cur_group_loss_1": 20.336403927442987, "cur_group_loss_2": 13.590888267977155, "cur_group_loss_3": 19.32728585621219, "train_group_loss_1": 20.32786527863822, "train_group_loss_2": 13.574505354097585, "train_group_loss_3": 19.314874790346998, "val_group_loss_1": 20.74950252094734, "val_group_loss_2": 10.908855650140332, "val_group_loss_3": 19.65248725786625, "_timestamp": 1726687964.577253, "_runtime": 8.573940992355347, "_step": 2, "final/reward_err_1": 0.08907725255132695, "final/reward_err_2": 0.005210983499863673, "final/reward_err_3": 0.05227454465219984, "final/reward_param_1": 5.398062767572631, "final/reward_param_2": 3.162915596449675, "final/reward_param_3": 8.018509890375467, "final/reward_param_4": 3.640889399834602, "optimal_reward_1": 3.9087319374084473, "optimal_reward_2": 3.9087319374084473, "optimal_reward_3": 3.349172830581665, "final/reward_1": 3.8769032955169678, "final/reward_2": 3.647622585296631, "final/reward_3": 3.349172830581665, "reward_0_when_1_group_param_known": 3.9087319374084473, "reward_1_when_1_group_param_known": 3.5180253982543945, "reward_2_when_1_group_param_known": 3.3134634494781494, "reward_0_when_2_group_param_known": 3.5180253982543945, "reward_1_when_2_group_param_known": 3.9087319374084473, "reward_2_when_2_group_param_known": 3.150838613510132, "reward_0_when_3_group_param_known": 3.8769032955169678, "reward_1_when_3_group_param_known": 3.647622585296631, "reward_2_when_3_group_param_known": 3.349172830581665, "reward_error_0_when_1_group_param_known": 0.0, "reward_error_1_when_1_group_param_known": 0.09995736351597892, "reward_error_2_when_1_group_param_known": 0.010662149405205172, "reward_error_0_when_2_group_param_known": 0.09995736351597892, "reward_error_1_when_2_group_param_known": 0.0, "reward_error_2_when_2_group_param_known": 0.05921886600193387, "reward_error_0_when_3_group_param_known": 0.008142958484019858, "reward_error_1_when_3_group_param_known": 0.0668015500405321, "reward_error_2_when_3_group_param_known": 0.0, "_wandb": {"runtime": 8}}