{"Iteration": 99, "train_loss": 20.030594250247088, "val_loss": 20.502123050702235, "grad_norm": 0.3847242296027063, "max_reward_err": 0.054597652408779035, "max_reward_err_index": 0, "max_kl_dist": 0.40085264938686316, "max_kl_dist_index": 0, "max_train_grp_loss": 23.54894093970495, "max_train_grp_loss_index": 0, "max_val_grp_loss": 23.374738539031767, "max_val_grp_loss_index": 2, "max_cur_train_grp_loss": 23.551064767305622, "max_cur_train_grp_loss_index": 0, "reward_err_1": 0.06584996375268992, "reward_err_2": 0.016915880828617367, "reward_err_3": 0.0341325515204996, "reward_param_1": 4.130689948569445, "reward_param_2": 2.088581828813652, "reward_param_3": 5.71172423224478, "reward_param_4": 3.736685916222113, "KL_distance_1": 0.40085264938686316, "KL_distance_2": 0.16650451394938715, "KL_distance_3": 0.28053987806172587, "hist_group_loss_1": 2374.3454070258445, "hist_group_loss_2": 1668.3987708195789, "hist_group_loss_3": 2306.8490356264224, "cur_group_loss_1": 23.551064767305622, "cur_group_loss_2": 14.168902721616423, "cur_group_loss_3": 22.530335748956276, "train_group_loss_1": 23.54894093970495, "train_group_loss_2": 14.13506242731142, "train_group_loss_3": 22.522448027100918, "val_group_loss_1": 22.999073716712832, "val_group_loss_2": 14.937547063338883, "val_group_loss_3": 23.374738539031767, "_timestamp": 1726609677.297924, "_runtime": 7.825587034225464, "_step": 2, "final/reward_err_1": 0.06584996375268992, "final/reward_err_2": 0.016915880828617367, "final/reward_err_3": 0.0341325515204996, "final/reward_param_1": 4.130689948569445, "final/reward_param_2": 2.088581828813652, "final/reward_param_3": 5.71172423224478, "final/reward_param_4": 3.736685916222113, "optimal_reward_1": 3.8935821056365967, "optimal_reward_2": 3.8935821056365967, "optimal_reward_3": 3.3445956707000732, "final/reward_1": 3.8519034385681152, "final/reward_2": 3.663240909576416, "final/reward_3": 3.3445956707000732, "reward_0_when_1_group_param_known": 3.8935821056365967, "reward_1_when_1_group_param_known": 3.5598950386047363, "reward_2_when_1_group_param_known": 3.297940969467163, "reward_0_when_2_group_param_known": 3.5598950386047363, "reward_1_when_2_group_param_known": 3.8935821056365967, "reward_2_when_2_group_param_known": 3.180600643157959, "reward_0_when_3_group_param_known": 3.8519034385681152, "reward_1_when_3_group_param_known": 3.663240909576416, "reward_2_when_3_group_param_known": 3.3445956707000732, "reward_error_0_when_1_group_param_known": 0.0, "reward_error_1_when_1_group_param_known": 0.08570181852561777, "reward_error_2_when_1_group_param_known": 0.01394927992092528, "reward_error_0_when_2_group_param_known": 0.08570181852561777, "reward_error_1_when_2_group_param_known": 0.0, "reward_error_2_when_2_group_param_known": 0.0490328409436073, "reward_error_0_when_3_group_param_known": 0.010704453107113052, "reward_error_1_when_3_group_param_known": 0.05915919834507256, "reward_error_2_when_3_group_param_known": 0.0, "_wandb": {"runtime": 7}}