{"Iteration": 99, "train_loss": 16.075038036654313, "val_loss": 15.938359415117505, "grad_norm": 0.41229684432821095, "max_reward_err": 0.07963192708028324, "max_reward_err_index": 0, "max_kl_dist": 0.8444004359377913, "max_kl_dist_index": 0, "max_train_grp_loss": 21.35026652602587, "max_train_grp_loss_index": 0, "max_val_grp_loss": 20.637659166523584, "max_val_grp_loss_index": 2, "max_cur_train_grp_loss": 21.35563527359053, "max_cur_train_grp_loss_index": 0, "reward_err_1": 0.0974955377420655, "reward_err_2": 0.009563466422708574, "reward_err_3": 0.05611887478737429, "reward_param_1": 8.29259772179561, "reward_param_2": 4.397553785766065, "reward_param_3": 6.11185306893489, "reward_param_4": 1.7965420866708677, "KL_distance_1": 0.8444004359377913, "KL_distance_2": 0.3829477072160207, "KL_distance_3": 0.648449167309002, "hist_group_loss_1": 2178.182862126889, "hist_group_loss_2": 1173.9093133971644, "hist_group_loss_3": 2088.9496286140443, "cur_group_loss_1": 21.35563527359053, "cur_group_loss_2": 9.283663043805227, "cur_group_loss_3": 19.95365382109861, "train_group_loss_1": 21.35026652602587, "train_group_loss_2": 9.253824335853393, "train_group_loss_3": 19.94000106522771, "val_group_loss_1": 20.43985152130377, "val_group_loss_2": 9.384856627436026, "val_group_loss_3": 20.637659166523584, "_timestamp": 1726687334.709552, "_runtime": 8.304569959640503, "_step": 2, "final/reward_err_1": 0.0974955377420655, "final/reward_err_2": 0.009563466422708574, "final/reward_err_3": 0.05611887478737429, "final/reward_param_1": 8.29259772179561, "final/reward_param_2": 4.397553785766065, "final/reward_param_3": 6.11185306893489, "final/reward_param_4": 1.7965420866708677, "optimal_reward_1": 3.875814437866211, "optimal_reward_2": 3.875814437866211, "optimal_reward_3": 3.298182725906372, "final/reward_1": 3.8413593769073486, "final/reward_2": 3.579524040222168, "final/reward_3": 3.298182725906372, "reward_0_when_1_group_param_known": 3.875814437866211, "reward_1_when_1_group_param_known": 3.457228183746338, "reward_2_when_1_group_param_known": 3.2765753269195557, "reward_0_when_2_group_param_known": 3.457228183746338, "reward_1_when_2_group_param_known": 3.875814437866211, "reward_2_when_2_group_param_known": 3.0885965824127197, "reward_0_when_3_group_param_known": 3.8413593769073486, "reward_1_when_3_group_param_known": 3.579524040222168, "reward_2_when_3_group_param_known": 3.298182725906372, "reward_error_0_when_1_group_param_known": 0.0, "reward_error_1_when_1_group_param_known": 0.10799956004868007, "reward_error_2_when_1_group_param_known": 0.006551304394718909, "reward_error_0_when_2_group_param_known": 0.10799956004868007, "reward_error_1_when_2_group_param_known": 0.0, "reward_error_2_when_2_group_param_known": 0.06354594663522048, "reward_error_0_when_3_group_param_known": 0.008889760206846016, "reward_error_1_when_3_group_param_known": 0.07644597087758477, "reward_error_2_when_3_group_param_known": 0.0, "_wandb": {"runtime": 8}}