{"Iteration": 99, "train_loss": 14.41503580927003, "val_loss": 15.653567407772414, "grad_norm": 0.011681241500854967, "live_grad": 3.508981015208519e-14, "train_weighted_loss": 43.24510742781009, "val_weighted_loss": 46.960702223317234, "max_reward_err": 0.08583500169669908, "max_reward_err_index": 0, "max_kl_dist": 1.8532746691890083, "max_kl_dist_index": 0, "max_train_grp_loss": 19.02497414808901, "max_train_grp_loss_index": 0, "max_val_grp_loss": 19.32240155190141, "max_val_grp_loss_index": 0, "max_cur_train_grp_loss": 0.1902697002076154, "max_cur_train_grp_loss_index": 0, "reward_err_1": 0.08583500169669908, "reward_err_2": 0.002867512254651019, "reward_err_3": 0.04689520397935724, "KL_distance_1": 1.8532746691890083, "KL_distance_2": 1.0921542843643033, "KL_distance_3": 1.540668122867446, "reward_param_1": 13.005142529629971, "reward_param_2": 5.440345138803722, "reward_param_3": 10.705135548081207, "reward_param_4": 5.886207636769845, "group_weight_1": 0.3475672003471941, "group_weight_2": 0.30978581675673983, "group_weight_3": 0.34264698289606604, "hist_group_loss_1": 19.148447754625806, "hist_group_loss_2": 7.6407593943670475, "hist_group_loss_3": 17.722716173005356, "cur_group_loss_1": 0.1902697002076154, "cur_group_loss_2": 0.07732556670487326, "cur_group_loss_3": 0.17575143557736153, "train_group_loss_1": 19.02497414808901, "train_group_loss_2": 8.20057555399571, "train_group_loss_3": 16.518641694133652, "val_group_loss_1": 19.32240155190141, "val_group_loss_2": 11.930635546517967, "val_group_loss_3": 15.890092946888526, "_timestamp": 1726595377.15663, "_runtime": 9.391569137573242, "_step": 2, "final/reward_err_1": 0.08583500169669908, "final/reward_err_2": 0.002867512254651019, "final/reward_err_3": 0.04689520397935724, "final/reward_param_1": 13.005142529629971, "final/reward_param_2": 5.440345138803722, "final/reward_param_3": 10.705135548081207, "final/reward_param_4": 5.886207636769845, "optimal_reward_1": 3.8073642253875732, "optimal_reward_2": 3.8073642253875732, "optimal_reward_3": 3.2471864223480225, "final/reward_1": 3.768303871154785, "final/reward_2": 3.5439467430114746, "final/reward_3": 3.2471864223480225, "reward_0_when_1_group_param_known": 3.8073642253875732, "reward_1_when_1_group_param_known": 3.4191784858703613, "reward_2_when_1_group_param_known": 3.213675022125244, "reward_0_when_2_group_param_known": 3.4191784858703613, "reward_1_when_2_group_param_known": 3.8073642253875732, "reward_2_when_2_group_param_known": 3.0531070232391357, "reward_0_when_3_group_param_known": 3.768303871154785, "reward_1_when_3_group_param_known": 3.5439467430114746, "reward_2_when_3_group_param_known": 3.2471864223480225, "reward_error_0_when_1_group_param_known": 0.0, "reward_error_1_when_1_group_param_known": 0.10195655485986405, "reward_error_2_when_1_group_param_known": 0.010320134376068995, "reward_error_0_when_2_group_param_known": 0.10195655485986405, "reward_error_1_when_2_group_param_known": 0.0, "reward_error_2_when_2_group_param_known": 0.05976848072940296, "reward_error_0_when_3_group_param_known": 0.010259158809218447, "reward_error_1_when_3_group_param_known": 0.06918631020894353, "reward_error_2_when_3_group_param_known": 0.0, "_wandb": {"runtime": 9}}