{"Iteration": 99, "train_loss": 15.820221448301114, "val_loss": 16.47574707592743, "grad_norm": 0.4144035012873806, "max_reward_err": 0.07739218628826919, "max_reward_err_index": 1, "max_kl_dist": 0.7947468074488552, "max_kl_dist_index": 0, "max_train_grp_loss": 19.5551602146524, "max_train_grp_loss_index": 0, "max_val_grp_loss": 19.87838305045433, "max_val_grp_loss_index": 0, "max_cur_train_grp_loss": 19.566397782018917, "max_cur_train_grp_loss_index": 0, "reward_err_1": 0.07822665439505229, "reward_err_2": 0.029489155517398735, "reward_err_3": 0.04514262856147549, "reward_param_1": 4.256569272828459, "reward_param_2": 2.9625262811481465, "reward_param_3": 8.401727334048148, "reward_param_4": 5.645333910123226, "KL_distance_1": 0.7947468074488552, "KL_distance_2": 0.4417436882150349, "KL_distance_3": 0.6347240193440852, "hist_group_loss_1": 2044.5105692293334, "hist_group_loss_2": 1295.4285274968397, "hist_group_loss_3": 1842.7945946724178, "cur_group_loss_1": 19.566397782018917, "cur_group_loss_2": 11.077969158824635, "cur_group_loss_3": 16.85650965326266, "train_group_loss_1": 19.5551602146524, "train_group_loss_2": 11.05744617947578, "train_group_loss_3": 16.833585086174896, "val_group_loss_1": 19.87838305045433, "val_group_loss_2": 11.935164131491941, "val_group_loss_3": 19.48730052949728, "_timestamp": 1726687629.9114869, "_runtime": 8.342514753341675, "_step": 2, "final/reward_err_1": 0.07822665439505229, "final/reward_err_2": 0.029489155517398735, "final/reward_err_3": 0.04514262856147549, "final/reward_param_1": 4.256569272828459, "final/reward_param_2": 2.9625262811481465, "final/reward_param_3": 8.401727334048148, "final/reward_param_4": 5.645333910123226, "optimal_reward_1": 3.805128812789917, "optimal_reward_2": 3.805128812789917, "optimal_reward_3": 3.2906291484832764, "final/reward_1": 3.7626492977142334, "final/reward_2": 3.5557007789611816, "final/reward_3": 3.2906291484832764, "reward_0_when_1_group_param_known": 3.805128812789917, "reward_1_when_1_group_param_known": 3.434398889541626, "reward_2_when_1_group_param_known": 3.249009847640991, "reward_0_when_2_group_param_known": 3.434398889541626, "reward_1_when_2_group_param_known": 3.805128812789917, "reward_2_when_2_group_param_known": 3.1050264835357666, "reward_0_when_3_group_param_known": 3.7626492977142334, "reward_1_when_3_group_param_known": 3.5557007789611816, "reward_2_when_3_group_param_known": 3.2906291484832764, "reward_error_0_when_1_group_param_known": 0.0, "reward_error_1_when_1_group_param_known": 0.09742900739711678, "reward_error_2_when_1_group_param_known": 0.012647824766722318, "reward_error_0_when_2_group_param_known": 0.09742900739711678, "reward_error_1_when_2_group_param_known": 0.0, "reward_error_2_when_2_group_param_known": 0.05640339782228518, "reward_error_0_when_3_group_param_known": 0.011163752179137834, "reward_error_1_when_3_group_param_known": 0.06555048359738837, "reward_error_2_when_3_group_param_known": 0.0, "_wandb": {"runtime": 8}}