{"Iteration": 199, "train_loss": 16.6928837383099, "val_loss": 15.840164065427125, "grad_norm": 0.18327692449459393, "max_reward_err": 0.08793522198197747, "max_reward_err_index": 0, "max_kl_dist": 1.1205785171231821, "max_kl_dist_index": 0, "max_train_grp_loss": 20.530344790316786, "max_train_grp_loss_index": 0, "max_val_grp_loss": 21.060625334814638, "max_val_grp_loss_index": 0, "max_cur_train_grp_loss": 20.53220242391952, "max_cur_train_grp_loss_index": 0, "reward_err_1": 0.09452095173978864, "reward_err_2": 0.0016228718334530096, "reward_err_3": 0.057008741860315695, "reward_param_1": 10.080378618023959, "reward_param_2": 3.383063650756743, "reward_param_3": 6.88724883028833, "reward_param_4": 4.184045692959936, "KL_distance_1": 1.1205785171231821, "KL_distance_2": 0.5243396817194889, "KL_distance_3": 0.8933460645351816, "hist_group_loss_1": 4200.841867053454, "hist_group_loss_2": 2652.118984444319, "hist_group_loss_3": 3827.9499201571784, "cur_group_loss_1": 20.53220242391952, "cur_group_loss_2": 11.926354705200053, "cur_group_loss_3": 18.047986094251932, "train_group_loss_1": 20.530344790316786, "train_group_loss_2": 11.922349171028687, "train_group_loss_3": 18.042367596066143, "val_group_loss_1": 21.060625334814638, "val_group_loss_2": 7.142188640697988, "val_group_loss_3": 19.497790449284995, "_timestamp": 1726697727.954551, "_runtime": 11.482510089874268, "_step": 3, "final/reward_err_1": 0.09452095173978864, "final/reward_err_2": 0.0016228718334530096, "final/reward_err_3": 0.057008741860315695, "final/reward_param_1": 10.080378618023959, "final/reward_param_2": 3.383063650756743, "final/reward_param_3": 6.88724883028833, "final/reward_param_4": 4.184045692959936, "optimal_reward_1": 3.8605411052703857, "optimal_reward_2": 3.8605411052703857, "optimal_reward_3": 3.298776388168335, "final/reward_1": 3.825101613998413, "final/reward_2": 3.5993566513061523, "final/reward_3": 3.298776388168335, "reward_0_when_1_group_param_known": 3.8605411052703857, "reward_1_when_1_group_param_known": 3.4837193489074707, "reward_2_when_1_group_param_known": 3.270322322845459, "reward_0_when_2_group_param_known": 3.4837193489074707, "reward_1_when_2_group_param_known": 3.8605411052703857, "reward_2_when_2_group_param_known": 3.110097646713257, "reward_0_when_3_group_param_known": 3.825101613998413, "reward_1_when_3_group_param_known": 3.5993566513061523, "reward_2_when_3_group_param_known": 3.298776388168335, "reward_error_0_when_1_group_param_known": 0.0, "reward_error_1_when_1_group_param_known": 0.09760853364531734, "reward_error_2_when_1_group_param_known": 0.008625642351791921, "reward_error_0_when_2_group_param_known": 0.09760853364531734, "reward_error_1_when_2_group_param_known": 0.0, "reward_error_2_when_2_group_param_known": 0.05719658420370927, "reward_error_0_when_3_group_param_known": 0.009179928488156982, "reward_error_1_when_3_group_param_known": 0.06765488226706512, "reward_error_2_when_3_group_param_known": 0.0, "_wandb": {"runtime": 23}}