{"Iteration": 99, "train_loss": 15.046386362340648, "val_loss": 16.56375378152571, "grad_norm": 0.35476849266869903, "max_reward_err": 0.06035713180834319, "max_reward_err_index": 0, "max_kl_dist": 0.840548195664986, "max_kl_dist_index": 0, "max_train_grp_loss": 20.13377899495389, "max_train_grp_loss_index": 2, "max_val_grp_loss": 20.56854503252565, "max_val_grp_loss_index": 0, "max_cur_train_grp_loss": 20.14296163560055, "max_cur_train_grp_loss_index": 2, "reward_err_1": 0.07064924333561728, "reward_err_2": 0.012799924597433062, "reward_err_3": 0.037282917976128656, "reward_param_1": 5.972240415052265, "reward_param_2": 5.2473700766101, "reward_param_3": 8.305086443963054, "reward_param_4": 3.893338923760425, "KL_distance_1": 0.840548195664986, "KL_distance_2": 0.4685132324598726, "KL_distance_3": 0.6628726321610892, "hist_group_loss_1": 1992.3250224382032, "hist_group_loss_2": 928.8168004397577, "hist_group_loss_3": 2082.2596873482134, "cur_group_loss_1": 19.11774629660922, "cur_group_loss_2": 7.6783814451530725, "cur_group_loss_3": 20.14296163560055, "train_group_loss_1": 19.107195708622104, "train_group_loss_2": 7.661740640434535, "train_group_loss_3": 20.13377899495389, "val_group_loss_1": 20.56854503252565, "val_group_loss_2": 10.789891578063708, "val_group_loss_3": 18.504809388302032, "_timestamp": 1726682076.7209501, "_runtime": 8.472292184829712, "_step": 2, "final/reward_err_1": 0.07064924333561728, "final/reward_err_2": 0.012799924597433062, "final/reward_err_3": 0.037282917976128656, "final/reward_param_1": 5.972240415052265, "final/reward_param_2": 5.2473700766101, "final/reward_param_3": 8.305086443963054, "final/reward_param_4": 3.893338923760425, "optimal_reward_1": 3.7993900775909424, "optimal_reward_2": 3.7993900775909424, "optimal_reward_3": 3.2844576835632324, "final/reward_1": 3.7590062618255615, "final/reward_2": 3.5602219104766846, "final/reward_3": 3.2844576835632324, "reward_0_when_1_group_param_known": 3.7993900775909424, "reward_1_when_1_group_param_known": 3.436445713043213, "reward_2_when_1_group_param_known": 3.2425923347473145, "reward_0_when_2_group_param_known": 3.436445713043213, "reward_1_when_2_group_param_known": 3.7993900775909424, "reward_2_when_2_group_param_known": 3.1007323265075684, "reward_0_when_3_group_param_known": 3.7590062618255615, "reward_1_when_3_group_param_known": 3.5602219104766846, "reward_2_when_3_group_param_known": 3.2844576835632324, "reward_error_0_when_1_group_param_known": 0.0, "reward_error_1_when_1_group_param_known": 0.09552700752902413, "reward_error_2_when_1_group_param_known": 0.012746502725679575, "reward_error_0_when_2_group_param_known": 0.09552700752902413, "reward_error_1_when_2_group_param_known": 0.0, "reward_error_2_when_2_group_param_known": 0.055937806102694144, "reward_error_0_when_3_group_param_known": 0.010629025959605284, "reward_error_1_when_3_group_param_known": 0.06294909504683073, "reward_error_2_when_3_group_param_known": 0.0, "_wandb": {"runtime": 8}}