{"Iteration": 99, "train_loss": 18.963346767443344, "val_loss": 18.44408712329158, "grad_norm": 0.0016611562793626654, "live_grad": 1.4248210591715745e-14, "train_weighted_loss": 56.89004030233002, "val_weighted_loss": 55.33226136987476, "max_reward_err": 0.08840207721752118, "max_reward_err_index": 0, "max_kl_dist": 1.2097863444745853, "max_kl_dist_index": 0, "max_train_grp_loss": 19.817381524827326, "max_train_grp_loss_index": 0, "max_val_grp_loss": 20.208246328122783, "max_val_grp_loss_index": 0, "max_cur_train_grp_loss": 0.19817674052736348, "max_cur_train_grp_loss_index": 0, "reward_err_1": 0.08840207721752118, "reward_err_2": 0.00897770923528091, "reward_err_3": 0.049496910948683144, "KL_distance_1": 1.2097863444745853, "KL_distance_2": 0.6593315336581481, "KL_distance_3": 0.9618266132559917, "reward_param_1": 8.365694264046917, "reward_param_2": 3.0378912399926854, "reward_param_3": 9.73130200458806, "reward_param_4": 5.731918144054879, "group_weight_1": 0.33616950498171017, "group_weight_2": 0.33002509089161114, "group_weight_3": 0.3338054041266787, "hist_group_loss_1": 19.855073600118228, "hist_group_loss_2": 18.01039087075983, "hist_group_loss_3": 19.14934249436721, "cur_group_loss_1": 0.19817674052736348, "cur_group_loss_2": 0.1799315339151385, "cur_group_loss_3": 0.19096849022616827, "train_group_loss_1": 19.817381524827326, "train_group_loss_2": 18.89334608460993, "train_group_loss_3": 18.14173198806555, "val_group_loss_1": 20.208246328122783, "val_group_loss_2": 16.474019536110923, "val_group_loss_3": 18.678875155639833, "_timestamp": 1726668218.909975, "_runtime": 9.469853162765503, "_step": 2, "final/reward_err_1": 0.08840207721752118, "final/reward_err_2": 0.00897770923528091, "final/reward_err_3": 0.049496910948683144, "final/reward_param_1": 8.365694264046917, "final/reward_param_2": 3.0378912399926854, "final/reward_param_3": 9.73130200458806, "final/reward_param_4": 5.731918144054879, "optimal_reward_1": 3.816042423248291, "optimal_reward_2": 3.816042423248291, "optimal_reward_3": 3.2741682529449463, "final/reward_1": 3.7798354625701904, "final/reward_2": 3.5481436252593994, "final/reward_3": 3.2741682529449463, "reward_0_when_1_group_param_known": 3.816042423248291, "reward_1_when_1_group_param_known": 3.418431043624878, "reward_2_when_1_group_param_known": 3.2406399250030518, "reward_0_when_2_group_param_known": 3.418431043624878, "reward_1_when_2_group_param_known": 3.816042423248291, "reward_2_when_2_group_param_known": 3.0701699256896973, "reward_0_when_3_group_param_known": 3.7798354625701904, "reward_1_when_3_group_param_known": 3.5481436252593994, "reward_2_when_3_group_param_known": 3.2741682529449463, "reward_error_0_when_1_group_param_known": 0.0, "reward_error_1_when_1_group_param_known": 0.10419469584537752, "reward_error_2_when_1_group_param_known": 0.01024025809050513, "reward_error_0_when_2_group_param_known": 0.10419469584537752, "reward_error_1_when_2_group_param_known": 0.0, "reward_error_2_when_2_group_param_known": 0.062305389184493805, "reward_error_0_when_3_group_param_known": 0.00948809176164255, "reward_error_1_when_3_group_param_known": 0.07020330705884838, "reward_error_2_when_3_group_param_known": 0.0, "_wandb": {"runtime": 9}}