{"Iteration": 99, "train_loss": 15.784150014568297, "val_loss": 16.290860643277764, "grad_norm": 0.48342383006208794, "max_reward_err": 0.11194583941274386, "max_reward_err_index": 0, "max_kl_dist": 0.8138089870597374, "max_kl_dist_index": 0, "max_train_grp_loss": 22.23250948636264, "max_train_grp_loss_index": 0, "max_val_grp_loss": 21.56746475175607, "max_val_grp_loss_index": 0, "max_cur_train_grp_loss": 22.240400772795667, "max_cur_train_grp_loss_index": 0, "reward_err_1": 0.09884520067700119, "reward_err_2": 0.00041286563143429705, "reward_err_3": 0.0563421422374079, "reward_param_1": 7.450057524149891, "reward_param_2": 3.0972554737602955, "reward_param_3": 7.009453848979238, "reward_param_4": 2.4967834599515353, "KL_distance_1": 0.8138089870597374, "KL_distance_2": 0.3210464294856572, "KL_distance_3": 0.6111964007617813, "hist_group_loss_1": 2290.278346277278, "hist_group_loss_2": 1132.8991770283014, "hist_group_loss_3": 2053.9229062125687, "cur_group_loss_1": 22.240400772795667, "cur_group_loss_2": 8.085531809037494, "cur_group_loss_3": 19.029842115597535, "train_group_loss_1": 22.23250948636264, "train_group_loss_2": 8.046120386215874, "train_group_loss_3": 19.008325405963497, "val_group_loss_1": 21.56746475175607, "val_group_loss_2": 8.226686100746624, "val_group_loss_3": 19.597076309610006, "_timestamp": 1726688969.0161479, "_runtime": 8.665615797042847, "_step": 2, "final/reward_err_1": 0.09884520067700119, "final/reward_err_2": 0.00041286563143429705, "final/reward_err_3": 0.0563421422374079, "final/reward_param_1": 7.450057524149891, "final/reward_param_2": 3.0972554737602955, "final/reward_param_3": 7.009453848979238, "final/reward_param_4": 2.4967834599515353, "optimal_reward_1": 3.8748409748077393, "optimal_reward_2": 3.8748409748077393, "optimal_reward_3": 3.300816535949707, "final/reward_1": 3.8403704166412354, "final/reward_2": 3.587584972381592, "final/reward_3": 3.300816535949707, "reward_0_when_1_group_param_known": 3.8748409748077393, "reward_1_when_1_group_param_known": 3.4526655673980713, "reward_2_when_1_group_param_known": 3.2780399322509766, "reward_0_when_2_group_param_known": 3.4526655673980713, "reward_1_when_2_group_param_known": 3.8748409748077393, "reward_2_when_2_group_param_known": 3.086048126220703, "reward_0_when_3_group_param_known": 3.8403704166412354, "reward_1_when_3_group_param_known": 3.587584972381592, "reward_2_when_3_group_param_known": 3.300816535949707, "reward_error_0_when_1_group_param_known": 0.0, "reward_error_1_when_1_group_param_known": 0.10895296352919757, "reward_error_2_when_1_group_param_known": 0.00690029374570411, "reward_error_0_when_2_group_param_known": 0.10895296352919757, "reward_error_1_when_2_group_param_known": 0.0, "reward_error_2_when_2_group_param_known": 0.06506523685576818, "reward_error_0_when_3_group_param_known": 0.008895992994451664, "reward_error_1_when_3_group_param_known": 0.07413362362319925, "reward_error_2_when_3_group_param_known": 0.0, "_wandb": {"runtime": 8}}