{"Iteration": 99, "train_loss": 16.35804681987366, "val_loss": 16.59327278091004, "grad_norm": 0.4004410124595737, "max_reward_err": 0.07677883022657724, "max_reward_err_index": 0, "max_kl_dist": 0.7181722462573182, "max_kl_dist_index": 0, "max_train_grp_loss": 21.037548388277774, "max_train_grp_loss_index": 0, "max_val_grp_loss": 20.417010381617576, "max_val_grp_loss_index": 0, "max_cur_train_grp_loss": 21.046938345227456, "max_cur_train_grp_loss_index": 0, "reward_err_1": 0.0786732503423209, "reward_err_2": 0.0073625923907315455, "reward_err_3": 0.03899554189196336, "reward_param_1": 6.829190851099637, "reward_param_2": 4.0993705863765015, "reward_param_3": 6.575127504930569, "reward_param_4": 3.3157638792940487, "KL_distance_1": 0.7181722462573182, "KL_distance_2": 0.3266779382833682, "KL_distance_3": 0.5366102889153569, "hist_group_loss_1": 2179.533114956914, "hist_group_loss_2": 1276.0328356130765, "hist_group_loss_3": 2076.843402705655, "cur_group_loss_1": 21.046938345227456, "cur_group_loss_2": 10.69492111848518, "cur_group_loss_3": 19.67836697022883, "train_group_loss_1": 21.037548388277774, "train_group_loss_2": 10.672095351122044, "train_group_loss_3": 19.663363615326812, "val_group_loss_1": 20.417010381617576, "val_group_loss_2": 8.754945893158968, "val_group_loss_3": 19.79276604243982, "_timestamp": 1726689921.837985, "_runtime": 8.383970975875854, "_step": 2, "final/reward_err_1": 0.0786732503423209, "final/reward_err_2": 0.0073625923907315455, "final/reward_err_3": 0.03899554189196336, "final/reward_param_1": 6.829190851099637, "final/reward_param_2": 4.0993705863765015, "final/reward_param_3": 6.575127504930569, "final/reward_param_4": 3.3157638792940487, "optimal_reward_1": 3.884077310562134, "optimal_reward_2": 3.884077310562134, "optimal_reward_3": 3.3674604892730713, "final/reward_1": 3.847635269165039, "final/reward_2": 3.6067681312561035, "final/reward_3": 3.3674604892730713, "reward_0_when_1_group_param_known": 3.884077310562134, "reward_1_when_1_group_param_known": 3.4758739471435547, "reward_2_when_1_group_param_known": 3.3304951190948486, "reward_0_when_2_group_param_known": 3.4758739471435547, "reward_1_when_2_group_param_known": 3.884077310562134, "reward_2_when_2_group_param_known": 3.1624059677124023, "reward_0_when_3_group_param_known": 3.847635269165039, "reward_1_when_3_group_param_known": 3.6067681312561035, "reward_2_when_3_group_param_known": 3.3674604892730713, "reward_error_0_when_1_group_param_known": 0.0, "reward_error_1_when_1_group_param_known": 0.10509661131320291, "reward_error_2_when_1_group_param_known": 0.010977224616584088, "reward_error_0_when_2_group_param_known": 0.10509661131320291, "reward_error_1_when_2_group_param_known": 0.0, "reward_error_2_when_2_group_param_known": 0.060892925756326766, "reward_error_0_when_3_group_param_known": 0.009382419165034734, "reward_error_1_when_3_group_param_known": 0.07139641081600817, "reward_error_2_when_3_group_param_known": 0.0, "_wandb": {"runtime": 8}}