{"Iteration": 199, "train_loss": 13.1687762338951, "val_loss": 15.199505392709401, "grad_norm": 0.20309200765119464, "max_reward_err": 0.0834793178979281, "max_reward_err_index": 0, "max_kl_dist": 1.4811246229801378, "max_kl_dist_index": 0, "max_train_grp_loss": 20.957377680645987, "max_train_grp_loss_index": 0, "max_val_grp_loss": 20.211750154215952, "max_val_grp_loss_index": 0, "max_cur_train_grp_loss": 20.957640199940588, "max_cur_train_grp_loss_index": 0, "reward_err_1": 0.08830380754366354, "reward_err_2": 0.0020480807349660102, "reward_err_3": 0.048288707697839155, "reward_param_1": 10.758931223688096, "reward_param_2": 4.560276008740656, "reward_param_3": 8.740420471099924, "reward_param_4": 3.530421005557364, "KL_distance_1": 1.4811246229801378, "KL_distance_2": 0.6893576919137363, "KL_distance_3": 1.1698844959931538, "hist_group_loss_1": 4262.927586786642, "hist_group_loss_2": 1661.9780077936387, "hist_group_loss_3": 3816.68163955099, "cur_group_loss_1": 20.957640199940588, "cur_group_loss_2": 5.74230038579329, "cur_group_loss_3": 18.0103467354599, "train_group_loss_1": 20.957377680645987, "train_group_loss_2": 5.735403100310173, "train_group_loss_3": 18.00602881417845, "val_group_loss_1": 20.211750154215952, "val_group_loss_2": 6.7844182804799225, "val_group_loss_3": 18.383997817191855, "_timestamp": 1726697213.579731, "_runtime": 11.444828987121582, "_step": 3, "final/reward_err_1": 0.08830380754366354, "final/reward_err_2": 0.0020480807349660102, "final/reward_err_3": 0.048288707697839155, "final/reward_param_1": 10.758931223688096, "final/reward_param_2": 4.560276008740656, "final/reward_param_3": 8.740420471099924, "final/reward_param_4": 3.530421005557364, "optimal_reward_1": 3.874847650527954, "optimal_reward_2": 3.874847650527954, "optimal_reward_3": 3.3765645027160645, "final/reward_1": 3.8370981216430664, "final/reward_2": 3.5955355167388916, "final/reward_3": 3.3765645027160645, "reward_0_when_1_group_param_known": 3.874847650527954, "reward_1_when_1_group_param_known": 3.4763882160186768, "reward_2_when_1_group_param_known": 3.337296485900879, "reward_0_when_2_group_param_known": 3.4763882160186768, "reward_1_when_2_group_param_known": 3.874847650527954, "reward_2_when_2_group_param_known": 3.175377130508423, "reward_0_when_3_group_param_known": 3.8370981216430664, "reward_1_when_3_group_param_known": 3.5955355167388916, "reward_2_when_3_group_param_known": 3.3765645027160645, "reward_error_0_when_1_group_param_known": 0.0, "reward_error_1_when_1_group_param_known": 0.102832284117025, "reward_error_2_when_1_group_param_known": 0.011629576980862906, "reward_error_0_when_2_group_param_known": 0.102832284117025, "reward_error_1_when_2_group_param_known": 0.0, "reward_error_2_when_2_group_param_known": 0.059583452958120335, "reward_error_0_when_3_group_param_known": 0.009742196929921686, "reward_error_1_when_3_group_param_known": 0.0720833846850742, "reward_error_2_when_3_group_param_known": 0.0, "_wandb": {"runtime": 11}}