{"Iteration": 199, "train_loss": 15.625950681334816, "val_loss": 14.542660666270656, "grad_norm": 0.02803256075303006, "live_grad": 3.142715671657795e-14, "train_weighted_loss": 46.87785204400445, "val_weighted_loss": 43.62798199881197, "max_reward_err": 0.09085446296112641, "max_reward_err_index": 0, "max_kl_dist": 1.5353278499362264, "max_kl_dist_index": 0, "max_train_grp_loss": 18.96633969213883, "max_train_grp_loss_index": 0, "max_val_grp_loss": 18.73627298775558, "max_val_grp_loss_index": 0, "max_cur_train_grp_loss": 0.3498196761860094, "max_cur_train_grp_loss_index": 2, "reward_err_1": 0.09085446296112641, "reward_err_2": 0.002231263022000914, "reward_err_3": 0.04838566130455397, "KL_distance_1": 1.5353278499362264, "KL_distance_2": 0.8553997327313293, "KL_distance_3": 1.2424336221262002, "reward_param_1": 10.17351255567369, "reward_param_2": 3.7598280850172072, "reward_param_3": 11.071304852965683, "reward_param_4": 5.532870771706673, "group_weight_1": 0.28913831521554806, "group_weight_2": 0.2657256626765517, "group_weight_3": 0.4451360221079002, "hist_group_loss_1": 27.687892946752104, "hist_group_loss_2": 19.243818974546326, "hist_group_loss_3": 70.8353659603076, "cur_group_loss_1": 0.13744662588398035, "cur_group_loss_2": 0.09810391811424311, "cur_group_loss_3": 0.3498196761860094, "train_group_loss_1": 18.96633969213883, "train_group_loss_2": 11.284937133132148, "train_group_loss_3": 16.439628863299756, "val_group_loss_1": 18.73627298775558, "val_group_loss_2": 6.22048952077192, "val_group_loss_3": 18.046916394916856, "_timestamp": 1726698754.011873, "_runtime": 14.491334915161133, "_step": 3, "final/reward_err_1": 0.09085446296112641, "final/reward_err_2": 0.002231263022000914, "final/reward_err_3": 0.04838566130455397, "final/reward_param_1": 10.17351255567369, "final/reward_param_2": 3.7598280850172072, "final/reward_param_3": 11.071304852965683, "final/reward_param_4": 5.532870771706673, "optimal_reward_1": 3.863293409347534, "optimal_reward_2": 3.863293409347534, "optimal_reward_3": 3.305746555328369, "final/reward_1": 3.8207428455352783, "final/reward_2": 3.5901966094970703, "final/reward_3": 3.305746555328369, "reward_0_when_1_group_param_known": 3.863293409347534, "reward_1_when_1_group_param_known": 3.4657766819000244, "reward_2_when_1_group_param_known": 3.2736518383026123, "reward_0_when_2_group_param_known": 3.4657766819000244, "reward_1_when_2_group_param_known": 3.863293409347534, "reward_2_when_2_group_param_known": 3.112474203109741, "reward_0_when_3_group_param_known": 3.8207428455352783, "reward_1_when_3_group_param_known": 3.5901966094970703, "reward_2_when_3_group_param_known": 3.305746555328369, "reward_error_0_when_1_group_param_known": 0.0, "reward_error_1_when_1_group_param_known": 0.10289581590818021, "reward_error_2_when_1_group_param_known": 0.00970876517258256, "reward_error_0_when_2_group_param_known": 0.10289581590818021, "reward_error_1_when_2_group_param_known": 0.0, "reward_error_2_when_2_group_param_known": 0.058465568664694455, "reward_error_0_when_3_group_param_known": 0.011014064763836345, "reward_error_1_when_3_group_param_known": 0.07069015239424613, "reward_error_2_when_3_group_param_known": 0.0, "_wandb": {"runtime": 14}}