{"Iteration": 199, "train_loss": 17.900057692748554, "val_loss": 15.996309145310402, "grad_norm": 0.1521985054577576, "max_reward_err": 0.06890157671560257, "max_reward_err_index": 0, "max_kl_dist": 0.8717929881428418, "max_kl_dist_index": 0, "max_train_grp_loss": 19.852165849616483, "max_train_grp_loss_index": 0, "max_val_grp_loss": 19.73860081181354, "max_val_grp_loss_index": 0, "max_cur_train_grp_loss": 19.85394980144507, "max_cur_train_grp_loss_index": 0, "reward_err_1": 0.07827079128927783, "reward_err_2": 0.007701064821509936, "reward_err_3": 0.03974672660876054, "reward_param_1": 6.483943134349436, "reward_param_2": 4.505791740549443, "reward_param_3": 8.264806270297147, "reward_param_4": 4.0286516957390806, "KL_distance_1": 0.8717929881428418, "KL_distance_2": 0.43346701332158727, "KL_distance_3": 0.6772920794043112, "hist_group_loss_1": 4058.0804842506327, "hist_group_loss_2": 3362.7716962604627, "hist_group_loss_3": 3714.1403137285192, "cur_group_loss_1": 19.85394980144507, "cur_group_loss_2": 16.070006353669232, "cur_group_loss_3": 17.571945639033217, "train_group_loss_1": 19.852165849616483, "train_group_loss_2": 16.068192601721304, "train_group_loss_3": 17.566411585372464, "val_group_loss_1": 19.73860081181354, "val_group_loss_2": 8.757577611921352, "val_group_loss_3": 18.705596380640607, "_timestamp": 1726692589.9102368, "_runtime": 11.551811933517456, "_step": 3, "final/reward_err_1": 0.07827079128927783, "final/reward_err_2": 0.007701064821509936, "final/reward_err_3": 0.03974672660876054, "final/reward_param_1": 6.483943134349436, "final/reward_param_2": 4.505791740549443, "final/reward_param_3": 8.264806270297147, "final/reward_param_4": 4.0286516957390806, "optimal_reward_1": 3.894106388092041, "optimal_reward_2": 3.894106388092041, "optimal_reward_3": 3.3780486583709717, "final/reward_1": 3.8587565422058105, "final/reward_2": 3.6140236854553223, "final/reward_3": 3.3780486583709717, "reward_0_when_1_group_param_known": 3.894106388092041, "reward_1_when_1_group_param_known": 3.4839439392089844, "reward_2_when_1_group_param_known": 3.341844081878662, "reward_0_when_2_group_param_known": 3.4839439392089844, "reward_1_when_2_group_param_known": 3.894106388092041, "reward_2_when_2_group_param_known": 3.171762704849243, "reward_0_when_3_group_param_known": 3.8587565422058105, "reward_1_when_3_group_param_known": 3.6140236854553223, "reward_2_when_3_group_param_known": 3.3780486583709717, "reward_error_0_when_1_group_param_known": 0.0, "reward_error_1_when_1_group_param_known": 0.10532903007922702, "reward_error_2_when_1_group_param_known": 0.010717600648703753, "reward_error_0_when_2_group_param_known": 0.10532903007922702, "reward_error_1_when_2_group_param_known": 0.0, "reward_error_2_when_2_group_param_known": 0.06106660216706521, "reward_error_0_when_3_group_param_known": 0.009077781232256088, "reward_error_1_when_3_group_param_known": 0.0719247690543833, "reward_error_2_when_3_group_param_known": 0.0, "_wandb": {"runtime": 11}}