{"Iteration": 199, "train_loss": 17.659737892356826, "val_loss": 16.11520767379062, "grad_norm": 0.19834874247424197, "max_reward_err": 0.0885114015874278, "max_reward_err_index": 0, "max_kl_dist": 1.0428176402944518, "max_kl_dist_index": 0, "max_train_grp_loss": 19.61103843747194, "max_train_grp_loss_index": 0, "max_val_grp_loss": 20.645139005143484, "max_val_grp_loss_index": 0, "max_cur_train_grp_loss": 19.613541224167957, "max_cur_train_grp_loss_index": 0, "reward_err_1": 0.10476000610769327, "reward_err_2": 0.004752066604220854, "reward_err_3": 0.06939462333432543, "reward_param_1": 10.22289635830413, "reward_param_2": 3.0333528074627343, "reward_param_3": 4.418719968172324, "reward_param_4": 4.284205650818715, "KL_distance_1": 1.0428176402944518, "KL_distance_2": 0.3893225340769386, "KL_distance_3": 0.8448194812361253, "hist_group_loss_1": 3989.7678117038895, "hist_group_loss_2": 3357.249702541212, "hist_group_loss_3": 3995.9573829172527, "cur_group_loss_1": 19.613541224167957, "cur_group_loss_2": 14.991711665003388, "cur_group_loss_3": 19.46883935069603, "train_group_loss_1": 19.61103843747194, "train_group_loss_2": 14.986044733699453, "train_group_loss_3": 19.46571942621248, "val_group_loss_1": 20.645139005143484, "val_group_loss_2": 8.336295030630003, "val_group_loss_3": 19.703249561428684, "_timestamp": 1726692213.098311, "_runtime": 11.579035997390747, "_step": 3, "final/reward_err_1": 0.10476000610769327, "final/reward_err_2": 0.004752066604220854, "final/reward_err_3": 0.06939462333432543, "final/reward_param_1": 10.22289635830413, "final/reward_param_2": 3.0333528074627343, "final/reward_param_3": 4.418719968172324, "final/reward_param_4": 4.284205650818715, "optimal_reward_1": 3.831752300262451, "optimal_reward_2": 3.831752300262451, "optimal_reward_3": 3.2963407039642334, "final/reward_1": 3.795030355453491, "final/reward_2": 3.565478563308716, "final/reward_3": 3.2963407039642334, "reward_0_when_1_group_param_known": 3.831752300262451, "reward_1_when_1_group_param_known": 3.4357662200927734, "reward_2_when_1_group_param_known": 3.262315034866333, "reward_0_when_2_group_param_known": 3.4357662200927734, "reward_1_when_2_group_param_known": 3.831752300262451, "reward_2_when_2_group_param_known": 3.0935750007629395, "reward_0_when_3_group_param_known": 3.795030355453491, "reward_1_when_3_group_param_known": 3.565478563308716, "reward_2_when_3_group_param_known": 3.2963407039642334, "reward_error_0_when_1_group_param_known": 0.0, "reward_error_1_when_1_group_param_known": 0.1033433398454684, "reward_error_2_when_1_group_param_known": 0.010322254934685776, "reward_error_0_when_2_group_param_known": 0.1033433398454684, "reward_error_1_when_2_group_param_known": 0.0, "reward_error_2_when_2_group_param_known": 0.061512362164943865, "reward_error_0_when_3_group_param_known": 0.009583590464979884, "reward_error_1_when_3_group_param_known": 0.06949137524768949, "reward_error_2_when_3_group_param_known": 0.0, "_wandb": {"runtime": 11}}