{"Iteration": 99, "train_loss": 16.295404591662162, "val_loss": 18.633810429544376, "grad_norm": 0.36134902935750274, "max_reward_err": 0.07221464760462866, "max_reward_err_index": 1, "max_kl_dist": 0.535913082059453, "max_kl_dist_index": 1, "max_train_grp_loss": 19.091925030063685, "max_train_grp_loss_index": 0, "max_val_grp_loss": 19.440584666145924, "max_val_grp_loss_index": 0, "max_cur_train_grp_loss": 19.103650508540245, "max_cur_train_grp_loss_index": 0, "reward_err_1": 0.040054431114269304, "reward_err_2": 0.04404426905996061, "reward_err_3": 0.012132326235127552, "reward_param_1": 6.272258102018176, "reward_param_2": 5.390070822924049, "reward_param_3": 4.733582361475442, "reward_param_4": 6.121417322706124, "KL_distance_1": 0.5113646977723222, "KL_distance_2": 0.535913082059453, "KL_distance_3": 0.42896134697331595, "hist_group_loss_1": 1992.4177757623183, "hist_group_loss_2": 1313.3499912720954, "hist_group_loss_3": 1897.4350530778775, "cur_group_loss_1": 19.103650508540245, "cur_group_loss_2": 12.052611452066293, "cur_group_loss_3": 17.75882500180085, "train_group_loss_1": 19.091925030063685, "train_group_loss_2": 12.042968034177699, "train_group_loss_3": 17.74073912648952, "val_group_loss_1": 19.440584666145924, "val_group_loss_2": 18.009891313631332, "val_group_loss_3": 18.37448239189773, "_timestamp": 1726603565.664225, "_runtime": 7.918493032455444, "_step": 2, "final/reward_err_1": 0.040054431114269304, "final/reward_err_2": 0.04404426905996061, "final/reward_err_3": 0.012132326235127552, "final/reward_param_1": 6.272258102018176, "final/reward_param_2": 5.390070822924049, "final/reward_param_3": 4.733582361475442, "final/reward_param_4": 6.121417322706124, "optimal_reward_1": 3.8638525009155273, "optimal_reward_2": 3.8638525009155273, "optimal_reward_3": 3.3051488399505615, "final/reward_1": 3.8214311599731445, "final/reward_2": 3.5967774391174316, "final/reward_3": 3.3051488399505615, "reward_0_when_1_group_param_known": 3.8638525009155273, "reward_1_when_1_group_param_known": 3.4816598892211914, "reward_2_when_1_group_param_known": 3.271707057952881, "reward_0_when_2_group_param_known": 3.4816598892211914, "reward_1_when_2_group_param_known": 3.8638525009155273, "reward_2_when_2_group_param_known": 3.120657444000244, "reward_0_when_3_group_param_known": 3.8214311599731445, "reward_1_when_3_group_param_known": 3.5967774391174316, "reward_2_when_3_group_param_known": 3.3051488399505615, "reward_error_0_when_1_group_param_known": 0.0, "reward_error_1_when_1_group_param_known": 0.09891490723410809, "reward_error_2_when_1_group_param_known": 0.010118086542263219, "reward_error_0_when_2_group_param_known": 0.09891490723410809, "reward_error_1_when_2_group_param_known": 0.0, "reward_error_2_when_2_group_param_known": 0.055819391163357414, "reward_error_0_when_3_group_param_known": 0.010979027002798687, "reward_error_1_when_3_group_param_known": 0.0691214433612083, "reward_error_2_when_3_group_param_known": 0.0, "_wandb": {"runtime": 7}}