{"Iteration": 99, "train_loss": 17.463083862630434, "val_loss": 16.980529976129354, "grad_norm": 0.3828050341275664, "max_reward_err": 0.10336902809395511, "max_reward_err_index": 0, "max_kl_dist": 0.7030996826007395, "max_kl_dist_index": 0, "max_train_grp_loss": 20.53551989974795, "max_train_grp_loss_index": 0, "max_val_grp_loss": 21.029701342290466, "max_val_grp_loss_index": 0, "max_cur_train_grp_loss": 20.545862415450472, "max_cur_train_grp_loss_index": 0, "reward_err_1": 0.09595334435173815, "reward_err_2": 0.005013049596280925, "reward_err_3": 0.059906172114881175, "reward_param_1": 8.050333791677202, "reward_param_2": 3.0164815495839687, "reward_param_3": 4.778666445183029, "reward_param_4": 3.5137381988014145, "KL_distance_1": 0.7030996826007395, "KL_distance_2": 0.27692326527480077, "KL_distance_3": 0.5422648719671571, "hist_group_loss_1": 2132.300919408305, "hist_group_loss_2": 1525.185231222993, "hist_group_loss_3": 2118.193430798729, "cur_group_loss_1": 20.545862415450472, "cur_group_loss_2": 13.566180922132514, "cur_group_loss_3": 20.127674561837747, "train_group_loss_1": 20.53551989974795, "train_group_loss_2": 13.54772589454305, "train_group_loss_3": 20.11249105675166, "val_group_loss_1": 21.029701342290466, "val_group_loss_2": 9.964733401881823, "val_group_loss_3": 19.94798905147434, "_timestamp": 1726689849.652693, "_runtime": 8.380079984664917, "_step": 2, "final/reward_err_1": 0.09595334435173815, "final/reward_err_2": 0.005013049596280925, "final/reward_err_3": 0.059906172114881175, "final/reward_param_1": 8.050333791677202, "final/reward_param_2": 3.0164815495839687, "final/reward_param_3": 4.778666445183029, "final/reward_param_4": 3.5137381988014145, "optimal_reward_1": 3.843956232070923, "optimal_reward_2": 3.843956232070923, "optimal_reward_3": 3.254488229751587, "final/reward_1": 3.8041796684265137, "final/reward_2": 3.590562105178833, "final/reward_3": 3.254488229751587, "reward_0_when_1_group_param_known": 3.843956232070923, "reward_1_when_1_group_param_known": 3.4647014141082764, "reward_2_when_1_group_param_known": 3.2180964946746826, "reward_0_when_2_group_param_known": 3.4647014141082764, "reward_1_when_2_group_param_known": 3.843956232070923, "reward_2_when_2_group_param_known": 3.0630156993865967, "reward_0_when_3_group_param_known": 3.8041796684265137, "reward_1_when_3_group_param_known": 3.590562105178833, "reward_2_when_3_group_param_known": 3.254488229751587, "reward_error_0_when_1_group_param_known": 0.0, "reward_error_1_when_1_group_param_known": 0.09866262648841967, "reward_error_2_when_1_group_param_known": 0.011182014654169469, "reward_error_0_when_2_group_param_known": 0.09866262648841967, "reward_error_1_when_2_group_param_known": 0.0, "reward_error_2_when_2_group_param_known": 0.058833376201703216, "reward_error_0_when_3_group_param_known": 0.010347819080910722, "reward_error_1_when_3_group_param_known": 0.06592013841832281, "reward_error_2_when_3_group_param_known": 0.0, "_wandb": {"runtime": 8}}