{"Iteration": 199, "train_loss": 18.3056498338211, "val_loss": 15.948074239030698, "grad_norm": 0.15165654295190742, "max_reward_err": 0.07409850764479137, "max_reward_err_index": 0, "max_kl_dist": 0.8578148953522753, "max_kl_dist_index": 0, "max_train_grp_loss": 21.3768214887848, "max_train_grp_loss_index": 0, "max_val_grp_loss": 20.234930582484115, "max_val_grp_loss_index": 0, "max_cur_train_grp_loss": 21.377089831049986, "max_cur_train_grp_loss_index": 0, "reward_err_1": 0.08039696129173414, "reward_err_2": 0.007402220499604084, "reward_err_3": 0.04308205131355916, "reward_param_1": 7.586867674202947, "reward_param_2": 4.810255588968168, "reward_param_3": 7.331111597500578, "reward_param_4": 2.859293825036446, "KL_distance_1": 0.8578148953522753, "KL_distance_2": 0.4171751502306514, "KL_distance_3": 0.6554519560766355, "hist_group_loss_1": 4312.11458913234, "hist_group_loss_2": 3101.1947735188583, "hist_group_loss_3": 3892.560048366123, "cur_group_loss_1": 21.377089831049986, "cur_group_loss_2": 14.673837188135167, "cur_group_loss_3": 18.512592886300425, "train_group_loss_1": 21.3768214887848, "train_group_loss_2": 14.670826517539728, "train_group_loss_3": 18.507101054777483, "val_group_loss_1": 20.234930582484115, "val_group_loss_2": 8.565282952655782, "val_group_loss_3": 18.271287748684884, "_timestamp": 1726698065.8238459, "_runtime": 11.520021915435791, "_step": 3, "final/reward_err_1": 0.08039696129173414, "final/reward_err_2": 0.007402220499604084, "final/reward_err_3": 0.04308205131355916, "final/reward_param_1": 7.586867674202947, "final/reward_param_2": 4.810255588968168, "final/reward_param_3": 7.331111597500578, "final/reward_param_4": 2.859293825036446, "optimal_reward_1": 3.8651840686798096, "optimal_reward_2": 3.8651840686798096, "optimal_reward_3": 3.337219715118408, "final/reward_1": 3.8319525718688965, "final/reward_2": 3.6041877269744873, "final/reward_3": 3.337219715118408, "reward_0_when_1_group_param_known": 3.8651840686798096, "reward_1_when_1_group_param_known": 3.4605093002319336, "reward_2_when_1_group_param_known": 3.3015952110290527, "reward_0_when_2_group_param_known": 3.4605093002319336, "reward_1_when_2_group_param_known": 3.8651840686798096, "reward_2_when_2_group_param_known": 3.1258203983306885, "reward_0_when_3_group_param_known": 3.8319525718688965, "reward_1_when_3_group_param_known": 3.6041877269744873, "reward_2_when_3_group_param_known": 3.337219715118408, "reward_error_0_when_1_group_param_known": 0.0, "reward_error_1_when_1_group_param_known": 0.10469741188447372, "reward_error_2_when_1_group_param_known": 0.010674905199669023, "reward_error_0_when_2_group_param_known": 0.10469741188447372, "reward_error_1_when_2_group_param_known": 0.0, "reward_error_2_when_2_group_param_known": 0.0633459390851702, "reward_error_0_when_3_group_param_known": 0.00859764922457202, "reward_error_1_when_3_group_param_known": 0.06752494501367125, "reward_error_2_when_3_group_param_known": 0.0, "_wandb": {"runtime": 11}}