{"Iteration": 99, "train_loss": 15.92760420700705, "val_loss": 15.54896330643697, "grad_norm": 0.49908782764473375, "max_reward_err": 0.0876419691906126, "max_reward_err_index": 1, "max_kl_dist": 0.7257767220384989, "max_kl_dist_index": 0, "max_train_grp_loss": 21.58248860452676, "max_train_grp_loss_index": 0, "max_val_grp_loss": 20.417054182147865, "max_val_grp_loss_index": 0, "max_cur_train_grp_loss": 21.582128588433438, "max_cur_train_grp_loss_index": 0, "reward_err_1": 0.0840140932057048, "reward_err_2": 0.003853326430592266, "reward_err_3": 0.043357392420661, "reward_param_1": 6.524024901782254, "reward_param_2": 3.6342996125414277, "reward_param_3": 7.256691173561305, "reward_param_4": 3.723315886974307, "KL_distance_1": 0.7257767220384989, "KL_distance_2": 0.34188178009051123, "KL_distance_3": 0.5536378658965132, "hist_group_loss_1": 2160.8951693026534, "hist_group_loss_2": 1364.0482475630347, "hist_group_loss_3": 1943.1290478643164, "cur_group_loss_1": 21.582128588433438, "cur_group_loss_2": 9.344481898997996, "cur_group_loss_3": 18.398086229866763, "train_group_loss_1": 21.58248860452676, "train_group_loss_2": 9.290669235858386, "train_group_loss_3": 18.382730641079426, "val_group_loss_1": 20.417054182147865, "val_group_loss_2": 8.82651352244313, "val_group_loss_3": 19.678396823982556, "_timestamp": 1726687148.179271, "_runtime": 8.659317016601562, "_step": 2, "final/reward_err_1": 0.0840140932057048, "final/reward_err_2": 0.003853326430592266, "final/reward_err_3": 0.043357392420661, "final/reward_param_1": 6.524024901782254, "final/reward_param_2": 3.6342996125414277, "final/reward_param_3": 7.256691173561305, "final/reward_param_4": 3.723315886974307, "optimal_reward_1": 3.875814437866211, "optimal_reward_2": 3.875814437866211, "optimal_reward_3": 3.298182725906372, "final/reward_1": 3.8413593769073486, "final/reward_2": 3.579524040222168, "final/reward_3": 3.298182725906372, "reward_0_when_1_group_param_known": 3.875814437866211, "reward_1_when_1_group_param_known": 3.457228183746338, "reward_2_when_1_group_param_known": 3.2765753269195557, "reward_0_when_2_group_param_known": 3.457228183746338, "reward_1_when_2_group_param_known": 3.875814437866211, "reward_2_when_2_group_param_known": 3.0885965824127197, "reward_0_when_3_group_param_known": 3.8413593769073486, "reward_1_when_3_group_param_known": 3.579524040222168, "reward_2_when_3_group_param_known": 3.298182725906372, "reward_error_0_when_1_group_param_known": 0.0, "reward_error_1_when_1_group_param_known": 0.10799956004868007, "reward_error_2_when_1_group_param_known": 0.006551304394718909, "reward_error_0_when_2_group_param_known": 0.10799956004868007, "reward_error_1_when_2_group_param_known": 0.0, "reward_error_2_when_2_group_param_known": 0.06354594663522048, "reward_error_0_when_3_group_param_known": 0.008889760206846016, "reward_error_1_when_3_group_param_known": 0.07644597087758477, "reward_error_2_when_3_group_param_known": 0.0, "_wandb": {"runtime": 8}}