{"reward_param_3":5.17001006805893,"reward_error_2_when_1_group_param_known":0.0064852651372159075,"_wandb":{"runtime":103},"final/reward_err_1":0.010215292166445422,"final/reward_param_2":8.283806121043188,"reward_error_1_when_3_group_param_known":0.015270013049259644,"cur_group_loss_3":0.21448937655141276,"reward_err_1":0.010215292166445422,"optimal_reward_2":7.24455908203125,"final/reward_3":3.27631982421875,"reward_error_2_when_2_group_param_known":0.06690737556116683,"train_group_loss_1":11.811471749133492,"reward_param_2":8.283806121043188,"hist_group_loss_3":21.606081184419512,"group_weight_1":0.3186121405668516,"max_train_grp_loss_index":1,"optimal_reward_1":3.867779541015625,"reward_error_0_when_2_group_param_known":0.11032717529039895,"reward_param_4":8.611678446277464,"reward_1_when_1_group_param_known":6.77779443359375,"reward_0_when_1_group_param_known":3.867779541015625,"reward_error_2_when_3_group_param_known":0,"group_weight_3":0.35960357184554037,"val_loss":12.425030934193947,"live_grad":1.6691781244439842e-14,"val_weighted_loss":37.27509280258184,"final/reward_param_4":8.611678446277464,"final/reward_err_3":0.00013293783829659316,"reward_0_when_3_group_param_known":3.841189453125,"KL_distance_2":0.3066278076171875,"reward_2_when_2_group_param_known":3.05710986328125,"max_val_grp_loss_index":0,"_step":101,"_runtime":103.805169,"final/reward_param_3":5.17001006805893,"hist_group_loss_1":9.503307920144493,"Iteration":99,"reward_2_when_1_group_param_known":3.255072021484375,"val_group_loss_2":12.450047756653902,"reward_error_0_when_3_group_param_known":0.006874768225192712,"max_cur_train_grp_loss":0.21448937655141276,"max_val_grp_loss":12.677518055447486,"max_reward_err":0.01424702010675168,"train_group_loss_2":13.072994251530693,"KL_distance_3":0.6523324584960938,"reward_err_2":0.01424702010675168,"final/reward_1":3.841189453125,"reward_error_1_when_2_group_param_known":0,"cur_group_loss_2":0.10458402904710166,"cur_group_loss_1":0.09449134737394684,"hist_group_loss_2":10.493998319375791,"optimal_reward_3":3.27631982421875,"final/reward_2":7.1339345703125,"max_kl_dist":0.6594715576171875,"grad_norm":0.0020676753481543263,"reward_err_3":0.00013293783829659316,"group_weight_2":0.321784287587608,"reward_1_when_2_group_param_known":7.24455908203125,"final/reward_param_1":5.4481542472327815,"train_loss":12.15592277180034,"reward_0_when_2_group_param_known":3.441058349609375,"max_cur_train_grp_loss_index":2,"_timestamp":1.728314564228405e+09,"val_group_loss_3":12.146768770897111,"reward_error_1_when_1_group_param_known":0.06442968345654335,"reward_2_when_3_group_param_known":3.27631982421875,"train_group_loss_3":10.72437162914158,"reward_param_1":5.4481542472327815,"max_train_grp_loss":13.072994251530693,"max_reward_err_index":1,"max_kl_dist_index":0,"val_group_loss_1":12.677518055447486,"KL_distance_1":0.6594715576171875,"reward_error_0_when_1_group_param_known":0,"final/reward_err_2":0.01424702010675168,"train_weighted_loss":36.46776831540102,"reward_1_when_3_group_param_known":7.1339345703125}