{"Iteration": 99, "train_loss": 18.849427620734374, "val_loss": 17.512357771255548, "grad_norm": 0.00967519764487599, "live_grad": 1.5409719608843264e-14, "train_weighted_loss": 56.54828286220312, "val_weighted_loss": 52.53707331376664, "max_reward_err": 0.08628923924947769, "max_reward_err_index": 0, "max_kl_dist": 1.1501630373068947, "max_kl_dist_index": 0, "max_train_grp_loss": 20.30152745745923, "max_train_grp_loss_index": 2, "max_val_grp_loss": 19.086431725781868, "max_val_grp_loss_index": 0, "max_cur_train_grp_loss": 0.4320156815274664, "max_cur_train_grp_loss_index": 2, "reward_err_1": 0.08628923924947769, "reward_err_2": 0.00443979764128173, "reward_err_3": 0.04516192475851324, "KL_distance_1": 1.1501630373068947, "KL_distance_2": 0.6073769819872821, "KL_distance_3": 0.9134474180678508, "reward_param_1": 8.269051534858649, "reward_param_2": 5.2711452638893, "reward_param_3": 9.540499697253786, "reward_param_4": 3.238884540858893, "group_weight_1": 0.29734318995730413, "group_weight_2": 0.30244696411138206, "group_weight_3": 0.40020984593131376, "hist_group_loss_1": 13.867180583274354, "hist_group_loss_2": 15.569074923767513, "hist_group_loss_3": 43.57738367636923, "cur_group_loss_1": 0.13789844643139582, "cur_group_loss_2": 0.15684859623887792, "cur_group_loss_3": 0.4320156815274664, "train_group_loss_1": 19.028457127887307, "train_group_loss_2": 18.041125322358962, "train_group_loss_3": 20.30152745745923, "val_group_loss_1": 19.086431725781868, "val_group_loss_2": 14.21657694846357, "val_group_loss_3": 18.755678739434405, "_timestamp": 1726685030.092101, "_runtime": 10.057443141937256, "_step": 2, "final/reward_err_1": 0.08628923924947769, "final/reward_err_2": 0.00443979764128173, "final/reward_err_3": 0.04516192475851324, "final/reward_param_1": 8.269051534858649, "final/reward_param_2": 5.2711452638893, "final/reward_param_3": 9.540499697253786, "final/reward_param_4": 3.238884540858893, "optimal_reward_1": 3.8741025924682617, "optimal_reward_2": 3.8741025924682617, "optimal_reward_3": 3.3118550777435303, "final/reward_1": 3.8313021659851074, "final/reward_2": 3.6054656505584717, "final/reward_3": 3.3118550777435303, "reward_0_when_1_group_param_known": 3.8741025924682617, "reward_1_when_1_group_param_known": 3.481130361557007, "reward_2_when_1_group_param_known": 3.279806137084961, "reward_0_when_2_group_param_known": 3.481130361557007, "reward_1_when_2_group_param_known": 3.8741025924682617, "reward_2_when_2_group_param_known": 3.1205224990844727, "reward_0_when_3_group_param_known": 3.8313021659851074, "reward_1_when_3_group_param_known": 3.6054656505584717, "reward_2_when_3_group_param_known": 3.3118550777435303, "reward_error_0_when_1_group_param_known": 0.0, "reward_error_1_when_1_group_param_known": 0.10143568001406103, "reward_error_2_when_1_group_param_known": 0.009677035953036107, "reward_error_0_when_2_group_param_known": 0.10143568001406103, "reward_error_1_when_2_group_param_known": 0.0, "reward_error_2_when_2_group_param_known": 0.057772026301772375, "reward_error_0_when_3_group_param_known": 0.011047829906818591, "reward_error_1_when_3_group_param_known": 0.06934172121101123, "reward_error_2_when_3_group_param_known": 0.0, "_wandb": {"runtime": 9}}