{"Iteration": 99, "train_loss": 18.949422870251258, "val_loss": 19.23503495400128, "grad_norm": 0.005469201317289897, "live_grad": 1.2853229176263814e-14, "train_weighted_loss": 56.848268610753784, "val_weighted_loss": 57.70510486200385, "max_reward_err": 0.0953573553166203, "max_reward_err_index": 0, "max_kl_dist": 1.2792003712167797, "max_kl_dist_index": 0, "max_train_grp_loss": 23.622158127920233, "max_train_grp_loss_index": 0, "max_val_grp_loss": 22.472479280609036, "max_val_grp_loss_index": 0, "max_cur_train_grp_loss": 0.2362260394813541, "max_cur_train_grp_loss_index": 0, "reward_err_1": 0.0953573553166203, "reward_err_2": 0.0013908305368058504, "reward_err_3": 0.05522656138071787, "KL_distance_1": 1.2792003712167797, "KL_distance_2": 0.6295149823341013, "KL_distance_3": 1.0070627496515623, "reward_param_1": 9.24446419211693, "reward_param_2": 3.1308729722320026, "reward_param_3": 9.53830578820356, "reward_param_4": 4.455963600659285, "group_weight_1": 0.34751339997410796, "group_weight_2": 0.307792462077456, "group_weight_3": 0.3446941379484361, "hist_group_loss_1": 23.640603175292902, "hist_group_loss_2": 11.502853784299207, "hist_group_loss_3": 22.82602735513395, "cur_group_loss_1": 0.2362260394813541, "cur_group_loss_2": 0.11470266645200557, "cur_group_loss_3": 0.22802901172632406, "train_group_loss_1": 23.622158127920233, "train_group_loss_2": 12.044439178941662, "train_group_loss_3": 21.662578257836632, "val_group_loss_1": 22.472479280609036, "val_group_loss_2": 15.14471830122331, "val_group_loss_3": 20.47832030526364, "_timestamp": 1726609851.109889, "_runtime": 9.30121111869812, "_step": 2, "final/reward_err_1": 0.0953573553166203, "final/reward_err_2": 0.0013908305368058504, "final/reward_err_3": 0.05522656138071787, "final/reward_param_1": 9.24446419211693, "final/reward_param_2": 3.1308729722320026, "final/reward_param_3": 9.53830578820356, "final/reward_param_4": 4.455963600659285, "optimal_reward_1": 3.7981913089752197, "optimal_reward_2": 3.7981913089752197, "optimal_reward_3": 3.255063056945801, "final/reward_1": 3.763491153717041, "final/reward_2": 3.535515546798706, "final/reward_3": 3.255063056945801, "reward_0_when_1_group_param_known": 3.7981913089752197, "reward_1_when_1_group_param_known": 3.405381441116333, "reward_2_when_1_group_param_known": 3.2209837436676025, "reward_0_when_2_group_param_known": 3.405381441116333, "reward_1_when_2_group_param_known": 3.7981913089752197, "reward_2_when_2_group_param_known": 3.0526814460754395, "reward_0_when_3_group_param_known": 3.763491153717041, "reward_1_when_3_group_param_known": 3.535515546798706, "reward_2_when_3_group_param_known": 3.255063056945801, "reward_error_0_when_1_group_param_known": 0.0, "reward_error_1_when_1_group_param_known": 0.1034202429273816, "reward_error_2_when_1_group_param_known": 0.010469632287300322, "reward_error_0_when_2_group_param_known": 0.1034202429273816, "reward_error_1_when_2_group_param_known": 0.0, "reward_error_2_when_2_group_param_known": 0.062174405635095235, "reward_error_0_when_3_group_param_known": 0.009135968263678922, "reward_error_1_when_3_group_param_known": 0.06915811785357003, "reward_error_2_when_3_group_param_known": 0.0, "_wandb": {"runtime": 9}}