{"Iteration": 99, "train_loss": 16.390746143483284, "val_loss": 18.362708656701532, "grad_norm": 0.0062082213584181934, "live_grad": 2.5015519962979217e-14, "train_weighted_loss": 49.17223843044987, "val_weighted_loss": 55.088125970104606, "max_reward_err": 0.09784362036808467, "max_reward_err_index": 0, "max_kl_dist": 1.6895989177744464, "max_kl_dist_index": 0, "max_train_grp_loss": 19.51252151006705, "max_train_grp_loss_index": 0, "max_val_grp_loss": 20.41755345830665, "max_val_grp_loss_index": 0, "max_cur_train_grp_loss": 0.19513586123618565, "max_cur_train_grp_loss_index": 0, "reward_err_1": 0.09784362036808467, "reward_err_2": 0.004224731941451905, "reward_err_3": 0.062315819576354306, "KL_distance_1": 1.6895989177744464, "KL_distance_2": 0.8464069221092073, "KL_distance_3": 1.4269020609946126, "reward_param_1": 13.661364389750307, "reward_param_2": 4.32946597360717, "reward_param_3": 6.827696834208152, "reward_param_4": 5.703201483034723, "group_weight_1": 0.3434228351481845, "group_weight_2": 0.32093825026924, "group_weight_3": 0.33563891458257566, "hist_group_loss_1": 19.610440171238476, "hist_group_loss_2": 12.839069609425795, "hist_group_loss_3": 17.317788135436604, "cur_group_loss_1": 0.19513586123618565, "cur_group_loss_2": 0.12866541111072202, "cur_group_loss_3": 0.17204275568552305, "train_group_loss_1": 19.51252151006705, "train_group_loss_2": 13.640357061012258, "train_group_loss_3": 16.171211101818947, "val_group_loss_1": 20.41755345830665, "val_group_loss_2": 16.416114852204075, "val_group_loss_3": 18.32979118728654, "_timestamp": 1726668067.758503, "_runtime": 9.534204006195068, "_step": 2, "final/reward_err_1": 0.09784362036808467, "final/reward_err_2": 0.004224731941451905, "final/reward_err_3": 0.062315819576354306, "final/reward_param_1": 13.661364389750307, "final/reward_param_2": 4.32946597360717, "final/reward_param_3": 6.827696834208152, "final/reward_param_4": 5.703201483034723, "optimal_reward_1": 3.867140769958496, "optimal_reward_2": 3.867140769958496, "optimal_reward_3": 3.3081343173980713, "final/reward_1": 3.833752155303955, "final/reward_2": 3.6075756549835205, "final/reward_3": 3.3081343173980713, "reward_0_when_1_group_param_known": 3.867140769958496, "reward_1_when_1_group_param_known": 3.49029541015625, "reward_2_when_1_group_param_known": 3.2803642749786377, "reward_0_when_2_group_param_known": 3.49029541015625, "reward_1_when_2_group_param_known": 3.867140769958496, "reward_2_when_2_group_param_known": 3.118959903717041, "reward_0_when_3_group_param_known": 3.833752155303955, "reward_1_when_3_group_param_known": 3.6075756549835205, "reward_2_when_3_group_param_known": 3.3081343173980713, "reward_error_0_when_1_group_param_known": 0.0, "reward_error_1_when_1_group_param_known": 0.09744805845438374, "reward_error_2_when_1_group_param_known": 0.00839447245941193, "reward_error_0_when_2_group_param_known": 0.09744805845438374, "reward_error_1_when_2_group_param_known": 0.0, "reward_error_2_when_2_group_param_known": 0.05718462297196584, "reward_error_0_when_3_group_param_known": 0.008633927917472566, "reward_error_1_when_3_group_param_known": 0.06712067918276514, "reward_error_2_when_3_group_param_known": 0.0, "_wandb": {"runtime": 9}}