{"Iteration": 99, "train_loss": 18.404087522386938, "val_loss": 17.97781794668646, "grad_norm": 0.45763947246522996, "max_reward_err": 0.07184037834752896, "max_reward_err_index": 0, "max_kl_dist": 0.5043462284007396, "max_kl_dist_index": 0, "max_train_grp_loss": 21.66317679406655, "max_train_grp_loss_index": 0, "max_val_grp_loss": 20.795717350047244, "max_val_grp_loss_index": 0, "max_cur_train_grp_loss": 21.675590114608784, "max_cur_train_grp_loss_index": 0, "reward_err_1": 0.06678732234917074, "reward_err_2": 0.010799798114364252, "reward_err_3": 0.03181712479065572, "reward_param_1": 5.543859354398999, "reward_param_2": 3.559390541069929, "reward_param_3": 5.6254678262162505, "reward_param_4": 3.287817514008236, "KL_distance_1": 0.5043462284007396, "KL_distance_2": 0.23189369220218914, "KL_distance_3": 0.3634894416573833, "hist_group_loss_1": 2255.4746982144557, "hist_group_loss_2": 1583.9772442459307, "hist_group_loss_3": 2070.9051639761187, "cur_group_loss_1": 21.675590114608784, "cur_group_loss_2": 13.462270251598898, "cur_group_loss_3": 19.082337530251614, "train_group_loss_1": 21.66317679406655, "train_group_loss_2": 13.434271606270464, "train_group_loss_3": 19.05740410612989, "val_group_loss_1": 20.795717350047244, "val_group_loss_2": 12.676433396877112, "val_group_loss_3": 19.999616560713324, "_timestamp": 1726665880.332273, "_runtime": 8.172012090682983, "_step": 2, "final/reward_err_1": 0.06678732234917074, "final/reward_err_2": 0.010799798114364252, "final/reward_err_3": 0.03181712479065572, "final/reward_param_1": 5.543859354398999, "final/reward_param_2": 3.559390541069929, "final/reward_param_3": 5.6254678262162505, "final/reward_param_4": 3.287817514008236, "optimal_reward_1": 3.8291401863098145, "optimal_reward_2": 3.8291401863098145, "optimal_reward_3": 3.271582841873169, "final/reward_1": 3.792921543121338, "final/reward_2": 3.5639941692352295, "final/reward_3": 3.271582841873169, "reward_0_when_1_group_param_known": 3.8291401863098145, "reward_1_when_1_group_param_known": 3.4291751384735107, "reward_2_when_1_group_param_known": 3.2418317794799805, "reward_0_when_2_group_param_known": 3.4291751384735107, "reward_1_when_2_group_param_known": 3.8291401863098145, "reward_2_when_2_group_param_known": 3.0657341480255127, "reward_0_when_3_group_param_known": 3.792921543121338, "reward_1_when_3_group_param_known": 3.5639941692352295, "reward_2_when_3_group_param_known": 3.271582841873169, "reward_error_0_when_1_group_param_known": 0.0, "reward_error_1_when_1_group_param_known": 0.10445296551593598, "reward_error_2_when_1_group_param_known": 0.00909378237726491, "reward_error_0_when_2_group_param_known": 0.10445296551593598, "reward_error_1_when_2_group_param_known": 0.0, "reward_error_2_when_2_group_param_known": 0.06292021440294511, "reward_error_0_when_3_group_param_known": 0.009458688224047728, "reward_error_1_when_3_group_param_known": 0.06924427003810199, "reward_error_2_when_3_group_param_known": 0.0, "_wandb": {"runtime": 8}}