{"Iteration": 199, "train_loss": 18.87526761545371, "val_loss": 15.45380575173968, "grad_norm": 0.025406208706362024, "live_grad": 1.510719433388457e-14, "train_weighted_loss": 56.62580284636114, "val_weighted_loss": 46.361417255219045, "max_reward_err": 0.08193689226104187, "max_reward_err_index": 0, "max_kl_dist": 1.1478885191937567, "max_kl_dist_index": 0, "max_train_grp_loss": 19.962112638041653, "max_train_grp_loss_index": 2, "max_val_grp_loss": 19.906572953564726, "max_val_grp_loss_index": 0, "max_cur_train_grp_loss": 0.42480182571716857, "max_cur_train_grp_loss_index": 2, "reward_err_1": 0.08193689226104187, "reward_err_2": 0.005793344199123106, "reward_err_3": 0.04124166803266621, "KL_distance_1": 1.1478885191937567, "KL_distance_2": 0.6285651690906257, "KL_distance_3": 0.9127682073930439, "reward_param_1": 8.997835289944097, "reward_param_2": 5.4440487505445185, "reward_param_3": 8.90850290627937, "reward_param_4": 3.3785273373997127, "group_weight_1": 0.2604526999904898, "group_weight_2": 0.27063334119456384, "group_weight_3": 0.4689139588149463, "hist_group_loss_1": 27.58455281289739, "hist_group_loss_2": 31.418917760278337, "hist_group_loss_3": 86.384355228645, "cur_group_loss_1": 0.1367302906663417, "cur_group_loss_2": 0.16031663773897575, "cur_group_loss_3": 0.42480182571716857, "train_group_loss_1": 18.86708083830293, "train_group_loss_2": 18.4409029127161, "train_group_loss_3": 19.962112638041653, "val_group_loss_1": 19.906572953564726, "val_group_loss_2": 7.571031619965592, "val_group_loss_3": 17.707436106356234, "_timestamp": 1726693016.225912, "_runtime": 14.21178412437439, "_step": 3, "final/reward_err_1": 0.08193689226104187, "final/reward_err_2": 0.005793344199123106, "final/reward_err_3": 0.04124166803266621, "final/reward_param_1": 8.997835289944097, "final/reward_param_2": 5.4440487505445185, "final/reward_param_3": 8.90850290627937, "final/reward_param_4": 3.3785273373997127, "optimal_reward_1": 3.8741025924682617, "optimal_reward_2": 3.8741025924682617, "optimal_reward_3": 3.3118550777435303, "final/reward_1": 3.8313021659851074, "final/reward_2": 3.6054656505584717, "final/reward_3": 3.3118550777435303, "reward_0_when_1_group_param_known": 3.8741025924682617, "reward_1_when_1_group_param_known": 3.481130361557007, "reward_2_when_1_group_param_known": 3.279806137084961, "reward_0_when_2_group_param_known": 3.481130361557007, "reward_1_when_2_group_param_known": 3.8741025924682617, "reward_2_when_2_group_param_known": 3.1205224990844727, "reward_0_when_3_group_param_known": 3.8313021659851074, "reward_1_when_3_group_param_known": 3.6054656505584717, "reward_2_when_3_group_param_known": 3.3118550777435303, "reward_error_0_when_1_group_param_known": 0.0, "reward_error_1_when_1_group_param_known": 0.10143568001406103, "reward_error_2_when_1_group_param_known": 0.009677035953036107, "reward_error_0_when_2_group_param_known": 0.10143568001406103, "reward_error_1_when_2_group_param_known": 0.0, "reward_error_2_when_2_group_param_known": 0.057772026301772375, "reward_error_0_when_3_group_param_known": 0.011047829906818591, "reward_error_1_when_3_group_param_known": 0.06934172121101123, "reward_error_2_when_3_group_param_known": 0.0, "_wandb": {"runtime": 14}}