{"Iteration": 99, "train_loss": 16.858231412573343, "val_loss": 17.543545190115452, "grad_norm": 0.5490640174532053, "max_reward_err": 0.08082785092703176, "max_reward_err_index": 1, "max_kl_dist": 0.5923319001026441, "max_kl_dist_index": 0, "max_train_grp_loss": 21.00935410385719, "max_train_grp_loss_index": 0, "max_val_grp_loss": 20.912017904624097, "max_val_grp_loss_index": 0, "max_cur_train_grp_loss": 21.02481658613942, "max_cur_train_grp_loss_index": 0, "reward_err_1": 0.07256677348524289, "reward_err_2": 0.011887978819406994, "reward_err_3": 0.034012140542838874, "reward_param_1": 5.710259134424076, "reward_param_2": 3.996340081768213, "reward_param_3": 5.908855523431578, "reward_param_4": 2.8360682334549305, "KL_distance_1": 0.5923319001026441, "KL_distance_2": 0.25161235912911084, "KL_distance_3": 0.42215361457754685, "hist_group_loss_1": 2215.2960574387175, "hist_group_loss_2": 1420.0622654741833, "hist_group_loss_3": 2188.969399309884, "cur_group_loss_1": 21.02481658613942, "cur_group_loss_2": 9.796218812027066, "cur_group_loss_3": 20.541695149797125, "train_group_loss_1": 21.00935410385719, "train_group_loss_2": 9.743198512383522, "train_group_loss_3": 20.52245586872438, "val_group_loss_1": 20.912017904624097, "val_group_loss_2": 11.186050950689364, "val_group_loss_3": 19.84427482671209, "_timestamp": 1726584364.45655, "_runtime": 8.003835916519165, "_step": 2, "final/reward_err_1": 0.07256677348524289, "final/reward_err_2": 0.011887978819406994, "final/reward_err_3": 0.034012140542838874, "final/reward_param_1": 5.710259134424076, "final/reward_param_2": 3.996340081768213, "final/reward_param_3": 5.908855523431578, "final/reward_param_4": 2.8360682334549305, "optimal_reward_1": 3.881588935852051, "optimal_reward_2": 3.881588935852051, "optimal_reward_3": 3.3879454135894775, "final/reward_1": 3.8417856693267822, "final/reward_2": 3.59991455078125, "final/reward_3": 3.3879454135894775, "reward_0_when_1_group_param_known": 3.881588935852051, "reward_1_when_1_group_param_known": 3.493168592453003, "reward_2_when_1_group_param_known": 3.3462095260620117, "reward_0_when_2_group_param_known": 3.493168592453003, "reward_1_when_2_group_param_known": 3.881588935852051, "reward_2_when_2_group_param_known": 3.1958134174346924, "reward_0_when_3_group_param_known": 3.8417856693267822, "reward_1_when_3_group_param_known": 3.59991455078125, "reward_2_when_3_group_param_known": 3.3879454135894775, "reward_error_0_when_1_group_param_known": 0.0, "reward_error_1_when_1_group_param_known": 0.10006735638888185, "reward_error_2_when_1_group_param_known": 0.012318937418548096, "reward_error_0_when_2_group_param_known": 0.10006735638888185, "reward_error_1_when_2_group_param_known": 0.0, "reward_error_2_when_2_group_param_known": 0.05671047573084248, "reward_error_0_when_3_group_param_known": 0.01025437447990131, "reward_error_1_when_3_group_param_known": 0.07256677348524289, "reward_error_2_when_3_group_param_known": 0.0, "_wandb": {"runtime": 7}}