{"Iteration": 199, "train_loss": 18.17475959802486, "val_loss": 15.00879978588652, "grad_norm": 0.010401782977478126, "live_grad": 1.8305217710922447e-14, "train_weighted_loss": 54.52427879407457, "val_weighted_loss": 45.02639935765956, "max_reward_err": 0.08791136274355489, "max_reward_err_index": 0, "max_kl_dist": 1.4153318631708303, "max_kl_dist_index": 0, "max_train_grp_loss": 18.56427126846117, "max_train_grp_loss_index": 0, "max_val_grp_loss": 20.00473567248986, "max_val_grp_loss_index": 0, "max_cur_train_grp_loss": 0.29001673624011226, "max_cur_train_grp_loss_index": 2, "reward_err_1": 0.08791136274355489, "reward_err_2": 0.0005483346885335356, "reward_err_3": 0.05124711492590139, "KL_distance_1": 1.4153318631708303, "KL_distance_2": 0.7049021542562952, "KL_distance_3": 1.1279400785244487, "reward_param_1": 9.421227551859333, "reward_param_2": 3.9958611811965214, "reward_param_3": 10.544542082269619, "reward_param_4": 3.7289905186305727, "group_weight_1": 0.29819475060282397, "group_weight_2": 0.30449045069270714, "group_weight_3": 0.3973147987044688, "hist_group_loss_1": 29.596806179172383, "hist_group_loss_2": 31.68609892714004, "hist_group_loss_3": 58.29501735415777, "cur_group_loss_1": 0.1473414864550823, "cur_group_loss_2": 0.15931095263094627, "cur_group_loss_3": 0.29001673624011226, "train_group_loss_1": 18.56427126846117, "train_group_loss_2": 17.844252575581955, "train_group_loss_3": 17.98021630832535, "val_group_loss_1": 20.00473567248986, "val_group_loss_2": 6.557804058016466, "val_group_loss_3": 18.679202129166047, "_timestamp": 1726693041.252288, "_runtime": 14.14041018486023, "_step": 3, "final/reward_err_1": 0.08791136274355489, "final/reward_err_2": 0.0005483346885335356, "final/reward_err_3": 0.05124711492590139, "final/reward_param_1": 9.421227551859333, "final/reward_param_2": 3.9958611811965214, "final/reward_param_3": 10.544542082269619, "final/reward_param_4": 3.7289905186305727, "optimal_reward_1": 3.761061906814575, "optimal_reward_2": 3.761061906814575, "optimal_reward_3": 3.2219769954681396, "final/reward_1": 3.7224037647247314, "final/reward_2": 3.5345420837402344, "final/reward_3": 3.2219769954681396, "reward_0_when_1_group_param_known": 3.761061906814575, "reward_1_when_1_group_param_known": 3.4177727699279785, "reward_2_when_1_group_param_known": 3.179455518722534, "reward_0_when_2_group_param_known": 3.4177727699279785, "reward_1_when_2_group_param_known": 3.761061906814575, "reward_2_when_2_group_param_known": 3.04893159866333, "reward_0_when_3_group_param_known": 3.7224037647247314, "reward_1_when_3_group_param_known": 3.5345420837402344, "reward_2_when_3_group_param_known": 3.2219769954681396, "reward_error_0_when_1_group_param_known": 0.0, "reward_error_1_when_1_group_param_known": 0.0912745244274229, "reward_error_2_when_1_group_param_known": 0.01319732474980855, "reward_error_0_when_2_group_param_known": 0.0912745244274229, "reward_error_1_when_2_group_param_known": 0.0, "reward_error_2_when_2_group_param_known": 0.0537078312626707, "reward_error_0_when_3_group_param_known": 0.010278517888737756, "reward_error_1_when_3_group_param_known": 0.06022762418877369, "reward_error_2_when_3_group_param_known": 0.0, "_wandb": {"runtime": 14}}