{"Iteration": 199, "train_loss": 18.493666679451476, "val_loss": 16.035947977233544, "grad_norm": 0.19759645425037017, "max_reward_err": 0.059959986147734554, "max_reward_err_index": 0, "max_kl_dist": 0.8828912829052229, "max_kl_dist_index": 0, "max_train_grp_loss": 19.312655572667932, "max_train_grp_loss_index": 0, "max_val_grp_loss": 20.349596580567905, "max_val_grp_loss_index": 0, "max_cur_train_grp_loss": 19.316230440951983, "max_cur_train_grp_loss_index": 0, "reward_err_1": 0.07733097551530307, "reward_err_2": 0.0042536825745638504, "reward_err_3": 0.04247432893607502, "reward_param_1": 6.939218632009845, "reward_param_2": 3.8731857809278942, "reward_param_3": 8.080355451155055, "reward_param_4": 3.3684302589979076, "KL_distance_1": 0.8828912829052229, "KL_distance_2": 0.3999959275538043, "KL_distance_3": 0.6785395722255867, "hist_group_loss_1": 3976.6690837381525, "hist_group_loss_2": 3824.4663839089917, "hist_group_loss_3": 3935.1683396569592, "cur_group_loss_1": 19.316230440951983, "cur_group_loss_2": 17.341151434160892, "cur_group_loss_3": 18.922803382304355, "train_group_loss_1": 19.312655572667932, "train_group_loss_2": 17.337345092811116, "train_group_loss_3": 18.918108891684476, "val_group_loss_1": 20.349596580567905, "val_group_loss_2": 8.479449885085081, "val_group_loss_3": 19.471812115217347, "_timestamp": 1726692340.833935, "_runtime": 11.74537706375122, "_step": 3, "final/reward_err_1": 0.07733097551530307, "final/reward_err_2": 0.0042536825745638504, "final/reward_err_3": 0.04247432893607502, "final/reward_param_1": 6.939218632009845, "final/reward_param_2": 3.8731857809278942, "final/reward_param_3": 8.080355451155055, "final/reward_param_4": 3.3684302589979076, "optimal_reward_1": 3.761061906814575, "optimal_reward_2": 3.761061906814575, "optimal_reward_3": 3.2219769954681396, "final/reward_1": 3.7224037647247314, "final/reward_2": 3.5345420837402344, "final/reward_3": 3.2219769954681396, "reward_0_when_1_group_param_known": 3.761061906814575, "reward_1_when_1_group_param_known": 3.4177727699279785, "reward_2_when_1_group_param_known": 3.179455518722534, "reward_0_when_2_group_param_known": 3.4177727699279785, "reward_1_when_2_group_param_known": 3.761061906814575, "reward_2_when_2_group_param_known": 3.04893159866333, "reward_0_when_3_group_param_known": 3.7224037647247314, "reward_1_when_3_group_param_known": 3.5345420837402344, "reward_2_when_3_group_param_known": 3.2219769954681396, "reward_error_0_when_1_group_param_known": 0.0, "reward_error_1_when_1_group_param_known": 0.0912745244274229, "reward_error_2_when_1_group_param_known": 0.01319732474980855, "reward_error_0_when_2_group_param_known": 0.0912745244274229, "reward_error_1_when_2_group_param_known": 0.0, "reward_error_2_when_2_group_param_known": 0.0537078312626707, "reward_error_0_when_3_group_param_known": 0.010278517888737756, "reward_error_1_when_3_group_param_known": 0.06022762418877369, "reward_error_2_when_3_group_param_known": 0.0, "_wandb": {"runtime": 11}}