{"Iteration": 99, "train_loss": 18.503111804734786, "val_loss": 19.258119188747113, "grad_norm": 0.4096394350114322, "max_reward_err": 0.10389331915505676, "max_reward_err_index": 1, "max_kl_dist": 0.3648360073730568, "max_kl_dist_index": 0, "max_train_grp_loss": 19.576420599434552, "max_train_grp_loss_index": 0, "max_val_grp_loss": 20.535521632662732, "max_val_grp_loss_index": 0, "max_cur_train_grp_loss": 19.59120848945721, "max_cur_train_grp_loss_index": 0, "reward_err_1": 0.04076277122257858, "reward_err_2": 0.03435837924493649, "reward_err_3": 0.014244356056861876, "reward_param_1": 5.4344867883684085, "reward_param_2": 4.615337111810924, "reward_param_3": 3.990536293669648, "reward_param_4": 4.340805468028857, "KL_distance_1": 0.3648360073730568, "KL_distance_2": 0.3190457758628577, "KL_distance_3": 0.2832060501278573, "hist_group_loss_1": 2059.4051908306133, "hist_group_loss_2": 1899.3617535619164, "hist_group_loss_3": 2016.3919289422, "cur_group_loss_1": 19.59120848945721, "cur_group_loss_2": 17.446871747181262, "cur_group_loss_3": 18.63820846177911, "train_group_loss_1": 19.576420599434552, "train_group_loss_2": 17.430665024032105, "train_group_loss_3": 18.614927638093807, "val_group_loss_1": 20.535521632662732, "val_group_loss_2": 17.595029122297582, "val_group_loss_3": 19.708403131553897, "_timestamp": 1726684351.4859672, "_runtime": 8.561740159988403, "_step": 2, "final/reward_err_1": 0.04076277122257858, "final/reward_err_2": 0.03435837924493649, "final/reward_err_3": 0.014244356056861876, "final/reward_param_1": 5.4344867883684085, "final/reward_param_2": 4.615337111810924, "final/reward_param_3": 3.990536293669648, "final/reward_param_4": 4.340805468028857, "optimal_reward_1": 3.867177724838257, "optimal_reward_2": 3.867177724838257, "optimal_reward_3": 3.3261606693267822, "final/reward_1": 3.823817253112793, "final/reward_2": 3.633922815322876, "final/reward_3": 3.3261606693267822, "reward_0_when_1_group_param_known": 3.867177724838257, "reward_1_when_1_group_param_known": 3.538572311401367, "reward_2_when_1_group_param_known": 3.2763869762420654, "reward_0_when_2_group_param_known": 3.538572311401367, "reward_1_when_2_group_param_known": 3.867177724838257, "reward_2_when_2_group_param_known": 3.1662933826446533, "reward_0_when_3_group_param_known": 3.823817253112793, "reward_1_when_3_group_param_known": 3.633922815322876, "reward_2_when_3_group_param_known": 3.3261606693267822, "reward_error_0_when_1_group_param_known": 0.0, "reward_error_1_when_1_group_param_known": 0.08497292775718847, "reward_error_2_when_1_group_param_known": 0.01496430811166769, "reward_error_0_when_2_group_param_known": 0.08497292775718847, "reward_error_1_when_2_group_param_known": 0.0, "reward_error_2_when_2_group_param_known": 0.04806360924064627, "reward_error_0_when_3_group_param_known": 0.011212433151692661, "reward_error_1_when_3_group_param_known": 0.060316573509725795, "reward_error_2_when_3_group_param_known": 0.0, "_wandb": {"runtime": 8}}