{"Iteration": 199, "train_loss": 17.933348406880402, "val_loss": 15.160970600509781, "grad_norm": 0.022214383435003725, "live_grad": 2.1788674891404483e-14, "train_weighted_loss": 53.800045220641216, "val_weighted_loss": 45.48291180152935, "max_reward_err": 0.09862583062403416, "max_reward_err_index": 0, "max_kl_dist": 1.4988912646064705, "max_kl_dist_index": 0, "max_train_grp_loss": 20.898556739170264, "max_train_grp_loss_index": 0, "max_val_grp_loss": 20.003020125530227, "max_val_grp_loss_index": 0, "max_cur_train_grp_loss": 0.3052559937324736, "max_cur_train_grp_loss_index": 2, "reward_err_1": 0.09862583062403416, "reward_err_2": 0.004607458648683175, "reward_err_3": 0.0636702870279255, "KL_distance_1": 1.4988912646064705, "KL_distance_2": 0.6607293280716185, "KL_distance_3": 1.239947350770596, "reward_param_1": 6.237819583404676, "reward_param_2": 3.907592182573439, "reward_param_3": 12.449918416773427, "reward_param_4": 4.516280652926928, "group_weight_1": 0.30520334587455716, "group_weight_2": 0.28584627580524236, "group_weight_3": 0.40895037832020054, "hist_group_loss_1": 32.34340565223101, "hist_group_loss_2": 25.79099634123596, "hist_group_loss_3": 61.60496185622828, "cur_group_loss_1": 0.16076773918715875, "cur_group_loss_2": 0.13087990943734207, "cur_group_loss_3": 0.3052559937324736, "train_group_loss_1": 20.898556739170264, "train_group_loss_2": 14.792038502588888, "train_group_loss_3": 17.39810166981479, "val_group_loss_1": 20.003020125530227, "val_group_loss_2": 7.243585558786884, "val_group_loss_3": 17.376560355778583, "_timestamp": 1726692815.060927, "_runtime": 14.122853994369507, "_step": 3, "final/reward_err_1": 0.09862583062403416, "final/reward_err_2": 0.004607458648683175, "final/reward_err_3": 0.0636702870279255, "final/reward_param_1": 6.237819583404676, "final/reward_param_2": 3.907592182573439, "final/reward_param_3": 12.449918416773427, "final/reward_param_4": 4.516280652926928, "optimal_reward_1": 3.8651840686798096, "optimal_reward_2": 3.8651840686798096, "optimal_reward_3": 3.337219715118408, "final/reward_1": 3.8319525718688965, "final/reward_2": 3.6041877269744873, "final/reward_3": 3.337219715118408, "reward_0_when_1_group_param_known": 3.8651840686798096, "reward_1_when_1_group_param_known": 3.4605093002319336, "reward_2_when_1_group_param_known": 3.3015952110290527, "reward_0_when_2_group_param_known": 3.4605093002319336, "reward_1_when_2_group_param_known": 3.8651840686798096, "reward_2_when_2_group_param_known": 3.1258203983306885, "reward_0_when_3_group_param_known": 3.8319525718688965, "reward_1_when_3_group_param_known": 3.6041877269744873, "reward_2_when_3_group_param_known": 3.337219715118408, "reward_error_0_when_1_group_param_known": 0.0, "reward_error_1_when_1_group_param_known": 0.10469741188447372, "reward_error_2_when_1_group_param_known": 0.010674905199669023, "reward_error_0_when_2_group_param_known": 0.10469741188447372, "reward_error_1_when_2_group_param_known": 0.0, "reward_error_2_when_2_group_param_known": 0.0633459390851702, "reward_error_0_when_3_group_param_known": 0.00859764922457202, "reward_error_1_when_3_group_param_known": 0.06752494501367125, "reward_error_2_when_3_group_param_known": 0.0, "_wandb": {"runtime": 14}}