{"Iteration": 99, "train_loss": 16.116136122286257, "val_loss": 15.501014706682337, "grad_norm": 0.448192476249316, "max_reward_err": 0.06754291145805175, "max_reward_err_index": 1, "max_kl_dist": 0.7290586013639169, "max_kl_dist_index": 0, "max_train_grp_loss": 20.256209686013918, "max_train_grp_loss_index": 0, "max_val_grp_loss": 19.61645513283203, "max_val_grp_loss_index": 0, "max_cur_train_grp_loss": 20.26414694365899, "max_cur_train_grp_loss_index": 0, "reward_err_1": 0.07366880050385471, "reward_err_2": 0.008396264883831512, "reward_err_3": 0.037808871537150436, "reward_param_1": 6.983679079486952, "reward_param_2": 4.667787050560916, "reward_param_3": 6.896680494841986, "reward_param_4": 3.2713464284604807, "KL_distance_1": 0.7290586013639169, "KL_distance_2": 0.39670790092707775, "KL_distance_3": 0.5615420146392421, "hist_group_loss_1": 2083.761036924728, "hist_group_loss_2": 1357.3012180213611, "hist_group_loss_3": 1921.324953717528, "cur_group_loss_1": 20.26414694365899, "cur_group_loss_2": 10.817238347034355, "cur_group_loss_3": 18.024681486430882, "train_group_loss_1": 20.256209686013918, "train_group_loss_2": 10.783073024713438, "train_group_loss_3": 18.006821324767998, "val_group_loss_1": 19.61645513283203, "val_group_loss_2": 10.274465435319167, "val_group_loss_3": 19.415290935657822, "_timestamp": 1726687556.943682, "_runtime": 8.480592966079712, "_step": 2, "final/reward_err_1": 0.07366880050385471, "final/reward_err_2": 0.008396264883831512, "final/reward_err_3": 0.037808871537150436, "final/reward_param_1": 6.983679079486952, "final/reward_param_2": 4.667787050560916, "final/reward_param_3": 6.896680494841986, "final/reward_param_4": 3.2713464284604807, "optimal_reward_1": 3.8718228340148926, "optimal_reward_2": 3.8718228340148926, "optimal_reward_3": 3.2936482429504395, "final/reward_1": 3.8382151126861572, "final/reward_2": 3.6131527423858643, "final/reward_3": 3.2936482429504395, "reward_0_when_1_group_param_known": 3.8718228340148926, "reward_1_when_1_group_param_known": 3.4881396293640137, "reward_2_when_1_group_param_known": 3.268806219100952, "reward_0_when_2_group_param_known": 3.4881396293640137, "reward_1_when_2_group_param_known": 3.8718228340148926, "reward_2_when_2_group_param_known": 3.0986905097961426, "reward_0_when_3_group_param_known": 3.8382151126861572, "reward_1_when_3_group_param_known": 3.6131527423858643, "reward_2_when_3_group_param_known": 3.2936482429504395, "reward_error_0_when_1_group_param_known": 0.0, "reward_error_1_when_1_group_param_known": 0.09909627095540888, "reward_error_2_when_1_group_param_known": 0.007542403443554707, "reward_error_0_when_2_group_param_known": 0.09909627095540888, "reward_error_1_when_2_group_param_known": 0.0, "reward_error_2_when_2_group_param_known": 0.05919203229172231, "reward_error_0_when_3_group_param_known": 0.008680077258051028, "reward_error_1_when_3_group_param_known": 0.06680834912087132, "reward_error_2_when_3_group_param_known": 0.0, "_wandb": {"runtime": 8}}