{"Iteration": 199, "train_loss": 14.75852325481687, "val_loss": 13.93176536995067, "grad_norm": 0.046179736601303076, "live_grad": 1.4847829302179522e-14, "train_weighted_loss": 44.27556976445062, "val_weighted_loss": 41.79529610985202, "max_reward_err": 0.1006353693615757, "max_reward_err_index": 0, "max_kl_dist": 1.927213700521851, "max_kl_dist_index": 0, "max_train_grp_loss": 20.471781382079364, "max_train_grp_loss_index": 0, "max_val_grp_loss": 19.78188274624863, "max_val_grp_loss_index": 0, "max_cur_train_grp_loss": 0.35703811618260917, "max_cur_train_grp_loss_index": 2, "reward_err_1": 0.1006353693615757, "reward_err_2": 0.0011204523662938781, "reward_err_3": 0.061200208921946386, "KL_distance_1": 1.927213700521851, "KL_distance_2": 1.052253836064012, "KL_distance_3": 1.5732538574120056, "reward_param_1": 13.77873479600647, "reward_param_2": 5.348150878553298, "reward_param_3": 10.36491067651864, "reward_param_4": 3.464260887892064, "group_weight_1": 0.30367661174524363, "group_weight_2": 0.24547478938657605, "group_weight_3": 0.4508485988681804, "hist_group_loss_1": 33.12310558331543, "hist_group_loss_2": 11.846194886503074, "hist_group_loss_3": 72.63992799782646, "cur_group_loss_1": 0.16379338285524284, "cur_group_loss_2": 0.062431160271151594, "cur_group_loss_3": 0.35703811618260917, "train_group_loss_1": 20.471781382079364, "train_group_loss_2": 7.809183280232413, "train_group_loss_3": 17.8487278731218, "val_group_loss_1": 19.78188274624863, "val_group_loss_2": 5.996041549898002, "val_group_loss_3": 16.56848789491559, "_timestamp": 1726698380.1425989, "_runtime": 14.237936973571777, "_step": 3, "final/reward_err_1": 0.1006353693615757, "final/reward_err_2": 0.0011204523662938781, "final/reward_err_3": 0.061200208921946386, "final/reward_param_1": 13.77873479600647, "final/reward_param_2": 5.348150878553298, "final/reward_param_3": 10.36491067651864, "final/reward_param_4": 3.464260887892064, "optimal_reward_1": 3.828052282333374, "optimal_reward_2": 3.828052282333374, "optimal_reward_3": 3.2916338443756104, "final/reward_1": 3.7912938594818115, "final/reward_2": 3.5654032230377197, "final/reward_3": 3.2916338443756104, "reward_0_when_1_group_param_known": 3.828052282333374, "reward_1_when_1_group_param_known": 3.4364659786224365, "reward_2_when_1_group_param_known": 3.2576518058776855, "reward_0_when_2_group_param_known": 3.4364659786224365, "reward_1_when_2_group_param_known": 3.828052282333374, "reward_2_when_2_group_param_known": 3.0915684700012207, "reward_0_when_3_group_param_known": 3.7912938594818115, "reward_1_when_3_group_param_known": 3.5654032230377197, "reward_2_when_3_group_param_known": 3.2916338443756104, "reward_error_0_when_1_group_param_known": 0.0, "reward_error_1_when_1_group_param_known": 0.10229387553511878, "reward_error_2_when_1_group_param_known": 0.010323760206801147, "reward_error_0_when_2_group_param_known": 0.10229387553511878, "reward_error_1_when_2_group_param_known": 0.0, "reward_error_2_when_2_group_param_known": 0.06077996029729729, "reward_error_0_when_3_group_param_known": 0.009602382658461642, "reward_error_1_when_3_group_param_known": 0.06861166983214702, "reward_error_2_when_3_group_param_known": 0.0, "_wandb": {"runtime": 13}}