{"Iteration": 99, "train_loss": 17.488391848642696, "val_loss": 19.314520940227574, "grad_norm": 0.0064273438936873085, "live_grad": 2.0581989848012347e-14, "train_weighted_loss": 52.46517554592809, "val_weighted_loss": 57.94356282068272, "max_reward_err": 0.0950930059876728, "max_reward_err_index": 0, "max_kl_dist": 1.476714789736643, "max_kl_dist_index": 0, "max_train_grp_loss": 21.1904716289093, "max_train_grp_loss_index": 0, "max_val_grp_loss": 22.175003001898926, "max_val_grp_loss_index": 0, "max_cur_train_grp_loss": 0.2087416514644338, "max_cur_train_grp_loss_index": 2, "reward_err_1": 0.0950930059876728, "reward_err_2": 0.002272250430370527, "reward_err_3": 0.0528004142513044, "KL_distance_1": 1.476714789736643, "KL_distance_2": 0.7795938793713995, "KL_distance_3": 1.1882876144384313, "reward_param_1": 11.187963806811373, "reward_param_2": 5.166061336155554, "reward_param_3": 9.215661031096772, "reward_param_4": 3.4652230982947594, "group_weight_1": 0.3420074623007828, "group_weight_2": 0.3133872533065199, "group_weight_3": 0.34460528439269733, "hist_group_loss_1": 20.216736557301036, "hist_group_loss_2": 11.477446596733712, "hist_group_loss_3": 20.973446799160016, "cur_group_loss_1": 0.20181869552574885, "cur_group_loss_2": 0.11538151791721156, "cur_group_loss_3": 0.2087416514644338, "train_group_loss_1": 21.1904716289093, "train_group_loss_2": 11.655589690577445, "train_group_loss_3": 19.620249732010752, "val_group_loss_1": 22.175003001898926, "val_group_loss_2": 14.188236998980742, "val_group_loss_3": 21.513836798528697, "_timestamp": 1726608887.3891, "_runtime": 9.75388503074646, "_step": 2, "final/reward_err_1": 0.0950930059876728, "final/reward_err_2": 0.002272250430370527, "final/reward_err_3": 0.0528004142513044, "final/reward_param_1": 11.187963806811373, "final/reward_param_2": 5.166061336155554, "final/reward_param_3": 9.215661031096772, "final/reward_param_4": 3.4652230982947594, "optimal_reward_1": 3.8704123497009277, "optimal_reward_2": 3.8704123497009277, "optimal_reward_3": 3.3123531341552734, "final/reward_1": 3.8274452686309814, "final/reward_2": 3.5988070964813232, "final/reward_3": 3.3123531341552734, "reward_0_when_1_group_param_known": 3.8704123497009277, "reward_1_when_1_group_param_known": 3.479184150695801, "reward_2_when_1_group_param_known": 3.2794346809387207, "reward_0_when_2_group_param_known": 3.479184150695801, "reward_1_when_2_group_param_known": 3.8704123497009277, "reward_2_when_2_group_param_known": 3.123277425765991, "reward_0_when_3_group_param_known": 3.8274452686309814, "reward_1_when_3_group_param_known": 3.5988070964813232, "reward_2_when_3_group_param_known": 3.3123531341552734, "reward_error_0_when_1_group_param_known": 0.0, "reward_error_1_when_1_group_param_known": 0.10108178758662696, "reward_error_2_when_1_group_param_known": 0.009938086877608145, "reward_error_0_when_2_group_param_known": 0.10108178758662696, "reward_error_1_when_2_group_param_known": 0.0, "reward_error_2_when_2_group_param_known": 0.057081989972515686, "reward_error_0_when_3_group_param_known": 0.011101422067668428, "reward_error_1_when_3_group_param_known": 0.07017475883172805, "reward_error_2_when_3_group_param_known": 0.0, "_wandb": {"runtime": 9}}