{"hist_group_loss_2":11.564628542090055,"final/reward_param_1":5.041549250929,"reward_error_2_when_2_group_param_known":0.06690737556116683,"reward_1_when_2_group_param_known":7.24455908203125,"reward_error_0_when_1_group_param_known":0,"val_weighted_loss":39.80836058103145,"final/reward_err_3":0.002559649521013967,"reward_param_3":6.545273587906354,"reward_error_0_when_2_group_param_known":0.11032717529039895,"reward_err_3":0.002559649521013967,"max_reward_err":0.03160109988254256,"KL_distance_2":0.4852216796875,"_timestamp":1.7283152152858949e+09,"reward_0_when_1_group_param_known":3.867779541015625,"reward_error_2_when_3_group_param_known":0,"final/reward_param_4":13.76117869428283,"live_grad":1.753744687862772e-14,"final/reward_3":3.27631982421875,"reward_error_0_when_3_group_param_known":0.006874768225192712,"final/reward_2":7.1339345703125,"max_kl_dist_index":2,"val_group_loss_1":12.691795844761222,"train_loss":12.856037656690416,"KL_distance_3":0.9593115844726563,"max_cur_train_grp_loss_index":2,"max_val_grp_loss":14.769304596031619,"Iteration":99,"val_group_loss_3":12.348994847993119,"train_group_loss_3":10.280503921850203,"group_weight_2":9.28840507006933e-05,"reward_1_when_1_group_param_known":6.77779443359375,"reward_2_when_3_group_param_known":3.27631982421875,"final/reward_param_3":6.545273587906354,"max_train_grp_loss_index":1,"optimal_reward_2":7.24455908203125,"train_group_loss_1":11.791802143225182,"train_group_loss_2":14.950486664091741,"reward_2_when_1_group_param_known":3.255072021484375,"max_reward_err_index":1,"max_train_grp_loss":14.950486664091741,"final/reward_err_1":0.010729607367558956,"reward_err_1":0.010729607367558956,"reward_param_2":6.805824317115074,"optimal_reward_1":3.867779541015625,"hist_group_loss_3":20.84868289682894,"cur_group_loss_1":0.09433451532524702,"reward_err_2":0.03160109988254256,"max_kl_dist":0.9593115844726563,"final/reward_err_2":0.03160109988254256,"hist_group_loss_1":9.463824420234213,"cur_group_loss_3":0.2056100795962686,"val_group_loss_2":14.769304596031619,"reward_error_1_when_2_group_param_known":0,"reward_error_2_when_1_group_param_known":0.0064852651372159075,"reward_1_when_3_group_param_known":7.1339345703125,"reward_param_4":13.76117869428283,"group_weight_1":1.1365106484565606e-05,"optimal_reward_3":3.27631982421875,"_wandb":{"runtime":103},"cur_group_loss_2":0.11960197023610954,"final/reward_param_2":6.805824317115074,"KL_distance_1":0.942234619140625,"val_loss":13.269453527010484,"group_weight_3":0.9998957508428148,"_runtime":103.540148,"reward_error_1_when_3_group_param_known":0.015270013049259644,"reward_param_1":5.041549250929,"max_val_grp_loss_index":1,"final/reward_1":3.841189453125,"_step":101,"reward_error_1_when_1_group_param_known":0.06442968345654335,"grad_norm":0.3551744518518083,"train_weighted_loss":38.56811297007125,"reward_2_when_2_group_param_known":3.05710986328125,"reward_0_when_3_group_param_known":3.841189453125,"max_cur_train_grp_loss":0.2056100795962686,"reward_0_when_2_group_param_known":3.441058349609375}