{"Iteration": 99, "train_loss": 14.716197647554617, "val_loss": 15.101795956180519, "grad_norm": 0.018046902498175445, "live_grad": 2.350166118916376e-14, "train_weighted_loss": 44.14859294266385, "val_weighted_loss": 45.30538786854155, "max_reward_err": 0.09580698690769006, "max_reward_err_index": 0, "max_kl_dist": 1.7071194918908255, "max_kl_dist_index": 0, "max_train_grp_loss": 20.22675948992207, "max_train_grp_loss_index": 0, "max_val_grp_loss": 18.737691739174824, "max_val_grp_loss_index": 0, "max_cur_train_grp_loss": 0.3716525995609101, "max_cur_train_grp_loss_index": 2, "reward_err_1": 0.09580698690769006, "reward_err_2": 0.00017059394608610963, "reward_err_3": 0.05686920770177622, "KL_distance_1": 1.7071194918908255, "KL_distance_2": 0.9887659317985203, "KL_distance_3": 1.3954944579358624, "reward_param_1": 10.806290712916514, "reward_param_2": 4.56260327113361, "reward_param_3": 12.331255578720631, "reward_param_4": 4.022654334763109, "group_weight_1": 0.3186008572723702, "group_weight_2": 0.2878773742104791, "group_weight_3": 0.39352176851715065, "hist_group_loss_1": 16.52262057585966, "hist_group_loss_2": 6.382172301090013, "hist_group_loss_3": 37.64235041123286, "cur_group_loss_1": 0.1644572850416692, "cur_group_loss_2": 0.06432347119380805, "cur_group_loss_3": 0.3716525995609101, "train_group_loss_1": 20.22675948992207, "train_group_loss_2": 8.301358624957004, "train_group_loss_3": 17.835262799719114, "val_group_loss_1": 18.737691739174824, "val_group_loss_2": 9.1579861121667, "val_group_loss_3": 17.223223755938108, "_timestamp": 1726683218.440363, "_runtime": 10.064294815063477, "_step": 2, "final/reward_err_1": 0.09580698690769006, "final/reward_err_2": 0.00017059394608610963, "final/reward_err_3": 0.05686920770177622, "final/reward_param_1": 10.806290712916514, "final/reward_param_2": 4.56260327113361, "final/reward_param_3": 12.331255578720631, "final/reward_param_4": 4.022654334763109, "optimal_reward_1": 3.8433432579040527, "optimal_reward_2": 3.8433432579040527, "optimal_reward_3": 3.2542388439178467, "final/reward_1": 3.803264617919922, "final/reward_2": 3.5905978679656982, "final/reward_3": 3.2542388439178467, "reward_0_when_1_group_param_known": 3.8433432579040527, "reward_1_when_1_group_param_known": 3.466123342514038, "reward_2_when_1_group_param_known": 3.218020439147949, "reward_0_when_2_group_param_known": 3.466123342514038, "reward_1_when_2_group_param_known": 3.8433432579040527, "reward_2_when_2_group_param_known": 3.063755989074707, "reward_0_when_3_group_param_known": 3.803264617919922, "reward_1_when_3_group_param_known": 3.5905978679656982, "reward_2_when_3_group_param_known": 3.2542388439178467, "reward_error_0_when_1_group_param_known": 0.0, "reward_error_1_when_1_group_param_known": 0.09814890059956018, "reward_error_2_when_1_group_param_known": 0.01112960864491844, "reward_error_0_when_2_group_param_known": 0.09814890059956018, "reward_error_1_when_2_group_param_known": 0.0, "reward_error_2_when_2_group_param_known": 0.058533765952413414, "reward_error_0_when_3_group_param_known": 0.010428066736351708, "reward_error_1_when_3_group_param_known": 0.06576185705468002, "reward_error_2_when_3_group_param_known": 0.0, "_wandb": {"runtime": 10}}