{"Iteration": 99, "train_loss": 16.11626059525742, "val_loss": 15.308754926138667, "grad_norm": 0.012136555911116509, "live_grad": 1.8637946526410196e-14, "train_weighted_loss": 48.34878178577226, "val_weighted_loss": 45.926264778416005, "max_reward_err": 0.08674288230897001, "max_reward_err_index": 0, "max_kl_dist": 1.8486446807197783, "max_kl_dist_index": 0, "max_train_grp_loss": 21.355166269402474, "max_train_grp_loss_index": 0, "max_val_grp_loss": 19.51922062751637, "max_val_grp_loss_index": 0, "max_cur_train_grp_loss": 0.23997304122145444, "max_cur_train_grp_loss_index": 0, "reward_err_1": 0.08674288230897001, "reward_err_2": 0.0009142028860113062, "reward_err_3": 0.047618278935410145, "KL_distance_1": 1.8486446807197783, "KL_distance_2": 0.999584686424566, "KL_distance_3": 1.504233436446134, "reward_param_1": 12.613246779121127, "reward_param_2": 4.8744943253026145, "reward_param_3": 11.035053500719169, "reward_param_4": 4.787427260566132, "group_weight_1": 0.3577873684060851, "group_weight_2": 0.3079240625922151, "group_weight_3": 0.3342885690016999, "hist_group_loss_1": 24.144532148729315, "hist_group_loss_2": 9.13596570902146, "hist_group_loss_3": 17.351105354901616, "cur_group_loss_1": 0.23997304122145444, "cur_group_loss_2": 0.09212785353965626, "cur_group_loss_3": 0.1722314629391068, "train_group_loss_1": 21.355166269402474, "train_group_loss_2": 9.769894107884047, "train_group_loss_3": 18.082472430139966, "val_group_loss_1": 19.51922062751637, "val_group_loss_2": 8.23446301258938, "val_group_loss_3": 17.177180427997158, "_timestamp": 1726667244.914558, "_runtime": 9.801581859588623, "_step": 2, "final/reward_err_1": 0.08674288230897001, "final/reward_err_2": 0.0009142028860113062, "final/reward_err_3": 0.047618278935410145, "final/reward_param_1": 12.613246779121127, "final/reward_param_2": 4.8744943253026145, "final/reward_param_3": 11.035053500719169, "final/reward_param_4": 4.787427260566132, "optimal_reward_1": 3.7916831970214844, "optimal_reward_2": 3.7916831970214844, "optimal_reward_3": 3.2788846492767334, "final/reward_1": 3.7576465606689453, "final/reward_2": 3.5452187061309814, "final/reward_3": 3.2788846492767334, "reward_0_when_1_group_param_known": 3.7916831970214844, "reward_1_when_1_group_param_known": 3.4254605770111084, "reward_2_when_1_group_param_known": 3.243140459060669, "reward_0_when_2_group_param_known": 3.4254605770111084, "reward_1_when_2_group_param_known": 3.7916831970214844, "reward_2_when_2_group_param_known": 3.0971083641052246, "reward_0_when_3_group_param_known": 3.7576465606689453, "reward_1_when_3_group_param_known": 3.5452187061309814, "reward_2_when_3_group_param_known": 3.2788846492767334, "reward_error_0_when_1_group_param_known": 0.0, "reward_error_1_when_1_group_param_known": 0.0965857644167261, "reward_error_2_when_1_group_param_known": 0.010901325920065232, "reward_error_0_when_2_group_param_known": 0.0965857644167261, "reward_error_1_when_2_group_param_known": 0.0, "reward_error_2_when_2_group_param_known": 0.055438450758432616, "reward_error_0_when_3_group_param_known": 0.00897665616665342, "reward_error_1_when_3_group_param_known": 0.065001340587766, "reward_error_2_when_3_group_param_known": 0.0, "_wandb": {"runtime": 9}}