{"Iteration": 99, "train_loss": 15.772576589947882, "val_loss": 15.538177008687391, "grad_norm": 0.01027933201524002, "live_grad": 4.168588085649816e-14, "train_weighted_loss": 47.317729769843645, "val_weighted_loss": 46.61453102606217, "max_reward_err": 0.08534265631042998, "max_reward_err_index": 0, "max_kl_dist": 1.9117353232395808, "max_kl_dist_index": 0, "max_train_grp_loss": 19.7292553059197, "max_train_grp_loss_index": 0, "max_val_grp_loss": 18.776951294276127, "max_val_grp_loss_index": 0, "max_cur_train_grp_loss": 0.19730836326942108, "max_cur_train_grp_loss_index": 0, "reward_err_1": 0.08534265631042998, "reward_err_2": 0.0033052779002801743, "reward_err_3": 0.04688182939909706, "KL_distance_1": 1.9117353232395808, "KL_distance_2": 1.1227872104803243, "KL_distance_3": 1.594124399882568, "reward_param_1": 13.403982041831286, "reward_param_2": 5.5661469854614625, "reward_param_3": 10.566072877840169, "reward_param_4": 5.949496427125243, "group_weight_1": 0.3453762894181699, "group_weight_2": 0.3114325827516757, "group_weight_3": 0.3431911278301543, "hist_group_loss_1": 19.84002487859316, "hist_group_loss_2": 9.494861920353515, "hist_group_loss_3": 19.20532481322926, "cur_group_loss_1": 0.19730836326942108, "cur_group_loss_2": 0.09544115684535291, "cur_group_loss_3": 0.1908422738554944, "train_group_loss_1": 19.7292553059197, "train_group_loss_2": 10.119750635341338, "train_group_loss_3": 17.93780722389588, "val_group_loss_1": 18.776951294276127, "val_group_loss_2": 11.222427405882248, "val_group_loss_3": 16.57595685084712, "_timestamp": 1726595717.3069031, "_runtime": 9.194414138793945, "_step": 2, "final/reward_err_1": 0.08534265631042998, "final/reward_err_2": 0.0033052779002801743, "final/reward_err_3": 0.04688182939909706, "final/reward_param_1": 13.403982041831286, "final/reward_param_2": 5.5661469854614625, "final/reward_param_3": 10.566072877840169, "final/reward_param_4": 5.949496427125243, "optimal_reward_1": 3.805432081222534, "optimal_reward_2": 3.805432081222534, "optimal_reward_3": 3.2428696155548096, "final/reward_1": 3.766294479370117, "final/reward_2": 3.5440943241119385, "final/reward_3": 3.2428696155548096, "reward_0_when_1_group_param_known": 3.805432081222534, "reward_1_when_1_group_param_known": 3.4210703372955322, "reward_2_when_1_group_param_known": 3.2084529399871826, "reward_0_when_2_group_param_known": 3.4210703372955322, "reward_1_when_2_group_param_known": 3.805432081222534, "reward_2_when_2_group_param_known": 3.051255702972412, "reward_0_when_3_group_param_known": 3.766294479370117, "reward_1_when_3_group_param_known": 3.5440943241119385, "reward_2_when_3_group_param_known": 3.2428696155548096, "reward_error_0_when_1_group_param_known": 0.0, "reward_error_1_when_1_group_param_known": 0.10100344342593595, "reward_error_2_when_1_group_param_known": 0.010613030941035457, "reward_error_0_when_2_group_param_known": 0.10100344342593595, "reward_error_1_when_2_group_param_known": 0.0, "reward_error_2_when_2_group_param_known": 0.05908776340044587, "reward_error_0_when_3_group_param_known": 0.010284667027835545, "reward_error_1_when_3_group_param_known": 0.0686749235126641, "reward_error_2_when_3_group_param_known": 0.0, "_wandb": {"runtime": 9}}