{"Iteration": 99, "train_loss": 14.432048097808368, "val_loss": 15.83036260789732, "grad_norm": 0.013731094648824606, "live_grad": 2.7487830685268714e-14, "train_weighted_loss": 43.2961442934251, "val_weighted_loss": 47.491087823691956, "max_reward_err": 0.09409489765383275, "max_reward_err_index": 0, "max_kl_dist": 1.9220326026257748, "max_kl_dist_index": 0, "max_train_grp_loss": 19.309398255393607, "max_train_grp_loss_index": 0, "max_val_grp_loss": 21.44199265824585, "max_val_grp_loss_index": 0, "max_cur_train_grp_loss": 0.3017859419877652, "max_cur_train_grp_loss_index": 2, "reward_err_1": 0.09409489765383275, "reward_err_2": 0.000814666691104816, "reward_err_3": 0.05540036181102021, "KL_distance_1": 1.9220326026257748, "KL_distance_2": 1.110587179105008, "KL_distance_3": 1.5938431338818495, "reward_param_1": 13.851819671405663, "reward_param_2": 5.1940335123971915, "reward_param_3": 10.572678872267884, "reward_param_4": 4.666908488021303, "group_weight_1": 0.323160999268889, "group_weight_2": 0.2992974582783062, "group_weight_3": 0.3775415424528047, "hist_group_loss_1": 14.940768484092423, "hist_group_loss_2": 7.269495865596124, "hist_group_loss_3": 30.493764492122963, "cur_group_loss_1": 0.1485468443991504, "cur_group_loss_2": 0.07303035823048258, "cur_group_loss_3": 0.3017859419877652, "train_group_loss_1": 19.309398255393607, "train_group_loss_2": 8.693713926347332, "train_group_loss_3": 15.389033311882528, "val_group_loss_1": 21.44199265824585, "val_group_loss_2": 9.382223296912361, "val_group_loss_3": 16.96053419577321, "_timestamp": 1726683177.824113, "_runtime": 10.415441989898682, "_step": 2, "final/reward_err_1": 0.09409489765383275, "final/reward_err_2": 0.000814666691104816, "final/reward_err_3": 0.05540036181102021, "final/reward_param_1": 13.851819671405663, "final/reward_param_2": 5.1940335123971915, "final/reward_param_3": 10.572678872267884, "final/reward_param_4": 4.666908488021303, "optimal_reward_1": 3.8633759021759033, "optimal_reward_2": 3.8633759021759033, "optimal_reward_3": 3.3000659942626953, "final/reward_1": 3.82757568359375, "final/reward_2": 3.600954294204712, "final/reward_3": 3.3000659942626953, "reward_0_when_1_group_param_known": 3.8633759021759033, "reward_1_when_1_group_param_known": 3.482351064682007, "reward_2_when_1_group_param_known": 3.2718944549560547, "reward_0_when_2_group_param_known": 3.482351064682007, "reward_1_when_2_group_param_known": 3.8633759021759033, "reward_2_when_2_group_param_known": 3.1088309288024902, "reward_0_when_3_group_param_known": 3.82757568359375, "reward_1_when_3_group_param_known": 3.600954294204712, "reward_2_when_3_group_param_known": 3.3000659942626953, "reward_error_0_when_1_group_param_known": 0.0, "reward_error_1_when_1_group_param_known": 0.09862484188486509, "reward_error_2_when_1_group_param_known": 0.008536659374575551, "reward_error_0_when_2_group_param_known": 0.09862484188486509, "reward_error_1_when_2_group_param_known": 0.0, "reward_error_2_when_2_group_param_known": 0.05794886095995515, "reward_error_0_when_3_group_param_known": 0.009266563619136872, "reward_error_1_when_3_group_param_known": 0.06792546586610745, "reward_error_2_when_3_group_param_known": 0.0, "_wandb": {"runtime": 10}}