{"Iteration": 99, "train_loss": 19.37595331199544, "val_loss": 18.82024147486685, "grad_norm": 0.4059532763757765, "max_reward_err": 0.11666601284241393, "max_reward_err_index": 1, "max_kl_dist": 0.39783934272577587, "max_kl_dist_index": 0, "max_train_grp_loss": 21.503827809192323, "max_train_grp_loss_index": 0, "max_val_grp_loss": 20.72046365214736, "max_val_grp_loss_index": 0, "max_cur_train_grp_loss": 21.508689310498195, "max_cur_train_grp_loss_index": 0, "reward_err_1": 0.05579315930102536, "reward_err_2": 0.03163570977131064, "reward_err_3": 0.02190917907459624, "reward_param_1": 5.119850732213735, "reward_param_2": 2.7320258190368985, "reward_param_3": 4.50666851210081, "reward_param_4": 4.63504328154943, "KL_distance_1": 0.39783934272577587, "KL_distance_2": 0.24658223315986852, "KL_distance_3": 0.2762565237788247, "hist_group_loss_1": 2190.264531190693, "hist_group_loss_2": 1867.867243932813, "hist_group_loss_3": 2136.014412527032, "cur_group_loss_1": 21.508689310498195, "cur_group_loss_2": 16.604254275882937, "cur_group_loss_3": 20.41326912198679, "train_group_loss_1": 21.503827809192323, "train_group_loss_2": 16.576119815598176, "train_group_loss_3": 20.398824934543885, "val_group_loss_1": 20.72046365214736, "val_group_loss_2": 15.032280104664594, "val_group_loss_3": 20.188712206256078, "_timestamp": 1726600476.677832, "_runtime": 8.059509992599487, "_step": 2, "final/reward_err_1": 0.05579315930102536, "final/reward_err_2": 0.03163570977131064, "final/reward_err_3": 0.02190917907459624, "final/reward_param_1": 5.119850732213735, "final/reward_param_2": 2.7320258190368985, "final/reward_param_3": 4.50666851210081, "final/reward_param_4": 4.63504328154943, "optimal_reward_1": 3.895703077316284, "optimal_reward_2": 3.895703077316284, "optimal_reward_3": 3.399937152862549, "final/reward_1": 3.8558998107910156, "final/reward_2": 3.6177587509155273, "final/reward_3": 3.399937152862549, "reward_0_when_1_group_param_known": 3.895703077316284, "reward_1_when_1_group_param_known": 3.5065040588378906, "reward_2_when_1_group_param_known": 3.358201503753662, "reward_0_when_2_group_param_known": 3.5065040588378906, "reward_1_when_2_group_param_known": 3.895703077316284, "reward_2_when_2_group_param_known": 3.206737756729126, "reward_0_when_3_group_param_known": 3.8558998107910156, "reward_1_when_3_group_param_known": 3.6177587509155273, "reward_2_when_3_group_param_known": 3.399937152862549, "reward_error_0_when_1_group_param_known": 0.0, "reward_error_1_when_1_group_param_known": 0.09990469262008268, "reward_error_2_when_1_group_param_known": 0.012275417818752249, "reward_error_0_when_2_group_param_known": 0.09990469262008268, "reward_error_1_when_2_group_param_known": 0.0, "reward_error_2_when_2_group_param_known": 0.056824402171893156, "reward_error_0_when_3_group_param_known": 0.010217222856904351, "reward_error_1_when_3_group_param_known": 0.07134638366541791, "reward_error_2_when_3_group_param_known": 0.0, "_wandb": {"runtime": 7}}