{"Iteration": 99, "train_loss": 19.228399692804917, "val_loss": 18.6187346792818, "grad_norm": 0.001773797689414111, "live_grad": 2.167644708341697e-14, "train_weighted_loss": 57.685199078414755, "val_weighted_loss": 55.85620403784538, "max_reward_err": 0.10017596543188118, "max_reward_err_index": 0, "max_kl_dist": 1.1195906755973555, "max_kl_dist_index": 0, "max_train_grp_loss": 21.321864310750385, "max_train_grp_loss_index": 0, "max_val_grp_loss": 19.977096196235617, "max_val_grp_loss_index": 0, "max_cur_train_grp_loss": 0.21322201059998225, "max_cur_train_grp_loss_index": 0, "reward_err_1": 0.10017596543188118, "reward_err_2": 0.004190179147955176, "reward_err_3": 0.06029715548064139, "KL_distance_1": 1.1195906755973555, "KL_distance_2": 0.5567991691127986, "KL_distance_3": 0.9107142655476654, "reward_param_1": 6.330493361673291, "reward_param_2": 5.0429491742869, "reward_param_3": 10.496374132766316, "reward_param_4": 3.7646946064306928, "group_weight_1": 0.3404669537399156, "group_weight_2": 0.32989604549052237, "group_weight_3": 0.329637000769562, "hist_group_loss_1": 21.357525042460427, "hist_group_loss_2": 18.203477287195668, "hist_group_loss_3": 18.124923305480923, "cur_group_loss_1": 0.21322201059998225, "cur_group_loss_2": 0.18196614386140594, "cur_group_loss_3": 0.1806229366152061, "train_group_loss_1": 21.321864310750385, "train_group_loss_2": 19.10690809245079, "train_group_loss_3": 17.15903291641162, "val_group_loss_1": 19.977096196235617, "val_group_loss_2": 17.380729064763603, "val_group_loss_3": 18.560928634833036, "_timestamp": 1726603659.911406, "_runtime": 9.419127941131592, "_step": 2, "final/reward_err_1": 0.10017596543188118, "final/reward_err_2": 0.004190179147955176, "final/reward_err_3": 0.06029715548064139, "final/reward_param_1": 6.330493361673291, "final/reward_param_2": 5.0429491742869, "final/reward_param_3": 10.496374132766316, "final/reward_param_4": 3.7646946064306928, "optimal_reward_1": 3.88508939743042, "optimal_reward_2": 3.88508939743042, "optimal_reward_3": 3.318911552429199, "final/reward_1": 3.85002064704895, "final/reward_2": 3.5887107849121094, "final/reward_3": 3.318911552429199, "reward_0_when_1_group_param_known": 3.88508939743042, "reward_1_when_1_group_param_known": 3.4581034183502197, "reward_2_when_1_group_param_known": 3.2941160202026367, "reward_0_when_2_group_param_known": 3.4581034183502197, "reward_1_when_2_group_param_known": 3.88508939743042, "reward_2_when_2_group_param_known": 3.1016483306884766, "reward_0_when_3_group_param_known": 3.85002064704895, "reward_1_when_3_group_param_known": 3.5887107849121094, "reward_2_when_3_group_param_known": 3.318911552429199, "reward_error_0_when_1_group_param_known": 0.0, "reward_error_1_when_1_group_param_known": 0.10990377193446481, "reward_error_2_when_1_group_param_known": 0.007470983132531505, "reward_error_0_when_2_group_param_known": 0.10990377193446481, "reward_error_1_when_2_group_param_known": 0.0, "reward_error_2_when_2_group_param_known": 0.06546219093476653, "reward_error_0_when_3_group_param_known": 0.009026497666865538, "reward_error_1_when_3_group_param_known": 0.07628617573493521, "reward_error_2_when_3_group_param_known": 0.0, "_wandb": {"runtime": 9}}