{"Iteration": 199, "train_loss": 16.481631912992302, "val_loss": 14.873294940427542, "grad_norm": 0.229404941418364, "max_reward_err": 0.047149223417031795, "max_reward_err_index": 0, "max_kl_dist": 0.8906640397281694, "max_kl_dist_index": 0, "max_train_grp_loss": 21.554554195739975, "max_train_grp_loss_index": 0, "max_val_grp_loss": 19.444293680343193, "max_val_grp_loss_index": 0, "max_cur_train_grp_loss": 21.555195288542976, "max_cur_train_grp_loss_index": 0, "reward_err_1": 0.06174700721427217, "reward_err_2": 0.013611943869345408, "reward_err_3": 0.028774904732734835, "reward_param_1": 7.718535539587576, "reward_param_2": 5.467624365170557, "reward_param_3": 7.69747102461468, "reward_param_4": 3.3690036013152764, "KL_distance_1": 0.8906640397281694, "KL_distance_2": 0.5169493047785072, "KL_distance_3": 0.7034425295492627, "hist_group_loss_1": 4390.611176462381, "hist_group_loss_2": 2586.4179959071275, "hist_group_loss_3": 4146.696129942725, "cur_group_loss_1": 21.555195288542976, "cur_group_loss_2": 10.471310428387957, "cur_group_loss_3": 19.6259679138585, "train_group_loss_1": 21.554554195739975, "train_group_loss_2": 10.461761162965189, "train_group_loss_3": 19.620375821349445, "val_group_loss_1": 19.444293680343193, "val_group_loss_2": 7.802871422406935, "val_group_loss_3": 18.227746632776313, "_timestamp": 1726697487.920157, "_runtime": 11.499047040939331, "_step": 3, "final/reward_err_1": 0.06174700721427217, "final/reward_err_2": 0.013611943869345408, "final/reward_err_3": 0.028774904732734835, "final/reward_param_1": 7.718535539587576, "final/reward_param_2": 5.467624365170557, "final/reward_param_3": 7.69747102461468, "final/reward_param_4": 3.3690036013152764, "optimal_reward_1": 3.8586065769195557, "optimal_reward_2": 3.8586065769195557, "optimal_reward_3": 3.3168587684631348, "final/reward_1": 3.8154232501983643, "final/reward_2": 3.627133369445801, "final/reward_3": 3.3168587684631348, "reward_0_when_1_group_param_known": 3.8586065769195557, "reward_1_when_1_group_param_known": 3.531782627105713, "reward_2_when_1_group_param_known": 3.266848564147949, "reward_0_when_2_group_param_known": 3.531782627105713, "reward_1_when_2_group_param_known": 3.8586065769195557, "reward_2_when_2_group_param_known": 3.1579184532165527, "reward_0_when_3_group_param_known": 3.8154232501983643, "reward_1_when_3_group_param_known": 3.627133369445801, "reward_2_when_3_group_param_known": 3.3168587684631348, "reward_error_0_when_1_group_param_known": 0.0, "reward_error_1_when_1_group_param_known": 0.08469999293754285, "reward_error_2_when_1_group_param_known": 0.015077580266813035, "reward_error_0_when_2_group_param_known": 0.08469999293754285, "reward_error_1_when_2_group_param_known": 0.0, "reward_error_2_when_2_group_param_known": 0.04791892761844273, "reward_error_0_when_3_group_param_known": 0.011191430341588746, "reward_error_1_when_3_group_param_known": 0.05998880758103799, "reward_error_2_when_3_group_param_known": 0.0, "_wandb": {"runtime": 11}}