{"Iteration": 99, "train_loss": 15.81143575323999, "val_loss": 17.114799971785846, "grad_norm": 0.4588693821225099, "max_reward_err": 0.0636173132740922, "max_reward_err_index": 0, "max_kl_dist": 0.7763966440066092, "max_kl_dist_index": 0, "max_train_grp_loss": 21.534984930089134, "max_train_grp_loss_index": 0, "max_val_grp_loss": 21.302486098242472, "max_val_grp_loss_index": 0, "max_cur_train_grp_loss": 21.54232707525797, "max_cur_train_grp_loss_index": 0, "reward_err_1": 0.07976544637466769, "reward_err_2": 0.011454406598972433, "reward_err_3": 0.04315925993553789, "reward_param_1": 4.950738428251107, "reward_param_2": 3.915001209718059, "reward_param_3": 8.253558326913371, "reward_param_4": 4.176172784158041, "KL_distance_1": 0.7763966440066092, "KL_distance_2": 0.36535066187736726, "KL_distance_3": 0.6074997329811072, "hist_group_loss_1": 2212.615882948687, "hist_group_loss_2": 1163.9860891736778, "hist_group_loss_3": 1980.8459270023002, "cur_group_loss_1": 21.54232707525797, "cur_group_loss_2": 8.74388766908072, "cur_group_loss_3": 18.3637551533798, "train_group_loss_1": 21.534984930089134, "train_group_loss_2": 8.711444962985034, "train_group_loss_3": 18.342533298075686, "val_group_loss_1": 21.302486098242472, "val_group_loss_2": 9.790378306101159, "val_group_loss_3": 19.714439029369824, "_timestamp": 1726584855.069029, "_runtime": 7.891802072525024, "_step": 2, "final/reward_err_1": 0.07976544637466769, "final/reward_err_2": 0.011454406598972433, "final/reward_err_3": 0.04315925993553789, "final/reward_param_1": 4.950738428251107, "final/reward_param_2": 3.915001209718059, "final/reward_param_3": 8.253558326913371, "final/reward_param_4": 4.176172784158041, "optimal_reward_1": 3.844888687133789, "optimal_reward_2": 3.844888687133789, "optimal_reward_3": 3.302170515060425, "final/reward_1": 3.809487819671631, "final/reward_2": 3.568223237991333, "final/reward_3": 3.302170515060425, "reward_0_when_1_group_param_known": 3.844888687133789, "reward_1_when_1_group_param_known": 3.455005407333374, "reward_2_when_1_group_param_known": 3.274245500564575, "reward_0_when_2_group_param_known": 3.455005407333374, "reward_1_when_2_group_param_known": 3.844888687133789, "reward_2_when_2_group_param_known": 3.1092171669006348, "reward_0_when_3_group_param_known": 3.809487819671631, "reward_1_when_3_group_param_known": 3.568223237991333, "reward_2_when_3_group_param_known": 3.302170515060425, "reward_error_0_when_1_group_param_known": 0.0, "reward_error_1_when_1_group_param_known": 0.10140300839009658, "reward_error_2_when_1_group_param_known": 0.008456563453792035, "reward_error_0_when_2_group_param_known": 0.10140300839009658, "reward_error_1_when_2_group_param_known": 0.0, "reward_error_2_when_2_group_param_known": 0.05843227879353144, "reward_error_0_when_3_group_param_known": 0.009207254186739055, "reward_error_1_when_3_group_param_known": 0.07195668630622935, "reward_error_2_when_3_group_param_known": 0.0, "_wandb": {"runtime": 7}}