{"Iteration": 199, "train_loss": 16.07312033595878, "val_loss": 13.729545597488203, "grad_norm": 0.04487551549213778, "live_grad": 1.5883563147197005e-14, "train_weighted_loss": 48.219361007876344, "val_weighted_loss": 41.18863679246461, "max_reward_err": 0.0702129346276599, "max_reward_err_index": 0, "max_kl_dist": 1.5022361790100425, "max_kl_dist_index": 0, "max_train_grp_loss": 21.317099662064415, "max_train_grp_loss_index": 0, "max_val_grp_loss": 18.556573115553196, "max_val_grp_loss_index": 0, "max_cur_train_grp_loss": 0.3941323371063473, "max_cur_train_grp_loss_index": 2, "reward_err_1": 0.0702129346276599, "reward_err_2": 0.0048617262956164135, "reward_err_3": 0.03555211741533192, "KL_distance_1": 1.5022361790100425, "KL_distance_2": 0.8951493753305549, "KL_distance_3": 1.2340146229713005, "reward_param_1": 10.466427253241578, "reward_param_2": 5.903295635808297, "reward_param_3": 10.696436731668728, "reward_param_4": 4.591513067015765, "group_weight_1": 0.2948415569538793, "group_weight_2": 0.24277162001385394, "group_weight_3": 0.46238682303226664, "hist_group_loss_1": 34.713197195431626, "hist_group_loss_2": 15.281502105779165, "hist_group_loss_3": 79.70956750229003, "cur_group_loss_1": 0.17192971820730044, "cur_group_loss_2": 0.07857449313509428, "cur_group_loss_3": 0.3941323371063473, "train_group_loss_1": 21.317099662064415, "train_group_loss_2": 10.140136256449528, "train_group_loss_3": 18.52208862999273, "val_group_loss_1": 18.556573115553196, "val_group_loss_2": 6.730176524031382, "val_group_loss_3": 16.75113478726543, "_timestamp": 1726698655.10351, "_runtime": 14.65481686592102, "_step": 3, "final/reward_err_1": 0.0702129346276599, "final/reward_err_2": 0.0048617262956164135, "final/reward_err_3": 0.03555211741533192, "final/reward_param_1": 10.466427253241578, "final/reward_param_2": 5.903295635808297, "final/reward_param_3": 10.696436731668728, "final/reward_param_4": 4.591513067015765, "optimal_reward_1": 3.8586065769195557, "optimal_reward_2": 3.8586065769195557, "optimal_reward_3": 3.3168587684631348, "final/reward_1": 3.8154232501983643, "final/reward_2": 3.627133369445801, "final/reward_3": 3.3168587684631348, "reward_0_when_1_group_param_known": 3.8586065769195557, "reward_1_when_1_group_param_known": 3.531782627105713, "reward_2_when_1_group_param_known": 3.266848564147949, "reward_0_when_2_group_param_known": 3.531782627105713, "reward_1_when_2_group_param_known": 3.8586065769195557, "reward_2_when_2_group_param_known": 3.1579184532165527, "reward_0_when_3_group_param_known": 3.8154232501983643, "reward_1_when_3_group_param_known": 3.627133369445801, "reward_2_when_3_group_param_known": 3.3168587684631348, "reward_error_0_when_1_group_param_known": 0.0, "reward_error_1_when_1_group_param_known": 0.08469999293754285, "reward_error_2_when_1_group_param_known": 0.015077580266813035, "reward_error_0_when_2_group_param_known": 0.08469999293754285, "reward_error_1_when_2_group_param_known": 0.0, "reward_error_2_when_2_group_param_known": 0.04791892761844273, "reward_error_0_when_3_group_param_known": 0.011191430341588746, "reward_error_1_when_3_group_param_known": 0.05998880758103799, "reward_error_2_when_3_group_param_known": 0.0, "_wandb": {"runtime": 14}}