{"Iteration": 99, "train_loss": 19.166080591284228, "val_loss": 18.762120420211367, "grad_norm": 0.0028705477620703046, "live_grad": 2.0150930201524042e-14, "train_weighted_loss": 57.49824177385268, "val_weighted_loss": 56.2863612606341, "max_reward_err": 0.09332765803779607, "max_reward_err_index": 0, "max_kl_dist": 1.2315044776865807, "max_kl_dist_index": 0, "max_train_grp_loss": 21.17337330930867, "max_train_grp_loss_index": 0, "max_val_grp_loss": 20.441774786379426, "max_val_grp_loss_index": 0, "max_cur_train_grp_loss": 0.2070296152897753, "max_cur_train_grp_loss_index": 1, "reward_err_1": 0.09332765803779607, "reward_err_2": 0.010041917580426328, "reward_err_3": 0.05468478712394525, "KL_distance_1": 1.2315044776865807, "KL_distance_2": 0.6472247187995698, "KL_distance_3": 0.9776875608676941, "reward_param_1": 10.130228236846792, "reward_param_2": 5.7697823261238135, "reward_param_3": 8.084520948101089, "reward_param_4": 2.787028590761489, "group_weight_1": 0.3288766991635145, "group_weight_2": 0.3389126995759299, "group_weight_3": 0.3322106012605556, "hist_group_loss_1": 17.774684407907227, "hist_group_loss_2": 20.78064889790021, "hist_group_loss_3": 18.783304709166607, "cur_group_loss_1": 0.1779229112854483, "cur_group_loss_2": 0.2070296152897753, "cur_group_loss_3": 0.18757582863880934, "train_group_loss_1": 21.17337330930867, "train_group_loss_2": 18.631635962217246, "train_group_loss_3": 17.06973095580202, "val_group_loss_1": 20.441774786379426, "val_group_loss_2": 17.577560063119893, "val_group_loss_3": 18.10489307157235, "_timestamp": 1726668353.222455, "_runtime": 9.543458938598633, "_step": 2, "final/reward_err_1": 0.09332765803779607, "final/reward_err_2": 0.010041917580426328, "final/reward_err_3": 0.05468478712394525, "final/reward_param_1": 10.130228236846792, "final/reward_param_2": 5.7697823261238135, "final/reward_param_3": 8.084520948101089, "final/reward_param_4": 2.787028590761489, "optimal_reward_1": 3.879473924636841, "optimal_reward_2": 3.879473924636841, "optimal_reward_3": 3.351266622543335, "final/reward_1": 3.846095323562622, "final/reward_2": 3.6189825534820557, "final/reward_3": 3.351266622543335, "reward_0_when_1_group_param_known": 3.879473924636841, "reward_1_when_1_group_param_known": 3.4689507484436035, "reward_2_when_1_group_param_known": 3.3167123794555664, "reward_0_when_2_group_param_known": 3.4689507484436035, "reward_1_when_2_group_param_known": 3.879473924636841, "reward_2_when_2_group_param_known": 3.1360788345336914, "reward_0_when_3_group_param_known": 3.846095323562622, "reward_1_when_3_group_param_known": 3.6189825534820557, "reward_2_when_3_group_param_known": 3.351266622543335, "reward_error_0_when_1_group_param_known": 0.0, "reward_error_1_when_1_group_param_known": 0.10581928997800044, "reward_error_2_when_1_group_param_known": 0.010310800953683814, "reward_error_0_when_2_group_param_known": 0.10581928997800044, "reward_error_1_when_2_group_param_known": 0.0, "reward_error_2_when_2_group_param_known": 0.06421088270390547, "reward_error_0_when_3_group_param_known": 0.00860389880757952, "reward_error_1_when_3_group_param_known": 0.06714605542275165, "reward_error_2_when_3_group_param_known": 0.0, "_wandb": {"runtime": 9}}