{"Iteration": 99, "train_loss": 17.079833543494527, "val_loss": 18.85378289564519, "grad_norm": 0.010070896577237833, "live_grad": 2.116191095181749e-14, "train_weighted_loss": 51.23950063048357, "val_weighted_loss": 56.56134868693557, "max_reward_err": 0.13743224511113875, "max_reward_err_index": 0, "max_kl_dist": 2.5042270500952943, "max_kl_dist_index": 0, "max_train_grp_loss": 18.72505709182734, "max_train_grp_loss_index": 2, "max_val_grp_loss": 21.484175005423893, "max_val_grp_loss_index": 0, "max_cur_train_grp_loss": 0.37452273952085674, "max_cur_train_grp_loss_index": 2, "reward_err_1": 0.13743224511113875, "reward_err_2": 0.004599809825247546, "reward_err_3": 0.10680930763413908, "KL_distance_1": 2.5042270500952943, "KL_distance_2": 0.695394176524909, "KL_distance_3": 2.233076030348265, "reward_param_1": 17.486228022347902, "reward_param_2": 3.220357106616427, "reward_param_3": 1.439601029288466, "reward_param_4": 4.080018226053036, "group_weight_1": 0.30933241433857817, "group_weight_2": 0.30164846002538376, "group_weight_3": 0.3890191256360381, "hist_group_loss_1": 14.679435789533434, "hist_group_loss_2": 12.164018437332945, "hist_group_loss_3": 37.600639323918436, "cur_group_loss_1": 0.14612063117188748, "cur_group_loss_2": 0.12188729738077562, "cur_group_loss_3": 0.37452273952085674, "train_group_loss_1": 18.263886149520435, "train_group_loss_2": 15.237691518135486, "train_group_loss_3": 18.72505709182734, "val_group_loss_1": 21.484175005423893, "val_group_loss_2": 16.47788505401258, "val_group_loss_3": 18.691408471954087, "_timestamp": 1726684919.658638, "_runtime": 9.958894968032837, "_step": 2, "final/reward_err_1": 0.13743224511113875, "final/reward_err_2": 0.004599809825247546, "final/reward_err_3": 0.10680930763413908, "final/reward_param_1": 17.486228022347902, "final/reward_param_2": 3.220357106616427, "final/reward_param_3": 1.439601029288466, "final/reward_param_4": 4.080018226053036, "optimal_reward_1": 3.831752300262451, "optimal_reward_2": 3.831752300262451, "optimal_reward_3": 3.2963407039642334, "final/reward_1": 3.795030355453491, "final/reward_2": 3.565478563308716, "final/reward_3": 3.2963407039642334, "reward_0_when_1_group_param_known": 3.831752300262451, "reward_1_when_1_group_param_known": 3.4357662200927734, "reward_2_when_1_group_param_known": 3.262315034866333, "reward_0_when_2_group_param_known": 3.4357662200927734, "reward_1_when_2_group_param_known": 3.831752300262451, "reward_2_when_2_group_param_known": 3.0935750007629395, "reward_0_when_3_group_param_known": 3.795030355453491, "reward_1_when_3_group_param_known": 3.565478563308716, "reward_2_when_3_group_param_known": 3.2963407039642334, "reward_error_0_when_1_group_param_known": 0.0, "reward_error_1_when_1_group_param_known": 0.1033433398454684, "reward_error_2_when_1_group_param_known": 0.010322254934685776, "reward_error_0_when_2_group_param_known": 0.1033433398454684, "reward_error_1_when_2_group_param_known": 0.0, "reward_error_2_when_2_group_param_known": 0.061512362164943865, "reward_error_0_when_3_group_param_known": 0.009583590464979884, "reward_error_1_when_3_group_param_known": 0.06949137524768949, "reward_error_2_when_3_group_param_known": 0.0, "_wandb": {"runtime": 9}}