{"Iteration": 99, "train_loss": 16.569957762697303, "val_loss": 17.2092996458764, "grad_norm": 0.4396214861671419, "max_reward_err": 0.10091503749319501, "max_reward_err_index": 1, "max_kl_dist": 0.5676868762495592, "max_kl_dist_index": 0, "max_train_grp_loss": 19.836477589939058, "max_train_grp_loss_index": 0, "max_val_grp_loss": 19.70609085458531, "max_val_grp_loss_index": 0, "max_cur_train_grp_loss": 19.843412958931793, "max_cur_train_grp_loss_index": 0, "reward_err_1": 0.048878356798921135, "reward_err_2": 0.021425781784472547, "reward_err_3": 0.01916768317260477, "reward_param_1": 5.929098846573122, "reward_param_2": 3.7593258164950334, "reward_param_3": 5.894265567862151, "reward_param_4": 5.047928026474434, "KL_distance_1": 0.5676868762495592, "KL_distance_2": 0.380634119736535, "KL_distance_3": 0.43025829852329656, "hist_group_loss_1": 2038.162705187559, "hist_group_loss_2": 1556.1651471961702, "hist_group_loss_3": 2073.3358219457104, "cur_group_loss_1": 19.843412958931793, "cur_group_loss_2": 12.730450567479183, "cur_group_loss_3": 19.79992556266037, "train_group_loss_1": 19.836477589939058, "train_group_loss_2": 12.698500721735533, "train_group_loss_3": 19.78640155997216, "val_group_loss_1": 19.70609085458531, "val_group_loss_2": 13.70358281429111, "val_group_loss_3": 19.554766675555353, "_timestamp": 1726687575.8126972, "_runtime": 8.617075204849243, "_step": 2, "final/reward_err_1": 0.048878356798921135, "final/reward_err_2": 0.021425781784472547, "final/reward_err_3": 0.01916768317260477, "final/reward_param_1": 5.929098846573122, "final/reward_param_2": 3.7593258164950334, "final/reward_param_3": 5.894265567862151, "final/reward_param_4": 5.047928026474434, "optimal_reward_1": 3.7812418937683105, "optimal_reward_2": 3.7812418937683105, "optimal_reward_3": 3.2414417266845703, "final/reward_1": 3.7494635581970215, "final/reward_2": 3.5492563247680664, "final/reward_3": 3.2414417266845703, "reward_0_when_1_group_param_known": 3.7812418937683105, "reward_1_when_1_group_param_known": 3.40714693069458, "reward_2_when_1_group_param_known": 3.208988904953003, "reward_0_when_2_group_param_known": 3.40714693069458, "reward_1_when_2_group_param_known": 3.7812418937683105, "reward_2_when_2_group_param_known": 3.0479490756988525, "reward_0_when_3_group_param_known": 3.7494635581970215, "reward_1_when_3_group_param_known": 3.5492563247680664, "reward_2_when_3_group_param_known": 3.2414417266845703, "reward_error_0_when_1_group_param_known": 0.0, "reward_error_1_when_1_group_param_known": 0.09893441720569611, "reward_error_2_when_1_group_param_known": 0.010011847957779256, "reward_error_0_when_2_group_param_known": 0.09893441720569611, "reward_error_1_when_2_group_param_known": 0.0, "reward_error_2_when_2_group_param_known": 0.05969339179934202, "reward_error_0_when_3_group_param_known": 0.008404205936589634, "reward_error_1_when_3_group_param_known": 0.06135168696363192, "reward_error_2_when_3_group_param_known": 0.0, "_wandb": {"runtime": 8}}