{"Iteration": 199, "train_loss": 17.937590582787205, "val_loss": 15.178330731359482, "grad_norm": 0.037781174637025884, "live_grad": 2.3700596370638792e-14, "train_weighted_loss": 53.81277174836161, "val_weighted_loss": 45.53499219407844, "max_reward_err": 0.08106810167726017, "max_reward_err_index": 0, "max_kl_dist": 1.1703795455412556, "max_kl_dist_index": 0, "max_train_grp_loss": 20.272762658986842, "max_train_grp_loss_index": 0, "max_val_grp_loss": 20.0504976601237, "max_val_grp_loss_index": 0, "max_cur_train_grp_loss": 0.40849275749623254, "max_cur_train_grp_loss_index": 2, "reward_err_1": 0.08106810167726017, "reward_err_2": 0.006836767950047477, "reward_err_3": 0.041751813578479915, "KL_distance_1": 1.1703795455412556, "KL_distance_2": 0.6216333554844332, "KL_distance_3": 0.9382311022167769, "reward_param_1": 9.92997150929973, "reward_param_2": 4.696727591629401, "reward_param_3": 7.808181510850561, "reward_param_4": 4.877091276156223, "group_weight_1": 0.2822986597354482, "group_weight_2": 0.2549692033409996, "group_weight_3": 0.46273213692355214, "hist_group_loss_1": 33.518521839089914, "hist_group_loss_2": 23.336239745642896, "hist_group_loss_3": 82.93679795096837, "cur_group_loss_1": 0.16618521302902317, "cur_group_loss_2": 0.11833284898298677, "cur_group_loss_3": 0.40849275749623254, "train_group_loss_1": 20.272762658986842, "train_group_loss_2": 16.214824051814933, "train_group_loss_3": 16.745591105880997, "val_group_loss_1": 20.0504976601237, "val_group_loss_2": 7.082732684934147, "val_group_loss_3": 18.262231715320098, "_timestamp": 1726692966.205297, "_runtime": 14.102821111679077, "_step": 3, "final/reward_err_1": 0.08106810167726017, "final/reward_err_2": 0.006836767950047477, "final/reward_err_3": 0.041751813578479915, "final/reward_param_1": 9.92997150929973, "final/reward_param_2": 4.696727591629401, "final/reward_param_3": 7.808181510850561, "final/reward_param_4": 4.877091276156223, "optimal_reward_1": 3.924014091491699, "optimal_reward_2": 3.924014091491699, "optimal_reward_3": 3.40653657913208, "final/reward_1": 3.8835723400115967, "final/reward_2": 3.6450908184051514, "final/reward_3": 3.40653657913208, "reward_0_when_1_group_param_known": 3.924014091491699, "reward_1_when_1_group_param_known": 3.5108532905578613, "reward_2_when_1_group_param_known": 3.372161388397217, "reward_0_when_2_group_param_known": 3.5108532905578613, "reward_1_when_2_group_param_known": 3.924014091491699, "reward_2_when_2_group_param_known": 3.199089765548706, "reward_0_when_3_group_param_known": 3.8835723400115967, "reward_1_when_3_group_param_known": 3.6450908184051514, "reward_2_when_3_group_param_known": 3.40653657913208, "reward_error_0_when_1_group_param_known": 0.0, "reward_error_1_when_1_group_param_known": 0.10529034588068371, "reward_error_2_when_1_group_param_known": 0.010090950129653801, "reward_error_0_when_2_group_param_known": 0.10529034588068371, "reward_error_1_when_2_group_param_known": 0.0, "reward_error_2_when_2_group_param_known": 0.060896693390630634, "reward_error_0_when_3_group_param_known": 0.010306219737536355, "reward_error_1_when_3_group_param_known": 0.0710811089316237, "reward_error_2_when_3_group_param_known": 0.0, "_wandb": {"runtime": 14}}