{"Iteration": 99, "train_loss": 20.81343608249786, "val_loss": 20.66625928235896, "grad_norm": 0.2708718900573435, "max_reward_err": 0.07524965222154635, "max_reward_err_index": 1, "max_kl_dist": 0.35870040981010176, "max_kl_dist_index": 0, "max_train_grp_loss": 22.64647386649772, "max_train_grp_loss_index": 0, "max_val_grp_loss": 23.887400396965834, "max_val_grp_loss_index": 0, "max_cur_train_grp_loss": 22.650419170622417, "max_cur_train_grp_loss_index": 0, "reward_err_1": 0.060220151970820555, "reward_err_2": 0.028823639187994687, "reward_err_3": 0.02405886604317605, "reward_param_1": 4.737744770347791, "reward_param_2": 2.918768289055304, "reward_param_3": 4.826873483233261, "reward_param_4": 4.249082928575928, "KL_distance_1": 0.35870040981010176, "KL_distance_2": 0.21573738411743265, "KL_distance_3": 0.25006686823447594, "hist_group_loss_1": 2291.165125746334, "hist_group_loss_2": 2061.0766767624737, "hist_group_loss_3": 2037.2965208897022, "cur_group_loss_1": 22.650419170622417, "cur_group_loss_2": 19.948111285717953, "cur_group_loss_3": 19.714609465697663, "train_group_loss_1": 22.64647386649772, "train_group_loss_2": 19.940231452743067, "train_group_loss_3": 19.704124383404757, "val_group_loss_1": 23.887400396965834, "val_group_loss_2": 17.803294056990264, "val_group_loss_3": 20.247671735418557, "_timestamp": 1726611402.190055, "_runtime": 7.960920810699463, "_step": 2, "final/reward_err_1": 0.060220151970820555, "final/reward_err_2": 0.028823639187994687, "final/reward_err_3": 0.02405886604317605, "final/reward_param_1": 4.737744770347791, "final/reward_param_2": 2.918768289055304, "final/reward_param_3": 4.826873483233261, "final/reward_param_4": 4.249082928575928, "optimal_reward_1": 3.8697431087493896, "optimal_reward_2": 3.8697431087493896, "optimal_reward_3": 3.3126978874206543, "final/reward_1": 3.8267757892608643, "final/reward_2": 3.597029209136963, "final/reward_3": 3.3126978874206543, "reward_0_when_1_group_param_known": 3.8697431087493896, "reward_1_when_1_group_param_known": 3.4774062633514404, "reward_2_when_1_group_param_known": 3.2797791957855225, "reward_0_when_2_group_param_known": 3.4774062633514404, "reward_1_when_2_group_param_known": 3.8697431087493896, "reward_2_when_2_group_param_known": 3.122826337814331, "reward_0_when_3_group_param_known": 3.8267757892608643, "reward_1_when_3_group_param_known": 3.597029209136963, "reward_2_when_3_group_param_known": 3.3126978874206543, "reward_error_0_when_1_group_param_known": 0.0, "reward_error_1_when_1_group_param_known": 0.10138575982237315, "reward_error_2_when_1_group_param_known": 0.009937124589638663, "reward_error_0_when_2_group_param_known": 0.10138575982237315, "reward_error_1_when_2_group_param_known": 0.0, "reward_error_2_when_2_group_param_known": 0.05731628903659602, "reward_error_0_when_3_group_param_known": 0.01110340358029901, "reward_error_1_when_3_group_param_known": 0.07047338594539458, "reward_error_2_when_3_group_param_known": 0.0, "_wandb": {"runtime": 7}}