{"Iteration": 99, "train_loss": 15.747655113080691, "val_loss": 16.682298297034517, "grad_norm": 0.4413042789294896, "max_reward_err": 0.10770762368435015, "max_reward_err_index": 0, "max_kl_dist": 0.8363720901738012, "max_kl_dist_index": 0, "max_train_grp_loss": 21.24809323713885, "max_train_grp_loss_index": 0, "max_val_grp_loss": 21.49976863273302, "max_val_grp_loss_index": 0, "max_cur_train_grp_loss": 21.260388588772983, "max_cur_train_grp_loss_index": 0, "reward_err_1": 0.08697623491478235, "reward_err_2": 0.0032104854290201483, "reward_err_3": 0.04940225222744204, "reward_param_1": 8.347980474097978, "reward_param_2": 3.351693533793935, "reward_param_3": 6.134648051505433, "reward_param_4": 3.6886129809180317, "KL_distance_1": 0.8363720901738012, "KL_distance_2": 0.36794859067078006, "KL_distance_3": 0.6460562029053384, "hist_group_loss_1": 2217.9396760940385, "hist_group_loss_2": 1102.733995581443, "hist_group_loss_3": 2020.998441477473, "cur_group_loss_1": 21.260388588772983, "cur_group_loss_2": 8.419810014010789, "cur_group_loss_3": 18.90805451281594, "train_group_loss_1": 21.24809323713885, "train_group_loss_2": 8.39223480223297, "train_group_loss_3": 18.889577875106525, "val_group_loss_1": 21.49976863273302, "val_group_loss_2": 9.587418844907532, "val_group_loss_3": 19.36701540102935, "_timestamp": 1726681997.734848, "_runtime": 8.291367053985596, "_step": 2, "final/reward_err_1": 0.08697623491478235, "final/reward_err_2": 0.0032104854290201483, "final/reward_err_3": 0.04940225222744204, "final/reward_param_1": 8.347980474097978, "final/reward_param_2": 3.351693533793935, "final/reward_param_3": 6.134648051505433, "final/reward_param_4": 3.6886129809180317, "optimal_reward_1": 3.8691489696502686, "optimal_reward_2": 3.8691489696502686, "optimal_reward_3": 3.3071203231811523, "final/reward_1": 3.8334453105926514, "final/reward_2": 3.6074156761169434, "final/reward_3": 3.3071203231811523, "reward_0_when_1_group_param_known": 3.8691489696502686, "reward_1_when_1_group_param_known": 3.4901177883148193, "reward_2_when_1_group_param_known": 3.2788524627685547, "reward_0_when_2_group_param_known": 3.4901177883148193, "reward_1_when_2_group_param_known": 3.8691489696502686, "reward_2_when_2_group_param_known": 3.1177523136138916, "reward_0_when_3_group_param_known": 3.8334453105926514, "reward_1_when_3_group_param_known": 3.6074156761169434, "reward_2_when_3_group_param_known": 3.3071203231811523, "reward_error_0_when_1_group_param_known": 0.0, "reward_error_1_when_1_group_param_known": 0.09796241610457035, "reward_error_2_when_1_group_param_known": 0.008547575428222254, "reward_error_0_when_2_group_param_known": 0.09796241610457035, "reward_error_1_when_2_group_param_known": 0.0, "reward_error_2_when_2_group_param_known": 0.05726069542734561, "reward_error_0_when_3_group_param_known": 0.00922778092486949, "reward_error_1_when_3_group_param_known": 0.06764621770481564, "reward_error_2_when_3_group_param_known": 0.0, "_wandb": {"runtime": 8}}