{"Iteration": 99, "train_loss": 17.27461050038678, "val_loss": 17.850085066282375, "grad_norm": 0.4386215072687881, "max_reward_err": 0.08835989200076799, "max_reward_err_index": 1, "max_kl_dist": 0.5283653385800867, "max_kl_dist_index": 0, "max_train_grp_loss": 20.06770924763499, "max_train_grp_loss_index": 2, "max_val_grp_loss": 20.704410004994617, "max_val_grp_loss_index": 0, "max_cur_train_grp_loss": 20.080784896324168, "max_cur_train_grp_loss_index": 2, "reward_err_1": 0.06104019442267984, "reward_err_2": 0.022124139462580503, "reward_err_3": 0.0278071987174888, "reward_param_1": 4.732177401234876, "reward_param_2": 4.806415905899996, "reward_param_3": 6.556368329680743, "reward_param_4": 4.059252467231634, "KL_distance_1": 0.5283653385800867, "KL_distance_2": 0.3537067975679627, "KL_distance_3": 0.4086069026134037, "hist_group_loss_1": 2098.5708349566175, "hist_group_loss_2": 1461.3048210246207, "hist_group_loss_3": 2100.2527272573584, "cur_group_loss_1": 19.993108354191033, "cur_group_loss_2": 12.275795989689394, "cur_group_loss_3": 20.080784896324168, "train_group_loss_1": 19.97903724930964, "train_group_loss_2": 12.246365621767735, "train_group_loss_3": 20.06770924763499, "val_group_loss_1": 20.704410004994617, "val_group_loss_2": 13.270675384241597, "val_group_loss_3": 19.5548612546687, "_timestamp": 1726658538.050146, "_runtime": 8.167023181915283, "_step": 2, "final/reward_err_1": 0.06104019442267984, "final/reward_err_2": 0.022124139462580503, "final/reward_err_3": 0.0278071987174888, "final/reward_param_1": 4.732177401234876, "final/reward_param_2": 4.806415905899996, "final/reward_param_3": 6.556368329680743, "final/reward_param_4": 4.059252467231634, "optimal_reward_1": 3.8048343658447266, "optimal_reward_2": 3.8048343658447266, "optimal_reward_3": 3.2432823181152344, "final/reward_1": 3.7656967639923096, "final/reward_2": 3.5444085597991943, "final/reward_3": 3.2432823181152344, "reward_0_when_1_group_param_known": 3.8048343658447266, "reward_1_when_1_group_param_known": 3.420158624649048, "reward_2_when_1_group_param_known": 3.208865165710449, "reward_0_when_2_group_param_known": 3.420158624649048, "reward_1_when_2_group_param_known": 3.8048343658447266, "reward_2_when_2_group_param_known": 3.0513827800750732, "reward_0_when_3_group_param_known": 3.7656967639923096, "reward_1_when_3_group_param_known": 3.5444085597991943, "reward_2_when_3_group_param_known": 3.2432823181152344, "reward_error_0_when_1_group_param_known": 0.0, "reward_error_1_when_1_group_param_known": 0.10110183629774783, "reward_error_2_when_1_group_param_known": 0.010611827472603731, "reward_error_0_when_2_group_param_known": 0.10110183629774783, "reward_error_1_when_2_group_param_known": 0.0, "reward_error_2_when_2_group_param_known": 0.059168311364173665, "reward_error_0_when_3_group_param_known": 0.01028628268387917, "reward_error_1_when_3_group_param_known": 0.06844602970981473, "reward_error_2_when_3_group_param_known": 0.0, "_wandb": {"runtime": 7}}