{"Iteration": 99, "train_loss": 17.64740777577064, "val_loss": 17.22255894331906, "grad_norm": 0.00532587913367516, "live_grad": 1.644854518149003e-14, "train_weighted_loss": 52.942223327311915, "val_weighted_loss": 51.66767682995719, "max_reward_err": 0.07573314663832124, "max_reward_err_index": 0, "max_kl_dist": 1.261378676741861, "max_kl_dist_index": 0, "max_train_grp_loss": 19.052491183067513, "max_train_grp_loss_index": 0, "max_val_grp_loss": 18.85407720671586, "max_val_grp_loss_index": 0, "max_cur_train_grp_loss": 0.2726640843996844, "max_cur_train_grp_loss_index": 2, "reward_err_1": 0.07573314663832124, "reward_err_2": 0.007578995823112894, "reward_err_3": 0.04109265640639254, "KL_distance_1": 1.261378676741861, "KL_distance_2": 0.7205217810167864, "KL_distance_3": 1.0171607692541171, "reward_param_1": 8.649735690619904, "reward_param_2": 3.9474225487213186, "reward_param_3": 10.010074090188605, "reward_param_4": 5.646274133212655, "group_weight_1": 0.3199962671884605, "group_weight_2": 0.31837372956204835, "group_weight_3": 0.36163000324949107, "hist_group_loss_1": 15.170035814204498, "hist_group_loss_2": 14.661697036177475, "hist_group_loss_3": 27.401262611646963, "cur_group_loss_1": 0.151215276020996, "cur_group_loss_2": 0.14711415227211175, "cur_group_loss_3": 0.2726640843996844, "train_group_loss_1": 19.052491183067513, "train_group_loss_2": 16.478066814791156, "train_group_loss_3": 16.904273554968963, "val_group_loss_1": 18.85407720671586, "val_group_loss_2": 14.29489167492458, "val_group_loss_3": 18.565977997069997, "_timestamp": 1726685258.5169501, "_runtime": 9.727827072143555, "_step": 2, "final/reward_err_1": 0.07573314663832124, "final/reward_err_2": 0.007578995823112894, "final/reward_err_3": 0.04109265640639254, "final/reward_param_1": 8.649735690619904, "final/reward_param_2": 3.9474225487213186, "final/reward_param_3": 10.010074090188605, "final/reward_param_4": 5.646274133212655, "optimal_reward_1": 3.7643983364105225, "optimal_reward_2": 3.7643983364105225, "optimal_reward_3": 3.2276272773742676, "final/reward_1": 3.725473642349243, "final/reward_2": 3.5370585918426514, "final/reward_3": 3.2276272773742676, "reward_0_when_1_group_param_known": 3.7643983364105225, "reward_1_when_1_group_param_known": 3.4167792797088623, "reward_2_when_1_group_param_known": 3.185643196105957, "reward_0_when_2_group_param_known": 3.4167792797088623, "reward_1_when_2_group_param_known": 3.7643983364105225, "reward_2_when_2_group_param_known": 3.0518436431884766, "reward_0_when_3_group_param_known": 3.725473642349243, "reward_1_when_3_group_param_known": 3.5370585918426514, "reward_2_when_3_group_param_known": 3.2276272773742676, "reward_error_0_when_1_group_param_known": 0.0, "reward_error_1_when_1_group_param_known": 0.09234385568056709, "reward_error_2_when_1_group_param_known": 0.013007722906117384, "reward_error_0_when_2_group_param_known": 0.09234385568056709, "reward_error_1_when_2_group_param_known": 0.0, "reward_error_2_when_2_group_param_known": 0.05446218509120859, "reward_error_0_when_3_group_param_known": 0.010340216571871954, "reward_error_1_when_3_group_param_known": 0.06039205319186466, "reward_error_2_when_3_group_param_known": 0.0, "_wandb": {"runtime": 9}}