{"Iteration": 99, "train_loss": 13.357260513582856, "val_loss": 14.139170320830864, "grad_norm": 0.025479482899073064, "live_grad": 2.315994484215175e-14, "train_weighted_loss": 40.07178154074857, "val_weighted_loss": 42.41751096249259, "max_reward_err": 0.09294560803455319, "max_reward_err_index": 0, "max_kl_dist": 2.040442484660197, "max_kl_dist_index": 0, "max_train_grp_loss": 20.517264078059867, "max_train_grp_loss_index": 0, "max_val_grp_loss": 19.52129135168804, "max_val_grp_loss_index": 0, "max_cur_train_grp_loss": 0.4252681629853839, "max_cur_train_grp_loss_index": 2, "reward_err_1": 0.09294560803455319, "reward_err_2": 0.0017731677838553474, "reward_err_3": 0.05171053159352409, "KL_distance_1": 2.040442484660197, "KL_distance_2": 1.1323753749068424, "KL_distance_3": 1.6828254776634604, "reward_param_1": 10.811469332634903, "reward_param_2": 5.202530730190836, "reward_param_3": 14.189424744152427, "reward_param_4": 5.336447163841179, "group_weight_1": 0.3148005874184237, "group_weight_2": 0.2769426733996181, "group_weight_3": 0.4082567391819582, "hist_group_loss_1": 16.94522720309738, "hist_group_loss_2": 4.132341901742105, "hist_group_loss_3": 42.9409128686593, "cur_group_loss_1": 0.16819979272800767, "cur_group_loss_2": 0.042021788701825845, "cur_group_loss_3": 0.4252681629853839, "train_group_loss_1": 20.517264078059867, "train_group_loss_2": 5.761455626482412, "train_group_loss_3": 17.432988188377163, "val_group_loss_1": 19.52129135168804, "val_group_loss_2": 6.194018824711508, "val_group_loss_3": 16.76740967462587, "_timestamp": 1726682781.0449312, "_runtime": 10.036871194839478, "_step": 2, "final/reward_err_1": 0.09294560803455319, "final/reward_err_2": 0.0017731677838553474, "final/reward_err_3": 0.05171053159352409, "final/reward_param_1": 10.811469332634903, "final/reward_param_2": 5.202530730190836, "final/reward_param_3": 14.189424744152427, "final/reward_param_4": 5.336447163841179, "optimal_reward_1": 3.9575352668762207, "optimal_reward_2": 3.9575352668762207, "optimal_reward_3": 3.453465223312378, "final/reward_1": 3.9158573150634766, "final/reward_2": 3.681488275527954, "final/reward_3": 3.453465223312378, "reward_0_when_1_group_param_known": 3.9575352668762207, "reward_1_when_1_group_param_known": 3.5510668754577637, "reward_2_when_1_group_param_known": 3.4159226417541504, "reward_0_when_2_group_param_known": 3.5510668754577637, "reward_1_when_2_group_param_known": 3.9575352668762207, "reward_2_when_2_group_param_known": 3.2513158321380615, "reward_0_when_3_group_param_known": 3.9158573150634766, "reward_1_when_3_group_param_known": 3.681488275527954, "reward_2_when_3_group_param_known": 3.453465223312378, "reward_error_0_when_1_group_param_known": 0.0, "reward_error_1_when_1_group_param_known": 0.10270745906436166, "reward_error_2_when_1_group_param_known": 0.010870988740468253, "reward_error_0_when_2_group_param_known": 0.10270745906436166, "reward_error_1_when_2_group_param_known": 0.0, "reward_error_2_when_2_group_param_known": 0.058535232904539165, "reward_error_0_when_3_group_param_known": 0.010531290058633277, "reward_error_1_when_3_group_param_known": 0.06975225051276858, "reward_error_2_when_3_group_param_known": 0.0, "_wandb": {"runtime": 9}}