{"Iteration": 99, "train_loss": 17.67009845168357, "val_loss": 17.53815018613646, "grad_norm": 0.32195171394242833, "max_reward_err": 0.039445962889537195, "max_reward_err_index": 0, "max_kl_dist": 0.7772690830315546, "max_kl_dist_index": 0, "max_train_grp_loss": 20.54873837906184, "max_train_grp_loss_index": 0, "max_val_grp_loss": 20.77141545531826, "max_val_grp_loss_index": 0, "max_cur_train_grp_loss": 20.550531840941986, "max_cur_train_grp_loss_index": 0, "reward_err_1": 0.08394754352128783, "reward_err_2": 0.0030478939652413134, "reward_err_3": 0.046238430123671286, "reward_param_1": 6.536961113810668, "reward_param_2": 3.2011073280382893, "reward_param_3": 7.335804664374662, "reward_param_4": 3.431717308454989, "KL_distance_1": 0.7772690830315546, "KL_distance_2": 0.3165245677821499, "KL_distance_3": 0.5809003069787632, "hist_group_loss_1": 2067.230660476489, "hist_group_loss_2": 1598.2145240394655, "hist_group_loss_3": 1929.6455734970496, "cur_group_loss_1": 20.550531840941986, "cur_group_loss_2": 14.41504029534056, "cur_group_loss_3": 18.668665788756233, "train_group_loss_1": 20.54873837906184, "train_group_loss_2": 14.396002348885759, "train_group_loss_3": 18.65873889023243, "val_group_loss_1": 20.77141545531826, "val_group_loss_2": 13.319642048655352, "val_group_loss_3": 19.54248730714417, "_timestamp": 1726687889.571682, "_runtime": 8.337365865707397, "_step": 2, "final/reward_err_1": 0.08394754352128783, "final/reward_err_2": 0.0030478939652413134, "final/reward_err_3": 0.046238430123671286, "final/reward_param_1": 6.536961113810668, "final/reward_param_2": 3.2011073280382893, "final/reward_param_3": 7.335804664374662, "final/reward_param_4": 3.431717308454989, "optimal_reward_1": 3.8085720539093018, "optimal_reward_2": 3.8085720539093018, "optimal_reward_3": 3.27370548248291, "final/reward_1": 3.772876024246216, "final/reward_2": 3.5555806159973145, "final/reward_3": 3.27370548248291, "reward_0_when_1_group_param_known": 3.8085720539093018, "reward_1_when_1_group_param_known": 3.431340217590332, "reward_2_when_1_group_param_known": 3.238689422607422, "reward_0_when_2_group_param_known": 3.431340217590332, "reward_1_when_2_group_param_known": 3.8085720539093018, "reward_2_when_2_group_param_known": 3.0812344551086426, "reward_0_when_3_group_param_known": 3.772876024246216, "reward_1_when_3_group_param_known": 3.5555806159973145, "reward_2_when_3_group_param_known": 3.27370548248291, "reward_error_0_when_1_group_param_known": 0.0, "reward_error_1_when_1_group_param_known": 0.09904810280056559, "reward_error_2_when_1_group_param_known": 0.010696154575557814, "reward_error_0_when_2_group_param_known": 0.09904810280056559, "reward_error_1_when_2_group_param_known": 0.0, "reward_error_2_when_2_group_param_known": 0.05879301861580102, "reward_error_0_when_3_group_param_known": 0.009372549385391256, "reward_error_1_when_3_group_param_known": 0.06642684825991534, "reward_error_2_when_3_group_param_known": 0.0, "_wandb": {"runtime": 8}}