{"Iteration": 199, "train_loss": 15.61323951148824, "val_loss": 15.840454099842464, "grad_norm": 0.19838991377402004, "max_reward_err": 0.07516013091653521, "max_reward_err_index": 0, "max_kl_dist": 1.0466610150207671, "max_kl_dist_index": 0, "max_train_grp_loss": 19.658339693562034, "max_train_grp_loss_index": 0, "max_val_grp_loss": 21.169136682608354, "max_val_grp_loss_index": 0, "max_cur_train_grp_loss": 19.66261087233791, "max_cur_train_grp_loss_index": 0, "reward_err_1": 0.08113038301690907, "reward_err_2": 0.004717250381071576, "reward_err_3": 0.041019877205651166, "reward_param_1": 8.857037743765332, "reward_param_2": 3.7541170492544467, "reward_param_3": 7.701390426011644, "reward_param_4": 4.658378812075544, "KL_distance_1": 1.0466610150207671, "KL_distance_2": 0.5095799647119107, "KL_distance_3": 0.8179508817069889, "hist_group_loss_1": 4149.5775097847045, "hist_group_loss_2": 2598.587588960417, "hist_group_loss_3": 3775.60378374257, "cur_group_loss_1": 19.66261087233791, "cur_group_loss_2": 11.540664406342596, "cur_group_loss_3": 17.200951725594877, "train_group_loss_1": 19.658339693562034, "train_group_loss_2": 11.538257596289455, "train_group_loss_3": 17.193002930249953, "val_group_loss_1": 21.169136682608354, "val_group_loss_2": 8.019273281366079, "val_group_loss_3": 17.800316298783194, "_timestamp": 1726697762.9831738, "_runtime": 11.677157878875732, "_step": 3, "final/reward_err_1": 0.08113038301690907, "final/reward_err_2": 0.004717250381071576, "final/reward_err_3": 0.041019877205651166, "final/reward_param_1": 8.857037743765332, "final/reward_param_2": 3.7541170492544467, "final/reward_param_3": 7.701390426011644, "final/reward_param_4": 4.658378812075544, "optimal_reward_1": 3.9513115882873535, "optimal_reward_2": 3.9513115882873535, "optimal_reward_3": 3.4502387046813965, "final/reward_1": 3.9096338748931885, "final/reward_2": 3.6755175590515137, "final/reward_3": 3.4502387046813965, "reward_0_when_1_group_param_known": 3.9513115882873535, "reward_1_when_1_group_param_known": 3.544969320297241, "reward_2_when_1_group_param_known": 3.412696123123169, "reward_0_when_2_group_param_known": 3.544969320297241, "reward_1_when_2_group_param_known": 3.9513115882873535, "reward_2_when_2_group_param_known": 3.2480239868164062, "reward_0_when_3_group_param_known": 3.9096338748931885, "reward_1_when_3_group_param_known": 3.6755175590515137, "reward_2_when_3_group_param_known": 3.4502387046813965, "reward_error_0_when_1_group_param_known": 0.0, "reward_error_1_when_1_group_param_known": 0.10283731336060901, "reward_error_2_when_1_group_param_known": 0.010881154833515878, "reward_error_0_when_2_group_param_known": 0.10283731336060901, "reward_error_1_when_2_group_param_known": 0.0, "reward_error_2_when_2_group_param_known": 0.05860890656365854, "reward_error_0_when_3_group_param_known": 0.010547817468434506, "reward_error_1_when_3_group_param_known": 0.06979809692896917, "reward_error_2_when_3_group_param_known": 0.0, "_wandb": {"runtime": 11}}