{"Iteration": 99, "train_loss": 17.10183537566827, "val_loss": 18.099050707845944, "grad_norm": 0.3353096745257753, "max_reward_err": 0.03583193537237395, "max_reward_err_index": 1, "max_kl_dist": 0.6145869595498179, "max_kl_dist_index": 0, "max_train_grp_loss": 19.163172021852535, "max_train_grp_loss_index": 2, "max_val_grp_loss": 19.665406029465323, "max_val_grp_loss_index": 0, "max_cur_train_grp_loss": 19.17530220355292, "max_cur_train_grp_loss_index": 2, "reward_err_1": 0.04623416640557668, "reward_err_2": 0.016711357774307233, "reward_err_3": 0.017449401129193357, "reward_param_1": 6.374294975877551, "reward_param_2": 4.5937158958369215, "reward_param_3": 6.314992642680087, "reward_param_4": 4.6008118941622085, "KL_distance_1": 0.6145869595498179, "KL_distance_2": 0.40303873816475055, "KL_distance_3": 0.482561166407183, "hist_group_loss_1": 1981.5008247752266, "hist_group_loss_2": 1546.9933341125486, "hist_group_loss_3": 1999.1614960466325, "cur_group_loss_1": 19.0573256331815, "cur_group_loss_2": 14.492761525000914, "cur_group_loss_3": 19.17530220355292, "train_group_loss_1": 19.046457760982996, "train_group_loss_2": 14.48155632024434, "train_group_loss_3": 19.163172021852535, "val_group_loss_1": 19.665406029465323, "val_group_loss_2": 15.485713811482148, "val_group_loss_3": 19.193164815538125, "_timestamp": 1726684127.940726, "_runtime": 8.548048973083496, "_step": 2, "final/reward_err_1": 0.04623416640557668, "final/reward_err_2": 0.016711357774307233, "final/reward_err_3": 0.017449401129193357, "final/reward_param_1": 6.374294975877551, "final/reward_param_2": 4.5937158958369215, "final/reward_param_3": 6.314992642680087, "final/reward_param_4": 4.6008118941622085, "optimal_reward_1": 3.878673791885376, "optimal_reward_2": 3.878673791885376, "optimal_reward_3": 3.3327279090881348, "final/reward_1": 3.8372855186462402, "final/reward_2": 3.6475391387939453, "final/reward_3": 3.3327279090881348, "reward_0_when_1_group_param_known": 3.878673791885376, "reward_1_when_1_group_param_known": 3.5492217540740967, "reward_2_when_1_group_param_known": 3.282655954360962, "reward_0_when_2_group_param_known": 3.5492217540740967, "reward_1_when_2_group_param_known": 3.878673791885376, "reward_2_when_2_group_param_known": 3.170855760574341, "reward_0_when_3_group_param_known": 3.8372855186462402, "reward_1_when_3_group_param_known": 3.6475391387939453, "reward_2_when_3_group_param_known": 3.3327279090881348, "reward_error_0_when_1_group_param_known": 0.0, "reward_error_1_when_1_group_param_known": 0.08493935182188567, "reward_error_2_when_1_group_param_known": 0.015024315243566644, "reward_error_0_when_2_group_param_known": 0.08493935182188567, "reward_error_1_when_2_group_param_known": 0.0, "reward_error_2_when_2_group_param_known": 0.04857046627550332, "reward_error_0_when_3_group_param_known": 0.01067072805290424, "reward_error_1_when_3_group_param_known": 0.05959115550655239, "reward_error_2_when_3_group_param_known": 0.0, "_wandb": {"runtime": 8}}