{"Iteration": 99, "train_loss": 16.27910273879108, "val_loss": 15.840594928165222, "grad_norm": 0.3409429759123607, "max_reward_err": 0.06720953055302135, "max_reward_err_index": 0, "max_kl_dist": 0.7381011136730569, "max_kl_dist_index": 0, "max_train_grp_loss": 20.1113600405469, "max_train_grp_loss_index": 0, "max_val_grp_loss": 20.323804718147123, "max_val_grp_loss_index": 0, "max_cur_train_grp_loss": 20.12106018638251, "max_cur_train_grp_loss_index": 0, "reward_err_1": 0.06369305969533498, "reward_err_2": 0.009994280947909759, "reward_err_3": 0.03106947771054951, "reward_param_1": 7.557094101818388, "reward_param_2": 4.070168278822718, "reward_param_3": 6.1895583026368435, "reward_param_4": 3.9220529809301863, "KL_distance_1": 0.7381011136730569, "KL_distance_2": 0.3744527818211392, "KL_distance_3": 0.5715180903638232, "hist_group_loss_1": 2086.290125660771, "hist_group_loss_2": 1285.5850268244767, "hist_group_loss_3": 2008.640933982187, "cur_group_loss_1": 20.12106018638251, "cur_group_loss_2": 11.567806237071295, "cur_group_loss_3": 19.147812973501804, "train_group_loss_1": 20.1113600405469, "train_group_loss_2": 11.554740490183358, "train_group_loss_3": 19.1353330505501, "val_group_loss_1": 20.323804718147123, "val_group_loss_2": 8.501936340637009, "val_group_loss_3": 19.270280761277117, "_timestamp": 1726689794.7020092, "_runtime": 8.405562162399292, "_step": 2, "final/reward_err_1": 0.06369305969533498, "final/reward_err_2": 0.009994280947909759, "final/reward_err_3": 0.03106947771054951, "final/reward_param_1": 7.557094101818388, "final/reward_param_2": 4.070168278822718, "final/reward_param_3": 6.1895583026368435, "final/reward_param_4": 3.9220529809301863, "optimal_reward_1": 3.866189479827881, "optimal_reward_2": 3.866189479827881, "optimal_reward_3": 3.322507381439209, "final/reward_1": 3.823214292526245, "final/reward_2": 3.6324574947357178, "final/reward_3": 3.322507381439209, "reward_0_when_1_group_param_known": 3.866189479827881, "reward_1_when_1_group_param_known": 3.537107467651367, "reward_2_when_1_group_param_known": 3.2731680870056152, "reward_0_when_2_group_param_known": 3.537107467651367, "reward_1_when_2_group_param_known": 3.866189479827881, "reward_2_when_2_group_param_known": 3.16263484954834, "reward_0_when_3_group_param_known": 3.823214292526245, "reward_1_when_3_group_param_known": 3.6324574947357178, "reward_2_when_3_group_param_known": 3.322507381439209, "reward_error_0_when_1_group_param_known": 0.0, "reward_error_1_when_1_group_param_known": 0.08511792137801898, "reward_error_2_when_1_group_param_known": 0.014850018004240361, "reward_error_0_when_2_group_param_known": 0.08511792137801898, "reward_error_1_when_2_group_param_known": 0.0, "reward_error_2_when_2_group_param_known": 0.048118036632206734, "reward_error_0_when_3_group_param_known": 0.011115644364007984, "reward_error_1_when_3_group_param_known": 0.06045538800197879, "reward_error_2_when_3_group_param_known": 0.0, "_wandb": {"runtime": 8}}