{"Iteration": 99, "train_loss": 17.90172885066656, "val_loss": 18.87857134826375, "grad_norm": 0.3744176997227963, "max_reward_err": 0.07765606296288982, "max_reward_err_index": 0, "max_kl_dist": 0.6987529412731988, "max_kl_dist_index": 0, "max_train_grp_loss": 20.248201951315373, "max_train_grp_loss_index": 0, "max_val_grp_loss": 21.340701049300204, "max_val_grp_loss_index": 0, "max_cur_train_grp_loss": 20.259592763625342, "max_cur_train_grp_loss_index": 0, "reward_err_1": 0.08231233383825165, "reward_err_2": 0.006865325167936803, "reward_err_3": 0.048075894636405124, "reward_param_1": 4.686994564808727, "reward_param_2": 3.225848826485023, "reward_param_3": 7.697831904170817, "reward_param_4": 3.37563792579226, "KL_distance_1": 0.6987529412731988, "KL_distance_2": 0.25975661759000035, "KL_distance_3": 0.5302283817449502, "hist_group_loss_1": 2108.6217021134044, "hist_group_loss_2": 1655.8230414226014, "hist_group_loss_3": 1946.7978949544802, "cur_group_loss_1": 20.259592763625342, "cur_group_loss_2": 15.133506175900715, "cur_group_loss_3": 18.178212589368197, "train_group_loss_1": 20.248201951315373, "train_group_loss_2": 15.119298758577889, "train_group_loss_3": 18.15941529634692, "val_group_loss_1": 21.340701049300204, "val_group_loss_2": 15.34317486402817, "val_group_loss_3": 20.02660482448296, "_timestamp": 1726684252.295219, "_runtime": 8.572195053100586, "_step": 2, "final/reward_err_1": 0.08231233383825165, "final/reward_err_2": 0.006865325167936803, "final/reward_err_3": 0.048075894636405124, "final/reward_param_1": 4.686994564808727, "final/reward_param_2": 3.225848826485023, "final/reward_param_3": 7.697831904170817, "final/reward_param_4": 3.37563792579226, "optimal_reward_1": 3.7910752296447754, "optimal_reward_2": 3.7910752296447754, "optimal_reward_3": 3.2656166553497314, "final/reward_1": 3.7511558532714844, "final/reward_2": 3.553601026535034, "final/reward_3": 3.2656166553497314, "reward_0_when_1_group_param_known": 3.7910752296447754, "reward_1_when_1_group_param_known": 3.430555582046509, "reward_2_when_1_group_param_known": 3.223391532897949, "reward_0_when_2_group_param_known": 3.430555582046509, "reward_1_when_2_group_param_known": 3.7910752296447754, "reward_2_when_2_group_param_known": 3.083258628845215, "reward_0_when_3_group_param_known": 3.7511558532714844, "reward_1_when_3_group_param_known": 3.553601026535034, "reward_2_when_3_group_param_known": 3.2656166553497314, "reward_error_0_when_1_group_param_known": 0.0, "reward_error_1_when_1_group_param_known": 0.09509693840394916, "reward_error_2_when_1_group_param_known": 0.012930214078437238, "reward_error_0_when_2_group_param_known": 0.09509693840394916, "reward_error_1_when_2_group_param_known": 0.0, "reward_error_2_when_2_group_param_known": 0.055841835019360825, "reward_error_0_when_3_group_param_known": 0.010529829653903089, "reward_error_1_when_3_group_param_known": 0.06264032991294467, "reward_error_2_when_3_group_param_known": 0.0, "_wandb": {"runtime": 8}}