{"Iteration": 99, "train_loss": 19.614320920302116, "val_loss": 20.09801688074673, "grad_norm": 0.00734015605494903, "live_grad": 1.635611367296876e-14, "train_weighted_loss": 58.842962760906346, "val_weighted_loss": 60.294050642240194, "max_reward_err": 0.07629947740016778, "max_reward_err_index": 0, "max_kl_dist": 0.9667639325695565, "max_kl_dist_index": 0, "max_train_grp_loss": 23.05082332034566, "max_train_grp_loss_index": 0, "max_val_grp_loss": 23.781676714526427, "max_val_grp_loss_index": 0, "max_cur_train_grp_loss": 0.2505681944000789, "max_cur_train_grp_loss_index": 0, "reward_err_1": 0.07629947740016778, "reward_err_2": 0.006898935847653053, "reward_err_3": 0.03941270922260658, "KL_distance_1": 0.9667639325695565, "KL_distance_2": 0.47439018310254677, "KL_distance_3": 0.7481865015666731, "reward_param_1": 8.057400740802537, "reward_param_2": 4.655513163485696, "reward_param_3": 7.482999416947578, "reward_param_4": 3.2858769841053808, "group_weight_1": 0.34943798698607487, "group_weight_2": 0.31145237973061235, "group_weight_3": 0.33910963328331284, "hist_group_loss_1": 25.13134298388911, "hist_group_loss_2": 13.623376990650172, "hist_group_loss_3": 22.13107745374144, "cur_group_loss_1": 0.2505681944000789, "cur_group_loss_2": 0.1367272545898678, "cur_group_loss_3": 0.2209427517163886, "train_group_loss_1": 23.05082332034566, "train_group_loss_2": 15.17852100506909, "train_group_loss_3": 21.430976278929535, "val_group_loss_1": 23.781676714526427, "val_group_loss_2": 14.267085387906027, "val_group_loss_3": 22.458081485238043, "_timestamp": 1726610344.637075, "_runtime": 9.324228048324585, "_step": 2, "final/reward_err_1": 0.07629947740016778, "final/reward_err_2": 0.006898935847653053, "final/reward_err_3": 0.03941270922260658, "final/reward_param_1": 8.057400740802537, "final/reward_param_2": 4.655513163485696, "final/reward_param_3": 7.482999416947578, "final/reward_param_4": 3.2858769841053808, "optimal_reward_1": 3.8883774280548096, "optimal_reward_2": 3.8883774280548096, "optimal_reward_3": 3.346843719482422, "final/reward_1": 3.8492772579193115, "final/reward_2": 3.6396799087524414, "final/reward_3": 3.346843719482422, "reward_0_when_1_group_param_known": 3.8883774280548096, "reward_1_when_1_group_param_known": 3.499903678894043, "reward_2_when_1_group_param_known": 3.3037302494049072, "reward_0_when_2_group_param_known": 3.499903678894043, "reward_1_when_2_group_param_known": 3.8883774280548096, "reward_2_when_2_group_param_known": 3.1488685607910156, "reward_0_when_3_group_param_known": 3.8492772579193115, "reward_1_when_3_group_param_known": 3.6396799087524414, "reward_2_when_3_group_param_known": 3.346843719482422, "reward_error_0_when_1_group_param_known": 0.0, "reward_error_1_when_1_group_param_known": 0.09990638932268042, "reward_error_2_when_1_group_param_known": 0.012881829476095764, "reward_error_0_when_2_group_param_known": 0.09990638932268042, "reward_error_1_when_2_group_param_known": 0.0, "reward_error_2_when_2_group_param_known": 0.05915279447885975, "reward_error_0_when_3_group_param_known": 0.010055651967679024, "reward_error_1_when_3_group_param_known": 0.06395920249613757, "reward_error_2_when_3_group_param_known": 0.0, "_wandb": {"runtime": 9}}