{"Iteration": 199, "train_loss": 13.98457497430669, "val_loss": 14.175066517420651, "grad_norm": 0.052488643530324744, "live_grad": 2.6142702474478395e-14, "train_weighted_loss": 41.95372492292007, "val_weighted_loss": 42.52519955226195, "max_reward_err": 0.10210117841449876, "max_reward_err_index": 0, "max_kl_dist": 1.9853115427658767, "max_kl_dist_index": 0, "max_train_grp_loss": 21.357146217683592, "max_train_grp_loss_index": 0, "max_val_grp_loss": 20.290375177695797, "max_val_grp_loss_index": 0, "max_cur_train_grp_loss": 0.31431648640151166, "max_cur_train_grp_loss_index": 2, "reward_err_1": 0.10210117841449876, "reward_err_2": 4.7562612980433925e-05, "reward_err_3": 0.05916200854223024, "KL_distance_1": 1.9853115427658767, "KL_distance_2": 1.1821970199633056, "KL_distance_3": 1.6372001599980823, "reward_param_1": 12.428264423102677, "reward_param_2": 4.38169023628937, "reward_param_3": 13.127834223877555, "reward_param_4": 4.979470702473787, "group_weight_1": 0.32061654660198685, "group_weight_2": 0.24761064732357135, "group_weight_3": 0.43177280607444174, "hist_group_loss_1": 34.592951020675315, "hist_group_loss_2": 8.754120200367622, "hist_group_loss_3": 64.35831980424531, "cur_group_loss_1": 0.17087866846327437, "cur_group_loss_2": 0.04731946712167489, "cur_group_loss_3": 0.31431648640151166, "train_group_loss_1": 21.357146217683592, "train_group_loss_2": 5.920978263247749, "train_group_loss_3": 15.712138643511794, "val_group_loss_1": 20.290375177695797, "val_group_loss_2": 5.954007106406354, "val_group_loss_3": 16.760482468504907, "_timestamp": 1726698129.963171, "_runtime": 14.27954912185669, "_step": 3, "final/reward_err_1": 0.10210117841449876, "final/reward_err_2": 4.7562612980433925e-05, "final/reward_err_3": 0.05916200854223024, "final/reward_param_1": 12.428264423102677, "final/reward_param_2": 4.38169023628937, "final/reward_param_3": 13.127834223877555, "final/reward_param_4": 4.979470702473787, "optimal_reward_1": 3.8748409748077393, "optimal_reward_2": 3.8748409748077393, "optimal_reward_3": 3.300816535949707, "final/reward_1": 3.8403704166412354, "final/reward_2": 3.587584972381592, "final/reward_3": 3.300816535949707, "reward_0_when_1_group_param_known": 3.8748409748077393, "reward_1_when_1_group_param_known": 3.4526655673980713, "reward_2_when_1_group_param_known": 3.2780399322509766, "reward_0_when_2_group_param_known": 3.4526655673980713, "reward_1_when_2_group_param_known": 3.8748409748077393, "reward_2_when_2_group_param_known": 3.086048126220703, "reward_0_when_3_group_param_known": 3.8403704166412354, "reward_1_when_3_group_param_known": 3.587584972381592, "reward_2_when_3_group_param_known": 3.300816535949707, "reward_error_0_when_1_group_param_known": 0.0, "reward_error_1_when_1_group_param_known": 0.10895296352919757, "reward_error_2_when_1_group_param_known": 0.00690029374570411, "reward_error_0_when_2_group_param_known": 0.10895296352919757, "reward_error_1_when_2_group_param_known": 0.0, "reward_error_2_when_2_group_param_known": 0.06506523685576818, "reward_error_0_when_3_group_param_known": 0.008895992994451664, "reward_error_1_when_3_group_param_known": 0.07413362362319925, "reward_error_2_when_3_group_param_known": 0.0, "_wandb": {"runtime": 14}}