{"Iteration": 99, "train_loss": 17.153468684464993, "val_loss": 18.33267464100121, "grad_norm": 0.3959179497580292, "max_reward_err": 0.08188370028862015, "max_reward_err_index": 1, "max_kl_dist": 0.5533855258678914, "max_kl_dist_index": 0, "max_train_grp_loss": 19.893341230769295, "max_train_grp_loss_index": 0, "max_val_grp_loss": 20.771580634672144, "max_val_grp_loss_index": 0, "max_cur_train_grp_loss": 19.90471970151185, "max_cur_train_grp_loss_index": 0, "reward_err_1": 0.06461775721114354, "reward_err_2": 0.01788336414542513, "reward_err_3": 0.028299432189101224, "reward_param_1": 5.890317800396589, "reward_param_2": 4.588368792018139, "reward_param_3": 5.8854078971268455, "reward_param_4": 3.679538991426952, "KL_distance_1": 0.5533855258678914, "KL_distance_2": 0.3256816056697184, "KL_distance_3": 0.41527198084710026, "hist_group_loss_1": 2076.777989637596, "hist_group_loss_2": 1499.6167569849104, "hist_group_loss_3": 2081.5150544393337, "cur_group_loss_1": 19.90471970151185, "cur_group_loss_2": 12.591142327945452, "cur_group_loss_3": 19.73598270786668, "train_group_loss_1": 19.893341230769295, "train_group_loss_2": 12.571597683933822, "train_group_loss_3": 19.720737337650675, "val_group_loss_1": 20.771580634672144, "val_group_loss_2": 14.554704846568528, "val_group_loss_3": 19.25636598689179, "_timestamp": 1726658914.0037498, "_runtime": 8.106714963912964, "_step": 2, "final/reward_err_1": 0.06461775721114354, "final/reward_err_2": 0.01788336414542513, "final/reward_err_3": 0.028299432189101224, "final/reward_param_1": 5.890317800396589, "final/reward_param_2": 4.588368792018139, "final/reward_param_3": 5.8854078971268455, "final/reward_param_4": 3.679538991426952, "optimal_reward_1": 3.8414433002471924, "optimal_reward_2": 3.8414433002471924, "optimal_reward_3": 3.2997119426727295, "final/reward_1": 3.8053715229034424, "final/reward_2": 3.562098741531372, "final/reward_3": 3.2997119426727295, "reward_0_when_1_group_param_known": 3.8414433002471924, "reward_1_when_1_group_param_known": 3.4536936283111572, "reward_2_when_1_group_param_known": 3.2716972827911377, "reward_0_when_2_group_param_known": 3.4536936283111572, "reward_1_when_2_group_param_known": 3.8414433002471924, "reward_2_when_2_group_param_known": 3.109083414077759, "reward_0_when_3_group_param_known": 3.8053715229034424, "reward_1_when_3_group_param_known": 3.562098741531372, "reward_2_when_3_group_param_known": 3.2997119426727295, "reward_error_0_when_1_group_param_known": 0.0, "reward_error_1_when_1_group_param_known": 0.10093853836423511, "reward_error_2_when_1_group_param_known": 0.008490031968942185, "reward_error_0_when_2_group_param_known": 0.10093853836423511, "reward_error_1_when_2_group_param_known": 0.0, "reward_error_2_when_2_group_param_known": 0.057771263645687736, "reward_error_0_when_3_group_param_known": 0.009390162635337823, "reward_error_1_when_3_group_param_known": 0.07271864684241072, "reward_error_2_when_3_group_param_known": 0.0, "_wandb": {"runtime": 8}}