{"Iteration": 99, "train_loss": 18.91783903665212, "val_loss": 20.411927737151444, "grad_norm": 0.3377777370114477, "max_reward_err": 0.10237836175010691, "max_reward_err_index": 1, "max_kl_dist": 0.33655278296816515, "max_kl_dist_index": 1, "max_train_grp_loss": 22.89644430507543, "max_train_grp_loss_index": 0, "max_val_grp_loss": 22.65509937533524, "max_val_grp_loss_index": 0, "max_cur_train_grp_loss": 22.89972565931443, "max_cur_train_grp_loss_index": 0, "reward_err_1": 0.03990499798049709, "reward_err_2": 0.041373643904868466, "reward_err_3": 0.01253400176091035, "reward_param_1": 4.652525251598052, "reward_param_2": 5.405126526118935, "reward_param_3": 4.518357073006027, "reward_param_4": 3.5312915612095916, "KL_distance_1": 0.33009686115285186, "KL_distance_2": 0.33655278296816515, "KL_distance_3": 0.24651070392057717, "hist_group_loss_1": 2317.2071019562713, "hist_group_loss_2": 1520.7371068331813, "hist_group_loss_3": 2187.69440321717, "cur_group_loss_1": 22.89972565931443, "cur_group_loss_2": 13.48913530525785, "cur_group_loss_3": 21.27484147329683, "train_group_loss_1": 22.89644430507543, "train_group_loss_2": 13.468337175865576, "train_group_loss_3": 21.266342260138874, "val_group_loss_1": 22.65509937533524, "val_group_loss_2": 16.29886504852284, "val_group_loss_3": 22.044194497994827, "_timestamp": 1726609812.177273, "_runtime": 7.9616920948028564, "_step": 2, "final/reward_err_1": 0.03990499798049709, "final/reward_err_2": 0.041373643904868466, "final/reward_err_3": 0.01253400176091035, "final/reward_param_1": 4.652525251598052, "final/reward_param_2": 5.405126526118935, "final/reward_param_3": 4.518357073006027, "final/reward_param_4": 3.5312915612095916, "optimal_reward_1": 3.8953254222869873, "optimal_reward_2": 3.8953254222869873, "optimal_reward_3": 3.3897509574890137, "final/reward_1": 3.860149383544922, "final/reward_2": 3.6194307804107666, "final/reward_3": 3.3897509574890137, "reward_0_when_1_group_param_known": 3.8953254222869873, "reward_1_when_1_group_param_known": 3.486448287963867, "reward_2_when_1_group_param_known": 3.353602647781372, "reward_0_when_2_group_param_known": 3.486448287963867, "reward_1_when_2_group_param_known": 3.8953254222869873, "reward_2_when_2_group_param_known": 3.1823203563690186, "reward_0_when_3_group_param_known": 3.860149383544922, "reward_1_when_3_group_param_known": 3.6194307804107666, "reward_2_when_3_group_param_known": 3.3897509574890137, "reward_error_0_when_1_group_param_known": 0.0, "reward_error_1_when_1_group_param_known": 0.1049661042396463, "reward_error_2_when_1_group_param_known": 0.01066400162164679, "reward_error_0_when_2_group_param_known": 0.1049661042396463, "reward_error_1_when_2_group_param_known": 0.0, "reward_error_2_when_2_group_param_known": 0.06119346339049376, "reward_error_0_when_3_group_param_known": 0.00903032094335605, "reward_error_1_when_3_group_param_known": 0.07082710992455157, "reward_error_2_when_3_group_param_known": 0.0, "_wandb": {"runtime": 7}}