{"Iteration": 199, "train_loss": 15.4945632048779, "val_loss": 15.539298932872962, "grad_norm": 0.2034289412514257, "max_reward_err": 0.07923325276328938, "max_reward_err_index": 0, "max_kl_dist": 1.112692568786169, "max_kl_dist_index": 0, "max_train_grp_loss": 20.51205471885619, "max_train_grp_loss_index": 0, "max_val_grp_loss": 19.722413315903886, "max_val_grp_loss_index": 0, "max_cur_train_grp_loss": 20.514641483411825, "max_cur_train_grp_loss_index": 0, "reward_err_1": 0.08240205743035679, "reward_err_2": 0.004755999953594011, "reward_err_3": 0.041913026572283664, "reward_param_1": 8.688767279804802, "reward_param_2": 4.841767364241238, "reward_param_3": 8.580488884519786, "reward_param_4": 3.8654964097913327, "KL_distance_1": 1.112692568786169, "KL_distance_2": 0.5686861189398306, "KL_distance_3": 0.8741682617757366, "hist_group_loss_1": 4251.787460226578, "hist_group_loss_2": 2271.184220120798, "hist_group_loss_3": 3988.7019063480843, "cur_group_loss_1": 20.514641483411825, "cur_group_loss_2": 9.504883765167078, "cur_group_loss_3": 18.7215303164003, "train_group_loss_1": 20.51205471885619, "train_group_loss_2": 9.49972184845139, "train_group_loss_3": 18.715855181274158, "val_group_loss_1": 19.722413315903886, "val_group_loss_2": 7.178030869282903, "val_group_loss_3": 18.841108451896645, "_timestamp": 1726698086.615538, "_runtime": 11.588866949081421, "_step": 3, "final/reward_err_1": 0.08240205743035679, "final/reward_err_2": 0.004755999953594011, "final/reward_err_3": 0.041913026572283664, "final/reward_param_1": 8.688767279804802, "final/reward_param_2": 4.841767364241238, "final/reward_param_3": 8.580488884519786, "final/reward_param_4": 3.8654964097913327, "optimal_reward_1": 3.884077310562134, "optimal_reward_2": 3.884077310562134, "optimal_reward_3": 3.3674604892730713, "final/reward_1": 3.847635269165039, "final/reward_2": 3.6067681312561035, "final/reward_3": 3.3674604892730713, "reward_0_when_1_group_param_known": 3.884077310562134, "reward_1_when_1_group_param_known": 3.4758739471435547, "reward_2_when_1_group_param_known": 3.3304951190948486, "reward_0_when_2_group_param_known": 3.4758739471435547, "reward_1_when_2_group_param_known": 3.884077310562134, "reward_2_when_2_group_param_known": 3.1624059677124023, "reward_0_when_3_group_param_known": 3.847635269165039, "reward_1_when_3_group_param_known": 3.6067681312561035, "reward_2_when_3_group_param_known": 3.3674604892730713, "reward_error_0_when_1_group_param_known": 0.0, "reward_error_1_when_1_group_param_known": 0.10509661131320291, "reward_error_2_when_1_group_param_known": 0.010977224616584088, "reward_error_0_when_2_group_param_known": 0.10509661131320291, "reward_error_1_when_2_group_param_known": 0.0, "reward_error_2_when_2_group_param_known": 0.060892925756326766, "reward_error_0_when_3_group_param_known": 0.009382419165034734, "reward_error_1_when_3_group_param_known": 0.07139641081600817, "reward_error_2_when_3_group_param_known": 0.0, "_wandb": {"runtime": 11}}