{"Iteration": 99, "train_loss": 19.88141292115554, "val_loss": 21.126459722429846, "grad_norm": 0.0036956982849366024, "live_grad": 1.0998074602913524e-14, "train_weighted_loss": 59.64423876346663, "val_weighted_loss": 63.37937916728954, "max_reward_err": 0.10895612135932033, "max_reward_err_index": 0, "max_kl_dist": 1.2351671473856471, "max_kl_dist_index": 0, "max_train_grp_loss": 24.79521475707111, "max_train_grp_loss_index": 0, "max_val_grp_loss": 23.35105610828309, "max_val_grp_loss_index": 0, "max_cur_train_grp_loss": 0.26378138887252983, "max_cur_train_grp_loss_index": 0, "reward_err_1": 0.10895612135932033, "reward_err_2": 0.001301450294322236, "reward_err_3": 0.06871548307086084, "KL_distance_1": 1.2351671473856471, "KL_distance_2": 0.43892734980189013, "KL_distance_3": 0.9840144321408749, "reward_param_1": 5.613907892883995, "reward_param_2": 3.828798089995194, "reward_param_3": 10.74422173150229, "reward_param_4": 2.5603517116450023, "group_weight_1": 0.35228568591583853, "group_weight_2": 0.30592156565430634, "group_weight_3": 0.3417927484298552, "hist_group_loss_1": 26.38710873043743, "hist_group_loss_2": 12.27573808715559, "hist_group_loss_3": 23.363318779430944, "cur_group_loss_1": 0.26378138887252983, "cur_group_loss_2": 0.12247832842630602, "cur_group_loss_3": 0.233470023129983, "train_group_loss_1": 24.79521475707111, "train_group_loss_2": 13.472906830724668, "train_group_loss_3": 22.41306185210692, "val_group_loss_1": 23.35105610828309, "val_group_loss_2": 16.22894806340586, "val_group_loss_3": 23.280449599448236, "_timestamp": 1726611036.3591712, "_runtime": 9.60691523551941, "_step": 2, "final/reward_err_1": 0.10895612135932033, "final/reward_err_2": 0.001301450294322236, "final/reward_err_3": 0.06871548307086084, "final/reward_param_1": 5.613907892883995, "final/reward_param_2": 3.828798089995194, "final/reward_param_3": 10.74422173150229, "final/reward_param_4": 2.5603517116450023, "optimal_reward_1": 3.8888535499572754, "optimal_reward_2": 3.8888535499572754, "optimal_reward_3": 3.382976770401001, "final/reward_1": 3.852006435394287, "final/reward_2": 3.6119940280914307, "final/reward_3": 3.382976770401001, "reward_0_when_1_group_param_known": 3.8888535499572754, "reward_1_when_1_group_param_known": 3.4823989868164062, "reward_2_when_1_group_param_known": 3.3450193405151367, "reward_0_when_2_group_param_known": 3.4823989868164062, "reward_1_when_2_group_param_known": 3.8888535499572754, "reward_2_when_2_group_param_known": 3.1775741577148438, "reward_0_when_3_group_param_known": 3.852006435394287, "reward_1_when_3_group_param_known": 3.6119940280914307, "reward_2_when_3_group_param_known": 3.382976770401001, "reward_error_0_when_1_group_param_known": 0.0, "reward_error_1_when_1_group_param_known": 0.10451783743446308, "reward_error_2_when_1_group_param_known": 0.011220127261283255, "reward_error_0_when_2_group_param_known": 0.10451783743446308, "reward_error_1_when_2_group_param_known": 0.0, "reward_error_2_when_2_group_param_known": 0.06071653062572163, "reward_error_0_when_3_group_param_known": 0.009475058417510502, "reward_error_1_when_3_group_param_known": 0.07119309542239934, "reward_error_2_when_3_group_param_known": 0.0, "_wandb": {"runtime": 9}}