{"Iteration": 99, "train_loss": 16.284593186301088, "val_loss": 15.976964578711314, "grad_norm": 0.013863640661581392, "live_grad": 1.4504884301943696e-14, "train_weighted_loss": 48.85377955890324, "val_weighted_loss": 47.93089373613394, "max_reward_err": 0.09725796284634584, "max_reward_err_index": 0, "max_kl_dist": 1.5433919203968853, "max_kl_dist_index": 0, "max_train_grp_loss": 19.386493225270637, "max_train_grp_loss_index": 0, "max_val_grp_loss": 19.87183677313486, "max_val_grp_loss_index": 0, "max_cur_train_grp_loss": 0.3694184781314221, "max_cur_train_grp_loss_index": 2, "reward_err_1": 0.09725796284634584, "reward_err_2": 0.00015996059225983008, "reward_err_3": 0.05819837244757684, "KL_distance_1": 1.5433919203968853, "KL_distance_2": 0.8493032115203815, "KL_distance_3": 1.2503246634635545, "reward_param_1": 9.884779704669372, "reward_param_2": 3.689378858834154, "reward_param_3": 11.664812513129746, "reward_param_4": 4.1335279809786005, "group_weight_1": 0.31443014144421083, "group_weight_2": 0.29610451658001236, "group_weight_3": 0.3894653419757767, "hist_group_loss_1": 15.860148851912127, "hist_group_loss_2": 9.85520513800225, "hist_group_loss_3": 37.26144433708244, "cur_group_loss_1": 0.1576286125525909, "cur_group_loss_2": 0.0991181870335433, "cur_group_loss_3": 0.3694184781314221, "train_group_loss_1": 19.386493225270637, "train_group_loss_2": 12.789228678220145, "train_group_loss_3": 17.72976645190913, "val_group_loss_1": 19.87183677313486, "val_group_loss_2": 9.95807527975818, "val_group_loss_3": 18.110443250496555, "_timestamp": 1726683667.401626, "_runtime": 10.008164167404175, "_step": 2, "final/reward_err_1": 0.09725796284634584, "final/reward_err_2": 0.00015996059225983008, "final/reward_err_3": 0.05819837244757684, "final/reward_param_1": 9.884779704669372, "final/reward_param_2": 3.689378858834154, "final/reward_param_3": 11.664812513129746, "final/reward_param_4": 4.1335279809786005, "optimal_reward_1": 3.843956232070923, "optimal_reward_2": 3.843956232070923, "optimal_reward_3": 3.254488229751587, "final/reward_1": 3.8041796684265137, "final/reward_2": 3.590562105178833, "final/reward_3": 3.254488229751587, "reward_0_when_1_group_param_known": 3.843956232070923, "reward_1_when_1_group_param_known": 3.4647014141082764, "reward_2_when_1_group_param_known": 3.2180964946746826, "reward_0_when_2_group_param_known": 3.4647014141082764, "reward_1_when_2_group_param_known": 3.843956232070923, "reward_2_when_2_group_param_known": 3.0630156993865967, "reward_0_when_3_group_param_known": 3.8041796684265137, "reward_1_when_3_group_param_known": 3.590562105178833, "reward_2_when_3_group_param_known": 3.254488229751587, "reward_error_0_when_1_group_param_known": 0.0, "reward_error_1_when_1_group_param_known": 0.09866262648841967, "reward_error_2_when_1_group_param_known": 0.011182014654169469, "reward_error_0_when_2_group_param_known": 0.09866262648841967, "reward_error_1_when_2_group_param_known": 0.0, "reward_error_2_when_2_group_param_known": 0.058833376201703216, "reward_error_0_when_3_group_param_known": 0.010347819080910722, "reward_error_1_when_3_group_param_known": 0.06592013841832281, "reward_error_2_when_3_group_param_known": 0.0, "_wandb": {"runtime": 9}}