{"Iteration": 99, "train_loss": 15.467164933951123, "val_loss": 15.781391813404941, "grad_norm": 0.005906422756646828, "live_grad": 1.1169196774599173e-14, "train_weighted_loss": 46.40149480185337, "val_weighted_loss": 47.34417544021482, "max_reward_err": 0.09396199237426617, "max_reward_err_index": 0, "max_kl_dist": 1.9529822917761903, "max_kl_dist_index": 0, "max_train_grp_loss": 17.933152940988766, "max_train_grp_loss_index": 0, "max_val_grp_loss": 19.516390665517036, "max_val_grp_loss_index": 0, "max_cur_train_grp_loss": 0.17080075785306872, "max_cur_train_grp_loss_index": 0, "reward_err_1": 0.09396199237426617, "reward_err_2": 0.0009445621255219996, "reward_err_3": 0.050952593260313636, "KL_distance_1": 1.9529822917761903, "KL_distance_2": 1.0910076442233747, "KL_distance_3": 1.5965246619986455, "reward_param_1": 12.497015814852244, "reward_param_2": 5.515474645815096, "reward_param_3": 12.19358078509256, "reward_param_4": 4.6374487309295915, "group_weight_1": 0.3402065889166027, "group_weight_2": 0.3215165669998146, "group_weight_3": 0.33827684408358255, "hist_group_loss_1": 17.157103568517556, "hist_group_loss_2": 11.506706081334812, "hist_group_loss_3": 16.588261370539573, "cur_group_loss_1": 0.17080075785306872, "cur_group_loss_2": 0.1156444082488565, "cur_group_loss_3": 0.16511031563137715, "train_group_loss_1": 17.933152940988766, "train_group_loss_2": 10.41016798541522, "train_group_loss_3": 17.335745739944244, "val_group_loss_1": 19.516390665517036, "val_group_loss_2": 10.839619021118208, "val_group_loss_3": 16.75663001268515, "_timestamp": 1726667320.5669708, "_runtime": 9.655870914459229, "_step": 2, "final/reward_err_1": 0.09396199237426617, "final/reward_err_2": 0.0009445621255219996, "final/reward_err_3": 0.050952593260313636, "final/reward_param_1": 12.497015814852244, "final/reward_param_2": 5.515474645815096, "final/reward_param_3": 12.19358078509256, "final/reward_param_4": 4.6374487309295915, "optimal_reward_1": 3.939390182495117, "optimal_reward_2": 3.939390182495117, "optimal_reward_3": 3.4304511547088623, "final/reward_1": 3.8967127799987793, "final/reward_2": 3.6586339473724365, "final/reward_3": 3.4304511547088623, "reward_0_when_1_group_param_known": 3.939390182495117, "reward_1_when_1_group_param_known": 3.527578830718994, "reward_2_when_1_group_param_known": 3.3940188884735107, "reward_0_when_2_group_param_known": 3.527578830718994, "reward_1_when_2_group_param_known": 3.939390182495117, "reward_2_when_2_group_param_known": 3.225066661834717, "reward_0_when_3_group_param_known": 3.8967127799987793, "reward_1_when_3_group_param_known": 3.6586339473724365, "reward_2_when_3_group_param_known": 3.4304511547088623, "reward_error_0_when_1_group_param_known": 0.0, "reward_error_1_when_1_group_param_known": 0.10453682745264177, "reward_error_2_when_1_group_param_known": 0.010620255060429077, "reward_error_0_when_2_group_param_known": 0.10453682745264177, "reward_error_1_when_2_group_param_known": 0.0, "reward_error_2_when_2_group_param_known": 0.059870985946621415, "reward_error_0_when_3_group_param_known": 0.010833504811474914, "reward_error_1_when_3_group_param_known": 0.07126895842159414, "reward_error_2_when_3_group_param_known": 0.0, "_wandb": {"runtime": 9}}