{"Iteration": 99, "train_loss": 19.91344955619111, "val_loss": 19.553107644833425, "grad_norm": 0.27090991533042663, "max_reward_err": 0.04321762953615214, "max_reward_err_index": 0, "max_kl_dist": 0.47296770881155603, "max_kl_dist_index": 0, "max_train_grp_loss": 21.230909806800163, "max_train_grp_loss_index": 0, "max_val_grp_loss": 20.956792966422626, "max_val_grp_loss_index": 0, "max_cur_train_grp_loss": 21.233916390788423, "max_cur_train_grp_loss_index": 0, "reward_err_1": 0.0663376576733595, "reward_err_2": 0.019906041737636028, "reward_err_3": 0.033808067041584615, "reward_param_1": 6.270342308362266, "reward_param_2": 4.38535872374873, "reward_param_3": 4.407225524907503, "reward_param_4": 3.4652997039361426, "KL_distance_1": 0.47296770881155603, "KL_distance_2": 0.2677755149159954, "KL_distance_3": 0.3493968816929402, "hist_group_loss_1": 2146.445006592299, "hist_group_loss_2": 1945.2643747868299, "hist_group_loss_3": 2008.9087125517942, "cur_group_loss_1": 21.233916390788423, "cur_group_loss_2": 18.810954612356195, "cur_group_loss_3": 19.30120013130893, "train_group_loss_1": 21.230909806800163, "train_group_loss_2": 18.803369124347704, "train_group_loss_3": 19.28849866655846, "val_group_loss_1": 20.956792966422626, "val_group_loss_2": 17.779325273379662, "val_group_loss_3": 19.76150240350002, "_timestamp": 1726604960.076662, "_runtime": 8.127467155456543, "_step": 2, "final/reward_err_1": 0.0663376576733595, "final/reward_err_2": 0.019906041737636028, "final/reward_err_3": 0.033808067041584615, "final/reward_param_1": 6.270342308362266, "final/reward_param_2": 4.38535872374873, "final/reward_param_3": 4.407225524907503, "final/reward_param_4": 3.4652997039361426, "optimal_reward_1": 3.879473924636841, "optimal_reward_2": 3.879473924636841, "optimal_reward_3": 3.351266622543335, "final/reward_1": 3.846095323562622, "final/reward_2": 3.6189825534820557, "final/reward_3": 3.351266622543335, "reward_0_when_1_group_param_known": 3.879473924636841, "reward_1_when_1_group_param_known": 3.4689507484436035, "reward_2_when_1_group_param_known": 3.3167123794555664, "reward_0_when_2_group_param_known": 3.4689507484436035, "reward_1_when_2_group_param_known": 3.879473924636841, "reward_2_when_2_group_param_known": 3.1360788345336914, "reward_0_when_3_group_param_known": 3.846095323562622, "reward_1_when_3_group_param_known": 3.6189825534820557, "reward_2_when_3_group_param_known": 3.351266622543335, "reward_error_0_when_1_group_param_known": 0.0, "reward_error_1_when_1_group_param_known": 0.10581928997800044, "reward_error_2_when_1_group_param_known": 0.010310800953683814, "reward_error_0_when_2_group_param_known": 0.10581928997800044, "reward_error_1_when_2_group_param_known": 0.0, "reward_error_2_when_2_group_param_known": 0.06421088270390547, "reward_error_0_when_3_group_param_known": 0.00860389880757952, "reward_error_1_when_3_group_param_known": 0.06714605542275165, "reward_error_2_when_3_group_param_known": 0.0, "_wandb": {"runtime": 8}}