{"Iteration": 99, "train_loss": 13.671371948157303, "val_loss": 15.499269160439287, "grad_norm": 0.01978919489111922, "live_grad": 2.22468859925311e-14, "train_weighted_loss": 41.01411584447192, "val_weighted_loss": 46.49780748131787, "max_reward_err": 0.09207283799536697, "max_reward_err_index": 0, "max_kl_dist": 1.9614063765078682, "max_kl_dist_index": 0, "max_train_grp_loss": 19.843589095365996, "max_train_grp_loss_index": 0, "max_val_grp_loss": 19.991685154657905, "max_val_grp_loss_index": 0, "max_cur_train_grp_loss": 0.4207672665824413, "max_cur_train_grp_loss_index": 2, "reward_err_1": 0.09207283799536697, "reward_err_2": 0.0002352329627789945, "reward_err_3": 0.0540068187113267, "KL_distance_1": 1.9614063765078682, "KL_distance_2": 1.0897549580274293, "KL_distance_3": 1.587519252495144, "reward_param_1": 12.402190438719337, "reward_param_2": 4.042812110137272, "reward_param_3": 12.261784045058489, "reward_param_4": 4.914719993291592, "group_weight_1": 0.313022974989946, "group_weight_2": 0.27996901235413096, "group_weight_3": 0.4070080126559232, "hist_group_loss_1": 16.33031919059618, "hist_group_loss_2": 5.17055284168899, "hist_group_loss_3": 42.58594738999521, "cur_group_loss_1": 0.1626613139606018, "cur_group_loss_2": 0.05183909129182504, "cur_group_loss_3": 0.4207672665824413, "train_group_loss_1": 19.843589095365996, "train_group_loss_2": 7.104620992128575, "train_group_loss_3": 17.247820460754244, "val_group_loss_1": 19.991685154657905, "val_group_loss_2": 8.694686148195649, "val_group_loss_3": 17.46704506614325, "_timestamp": 1726682991.54278, "_runtime": 9.966784000396729, "_step": 2, "final/reward_err_1": 0.09207283799536697, "final/reward_err_2": 0.0002352329627789945, "final/reward_err_3": 0.0540068187113267, "final/reward_param_1": 12.402190438719337, "final/reward_param_2": 4.042812110137272, "final/reward_param_3": 12.261784045058489, "final/reward_param_4": 4.914719993291592, "optimal_reward_1": 3.7876079082489014, "optimal_reward_2": 3.7876079082489014, "optimal_reward_3": 3.2552034854888916, "final/reward_1": 3.755828619003296, "final/reward_2": 3.553105354309082, "final/reward_3": 3.2552034854888916, "reward_0_when_1_group_param_known": 3.7876079082489014, "reward_1_when_1_group_param_known": 3.425462007522583, "reward_2_when_1_group_param_known": 3.221684455871582, "reward_0_when_2_group_param_known": 3.425462007522583, "reward_1_when_2_group_param_known": 3.7876079082489014, "reward_2_when_2_group_param_known": 3.069401741027832, "reward_0_when_3_group_param_known": 3.755828619003296, "reward_1_when_3_group_param_known": 3.553105354309082, "reward_2_when_3_group_param_known": 3.2552034854888916, "reward_error_0_when_1_group_param_known": 0.0, "reward_error_1_when_1_group_param_known": 0.09561335531526725, "reward_error_2_when_1_group_param_known": 0.010297061233416388, "reward_error_0_when_2_group_param_known": 0.09561335531526725, "reward_error_1_when_2_group_param_known": 0.0, "reward_error_2_when_2_group_param_known": 0.057078380902862186, "reward_error_0_when_3_group_param_known": 0.008390332372153529, "reward_error_1_when_3_group_param_known": 0.06191310178360972, "reward_error_2_when_3_group_param_known": 0.0, "_wandb": {"runtime": 9}}