{"Iteration": 99, "train_loss": 16.184649083753246, "val_loss": 16.776579790888007, "grad_norm": 0.011064996309068311, "live_grad": 2.075998312222816e-14, "train_weighted_loss": 48.55394725125974, "val_weighted_loss": 50.32973937266401, "max_reward_err": 0.09701495882485, "max_reward_err_index": 0, "max_kl_dist": 1.6912022589521103, "max_kl_dist_index": 0, "max_train_grp_loss": 19.12927012891258, "max_train_grp_loss_index": 0, "max_val_grp_loss": 20.34760013285615, "max_val_grp_loss_index": 0, "max_cur_train_grp_loss": 0.3242751169646638, "max_cur_train_grp_loss_index": 2, "reward_err_1": 0.09701495882485, "reward_err_2": 0.00012999336710089516, "reward_err_3": 0.05700675159611127, "KL_distance_1": 1.6912022589521103, "KL_distance_2": 0.8870282153014474, "KL_distance_3": 1.358132640305333, "reward_param_1": 11.941875656093597, "reward_param_2": 3.7372614652077063, "reward_param_3": 10.493927364961559, "reward_param_4": 4.286704029173643, "group_weight_1": 0.31828132431917144, "group_weight_2": 0.30326337564415035, "group_weight_3": 0.3784553000366781, "hist_group_loss_1": 15.376360256031566, "hist_group_loss_2": 10.54295976966919, "hist_group_loss_3": 32.69259114436309, "cur_group_loss_1": 0.15304511103310114, "cur_group_loss_2": 0.10581416883933896, "cur_group_loss_3": 0.3242751169646638, "train_group_loss_1": 19.12927012891258, "train_group_loss_2": 13.229107346453407, "train_group_loss_3": 16.21195081410452, "val_group_loss_1": 20.34760013285615, "val_group_loss_2": 12.066499477620816, "val_group_loss_3": 18.026240802025253, "_timestamp": 1726683344.289803, "_runtime": 10.161298036575317, "_step": 2, "final/reward_err_1": 0.09701495882485, "final/reward_err_2": 0.00012999336710089516, "final/reward_err_3": 0.05700675159611127, "final/reward_param_1": 11.941875656093597, "final/reward_param_2": 3.7372614652077063, "final/reward_param_3": 10.493927364961559, "final/reward_param_4": 4.286704029173643, "optimal_reward_1": 3.8295645713806152, "optimal_reward_2": 3.8295645713806152, "optimal_reward_3": 3.2923295497894287, "final/reward_1": 3.7937707901000977, "final/reward_2": 3.5698022842407227, "final/reward_3": 3.2923295497894287, "reward_0_when_1_group_param_known": 3.8295645713806152, "reward_1_when_1_group_param_known": 3.440261125564575, "reward_2_when_1_group_param_known": 3.2583417892456055, "reward_0_when_2_group_param_known": 3.440261125564575, "reward_1_when_2_group_param_known": 3.8295645713806152, "reward_2_when_2_group_param_known": 3.092778205871582, "reward_0_when_3_group_param_known": 3.7937707901000977, "reward_1_when_3_group_param_known": 3.5698022842407227, "reward_2_when_3_group_param_known": 3.2923295497894287, "reward_error_0_when_1_group_param_known": 0.0, "reward_error_1_when_1_group_param_known": 0.10165736562464864, "reward_error_2_when_1_group_param_known": 0.010323316675876822, "reward_error_0_when_2_group_param_known": 0.10165736562464864, "reward_error_1_when_2_group_param_known": 0.0, "reward_error_2_when_2_group_param_known": 0.0606109871141574, "reward_error_0_when_3_group_param_known": 0.009346697415161585, "reward_error_1_when_3_group_param_known": 0.06783076307974209, "reward_error_2_when_3_group_param_known": 0.0, "_wandb": {"runtime": 9}}