{"Iteration": 99, "train_loss": 22.165455950199902, "val_loss": 21.449178654321642, "grad_norm": 0.0005789265154458074, "live_grad": 6.764393098477476e-15, "train_weighted_loss": 66.49636785059971, "val_weighted_loss": 64.34753596296491, "max_reward_err": 0.0904471455679477, "max_reward_err_index": 0, "max_kl_dist": 0.8125831652557777, "max_kl_dist_index": 0, "max_train_grp_loss": 23.669292842653523, "max_train_grp_loss_index": 0, "max_val_grp_loss": 23.60916080478127, "max_val_grp_loss_index": 2, "max_cur_train_grp_loss": 0.25660212820120576, "max_cur_train_grp_loss_index": 2, "reward_err_1": 0.0904471455679477, "reward_err_2": 0.002320769921479686, "reward_err_3": 0.0532241505865308, "KL_distance_1": 0.8125831652557777, "KL_distance_2": 0.28682456741342344, "KL_distance_3": 0.6238749682592054, "reward_param_1": 8.418576705958673, "reward_param_2": 2.9635292632900945, "reward_param_3": 5.052535683133855, "reward_param_4": 3.0032898788747002, "group_weight_1": 0.3255321991615499, "group_weight_2": 0.3295776128838209, "group_weight_3": 0.34489018795462917, "hist_group_loss_1": 19.89584564390367, "hist_group_loss_2": 21.130895118030864, "hist_group_loss_3": 25.672314810840916, "cur_group_loss_1": 0.19890195896842816, "cur_group_loss_2": 0.21087207314871448, "cur_group_loss_3": 0.25660212820120576, "train_group_loss_1": 23.669292842653523, "train_group_loss_2": 18.978586092505317, "train_group_loss_3": 23.35074932372222, "val_group_loss_1": 22.993839695865585, "val_group_loss_2": 17.744458856664387, "val_group_loss_3": 23.60916080478127, "_timestamp": 1726611015.366893, "_runtime": 9.492871046066284, "_step": 2, "final/reward_err_1": 0.0904471455679477, "final/reward_err_2": 0.002320769921479686, "final/reward_err_3": 0.0532241505865308, "final/reward_param_1": 8.418576705958673, "final/reward_param_2": 2.9635292632900945, "final/reward_param_3": 5.052535683133855, "final/reward_param_4": 3.0032898788747002, "optimal_reward_1": 3.8370602130889893, "optimal_reward_2": 3.8370602130889893, "optimal_reward_3": 3.2754106521606445, "final/reward_1": 3.8012948036193848, "final/reward_2": 3.564321994781494, "final/reward_3": 3.2754106521606445, "reward_0_when_1_group_param_known": 3.8370602130889893, "reward_1_when_1_group_param_known": 3.438476324081421, "reward_2_when_1_group_param_known": 3.2456254959106445, "reward_0_when_2_group_param_known": 3.438476324081421, "reward_1_when_2_group_param_known": 3.8370602130889893, "reward_2_when_2_group_param_known": 3.073289155960083, "reward_0_when_3_group_param_known": 3.8012948036193848, "reward_1_when_3_group_param_known": 3.564321994781494, "reward_2_when_3_group_param_known": 3.2754106521606445, "reward_error_0_when_1_group_param_known": 0.0, "reward_error_1_when_1_group_param_known": 0.10387741314246725, "reward_error_2_when_1_group_param_known": 0.009093563956736857, "reward_error_0_when_2_group_param_known": 0.10387741314246725, "reward_error_1_when_2_group_param_known": 0.0, "reward_error_2_when_2_group_param_known": 0.06170874973103933, "reward_error_0_when_3_group_param_known": 0.00932104462359007, "reward_error_1_when_3_group_param_known": 0.07107999436056016, "reward_error_2_when_3_group_param_known": 0.0, "_wandb": {"runtime": 10}}