{"Iteration": 199, "train_loss": 18.259470773415227, "val_loss": 17.145024418244617, "grad_norm": 0.16945459857796327, "max_reward_err": 0.0409869752693184, "max_reward_err_index": 0, "max_kl_dist": 0.5665140752233334, "max_kl_dist_index": 0, "max_train_grp_loss": 19.962793285016318, "max_train_grp_loss_index": 2, "max_val_grp_loss": 20.03718197713523, "max_val_grp_loss_index": 0, "max_cur_train_grp_loss": 19.96743020516214, "max_cur_train_grp_loss_index": 2, "reward_err_1": 0.05572734756305708, "reward_err_2": 0.02191390799386829, "reward_err_3": 0.021886503393235078, "reward_param_1": 5.471860545575192, "reward_param_2": 4.7462865932551646, "reward_param_3": 6.081895359361094, "reward_param_4": 4.36124750807904, "KL_distance_1": 0.5665140752233334, "KL_distance_2": 0.3799887957055054, "KL_distance_3": 0.4244955193128526, "hist_group_loss_1": 4175.292829427967, "hist_group_loss_2": 3560.180920729544, "hist_group_loss_3": 4216.6357027000795, "cur_group_loss_1": 19.809576166745558, "cur_group_loss_2": 16.53243506780951, "cur_group_loss_3": 19.96743020516214, "train_group_loss_1": 19.80568907906946, "train_group_loss_2": 16.530941872210672, "train_group_loss_3": 19.962793285016318, "val_group_loss_1": 20.03718197713523, "val_group_loss_2": 12.061986943072464, "val_group_loss_3": 19.10349514714753, "_timestamp": 1726692192.961419, "_runtime": 11.57485318183899, "_step": 3, "final/reward_err_1": 0.05572734756305708, "final/reward_err_2": 0.02191390799386829, "final/reward_err_3": 0.021886503393235078, "final/reward_param_1": 5.471860545575192, "final/reward_param_2": 4.7462865932551646, "final/reward_param_3": 6.081895359361094, "final/reward_param_4": 4.36124750807904, "optimal_reward_1": 3.883310317993164, "optimal_reward_2": 3.883310317993164, "optimal_reward_3": 3.390115261077881, "final/reward_1": 3.8442142009735107, "final/reward_2": 3.598407745361328, "final/reward_3": 3.390115261077881, "reward_0_when_1_group_param_known": 3.883310317993164, "reward_1_when_1_group_param_known": 3.4867608547210693, "reward_2_when_1_group_param_known": 3.3494973182678223, "reward_0_when_2_group_param_known": 3.4867608547210693, "reward_1_when_2_group_param_known": 3.883310317993164, "reward_2_when_2_group_param_known": 3.1918535232543945, "reward_0_when_3_group_param_known": 3.8442142009735107, "reward_1_when_3_group_param_known": 3.598407745361328, "reward_2_when_3_group_param_known": 3.390115261077881, "reward_error_0_when_1_group_param_known": 0.0, "reward_error_1_when_1_group_param_known": 0.1021163468277821, "reward_error_2_when_1_group_param_known": 0.011981286676708506, "reward_error_0_when_2_group_param_known": 0.1021163468277821, "reward_error_1_when_2_group_param_known": 0.0, "reward_error_2_when_2_group_param_known": 0.05848230002671041, "reward_error_0_when_3_group_param_known": 0.010067729287176206, "reward_error_1_when_3_group_param_known": 0.07336590416474088, "reward_error_2_when_3_group_param_known": 0.0, "_wandb": {"runtime": 11}}