{"Iteration": 99, "train_loss": 20.080644923333438, "val_loss": 20.196952193299605, "grad_norm": 0.2770368936619923, "max_reward_err": 0.07907375962763818, "max_reward_err_index": 1, "max_kl_dist": 0.3833061602208709, "max_kl_dist_index": 0, "max_train_grp_loss": 23.99206914451956, "max_train_grp_loss_index": 0, "max_val_grp_loss": 23.623545803545923, "max_val_grp_loss_index": 0, "max_cur_train_grp_loss": 23.991964901764185, "max_cur_train_grp_loss_index": 0, "reward_err_1": 0.06204246902342522, "reward_err_2": 0.030280993149686068, "reward_err_3": 0.03016220934557373, "reward_param_1": 5.556890221896908, "reward_param_2": 4.77018892192422, "reward_param_3": 4.13270696603232, "reward_param_4": 2.3114318277927572, "KL_distance_1": 0.3833061602208709, "KL_distance_2": 0.24643303652264528, "KL_distance_3": 0.27215915462899704, "hist_group_loss_1": 2403.2095397902385, "hist_group_loss_2": 1708.5387854560427, "hist_group_loss_3": 2108.0281769559433, "cur_group_loss_1": 23.991964901764185, "cur_group_loss_2": 16.15281693465826, "cur_group_loss_3": 20.328919466955305, "train_group_loss_1": 23.99206914451956, "train_group_loss_2": 16.14118326612862, "train_group_loss_3": 20.317498101100746, "val_group_loss_1": 23.623545803545923, "val_group_loss_2": 17.102112127061687, "val_group_loss_3": 20.013676668496153, "_timestamp": 1726611310.505048, "_runtime": 7.883466958999634, "_step": 2, "final/reward_err_1": 0.06204246902342522, "final/reward_err_2": 0.030280993149686068, "final/reward_err_3": 0.03016220934557373, "final/reward_param_1": 5.556890221896908, "final/reward_param_2": 4.77018892192422, "final/reward_param_3": 4.13270696603232, "final/reward_param_4": 2.3114318277927572, "optimal_reward_1": 3.801053285598755, "optimal_reward_2": 3.801053285598755, "optimal_reward_3": 3.259605646133423, "final/reward_1": 3.766353130340576, "final/reward_2": 3.5368399620056152, "final/reward_3": 3.259605646133423, "reward_0_when_1_group_param_known": 3.801053285598755, "reward_1_when_1_group_param_known": 3.4089272022247314, "reward_2_when_1_group_param_known": 3.2255265712738037, "reward_0_when_2_group_param_known": 3.4089272022247314, "reward_1_when_2_group_param_known": 3.801053285598755, "reward_2_when_2_group_param_known": 3.0588371753692627, "reward_0_when_3_group_param_known": 3.766353130340576, "reward_1_when_3_group_param_known": 3.5368399620056152, "reward_2_when_3_group_param_known": 3.259605646133423, "reward_error_0_when_1_group_param_known": 0.0, "reward_error_1_when_1_group_param_known": 0.10316247995251517, "reward_error_2_when_1_group_param_known": 0.010454968655501037, "reward_error_0_when_2_group_param_known": 0.10316247995251517, "reward_error_1_when_2_group_param_known": 0.0, "reward_error_2_when_2_group_param_known": 0.06159287121198656, "reward_error_0_when_3_group_param_known": 0.009129089399943158, "reward_error_1_when_3_group_param_known": 0.0695105550333057, "reward_error_2_when_3_group_param_known": 0.0, "_wandb": {"runtime": 8}}