{"Iteration": 99, "train_loss": 17.28677359183054, "val_loss": 17.618519854284564, "grad_norm": 0.4707902551046245, "max_reward_err": 0.08851911561207797, "max_reward_err_index": 1, "max_kl_dist": 0.6379217481536055, "max_kl_dist_index": 0, "max_train_grp_loss": 21.414814927453982, "max_train_grp_loss_index": 0, "max_val_grp_loss": 20.604558320212224, "max_val_grp_loss_index": 0, "max_cur_train_grp_loss": 21.418849955865838, "max_cur_train_grp_loss_index": 0, "reward_err_1": 0.07955527029074355, "reward_err_2": 0.009757749540735461, "reward_err_3": 0.04178338801306582, "reward_param_1": 4.8764688673032115, "reward_param_2": 3.4218117783296664, "reward_param_3": 7.152850806227129, "reward_param_4": 3.6190431371133824, "KL_distance_1": 0.6379217481536055, "KL_distance_2": 0.26698014378154344, "KL_distance_3": 0.475834416118872, "hist_group_loss_1": 2178.2295165718656, "hist_group_loss_2": 1582.728028754786, "hist_group_loss_3": 2089.5901809511765, "cur_group_loss_1": 21.418849955865838, "cur_group_loss_2": 12.29193980971265, "cur_group_loss_3": 20.284785037650565, "train_group_loss_1": 21.414814927453982, "train_group_loss_2": 12.247641141504584, "train_group_loss_3": 20.276283012487863, "val_group_loss_1": 20.604558320212224, "val_group_loss_2": 13.141274431175047, "val_group_loss_3": 20.558297336021113, "_timestamp": 1726687853.31322, "_runtime": 8.490703105926514, "_step": 2, "final/reward_err_1": 0.07955527029074355, "final/reward_err_2": 0.009757749540735461, "final/reward_err_3": 0.04178338801306582, "final/reward_param_1": 4.8764688673032115, "final/reward_param_2": 3.4218117783296664, "final/reward_param_3": 7.152850806227129, "final/reward_param_4": 3.6190431371133824, "optimal_reward_1": 3.8587026596069336, "optimal_reward_2": 3.8587026596069336, "optimal_reward_3": 3.327615261077881, "final/reward_1": 3.824064016342163, "final/reward_2": 3.5878939628601074, "final/reward_3": 3.327615261077881, "reward_0_when_1_group_param_known": 3.8587026596069336, "reward_1_when_1_group_param_known": 3.4686262607574463, "reward_2_when_1_group_param_known": 3.2998154163360596, "reward_0_when_2_group_param_known": 3.4686262607574463, "reward_1_when_2_group_param_known": 3.8587026596069336, "reward_2_when_2_group_param_known": 3.134716510772705, "reward_0_when_3_group_param_known": 3.824064016342163, "reward_1_when_3_group_param_known": 3.5878939628601074, "reward_2_when_3_group_param_known": 3.327615261077881, "reward_error_0_when_1_group_param_known": 0.0, "reward_error_1_when_1_group_param_known": 0.1010900380930679, "reward_error_2_when_1_group_param_known": 0.008354284543344824, "reward_error_0_when_2_group_param_known": 0.1010900380930679, "reward_error_1_when_2_group_param_known": 0.0, "reward_error_2_when_2_group_param_known": 0.05796906648477505, "reward_error_0_when_3_group_param_known": 0.0089767588540494, "reward_error_1_when_3_group_param_known": 0.07018128128442322, "reward_error_2_when_3_group_param_known": 0.0, "_wandb": {"runtime": 8}}