{"Iteration": 99, "train_loss": 19.644968046159118, "val_loss": 19.222605763352806, "grad_norm": 0.31385180694917514, "max_reward_err": 0.05233797560140083, "max_reward_err_index": 0, "max_kl_dist": 0.5773749331054631, "max_kl_dist_index": 0, "max_train_grp_loss": 22.824333541425577, "max_train_grp_loss_index": 0, "max_val_grp_loss": 22.216699507215683, "max_val_grp_loss_index": 0, "max_cur_train_grp_loss": 22.82466866123732, "max_cur_train_grp_loss_index": 0, "reward_err_1": 0.0680784951987617, "reward_err_2": 0.011206958493842666, "reward_err_3": 0.03638482130285177, "reward_param_1": 4.885397955017455, "reward_param_2": 3.5993378317229796, "reward_param_3": 6.785925126400041, "reward_param_4": 3.795421624696855, "KL_distance_1": 0.5773749331054631, "KL_distance_2": 0.2762892451134597, "KL_distance_3": 0.4328198804366976, "hist_group_loss_1": 2289.0556096514138, "hist_group_loss_2": 1596.145240486789, "hist_group_loss_3": 2161.5258884619743, "cur_group_loss_1": 22.82466866123732, "cur_group_loss_2": 14.427046483343547, "cur_group_loss_3": 21.04582650317929, "train_group_loss_1": 22.824333541425577, "train_group_loss_2": 14.40549812529261, "train_group_loss_3": 21.03675615369378, "val_group_loss_1": 22.216699507215683, "val_group_loss_2": 13.365406696584083, "val_group_loss_3": 21.87535188975172, "_timestamp": 1726608713.782197, "_runtime": 8.104434967041016, "_step": 2, "final/reward_err_1": 0.0680784951987617, "final/reward_err_2": 0.011206958493842666, "final/reward_err_3": 0.03638482130285177, "final/reward_param_1": 4.885397955017455, "final/reward_param_2": 3.5993378317229796, "final/reward_param_3": 6.785925126400041, "final/reward_param_4": 3.795421624696855, "optimal_reward_1": 3.769418716430664, "optimal_reward_2": 3.769418716430664, "optimal_reward_3": 3.2323977947235107, "final/reward_1": 3.7305526733398438, "final/reward_2": 3.537524461746216, "final/reward_3": 3.2323977947235107, "reward_0_when_1_group_param_known": 3.769418716430664, "reward_1_when_1_group_param_known": 3.4166855812072754, "reward_2_when_1_group_param_known": 3.190812110900879, "reward_0_when_2_group_param_known": 3.4166855812072754, "reward_1_when_2_group_param_known": 3.769418716430664, "reward_2_when_2_group_param_known": 3.0528886318206787, "reward_0_when_3_group_param_known": 3.7305526733398438, "reward_1_when_3_group_param_known": 3.537524461746216, "reward_2_when_3_group_param_known": 3.2323977947235107, "reward_error_0_when_1_group_param_known": 0.0, "reward_error_1_when_1_group_param_known": 0.09357759425500983, "reward_error_2_when_1_group_param_known": 0.012865274159794106, "reward_error_0_when_2_group_param_known": 0.09357759425500983, "reward_error_1_when_2_group_param_known": 0.0, "reward_error_2_when_2_group_param_known": 0.055534366220599, "reward_error_0_when_3_group_param_known": 0.010310885050102189, "reward_error_1_when_3_group_param_known": 0.06151989792846188, "reward_error_2_when_3_group_param_known": 0.0, "_wandb": {"runtime": 8}}