{"Iteration": 199, "train_loss": 13.974330095833315, "val_loss": 14.701892789293876, "grad_norm": 0.25128460581915013, "max_reward_err": 0.07549376454370495, "max_reward_err_index": 0, "max_kl_dist": 1.2856575381307649, "max_kl_dist_index": 0, "max_train_grp_loss": 20.721463707495808, "max_train_grp_loss_index": 0, "max_val_grp_loss": 19.910876211639756, "max_val_grp_loss_index": 0, "max_cur_train_grp_loss": 20.72141232388996, "max_cur_train_grp_loss_index": 0, "reward_err_1": 0.08256474776412658, "reward_err_2": 0.004714169546239418, "reward_err_3": 0.042524886117478476, "reward_param_1": 10.297038286265241, "reward_param_2": 4.270212018874485, "reward_param_3": 8.394241306793713, "reward_param_4": 5.1355317518336525, "KL_distance_1": 1.2856575381307649, "KL_distance_2": 0.6671807572838455, "KL_distance_3": 1.0295826485665585, "hist_group_loss_1": 4187.203492474453, "hist_group_loss_2": 1911.744204291929, "hist_group_loss_3": 3836.090233449856, "cur_group_loss_1": 20.72141232388996, "cur_group_loss_2": 6.679815086367375, "cur_group_loss_3": 18.318079287528892, "train_group_loss_1": 20.721463707495808, "train_group_loss_2": 6.667255792795704, "train_group_loss_3": 18.313814946890087, "val_group_loss_1": 19.910876211639756, "val_group_loss_2": 6.533921685982639, "val_group_loss_3": 17.71833002591075, "_timestamp": 1726697085.08768, "_runtime": 11.644260168075562, "_step": 3, "final/reward_err_1": 0.08256474776412658, "final/reward_err_2": 0.004714169546239418, "final/reward_err_3": 0.042524886117478476, "final/reward_param_1": 10.297038286265241, "final/reward_param_2": 4.270212018874485, "final/reward_param_3": 8.394241306793713, "final/reward_param_4": 5.1355317518336525, "optimal_reward_1": 3.9575352668762207, "optimal_reward_2": 3.9575352668762207, "optimal_reward_3": 3.453465223312378, "final/reward_1": 3.9158573150634766, "final/reward_2": 3.681488275527954, "final/reward_3": 3.453465223312378, "reward_0_when_1_group_param_known": 3.9575352668762207, "reward_1_when_1_group_param_known": 3.5510668754577637, "reward_2_when_1_group_param_known": 3.4159226417541504, "reward_0_when_2_group_param_known": 3.5510668754577637, "reward_1_when_2_group_param_known": 3.9575352668762207, "reward_2_when_2_group_param_known": 3.2513158321380615, "reward_0_when_3_group_param_known": 3.9158573150634766, "reward_1_when_3_group_param_known": 3.681488275527954, "reward_2_when_3_group_param_known": 3.453465223312378, "reward_error_0_when_1_group_param_known": 0.0, "reward_error_1_when_1_group_param_known": 0.10270745906436166, "reward_error_2_when_1_group_param_known": 0.010870988740468253, "reward_error_0_when_2_group_param_known": 0.10270745906436166, "reward_error_1_when_2_group_param_known": 0.0, "reward_error_2_when_2_group_param_known": 0.058535232904539165, "reward_error_0_when_3_group_param_known": 0.010531290058633277, "reward_error_1_when_3_group_param_known": 0.06975225051276858, "reward_error_2_when_3_group_param_known": 0.0, "_wandb": {"runtime": 11}}