{"Iteration": 99, "train_loss": 16.997072550609197, "val_loss": 17.290883691485483, "grad_norm": 0.5110763138732262, "max_reward_err": 0.10208619714998506, "max_reward_err_index": 0, "max_kl_dist": 0.7537381715749696, "max_kl_dist_index": 0, "max_train_grp_loss": 20.51469740621308, "max_train_grp_loss_index": 2, "max_val_grp_loss": 21.622326262756342, "max_val_grp_loss_index": 0, "max_cur_train_grp_loss": 20.53169440493697, "max_cur_train_grp_loss_index": 2, "reward_err_1": 0.08372108910735701, "reward_err_2": 0.009263117857383546, "reward_err_3": 0.05178451024675377, "reward_param_1": 4.393720667660085, "reward_param_2": 2.9207436261611774, "reward_param_3": 8.419499801575515, "reward_param_4": 3.7739932604946147, "KL_distance_1": 0.7537381715749696, "KL_distance_2": 0.29156700474219066, "KL_distance_3": 0.5911908814193993, "hist_group_loss_1": 2084.6382215470326, "hist_group_loss_2": 1443.0359186372048, "hist_group_loss_3": 2165.2278996451196, "cur_group_loss_1": 19.611937975829136, "cur_group_loss_2": 10.993526061619562, "cur_group_loss_3": 20.53169440493697, "train_group_loss_1": 19.59334732275652, "train_group_loss_2": 10.951167717243978, "train_group_loss_3": 20.51469740621308, "val_group_loss_1": 21.622326262756342, "val_group_loss_2": 10.690707375787536, "val_group_loss_3": 19.473933566699507, "_timestamp": 1726658147.57081, "_runtime": 8.155225038528442, "_step": 2, "final/reward_err_1": 0.08372108910735701, "final/reward_err_2": 0.009263117857383546, "final/reward_err_3": 0.05178451024675377, "final/reward_param_1": 4.393720667660085, "final/reward_param_2": 2.9207436261611774, "final/reward_param_3": 8.419499801575515, "final/reward_param_4": 3.7739932604946147, "optimal_reward_1": 3.873821496963501, "optimal_reward_2": 3.873821496963501, "optimal_reward_3": 3.330552816390991, "final/reward_1": 3.830048084259033, "final/reward_2": 3.6424906253814697, "final/reward_3": 3.330552816390991, "reward_0_when_1_group_param_known": 3.873821496963501, "reward_1_when_1_group_param_known": 3.54714035987854, "reward_2_when_1_group_param_known": 3.280407190322876, "reward_0_when_2_group_param_known": 3.54714035987854, "reward_1_when_2_group_param_known": 3.873821496963501, "reward_2_when_2_group_param_known": 3.172149896621704, "reward_0_when_3_group_param_known": 3.830048084259033, "reward_1_when_3_group_param_known": 3.6424906253814697, "reward_2_when_3_group_param_known": 3.330552816390991, "reward_error_0_when_1_group_param_known": 0.0, "reward_error_1_when_1_group_param_known": 0.08433045697666511, "reward_error_2_when_1_group_param_known": 0.015056247065450643, "reward_error_0_when_2_group_param_known": 0.08433045697666511, "reward_error_1_when_2_group_param_known": 0.0, "reward_error_2_when_2_group_param_known": 0.04756054880430737, "reward_error_0_when_3_group_param_known": 0.011299801175345743, "reward_error_1_when_3_group_param_known": 0.059716450993769384, "reward_error_2_when_3_group_param_known": 0.0, "_wandb": {"runtime": 8}}