{"Iteration": 99, "train_loss": 17.57388359242407, "val_loss": 17.752569332584464, "grad_norm": 0.4703221731915903, "max_reward_err": 0.07656006296674453, "max_reward_err_index": 1, "max_kl_dist": 0.6723326403013644, "max_kl_dist_index": 0, "max_train_grp_loss": 22.512990448318394, "max_train_grp_loss_index": 0, "max_val_grp_loss": 21.823265159315994, "max_val_grp_loss_index": 0, "max_cur_train_grp_loss": 22.511675852058232, "max_cur_train_grp_loss_index": 0, "reward_err_1": 0.07085648747390878, "reward_err_2": 0.013293875486771781, "reward_err_3": 0.03668511315809442, "reward_param_1": 7.27492043471986, "reward_param_2": 4.299941645132557, "reward_param_3": 5.221584168327243, "reward_param_4": 3.2237779135511615, "KL_distance_1": 0.6723326403013644, "KL_distance_2": 0.32646680002416495, "KL_distance_3": 0.5092527113332631, "hist_group_loss_1": 2250.348748910228, "hist_group_loss_2": 1492.4975674504065, "hist_group_loss_3": 2109.2333892452266, "cur_group_loss_1": 22.511675852058232, "cur_group_loss_2": 11.01184582745565, "cur_group_loss_3": 20.46797611105059, "train_group_loss_1": 22.512990448318394, "train_group_loss_2": 10.959202369163057, "train_group_loss_3": 20.458747355719897, "val_group_loss_1": 21.823265159315994, "val_group_loss_2": 11.427393124476874, "val_group_loss_3": 20.267929470406564, "_timestamp": 1726606895.9150321, "_runtime": 7.9033122062683105, "_step": 2, "final/reward_err_1": 0.07085648747390878, "final/reward_err_2": 0.013293875486771781, "final/reward_err_3": 0.03668511315809442, "final/reward_param_1": 7.27492043471986, "final/reward_param_2": 4.299941645132557, "final/reward_param_3": 5.221584168327243, "final/reward_param_4": 3.2237779135511615, "optimal_reward_1": 3.872750997543335, "optimal_reward_2": 3.872750997543335, "optimal_reward_3": 3.321218729019165, "final/reward_1": 3.8364126682281494, "final/reward_2": 3.625859260559082, "final/reward_3": 3.321218729019165, "reward_0_when_1_group_param_known": 3.872750997543335, "reward_1_when_1_group_param_known": 3.4923548698425293, "reward_2_when_1_group_param_known": 3.280984401702881, "reward_0_when_2_group_param_known": 3.4923548698425293, "reward_1_when_2_group_param_known": 3.872750997543335, "reward_2_when_2_group_param_known": 3.128255605697632, "reward_0_when_3_group_param_known": 3.8364126682281494, "reward_1_when_3_group_param_known": 3.625859260559082, "reward_2_when_3_group_param_known": 3.321218729019165, "reward_error_0_when_1_group_param_known": 0.0, "reward_error_1_when_1_group_param_known": 0.09822375049212008, "reward_error_2_when_1_group_param_known": 0.012114326275694084, "reward_error_0_when_2_group_param_known": 0.09822375049212008, "reward_error_1_when_2_group_param_known": 0.0, "reward_error_2_when_2_group_param_known": 0.05810009489453885, "reward_error_0_when_3_group_param_known": 0.00938307919570265, "reward_error_1_when_3_group_param_known": 0.06375099693754331, "reward_error_2_when_3_group_param_known": 0.0, "_wandb": {"runtime": 7}}