{"Iteration": 99, "train_loss": 16.592304705943864, "val_loss": 17.443878687648773, "grad_norm": 0.3759434326655435, "max_reward_err": 0.05734722412669769, "max_reward_err_index": 1, "max_kl_dist": 0.6724455072041158, "max_kl_dist_index": 0, "max_train_grp_loss": 19.43594786406652, "max_train_grp_loss_index": 0, "max_val_grp_loss": 19.868236730268166, "max_val_grp_loss_index": 0, "max_cur_train_grp_loss": 19.445772228761157, "max_cur_train_grp_loss_index": 0, "reward_err_1": 0.059668843228946084, "reward_err_2": 0.02174893927589814, "reward_err_3": 0.027257979014305482, "reward_param_1": 5.701267538209266, "reward_param_2": 4.399375809570086, "reward_param_3": 7.204879956649697, "reward_param_4": 5.378993020172087, "KL_distance_1": 0.6724455072041158, "KL_distance_2": 0.44800429528588, "KL_distance_3": 0.5271323701582818, "hist_group_loss_1": 2011.3261230628698, "hist_group_loss_2": 1324.422378436225, "hist_group_loss_3": 2005.408622663109, "cur_group_loss_1": 19.445772228761157, "cur_group_loss_2": 11.571818219690373, "cur_group_loss_3": 19.282220104737533, "train_group_loss_1": 19.43594786406652, "train_group_loss_2": 11.551651084638145, "train_group_loss_3": 19.270638446758053, "val_group_loss_1": 19.868236730268166, "val_group_loss_2": 12.64895690005371, "val_group_loss_3": 19.237815109833146, "_timestamp": 1726665916.430026, "_runtime": 8.05174994468689, "_step": 2, "final/reward_err_1": 0.059668843228946084, "final/reward_err_2": 0.02174893927589814, "final/reward_err_3": 0.027257979014305482, "final/reward_param_1": 5.701267538209266, "final/reward_param_2": 4.399375809570086, "final/reward_param_3": 7.204879956649697, "final/reward_param_4": 5.378993020172087, "optimal_reward_1": 3.8060805797576904, "optimal_reward_2": 3.8060805797576904, "optimal_reward_3": 3.2957820892333984, "final/reward_1": 3.772174119949341, "final/reward_2": 3.559548854827881, "final/reward_3": 3.2957820892333984, "reward_0_when_1_group_param_known": 3.8060805797576904, "reward_1_when_1_group_param_known": 3.436021089553833, "reward_2_when_1_group_param_known": 3.2607407569885254, "reward_0_when_2_group_param_known": 3.436021089553833, "reward_1_when_2_group_param_known": 3.8060805797576904, "reward_2_when_2_group_param_known": 3.1107161045074463, "reward_0_when_3_group_param_known": 3.772174119949341, "reward_1_when_3_group_param_known": 3.559548854827881, "reward_2_when_3_group_param_known": 3.2957820892333984, "reward_error_0_when_1_group_param_known": 0.0, "reward_error_1_when_1_group_param_known": 0.09722849594198997, "reward_error_2_when_1_group_param_known": 0.010632175094143948, "reward_error_0_when_2_group_param_known": 0.09722849594198997, "reward_error_1_when_2_group_param_known": 0.0, "reward_error_2_when_2_group_param_known": 0.056152372855754744, "reward_error_0_when_3_group_param_known": 0.008908497625793363, "reward_error_1_when_3_group_param_known": 0.06477312283953397, "reward_error_2_when_3_group_param_known": 0.0, "_wandb": {"runtime": 8}}