{"Iteration": 199, "train_loss": 17.187791936799574, "val_loss": 15.296875431546894, "grad_norm": 0.19654064724169384, "max_reward_err": 0.07051446450715247, "max_reward_err_index": 0, "max_kl_dist": 1.0070940845189886, "max_kl_dist_index": 0, "max_train_grp_loss": 19.542951884876246, "max_train_grp_loss_index": 0, "max_val_grp_loss": 20.51229301012282, "max_val_grp_loss_index": 0, "max_cur_train_grp_loss": 19.54642789478687, "max_cur_train_grp_loss_index": 0, "reward_err_1": 0.07756701152297961, "reward_err_2": 0.004802363032785143, "reward_err_3": 0.04121372952843869, "reward_param_1": 8.29562954373099, "reward_param_2": 4.625154686303933, "reward_param_3": 7.917350333108365, "reward_param_4": 2.9966853448789084, "KL_distance_1": 1.0070940845189886, "KL_distance_2": 0.4836358959322908, "KL_distance_3": 0.7804779078971951, "hist_group_loss_1": 4050.7030199335895, "hist_group_loss_2": 3131.9965128703097, "hist_group_loss_3": 3680.4946245289434, "cur_group_loss_1": 19.54642789478687, "cur_group_loss_2": 14.611970691327157, "cur_group_loss_3": 17.066170680731393, "train_group_loss_1": 19.542951884876246, "train_group_loss_2": 14.6097560246414, "train_group_loss_3": 17.058596270735933, "val_group_loss_1": 20.51229301012282, "val_group_loss_2": 7.12205497631284, "val_group_loss_3": 18.429159707560423, "_timestamp": 1726692128.450166, "_runtime": 11.497332096099854, "_step": 3, "final/reward_err_1": 0.07756701152297961, "final/reward_err_2": 0.004802363032785143, "final/reward_err_3": 0.04121372952843869, "final/reward_param_1": 8.29562954373099, "final/reward_param_2": 4.625154686303933, "final/reward_param_3": 7.917350333108365, "final/reward_param_4": 2.9966853448789084, "optimal_reward_1": 3.7910752296447754, "optimal_reward_2": 3.7910752296447754, "optimal_reward_3": 3.2656166553497314, "final/reward_1": 3.7511558532714844, "final/reward_2": 3.553601026535034, "final/reward_3": 3.2656166553497314, "reward_0_when_1_group_param_known": 3.7910752296447754, "reward_1_when_1_group_param_known": 3.430555582046509, "reward_2_when_1_group_param_known": 3.223391532897949, "reward_0_when_2_group_param_known": 3.430555582046509, "reward_1_when_2_group_param_known": 3.7910752296447754, "reward_2_when_2_group_param_known": 3.083258628845215, "reward_0_when_3_group_param_known": 3.7511558532714844, "reward_1_when_3_group_param_known": 3.553601026535034, "reward_2_when_3_group_param_known": 3.2656166553497314, "reward_error_0_when_1_group_param_known": 0.0, "reward_error_1_when_1_group_param_known": 0.09509693840394916, "reward_error_2_when_1_group_param_known": 0.012930214078437238, "reward_error_0_when_2_group_param_known": 0.09509693840394916, "reward_error_1_when_2_group_param_known": 0.0, "reward_error_2_when_2_group_param_known": 0.055841835019360825, "reward_error_0_when_3_group_param_known": 0.010529829653903089, "reward_error_1_when_3_group_param_known": 0.06264032991294467, "reward_error_2_when_3_group_param_known": 0.0, "_wandb": {"runtime": 11}}