{"Iteration": 99, "train_loss": 17.962718302513135, "val_loss": 18.276263744299992, "grad_norm": 0.5054215071751361, "max_reward_err": 0.10020012959286906, "max_reward_err_index": 0, "max_kl_dist": 0.4806075435971335, "max_kl_dist_index": 0, "max_train_grp_loss": 20.774922998518242, "max_train_grp_loss_index": 2, "max_val_grp_loss": 21.259915714477465, "max_val_grp_loss_index": 0, "max_cur_train_grp_loss": 20.796043507903168, "max_cur_train_grp_loss_index": 2, "reward_err_1": 0.05912209097473492, "reward_err_2": 0.01577258178483294, "reward_err_3": 0.027585389716040017, "reward_param_1": 6.011920461411462, "reward_param_2": 2.4151298831557626, "reward_param_3": 5.0056075274568075, "reward_param_4": 4.346708956891369, "KL_distance_1": 0.4806075435971335, "KL_distance_2": 0.24189004148553755, "KL_distance_3": 0.34955734200291694, "hist_group_loss_1": 2171.0483609768326, "hist_group_loss_2": 1586.3607126269312, "hist_group_loss_3": 2217.2618109673435, "cur_group_loss_1": 20.33534067333978, "cur_group_loss_2": 12.898348866422682, "cur_group_loss_3": 20.796043507903168, "train_group_loss_1": 20.31488460477497, "train_group_loss_2": 12.863658794474347, "train_group_loss_3": 20.774922998518242, "val_group_loss_1": 21.259915714477465, "val_group_loss_2": 13.521971742992005, "val_group_loss_3": 20.107655066554454, "_timestamp": 1726658519.207558, "_runtime": 8.484193801879883, "_step": 2, "final/reward_err_1": 0.05912209097473492, "final/reward_err_2": 0.01577258178483294, "final/reward_err_3": 0.027585389716040017, "final/reward_param_1": 6.011920461411462, "final/reward_param_2": 2.4151298831557626, "final/reward_param_3": 5.0056075274568075, "final/reward_param_4": 4.346708956891369, "optimal_reward_1": 3.879298448562622, "optimal_reward_2": 3.879298448562622, "optimal_reward_3": 3.3300602436065674, "final/reward_1": 3.8373265266418457, "final/reward_2": 3.6485824584960938, "final/reward_3": 3.3300602436065674, "reward_0_when_1_group_param_known": 3.879298448562622, "reward_1_when_1_group_param_known": 3.552269458770752, "reward_2_when_1_group_param_known": 3.2809364795684814, "reward_0_when_2_group_param_known": 3.552269458770752, "reward_1_when_2_group_param_known": 3.879298448562622, "reward_2_when_2_group_param_known": 3.1701314449310303, "reward_0_when_3_group_param_known": 3.8373265266418457, "reward_1_when_3_group_param_known": 3.6485824584960938, "reward_2_when_3_group_param_known": 3.3300602436065674, "reward_error_0_when_1_group_param_known": 0.0, "reward_error_1_when_1_group_param_known": 0.08430106477449359, "reward_error_2_when_1_group_param_known": 0.014751614218511329, "reward_error_0_when_2_group_param_known": 0.08430106477449359, "reward_error_1_when_2_group_param_known": 0.0, "reward_error_2_when_2_group_param_known": 0.04802579742591348, "reward_error_0_when_3_group_param_known": 0.010819461940683636, "reward_error_1_when_3_group_param_known": 0.05947363759857518, "reward_error_2_when_3_group_param_known": 0.0, "_wandb": {"runtime": 7}}