{"Iteration": 199, "train_loss": 14.84174223325821, "val_loss": 15.120104597677871, "grad_norm": 0.2577024403842936, "max_reward_err": 0.06990082150235284, "max_reward_err_index": 0, "max_kl_dist": 1.1835845558961282, "max_kl_dist_index": 0, "max_train_grp_loss": 20.031924107115607, "max_train_grp_loss_index": 0, "max_val_grp_loss": 19.413746490435987, "max_val_grp_loss_index": 0, "max_cur_train_grp_loss": 20.03399578629087, "max_cur_train_grp_loss_index": 0, "reward_err_1": 0.08114753410870933, "reward_err_2": 0.004999001397916791, "reward_err_3": 0.0431966785930915, "reward_param_1": 8.10166862187185, "reward_param_2": 3.9870769137455464, "reward_param_3": 9.762957843256386, "reward_param_4": 4.986994029446646, "KL_distance_1": 1.1835845558961282, "KL_distance_2": 0.6354852758677886, "KL_distance_3": 0.9508746673876951, "hist_group_loss_1": 4116.394745889694, "hist_group_loss_2": 2208.925295042464, "hist_group_loss_3": 3936.324897739407, "cur_group_loss_1": 20.03399578629087, "cur_group_loss_2": 7.538116885269796, "cur_group_loss_3": 18.687328567680197, "train_group_loss_1": 20.031924107115607, "train_group_loss_2": 7.525733532893834, "train_group_loss_3": 18.68255383604055, "val_group_loss_1": 19.413746490435987, "val_group_loss_2": 7.78079936665045, "val_group_loss_3": 18.12178813274028, "_timestamp": 1726697063.3514628, "_runtime": 11.804356813430786, "_step": 3, "final/reward_err_1": 0.08114753410870933, "final/reward_err_2": 0.004999001397916791, "final/reward_err_3": 0.0431966785930915, "final/reward_param_1": 8.10166862187185, "final/reward_param_2": 3.9870769137455464, "final/reward_param_3": 9.762957843256386, "final/reward_param_4": 4.986994029446646, "optimal_reward_1": 3.7806432247161865, "optimal_reward_2": 3.7806432247161865, "optimal_reward_3": 3.2050557136535645, "final/reward_1": 3.7406539916992188, "final/reward_2": 3.5228474140167236, "final/reward_3": 3.2050557136535645, "reward_0_when_1_group_param_known": 3.7806432247161865, "reward_1_when_1_group_param_known": 3.4037325382232666, "reward_2_when_1_group_param_known": 3.1705894470214844, "reward_0_when_2_group_param_known": 3.4037325382232666, "reward_1_when_2_group_param_known": 3.7806432247161865, "reward_2_when_2_group_param_known": 3.017861843109131, "reward_0_when_3_group_param_known": 3.7406539916992188, "reward_1_when_3_group_param_known": 3.5228474140167236, "reward_2_when_3_group_param_known": 3.2050557136535645, "reward_error_0_when_1_group_param_known": 0.0, "reward_error_1_when_1_group_param_known": 0.09969485722134351, "reward_error_2_when_1_group_param_known": 0.010753718409715467, "reward_error_0_when_2_group_param_known": 0.09969485722134351, "reward_error_1_when_2_group_param_known": 0.0, "reward_error_2_when_2_group_param_known": 0.05840580859389936, "reward_error_0_when_3_group_param_known": 0.010577362274106087, "reward_error_1_when_3_group_param_known": 0.06818834663215693, "reward_error_2_when_3_group_param_known": 0.0, "_wandb": {"runtime": 11}}