{"Iteration": 99, "train_loss": 14.041107304332682, "val_loss": 15.27703848738689, "grad_norm": 0.017432770546181392, "live_grad": 9.305364597889226e-15, "train_weighted_loss": 42.12332191299804, "val_weighted_loss": 45.83111546216067, "max_reward_err": 0.10153556390097028, "max_reward_err_index": 0, "max_kl_dist": 1.8998632691308703, "max_kl_dist_index": 0, "max_train_grp_loss": 20.240883003186095, "max_train_grp_loss_index": 0, "max_val_grp_loss": 19.383614204261697, "max_val_grp_loss_index": 0, "max_cur_train_grp_loss": 0.3458355103675444, "max_cur_train_grp_loss_index": 2, "reward_err_1": 0.10153556390097028, "reward_err_2": 0.0030284516798520563, "reward_err_3": 0.06459780264192552, "KL_distance_1": 1.8998632691308703, "KL_distance_2": 1.019256573217344, "KL_distance_3": 1.6039263289372838, "reward_param_1": 8.315435922214585, "reward_param_2": 5.527739245238698, "reward_param_3": 14.627976499526195, "reward_param_4": 4.704216153515171, "group_weight_1": 0.3229066712734888, "group_weight_2": 0.28910898602368024, "group_weight_3": 0.38798434270283094, "hist_group_loss_1": 16.550019910776996, "hist_group_loss_2": 5.494059235454434, "hist_group_loss_3": 34.91018460133899, "cur_group_loss_1": 0.16457739859115034, "cur_group_loss_2": 0.05561956869793811, "cur_group_loss_3": 0.3458355103675444, "train_group_loss_1": 20.240883003186095, "train_group_loss_2": 7.178417848666868, "train_group_loss_3": 16.59765998812268, "val_group_loss_1": 19.383614204261697, "val_group_loss_2": 8.612422109999702, "val_group_loss_3": 17.503858515626455, "_timestamp": 1726683011.83875, "_runtime": 10.020486831665039, "_step": 2, "final/reward_err_1": 0.10153556390097028, "final/reward_err_2": 0.0030284516798520563, "final/reward_err_3": 0.06459780264192552, "final/reward_param_1": 8.315435922214585, "final/reward_param_2": 5.527739245238698, "final/reward_param_3": 14.627976499526195, "final/reward_param_4": 4.704216153515171, "optimal_reward_1": 3.8380610942840576, "optimal_reward_2": 3.8380610942840576, "optimal_reward_3": 3.256373405456543, "final/reward_1": 3.7958598136901855, "final/reward_2": 3.5798747539520264, "final/reward_3": 3.256373405456543, "reward_0_when_1_group_param_known": 3.8380610942840576, "reward_1_when_1_group_param_known": 3.4578683376312256, "reward_2_when_1_group_param_known": 3.2186596393585205, "reward_0_when_2_group_param_known": 3.4578683376312256, "reward_1_when_2_group_param_known": 3.8380610942840576, "reward_2_when_2_group_param_known": 3.066926956176758, "reward_0_when_3_group_param_known": 3.7958598136901855, "reward_1_when_3_group_param_known": 3.5798747539520264, "reward_2_when_3_group_param_known": 3.256373405456543, "reward_error_0_when_1_group_param_known": 0.0, "reward_error_1_when_1_group_param_known": 0.09905854735325735, "reward_error_2_when_1_group_param_known": 0.011581523800319515, "reward_error_0_when_2_group_param_known": 0.09905854735325735, "reward_error_1_when_2_group_param_known": 0.0, "reward_error_2_when_2_group_param_known": 0.05817712703412304, "reward_error_0_when_3_group_param_known": 0.010995468690355538, "reward_error_1_when_3_group_param_known": 0.06726999231891923, "reward_error_2_when_3_group_param_known": 0.0, "_wandb": {"runtime": 9}}