{"Iteration": 99, "train_loss": 15.82206192187404, "val_loss": 15.639104257516653, "grad_norm": 0.36822289195344193, "max_reward_err": 0.07998933732934355, "max_reward_err_index": 0, "max_kl_dist": 0.945687319316019, "max_kl_dist_index": 0, "max_train_grp_loss": 21.420488921972435, "max_train_grp_loss_index": 0, "max_val_grp_loss": 21.00107207184656, "max_val_grp_loss_index": 0, "max_cur_train_grp_loss": 21.42525211596713, "max_cur_train_grp_loss_index": 0, "reward_err_1": 0.09300408600764262, "reward_err_2": 0.002730814588800521, "reward_err_3": 0.05288512414754247, "reward_param_1": 7.832875499723275, "reward_param_2": 4.1135071528542335, "reward_param_3": 7.738511743446574, "reward_param_4": 2.0490092354565426, "KL_distance_1": 0.945687319316019, "KL_distance_2": 0.4091806435939038, "KL_distance_3": 0.715333145134197, "hist_group_loss_1": 2179.5481757193306, "hist_group_loss_2": 1073.9360691456054, "hist_group_loss_3": 2030.5841294962006, "cur_group_loss_1": 21.42525211596713, "cur_group_loss_2": 8.771280609821105, "cur_group_loss_3": 19.522128960903856, "train_group_loss_1": 21.420488921972435, "train_group_loss_2": 8.748171330068647, "train_group_loss_3": 19.510720901141546, "val_group_loss_1": 21.00107207184656, "val_group_loss_2": 7.586373100248476, "val_group_loss_3": 18.910717293568887, "_timestamp": 1726689210.53681, "_runtime": 8.418067932128906, "_step": 2, "final/reward_err_1": 0.09300408600764262, "final/reward_err_2": 0.002730814588800521, "final/reward_err_3": 0.05288512414754247, "final/reward_param_1": 7.832875499723275, "final/reward_param_2": 4.1135071528542335, "final/reward_param_3": 7.738511743446574, "final/reward_param_4": 2.0490092354565426, "optimal_reward_1": 3.828052282333374, "optimal_reward_2": 3.828052282333374, "optimal_reward_3": 3.2916338443756104, "final/reward_1": 3.7912938594818115, "final/reward_2": 3.5654032230377197, "final/reward_3": 3.2916338443756104, "reward_0_when_1_group_param_known": 3.828052282333374, "reward_1_when_1_group_param_known": 3.4364659786224365, "reward_2_when_1_group_param_known": 3.2576518058776855, "reward_0_when_2_group_param_known": 3.4364659786224365, "reward_1_when_2_group_param_known": 3.828052282333374, "reward_2_when_2_group_param_known": 3.0915684700012207, "reward_0_when_3_group_param_known": 3.7912938594818115, "reward_1_when_3_group_param_known": 3.5654032230377197, "reward_2_when_3_group_param_known": 3.2916338443756104, "reward_error_0_when_1_group_param_known": 0.0, "reward_error_1_when_1_group_param_known": 0.10229387553511878, "reward_error_2_when_1_group_param_known": 0.010323760206801147, "reward_error_0_when_2_group_param_known": 0.10229387553511878, "reward_error_1_when_2_group_param_known": 0.0, "reward_error_2_when_2_group_param_known": 0.06077996029729729, "reward_error_0_when_3_group_param_known": 0.009602382658461642, "reward_error_1_when_3_group_param_known": 0.06861166983214702, "reward_error_2_when_3_group_param_known": 0.0, "_wandb": {"runtime": 8}}