{"Iteration": 99, "train_loss": 18.77412733874686, "val_loss": 18.21875257785078, "grad_norm": 0.35115623461186857, "max_reward_err": 0.058063269774138865, "max_reward_err_index": 1, "max_kl_dist": 0.7068779756355669, "max_kl_dist_index": 0, "max_train_grp_loss": 20.941639480320514, "max_train_grp_loss_index": 2, "max_val_grp_loss": 21.20994077498789, "max_val_grp_loss_index": 0, "max_cur_train_grp_loss": 20.948418391203973, "max_cur_train_grp_loss_index": 2, "reward_err_1": 0.07455753438371686, "reward_err_2": 0.017269698824265628, "reward_err_3": 0.04413048846959663, "reward_param_1": 3.652152077595838, "reward_param_2": 3.7830800474639084, "reward_param_3": 8.230301474671526, "reward_param_4": 4.54357624959173, "KL_distance_1": 0.7068779756355669, "KL_distance_2": 0.3380345523869008, "KL_distance_3": 0.5719307887322064, "hist_group_loss_1": 2108.4393801111473, "hist_group_loss_2": 1606.9984665079508, "hist_group_loss_3": 2138.741234730169, "cur_group_loss_1": 20.704238929248838, "cur_group_loss_2": 14.06464002692571, "cur_group_loss_3": 20.948418391203973, "train_group_loss_1": 20.698475831241552, "train_group_loss_2": 14.038115388857202, "train_group_loss_3": 20.941639480320514, "val_group_loss_1": 21.20994077498789, "val_group_loss_2": 12.591865688446566, "val_group_loss_3": 20.69600462263929, "_timestamp": 1726608219.200824, "_runtime": 8.260708093643188, "_step": 2, "final/reward_err_1": 0.07455753438371686, "final/reward_err_2": 0.017269698824265628, "final/reward_err_3": 0.04413048846959663, "final/reward_param_1": 3.652152077595838, "final/reward_param_2": 3.7830800474639084, "final/reward_param_3": 8.230301474671526, "final/reward_param_4": 4.54357624959173, "optimal_reward_1": 3.8937318325042725, "optimal_reward_2": 3.8937318325042725, "optimal_reward_3": 3.3654303550720215, "final/reward_1": 3.859982490539551, "final/reward_2": 3.6322221755981445, "final/reward_3": 3.3654303550720215, "reward_0_when_1_group_param_known": 3.8937318325042725, "reward_1_when_1_group_param_known": 3.480532169342041, "reward_2_when_1_group_param_known": 3.329375982284546, "reward_0_when_2_group_param_known": 3.480532169342041, "reward_1_when_2_group_param_known": 3.8937318325042725, "reward_2_when_2_group_param_known": 3.148448944091797, "reward_0_when_3_group_param_known": 3.859982490539551, "reward_1_when_3_group_param_known": 3.6322221755981445, "reward_2_when_3_group_param_known": 3.3654303550720215, "reward_error_0_when_1_group_param_known": 0.0, "reward_error_1_when_1_group_param_known": 0.1061191887209346, "reward_error_2_when_1_group_param_known": 0.010713153737719826, "reward_error_0_when_2_group_param_known": 0.1061191887209346, "reward_error_1_when_2_group_param_known": 0.0, "reward_error_2_when_2_group_param_known": 0.06447360013057858, "reward_error_0_when_3_group_param_known": 0.008667608201208769, "reward_error_1_when_3_group_param_known": 0.06716170197523252, "reward_error_2_when_3_group_param_known": 0.0, "_wandb": {"runtime": 8}}