{"Iteration": 199, "train_loss": 14.407115369066329, "val_loss": 14.787436959925591, "grad_norm": 0.03840936691962861, "live_grad": 3.298689150464519e-14, "train_weighted_loss": 43.22134610719898, "val_weighted_loss": 44.36231087977676, "max_reward_err": 0.09251563875081745, "max_reward_err_index": 0, "max_kl_dist": 1.756409476003664, "max_kl_dist_index": 0, "max_train_grp_loss": 18.423896069162105, "max_train_grp_loss_index": 0, "max_val_grp_loss": 19.50270629770634, "max_val_grp_loss_index": 0, "max_cur_train_grp_loss": 0.35870938435259386, "max_cur_train_grp_loss_index": 2, "reward_err_1": 0.09251563875081745, "reward_err_2": 0.0017143908383625715, "reward_err_3": 0.05116543388200016, "KL_distance_1": 1.756409476003664, "KL_distance_2": 1.009845333989002, "KL_distance_3": 1.4316112805031063, "reward_param_1": 12.435993789134125, "reward_param_2": 3.444707158794954, "reward_param_3": 10.655617956340983, "reward_param_4": 6.121571468142366, "group_weight_1": 0.28839015613241514, "group_weight_2": 0.25427880665716646, "group_weight_3": 0.45733103721041823, "hist_group_loss_1": 26.928054234049448, "hist_group_loss_2": 14.339759923197917, "hist_group_loss_3": 73.03737691296888, "cur_group_loss_1": 0.13351735057879743, "cur_group_loss_2": 0.0746238170738353, "cur_group_loss_3": 0.35870938435259386, "train_group_loss_1": 18.423896069162105, "train_group_loss_2": 8.58600453450175, "train_group_loss_3": 16.85630705761332, "val_group_loss_1": 19.50270629770634, "val_group_loss_2": 6.4498006528624545, "val_group_loss_3": 17.661449365119747, "_timestamp": 1726698505.6576982, "_runtime": 14.163429260253906, "_step": 3, "final/reward_err_1": 0.09251563875081745, "final/reward_err_2": 0.0017143908383625715, "final/reward_err_3": 0.05116543388200016, "final/reward_param_1": 12.435993789134125, "final/reward_param_2": 3.444707158794954, "final/reward_param_3": 10.655617956340983, "final/reward_param_4": 6.121571468142366, "optimal_reward_1": 3.8594422340393066, "optimal_reward_2": 3.8594422340393066, "optimal_reward_3": 3.3084986209869385, "final/reward_1": 3.819638729095459, "final/reward_2": 3.5962886810302734, "final/reward_3": 3.3084986209869385, "reward_0_when_1_group_param_known": 3.8594422340393066, "reward_1_when_1_group_param_known": 3.4673831462860107, "reward_2_when_1_group_param_known": 3.2762653827667236, "reward_0_when_2_group_param_known": 3.4673831462860107, "reward_1_when_2_group_param_known": 3.8594422340393066, "reward_2_when_2_group_param_known": 3.114921808242798, "reward_0_when_3_group_param_known": 3.819638729095459, "reward_1_when_3_group_param_known": 3.5962886810302734, "reward_2_when_3_group_param_known": 3.3084986209869385, "reward_error_0_when_1_group_param_known": 0.0, "reward_error_1_when_1_group_param_known": 0.10158439069133712, "reward_error_2_when_1_group_param_known": 0.009742557550348786, "reward_error_0_when_2_group_param_known": 0.10158439069133712, "reward_error_1_when_2_group_param_known": 0.0, "reward_error_2_when_2_group_param_known": 0.058508959778981524, "reward_error_0_when_3_group_param_known": 0.010313279103594501, "reward_error_1_when_3_group_param_known": 0.06818434816515331, "reward_error_2_when_3_group_param_known": 0.0, "_wandb": {"runtime": 14}}