{"Iteration": 199, "train_loss": 18.6387950364535, "val_loss": 15.762477134151606, "grad_norm": 0.03583223227156716, "live_grad": 2.6987327224927243e-14, "train_weighted_loss": 55.91638510936049, "val_weighted_loss": 47.287431402454814, "max_reward_err": 0.09165071856385532, "max_reward_err_index": 0, "max_kl_dist": 1.2208083088858699, "max_kl_dist_index": 0, "max_train_grp_loss": 21.07812070319301, "max_train_grp_loss_index": 0, "max_val_grp_loss": 20.830666053133648, "max_val_grp_loss_index": 0, "max_cur_train_grp_loss": 0.3728836612996651, "max_cur_train_grp_loss_index": 2, "reward_err_1": 0.09165071856385532, "reward_err_2": 0.0015439742975610592, "reward_err_3": 0.0512251321239368, "KL_distance_1": 1.2208083088858699, "KL_distance_2": 0.5638143103908901, "KL_distance_3": 0.9453890303255357, "reward_param_1": 9.101548338821456, "reward_param_2": 4.472805766010939, "reward_param_3": 8.844596571208166, "reward_param_4": 2.065326206472796, "group_weight_1": 0.3050602139822173, "group_weight_2": 0.25871586476482106, "group_weight_3": 0.4362239212529615, "hist_group_loss_1": 39.73629233621677, "hist_group_loss_2": 23.258415561025057, "hist_group_loss_3": 75.50094357145136, "cur_group_loss_1": 0.19700943818857672, "cur_group_loss_2": 0.11770217691325215, "cur_group_loss_3": 0.3728836612996651, "train_group_loss_1": 21.07812070319301, "train_group_loss_2": 16.952055949323825, "train_group_loss_3": 18.269051816158516, "val_group_loss_1": 20.830666053133648, "val_group_loss_2": 6.986164409494857, "val_group_loss_3": 18.733499701440607, "_timestamp": 1726693367.8999949, "_runtime": 14.445799827575684, "_step": 3, "final/reward_err_1": 0.09165071856385532, "final/reward_err_2": 0.0015439742975610592, "final/reward_err_3": 0.0512251321239368, "final/reward_param_1": 9.101548338821456, "final/reward_param_2": 4.472805766010939, "final/reward_param_3": 8.844596571208166, "final/reward_param_4": 2.065326206472796, "optimal_reward_1": 3.798083543777466, "optimal_reward_2": 3.798083543777466, "optimal_reward_3": 3.293947219848633, "final/reward_1": 3.763892412185669, "final/reward_2": 3.5496251583099365, "final/reward_3": 3.293947219848633, "reward_0_when_1_group_param_known": 3.798083543777466, "reward_1_when_1_group_param_known": 3.4340016841888428, "reward_2_when_1_group_param_known": 3.2582314014434814, "reward_0_when_2_group_param_known": 3.4340016841888428, "reward_1_when_2_group_param_known": 3.798083543777466, "reward_2_when_2_group_param_known": 3.1138041019439697, "reward_0_when_3_group_param_known": 3.763892412185669, "reward_1_when_3_group_param_known": 3.5496251583099365, "reward_2_when_3_group_param_known": 3.293947219848633, "reward_error_0_when_1_group_param_known": 0.0, "reward_error_1_when_1_group_param_known": 0.09585936048855775, "reward_error_2_when_1_group_param_known": 0.010842862991226866, "reward_error_0_when_2_group_param_known": 0.09585936048855775, "reward_error_1_when_2_group_param_known": 0.0, "reward_error_2_when_2_group_param_known": 0.054689133092102556, "reward_error_0_when_3_group_param_known": 0.009002206296334216, "reward_error_1_when_3_group_param_known": 0.06541677733092191, "reward_error_2_when_3_group_param_known": 0.0, "_wandb": {"runtime": 14}}