{"Iteration": 99, "train_loss": 17.10640083545543, "val_loss": 15.62562027927976, "grad_norm": 0.008735941217803033, "live_grad": 1.6287013395101304e-14, "train_weighted_loss": 51.319202506366295, "val_weighted_loss": 46.87686083783928, "max_reward_err": 0.08874057008447629, "max_reward_err_index": 0, "max_kl_dist": 1.7730826509213757, "max_kl_dist_index": 0, "max_train_grp_loss": 21.219335244347242, "max_train_grp_loss_index": 0, "max_val_grp_loss": 19.052032611387276, "max_val_grp_loss_index": 0, "max_cur_train_grp_loss": 0.21877124641587078, "max_cur_train_grp_loss_index": 0, "reward_err_1": 0.08874057008447629, "reward_err_2": 0.005745390390989294, "reward_err_3": 0.05617877776532805, "KL_distance_1": 1.7730826509213757, "KL_distance_2": 0.9362889484007688, "KL_distance_3": 1.5027363059687104, "reward_param_1": 7.546881570784723, "reward_param_2": 5.045852767347687, "reward_param_3": 14.199376926607496, "reward_param_4": 5.187809891462081, "group_weight_1": 0.349085304881117, "group_weight_2": 0.3161733464433207, "group_weight_3": 0.3347413486755623, "hist_group_loss_1": 21.95157308692909, "hist_group_loss_2": 12.049003981507253, "hist_group_loss_3": 17.755755204230166, "cur_group_loss_1": 0.21877124641587078, "cur_group_loss_2": 0.12100786854748678, "cur_group_loss_3": 0.1767665798143353, "train_group_loss_1": 21.219335244347242, "train_group_loss_2": 12.22443600692637, "train_group_loss_3": 18.029183286621407, "val_group_loss_1": 19.052032611387276, "val_group_loss_2": 10.76467117519682, "val_group_loss_3": 17.12452843857189, "_timestamp": 1726659909.0252979, "_runtime": 9.831884860992432, "_step": 2, "final/reward_err_1": 0.08874057008447629, "final/reward_err_2": 0.005745390390989294, "final/reward_err_3": 0.05617877776532805, "final/reward_param_1": 7.546881570784723, "final/reward_param_2": 5.045852767347687, "final/reward_param_3": 14.199376926607496, "final/reward_param_4": 5.187809891462081, "optimal_reward_1": 3.879298448562622, "optimal_reward_2": 3.879298448562622, "optimal_reward_3": 3.3300602436065674, "final/reward_1": 3.8373265266418457, "final/reward_2": 3.6485824584960938, "final/reward_3": 3.3300602436065674, "reward_0_when_1_group_param_known": 3.879298448562622, "reward_1_when_1_group_param_known": 3.552269458770752, "reward_2_when_1_group_param_known": 3.2809364795684814, "reward_0_when_2_group_param_known": 3.552269458770752, "reward_1_when_2_group_param_known": 3.879298448562622, "reward_2_when_2_group_param_known": 3.1701314449310303, "reward_0_when_3_group_param_known": 3.8373265266418457, "reward_1_when_3_group_param_known": 3.6485824584960938, "reward_2_when_3_group_param_known": 3.3300602436065674, "reward_error_0_when_1_group_param_known": 0.0, "reward_error_1_when_1_group_param_known": 0.08430106477449359, "reward_error_2_when_1_group_param_known": 0.014751614218511329, "reward_error_0_when_2_group_param_known": 0.08430106477449359, "reward_error_1_when_2_group_param_known": 0.0, "reward_error_2_when_2_group_param_known": 0.04802579742591348, "reward_error_0_when_3_group_param_known": 0.010819461940683636, "reward_error_1_when_3_group_param_known": 0.05947363759857518, "reward_error_2_when_3_group_param_known": 0.0, "_wandb": {"runtime": 9}}