{"Iteration": 99, "train_loss": 16.656995213151887, "val_loss": 16.788158931270573, "grad_norm": 0.007621739868130907, "live_grad": 2.5196273751579346e-14, "train_weighted_loss": 49.97098563945568, "val_weighted_loss": 50.36447679381172, "max_reward_err": 0.09559840200207563, "max_reward_err_index": 0, "max_kl_dist": 1.9760269333229608, "max_kl_dist_index": 0, "max_train_grp_loss": 20.13801438591374, "max_train_grp_loss_index": 0, "max_val_grp_loss": 20.382158057282762, "max_val_grp_loss_index": 0, "max_cur_train_grp_loss": 0.21144909441835466, "max_cur_train_grp_loss_index": 2, "reward_err_1": 0.09559840200207563, "reward_err_2": 0.0007012887938852892, "reward_err_3": 0.056550738776638784, "KL_distance_1": 1.9760269333229608, "KL_distance_2": 1.1218258807045698, "KL_distance_3": 1.6245762393935343, "reward_param_1": 13.76912860523628, "reward_param_2": 5.4874152000642145, "reward_param_3": 10.660827498648514, "reward_param_4": 3.4671649033157523, "group_weight_1": 0.3355909851873384, "group_weight_2": 0.3142483583711003, "group_weight_3": 0.35016065644156136, "hist_group_loss_1": 16.99828892387485, "hist_group_loss_2": 10.427340028277722, "hist_group_loss_3": 21.248184435557718, "cur_group_loss_1": 0.16923712658488863, "cur_group_loss_2": 0.10487659868990987, "cur_group_loss_3": 0.21144909441835466, "train_group_loss_1": 20.13801438591374, "train_group_loss_2": 9.44184850582156, "train_group_loss_3": 19.24075259887794, "val_group_loss_1": 20.382158057282762, "val_group_loss_2": 10.383705927588577, "val_group_loss_3": 19.277794705285025, "_timestamp": 1726607142.563704, "_runtime": 9.458816051483154, "_step": 2, "final/reward_err_1": 0.09559840200207563, "final/reward_err_2": 0.0007012887938852892, "final/reward_err_3": 0.056550738776638784, "final/reward_param_1": 13.76912860523628, "final/reward_param_2": 5.4874152000642145, "final/reward_param_3": 10.660827498648514, "final/reward_param_4": 3.4671649033157523, "optimal_reward_1": 3.8328447341918945, "optimal_reward_2": 3.8328447341918945, "optimal_reward_3": 3.272308111190796, "final/reward_1": 3.796973705291748, "final/reward_2": 3.567776918411255, "final/reward_3": 3.272308111190796, "reward_0_when_1_group_param_known": 3.8328447341918945, "reward_1_when_1_group_param_known": 3.4360735416412354, "reward_2_when_1_group_param_known": 3.2429821491241455, "reward_0_when_2_group_param_known": 3.4360735416412354, "reward_1_when_2_group_param_known": 3.8328447341918945, "reward_2_when_2_group_param_known": 3.0682969093322754, "reward_0_when_3_group_param_known": 3.796973705291748, "reward_1_when_3_group_param_known": 3.567776918411255, "reward_2_when_3_group_param_known": 3.272308111190796, "reward_error_0_when_1_group_param_known": 0.0, "reward_error_1_when_1_group_param_known": 0.1035187230547478, "reward_error_2_when_1_group_param_known": 0.008961858440640128, "reward_error_0_when_2_group_param_known": 0.1035187230547478, "reward_error_1_when_2_group_param_known": 0.0, "reward_error_2_when_2_group_param_known": 0.06234474105932544, "reward_error_0_when_3_group_param_known": 0.0093588525984759, "reward_error_1_when_3_group_param_known": 0.06915694064412076, "reward_error_2_when_3_group_param_known": 0.0, "_wandb": {"runtime": 9}}