{"Iteration": 99, "train_loss": 14.374597127783485, "val_loss": 16.361659341400305, "grad_norm": 0.015227852817748943, "live_grad": 3.0049125006206097e-14, "train_weighted_loss": 43.12379138335045, "val_weighted_loss": 49.08497802420091, "max_reward_err": 0.09475956829869443, "max_reward_err_index": 0, "max_kl_dist": 1.718674291377452, "max_kl_dist_index": 0, "max_train_grp_loss": 18.566917774081798, "max_train_grp_loss_index": 0, "max_val_grp_loss": 19.939685567656316, "max_val_grp_loss_index": 0, "max_cur_train_grp_loss": 0.36490754699045685, "max_cur_train_grp_loss_index": 2, "reward_err_1": 0.09475956829869443, "reward_err_2": 0.0013522634567511057, "reward_err_3": 0.05270144540738319, "KL_distance_1": 1.718674291377452, "KL_distance_2": 0.9759814757129813, "KL_distance_3": 1.3929396681667372, "reward_param_1": 11.827382533562725, "reward_param_2": 3.19794812541371, "reward_param_3": 10.987394614717243, "reward_param_4": 5.854089670771952, "group_weight_1": 0.3124637997530944, "group_weight_2": 0.2929317084873802, "group_weight_3": 0.3946044917595254, "hist_group_loss_1": 13.519367753666595, "hist_group_loss_2": 7.06445608759331, "hist_group_loss_3": 36.858903245436096, "cur_group_loss_1": 0.13455271366903387, "cur_group_loss_2": 0.07136626802053227, "cur_group_loss_3": 0.36490754699045685, "train_group_loss_1": 18.566917774081798, "train_group_loss_2": 8.210387883081621, "train_group_loss_3": 17.147869765050448, "val_group_loss_1": 19.939685567656316, "val_group_loss_2": 11.185764498188306, "val_group_loss_3": 17.489250095397463, "_timestamp": 1726683031.693969, "_runtime": 9.970966100692749, "_step": 2, "final/reward_err_1": 0.09475956829869443, "final/reward_err_2": 0.0013522634567511057, "final/reward_err_3": 0.05270144540738319, "final/reward_param_1": 11.827382533562725, "final/reward_param_2": 3.19794812541371, "final/reward_param_3": 10.987394614717243, "final/reward_param_4": 5.854089670771952, "optimal_reward_1": 3.8594422340393066, "optimal_reward_2": 3.8594422340393066, "optimal_reward_3": 3.3084986209869385, "final/reward_1": 3.819638729095459, "final/reward_2": 3.5962886810302734, "final/reward_3": 3.3084986209869385, "reward_0_when_1_group_param_known": 3.8594422340393066, "reward_1_when_1_group_param_known": 3.4673831462860107, "reward_2_when_1_group_param_known": 3.2762653827667236, "reward_0_when_2_group_param_known": 3.4673831462860107, "reward_1_when_2_group_param_known": 3.8594422340393066, "reward_2_when_2_group_param_known": 3.114921808242798, "reward_0_when_3_group_param_known": 3.819638729095459, "reward_1_when_3_group_param_known": 3.5962886810302734, "reward_2_when_3_group_param_known": 3.3084986209869385, "reward_error_0_when_1_group_param_known": 0.0, "reward_error_1_when_1_group_param_known": 0.10158439069133712, "reward_error_2_when_1_group_param_known": 0.009742557550348786, "reward_error_0_when_2_group_param_known": 0.10158439069133712, "reward_error_1_when_2_group_param_known": 0.0, "reward_error_2_when_2_group_param_known": 0.058508959778981524, "reward_error_0_when_3_group_param_known": 0.010313279103594501, "reward_error_1_when_3_group_param_known": 0.06818434816515331, "reward_error_2_when_3_group_param_known": 0.0, "_wandb": {"runtime": 9}}