{"Iteration": 199, "train_loss": 18.67759466575795, "val_loss": 16.268030413378217, "grad_norm": 0.202445317832431, "max_reward_err": 0.0649975653477559, "max_reward_err_index": 0, "max_kl_dist": 0.6964006638517608, "max_kl_dist_index": 0, "max_train_grp_loss": 20.837544237491816, "max_train_grp_loss_index": 0, "max_val_grp_loss": 20.597906612502463, "max_val_grp_loss_index": 0, "max_cur_train_grp_loss": 20.83936617417925, "max_cur_train_grp_loss_index": 0, "reward_err_1": 0.08371062506816258, "reward_err_2": 0.0035576951139524773, "reward_err_3": 0.04344476980312951, "reward_param_1": 6.9377394035952715, "reward_param_2": 3.4709637134058755, "reward_param_3": 6.602172541270301, "reward_param_4": 3.483747549598798, "KL_distance_1": 0.6964006638517608, "KL_distance_2": 0.3114629732827292, "KL_distance_3": 0.5247166669741539, "hist_group_loss_1": 4262.683653878389, "hist_group_loss_2": 3565.436594748709, "hist_group_loss_3": 4152.125162167024, "cur_group_loss_1": 20.83936617417925, "cur_group_loss_2": 16.089654056024656, "cur_group_loss_3": 19.767535344289364, "train_group_loss_1": 20.837544237491816, "train_group_loss_2": 16.083693481084012, "train_group_loss_3": 19.76247369810812, "val_group_loss_1": 20.597906612502463, "val_group_loss_2": 8.944254224858007, "val_group_loss_3": 19.709525182031598, "_timestamp": 1726692424.9508648, "_runtime": 11.689454793930054, "_step": 3, "final/reward_err_1": 0.08371062506816258, "final/reward_err_2": 0.0035576951139524773, "final/reward_err_3": 0.04344476980312951, "final/reward_param_1": 6.9377394035952715, "final/reward_param_2": 3.4709637134058755, "final/reward_param_3": 6.602172541270301, "final/reward_param_4": 3.483747549598798, "optimal_reward_1": 3.880363702774048, "optimal_reward_2": 3.880363702774048, "optimal_reward_3": 3.310894012451172, "final/reward_1": 3.845717430114746, "final/reward_2": 3.5881128311157227, "final/reward_3": 3.310894012451172, "reward_0_when_1_group_param_known": 3.880363702774048, "reward_1_when_1_group_param_known": 3.454080104827881, "reward_2_when_1_group_param_known": 3.2871222496032715, "reward_0_when_2_group_param_known": 3.454080104827881, "reward_1_when_2_group_param_known": 3.880363702774048, "reward_2_when_2_group_param_known": 3.0933778285980225, "reward_0_when_3_group_param_known": 3.845717430114746, "reward_1_when_3_group_param_known": 3.5881128311157227, "reward_2_when_3_group_param_known": 3.310894012451172, "reward_error_0_when_1_group_param_known": 0.0, "reward_error_1_when_1_group_param_known": 0.10985660896720055, "reward_error_2_when_1_group_param_known": 0.0071798622240708074, "reward_error_0_when_2_group_param_known": 0.10985660896720055, "reward_error_1_when_2_group_param_known": 0.0, "reward_error_2_when_2_group_param_known": 0.0656971147476009, "reward_error_0_when_3_group_param_known": 0.008928614767356305, "reward_error_1_when_3_group_param_known": 0.07531532970721194, "reward_error_2_when_3_group_param_known": 0.0, "_wandb": {"runtime": 11}}