{"Iteration": 99, "train_loss": 20.5508277703156, "val_loss": 20.33432361160651, "grad_norm": 0.006486589775684752, "live_grad": 1.3080387409073594e-14, "train_weighted_loss": 61.6524833109468, "val_weighted_loss": 61.00297083481954, "max_reward_err": 0.1078174919626896, "max_reward_err_index": 0, "max_kl_dist": 0.9889531537899751, "max_kl_dist_index": 0, "max_train_grp_loss": 24.367840615263955, "max_train_grp_loss_index": 0, "max_val_grp_loss": 24.04155786402699, "max_val_grp_loss_index": 0, "max_cur_train_grp_loss": 0.27380557415949447, "max_cur_train_grp_loss_index": 0, "reward_err_1": 0.1078174919626896, "reward_err_2": 0.0018613717066850674, "reward_err_3": 0.06619504299898421, "KL_distance_1": 0.9889531537899751, "KL_distance_2": 0.31317027778958023, "KL_distance_3": 0.7464866956550771, "reward_param_1": 5.666446913854495, "reward_param_2": 2.5146664770367066, "reward_param_3": 8.768972315627197, "reward_param_4": 3.1128546658339364, "group_weight_1": 0.35438453609897075, "group_weight_2": 0.30926199219085515, "group_weight_3": 0.33635347171017416, "hist_group_loss_1": 27.415785628057748, "hist_group_loss_2": 13.796406135973957, "hist_group_loss_3": 22.193787867120633, "cur_group_loss_1": 0.27380557415949447, "cur_group_loss_2": 0.13812014818803373, "cur_group_loss_3": 0.2217234483014332, "train_group_loss_1": 24.367840615263955, "train_group_loss_2": 14.64206734580833, "train_group_loss_3": 23.280489311242903, "val_group_loss_1": 24.04155786402699, "val_group_loss_2": 13.962632383565088, "val_group_loss_3": 22.686765235956983, "_timestamp": 1726610442.632465, "_runtime": 9.489454984664917, "_step": 2, "final/reward_err_1": 0.1078174919626896, "final/reward_err_2": 0.0018613717066850674, "final/reward_err_3": 0.06619504299898421, "final/reward_param_1": 5.666446913854495, "final/reward_param_2": 2.5146664770367066, "final/reward_param_3": 8.768972315627197, "final/reward_param_4": 3.1128546658339364, "optimal_reward_1": 3.89680814743042, "optimal_reward_2": 3.89680814743042, "optimal_reward_3": 3.3939409255981445, "final/reward_1": 3.8573405742645264, "final/reward_2": 3.620272397994995, "final/reward_3": 3.3939409255981445, "reward_0_when_1_group_param_known": 3.89680814743042, "reward_1_when_1_group_param_known": 3.508673906326294, "reward_2_when_1_group_param_known": 3.352841377258301, "reward_0_when_2_group_param_known": 3.508673906326294, "reward_1_when_2_group_param_known": 3.89680814743042, "reward_2_when_2_group_param_known": 3.2001588344573975, "reward_0_when_3_group_param_known": 3.8573405742645264, "reward_1_when_3_group_param_known": 3.620272397994995, "reward_2_when_3_group_param_known": 3.3939409255981445, "reward_error_0_when_1_group_param_known": 0.0, "reward_error_1_when_1_group_param_known": 0.09960311783890725, "reward_error_2_when_1_group_param_known": 0.012109682885125766, "reward_error_0_when_2_group_param_known": 0.09960311783890725, "reward_error_1_when_2_group_param_known": 0.0, "reward_error_2_when_2_group_param_known": 0.05709648322962343, "reward_error_0_when_3_group_param_known": 0.010128179698022528, "reward_error_1_when_3_group_param_known": 0.0709646815991632, "reward_error_2_when_3_group_param_known": 0.0, "_wandb": {"runtime": 9}}