{"Iteration": 99, "train_loss": 16.11730457811786, "val_loss": 16.854721181309863, "grad_norm": 0.45417285324223955, "max_reward_err": 0.0945956308759901, "max_reward_err_index": 0, "max_kl_dist": 0.7331288877907971, "max_kl_dist_index": 0, "max_train_grp_loss": 20.698019658699085, "max_train_grp_loss_index": 0, "max_val_grp_loss": 21.265614098125848, "max_val_grp_loss_index": 0, "max_cur_train_grp_loss": 20.709988164111373, "max_cur_train_grp_loss_index": 0, "reward_err_1": 0.08353452758984688, "reward_err_2": 0.005858757723235042, "reward_err_3": 0.047154344739041607, "reward_param_1": 7.89470103015692, "reward_param_2": 3.623566265790108, "reward_param_3": 5.801592452265088, "reward_param_4": 3.3089710685683627, "KL_distance_1": 0.7331288877907971, "KL_distance_2": 0.33301897966858895, "KL_distance_3": 0.5621127669107688, "hist_group_loss_1": 2162.109561897355, "hist_group_loss_2": 1149.8695122834, "hist_group_loss_3": 2140.5289905407817, "cur_group_loss_1": 20.709988164111373, "cur_group_loss_2": 8.603540961725896, "cur_group_loss_3": 20.42317225950651, "train_group_loss_1": 20.698019658699085, "train_group_loss_2": 8.569500493006627, "train_group_loss_3": 20.409886702178426, "val_group_loss_1": 21.265614098125848, "val_group_loss_2": 9.279702899231317, "val_group_loss_3": 19.836835159819245, "_timestamp": 1726584271.457462, "_runtime": 7.912207126617432, "_step": 2, "final/reward_err_1": 0.08353452758984688, "final/reward_err_2": 0.005858757723235042, "final/reward_err_3": 0.047154344739041607, "final/reward_param_1": 7.89470103015692, "final/reward_param_2": 3.623566265790108, "final/reward_param_3": 5.801592452265088, "final/reward_param_4": 3.3089710685683627, "optimal_reward_1": 3.8428120613098145, "optimal_reward_2": 3.8428120613098145, "optimal_reward_3": 3.246764659881592, "final/reward_1": 3.8028461933135986, "final/reward_2": 3.5883326530456543, "final/reward_3": 3.246764659881592, "reward_0_when_1_group_param_known": 3.8428120613098145, "reward_1_when_1_group_param_known": 3.466555118560791, "reward_2_when_1_group_param_known": 3.208935022354126, "reward_0_when_2_group_param_known": 3.466555118560791, "reward_1_when_2_group_param_known": 3.8428120613098145, "reward_2_when_2_group_param_known": 3.0578837394714355, "reward_0_when_3_group_param_known": 3.8028461933135986, "reward_1_when_3_group_param_known": 3.5883326530456543, "reward_2_when_3_group_param_known": 3.246764659881592, "reward_error_0_when_1_group_param_known": 0.0, "reward_error_1_when_1_group_param_known": 0.09791187722586076, "reward_error_2_when_1_group_param_known": 0.01165148740064377, "reward_error_0_when_2_group_param_known": 0.09791187722586076, "reward_error_1_when_2_group_param_known": 0.0, "reward_error_2_when_2_group_param_known": 0.05817511898661749, "reward_error_0_when_3_group_param_known": 0.010400162005995563, "reward_error_1_when_3_group_param_known": 0.06622218422449246, "reward_error_2_when_3_group_param_known": 0.0, "_wandb": {"runtime": 7}}