{"Iteration": 99, "train_loss": 21.38425934257681, "val_loss": 20.179024699652402, "grad_norm": 0.0013869278426325072, "live_grad": 4.3316708650580376e-15, "train_weighted_loss": 64.15277802773043, "val_weighted_loss": 60.537074098957206, "max_reward_err": 0.057818455072957534, "max_reward_err_index": 0, "max_kl_dist": 0.5671333007874366, "max_kl_dist_index": 0, "max_train_grp_loss": 23.354518589996196, "max_train_grp_loss_index": 2, "max_val_grp_loss": 22.39342662458158, "max_val_grp_loss_index": 0, "max_cur_train_grp_loss": 0.2224251089012352, "max_cur_train_grp_loss_index": 2, "reward_err_1": 0.057818455072957534, "reward_err_2": 0.034359122795755495, "reward_err_3": 0.02593168485671695, "KL_distance_1": 0.5671333007874366, "KL_distance_2": 0.4100827294302965, "KL_distance_3": 0.4465683966267762, "reward_param_1": 6.855303078260988, "reward_param_2": 5.5853358881298, "reward_param_3": 4.8131644145839205, "reward_param_4": 3.895108062080496, "group_weight_1": 0.3350084015634201, "group_weight_2": 0.32793182709487106, "group_weight_3": 0.3370597713417088, "hist_group_loss_1": 21.647213413841204, "hist_group_loss_2": 19.512226589262095, "hist_group_loss_3": 22.25768009912119, "cur_group_loss_1": 0.21627086152131758, "cur_group_loss_2": 0.19489557073360814, "cur_group_loss_3": 0.2224251089012352, "train_group_loss_1": 22.70832368569462, "train_group_loss_2": 17.540881820283424, "train_group_loss_3": 23.354518589996196, "val_group_loss_1": 22.39342662458158, "val_group_loss_2": 15.690744455172796, "val_group_loss_3": 22.38591376182254, "_timestamp": 1726610326.927009, "_runtime": 9.427393198013306, "_step": 2, "final/reward_err_1": 0.057818455072957534, "final/reward_err_2": 0.034359122795755495, "final/reward_err_3": 0.02593168485671695, "final/reward_param_1": 6.855303078260988, "final/reward_param_2": 5.5853358881298, "final/reward_param_3": 4.8131644145839205, "final/reward_param_4": 3.895108062080496, "optimal_reward_1": 3.903468370437622, "optimal_reward_2": 3.903468370437622, "optimal_reward_3": 3.377150297164917, "final/reward_1": 3.863295316696167, "final/reward_2": 3.63002347946167, "final/reward_3": 3.377150297164917, "reward_0_when_1_group_param_known": 3.903468370437622, "reward_1_when_1_group_param_known": 3.4978456497192383, "reward_2_when_1_group_param_known": 3.3427646160125732, "reward_0_when_2_group_param_known": 3.4978456497192383, "reward_1_when_2_group_param_known": 3.903468370437622, "reward_2_when_2_group_param_known": 3.172839879989624, "reward_0_when_3_group_param_known": 3.863295316696167, "reward_1_when_3_group_param_known": 3.63002347946167, "reward_2_when_3_group_param_known": 3.377150297164917, "reward_error_0_when_1_group_param_known": 0.0, "reward_error_1_when_1_group_param_known": 0.10391341295098261, "reward_error_2_when_1_group_param_known": 0.010181862850821349, "reward_error_0_when_2_group_param_known": 0.10391341295098261, "reward_error_1_when_2_group_param_known": 0.0, "reward_error_2_when_2_group_param_known": 0.06049787518986332, "reward_error_0_when_3_group_param_known": 0.010291630398673176, "reward_error_1_when_3_group_param_known": 0.07005177576097432, "reward_error_2_when_3_group_param_known": 0.0, "_wandb": {"runtime": 9}}