{"Iteration": 99, "train_loss": 15.258293687294001, "val_loss": 17.40712424738077, "grad_norm": 0.011911866583257592, "live_grad": 2.360366527284141e-14, "train_weighted_loss": 45.77488106188201, "val_weighted_loss": 52.221372742142314, "max_reward_err": 0.11192626829138295, "max_reward_err_index": 0, "max_kl_dist": 2.1105707023965032, "max_kl_dist_index": 0, "max_train_grp_loss": 21.03093785242945, "max_train_grp_loss_index": 0, "max_val_grp_loss": 21.955489929292177, "max_val_grp_loss_index": 0, "max_cur_train_grp_loss": 0.23632122621161902, "max_cur_train_grp_loss_index": 0, "reward_err_1": 0.11192626829138295, "reward_err_2": 0.00013934436121075354, "reward_err_3": 0.07004435839751554, "KL_distance_1": 2.1105707023965032, "KL_distance_2": 1.0874631200705456, "KL_distance_3": 1.7182009657191222, "reward_param_1": 11.283961514280643, "reward_param_2": 4.41989117588698, "reward_param_3": 14.043854580302332, "reward_param_4": 4.090034344967301, "group_weight_1": 0.359036131190323, "group_weight_2": 0.30398054755455967, "group_weight_3": 0.3369833212551174, "hist_group_loss_1": 23.729469639452365, "hist_group_loss_2": 7.083538003783564, "hist_group_loss_3": 17.39051062893467, "cur_group_loss_1": 0.23632122621161902, "cur_group_loss_2": 0.07103636345883219, "cur_group_loss_3": 0.17300509295459363, "train_group_loss_1": 21.03093785242945, "train_group_loss_2": 7.532987921260441, "train_group_loss_3": 18.164170644460697, "val_group_loss_1": 21.955489929292177, "val_group_loss_2": 10.341442763221457, "val_group_loss_3": 19.15311730475478, "_timestamp": 1726607182.213635, "_runtime": 9.346114873886108, "_step": 2, "final/reward_err_1": 0.11192626829138295, "final/reward_err_2": 0.00013934436121075354, "final/reward_err_3": 0.07004435839751554, "final/reward_param_1": 11.283961514280643, "final/reward_param_2": 4.41989117588698, "final/reward_param_3": 14.043854580302332, "final/reward_param_4": 4.090034344967301, "optimal_reward_1": 3.793292999267578, "optimal_reward_2": 3.793292999267578, "optimal_reward_3": 3.287027359008789, "final/reward_1": 3.759493589401245, "final/reward_2": 3.5484824180603027, "final/reward_3": 3.287027359008789, "reward_0_when_1_group_param_known": 3.793292999267578, "reward_1_when_1_group_param_known": 3.4222915172576904, "reward_2_when_1_group_param_known": 3.2522172927856445, "reward_0_when_2_group_param_known": 3.4222915172576904, "reward_1_when_2_group_param_known": 3.793292999267578, "reward_2_when_2_group_param_known": 3.1010961532592773, "reward_0_when_3_group_param_known": 3.759493589401245, "reward_1_when_3_group_param_known": 3.5484824180603027, "reward_2_when_3_group_param_known": 3.287027359008789, "reward_error_0_when_1_group_param_known": 0.0, "reward_error_1_when_1_group_param_known": 0.0978045940773681, "reward_error_2_when_1_group_param_known": 0.010590135834355084, "reward_error_0_when_2_group_param_known": 0.0978045940773681, "reward_error_1_when_2_group_param_known": 0.0, "reward_error_2_when_2_group_param_known": 0.0565651530827476, "reward_error_0_when_3_group_param_known": 0.008910308239532014, "reward_error_1_when_3_group_param_known": 0.0645377462944582, "reward_error_2_when_3_group_param_known": 0.0, "_wandb": {"runtime": 10}}