{"Iteration": 99, "train_loss": 13.67135801864356, "val_loss": 14.276885006629708, "grad_norm": 0.019775990291982414, "live_grad": 1.7913165525676656e-14, "train_weighted_loss": 41.01407405593069, "val_weighted_loss": 42.83065501988913, "max_reward_err": 0.09207283799536697, "max_reward_err_index": 0, "max_kl_dist": 1.961399055130114, "max_kl_dist_index": 0, "max_train_grp_loss": 19.843658583605432, "max_train_grp_loss_index": 0, "max_val_grp_loss": 19.28659333335046, "max_val_grp_loss_index": 0, "max_cur_train_grp_loss": 0.42077142551748314, "max_cur_train_grp_loss_index": 2, "reward_err_1": 0.09207283799536697, "reward_err_2": 0.0002352329627789945, "reward_err_3": 0.0540068187113267, "KL_distance_1": 1.961399055130114, "KL_distance_2": 1.0897384409438644, "KL_distance_3": 1.5875101339790343, "reward_param_1": 12.402354452727737, "reward_param_2": 4.042646041504485, "reward_param_3": 12.261520300097414, "reward_param_4": 4.914561704223648, "group_weight_1": 0.31303219066054033, "group_weight_2": 0.2799948507956115, "group_weight_3": 0.40697295854384835, "hist_group_loss_1": 16.32926716917466, "hist_group_loss_2": 5.175785386348071, "hist_group_loss_3": 42.57333831900959, "cur_group_loss_1": 0.16266188338085097, "cur_group_loss_2": 0.0518380475372266, "cur_group_loss_3": 0.42077142551748314, "train_group_loss_1": 19.843658583605432, "train_group_loss_2": 7.104477468805594, "train_group_loss_3": 17.24799134553264, "val_group_loss_1": 19.28659333335046, "val_group_loss_2": 6.13371791600522, "val_group_loss_3": 16.974260752135628, "_timestamp": 1726690221.326188, "_runtime": 9.693453073501587, "_step": 2, "final/reward_err_1": 0.09207283799536697, "final/reward_err_2": 0.0002352329627789945, "final/reward_err_3": 0.0540068187113267, "final/reward_param_1": 12.402354452727737, "final/reward_param_2": 4.042646041504485, "final/reward_param_3": 12.261520300097414, "final/reward_param_4": 4.914561704223648, "optimal_reward_1": 3.7876079082489014, "optimal_reward_2": 3.7876079082489014, "optimal_reward_3": 3.2552034854888916, "final/reward_1": 3.755828619003296, "final/reward_2": 3.553105354309082, "final/reward_3": 3.2552034854888916, "reward_0_when_1_group_param_known": 3.7876079082489014, "reward_1_when_1_group_param_known": 3.425462007522583, "reward_2_when_1_group_param_known": 3.221684455871582, "reward_0_when_2_group_param_known": 3.425462007522583, "reward_1_when_2_group_param_known": 3.7876079082489014, "reward_2_when_2_group_param_known": 3.069401741027832, "reward_0_when_3_group_param_known": 3.755828619003296, "reward_1_when_3_group_param_known": 3.553105354309082, "reward_2_when_3_group_param_known": 3.2552034854888916, "reward_error_0_when_1_group_param_known": 0.0, "reward_error_1_when_1_group_param_known": 0.09561335531526725, "reward_error_2_when_1_group_param_known": 0.010297061233416388, "reward_error_0_when_2_group_param_known": 0.09561335531526725, "reward_error_1_when_2_group_param_known": 0.0, "reward_error_2_when_2_group_param_known": 0.057078380902862186, "reward_error_0_when_3_group_param_known": 0.008390332372153529, "reward_error_1_when_3_group_param_known": 0.06191310178360972, "reward_error_2_when_3_group_param_known": 0.0, "_wandb": {"runtime": 9}}