{"Iteration": 99, "train_loss": 17.74037713655309, "val_loss": 17.515369613294894, "grad_norm": 0.005993773500277003, "live_grad": 3.9721167080646056e-14, "train_weighted_loss": 53.22113140965928, "val_weighted_loss": 52.546108839884695, "max_reward_err": 0.07020462588363421, "max_reward_err_index": 0, "max_kl_dist": 1.2531178968544445, "max_kl_dist_index": 0, "max_train_grp_loss": 19.636330360532213, "max_train_grp_loss_index": 0, "max_val_grp_loss": 18.448487413841786, "max_val_grp_loss_index": 1, "max_cur_train_grp_loss": 0.2964501143394427, "max_cur_train_grp_loss_index": 2, "reward_err_1": 0.07020462588363421, "reward_err_2": 0.011268599491292653, "reward_err_3": 0.034787871699657906, "KL_distance_1": 1.2531178968544445, "KL_distance_2": 0.8009583260880182, "KL_distance_3": 1.0313859940392558, "reward_param_1": 9.994721779874812, "reward_param_2": 5.460534672448962, "reward_param_3": 8.396597472169823, "reward_param_4": 6.025954037201392, "group_weight_1": 0.31769021744606174, "group_weight_2": 0.3144387246645372, "group_weight_3": 0.367871057889401, "hist_group_loss_1": 15.150600711418816, "hist_group_loss_2": 14.121848113273435, "hist_group_loss_3": 29.816174870914153, "cur_group_loss_1": 0.15105361235592382, "cur_group_loss_2": 0.14144646032985633, "cur_group_loss_3": 0.2964501143394427, "train_group_loss_1": 19.636330360532213, "train_group_loss_2": 15.984802828781552, "train_group_loss_3": 16.896622358674104, "val_group_loss_1": 17.666124407241444, "val_group_loss_2": 18.448487413841786, "val_group_loss_3": 16.499138625232927, "_timestamp": 1726685070.397983, "_runtime": 10.283101081848145, "_step": 2, "final/reward_err_1": 0.07020462588363421, "final/reward_err_2": 0.011268599491292653, "final/reward_err_3": 0.034787871699657906, "final/reward_param_1": 9.994721779874812, "final/reward_param_2": 5.460534672448962, "final/reward_param_3": 8.396597472169823, "final/reward_param_4": 6.025954037201392, "optimal_reward_1": 3.815298318862915, "optimal_reward_2": 3.815298318862915, "optimal_reward_3": 3.2616615295410156, "final/reward_1": 3.7792916297912598, "final/reward_2": 3.547971248626709, "final/reward_3": 3.2616615295410156, "reward_0_when_1_group_param_known": 3.815298318862915, "reward_1_when_1_group_param_known": 3.4180736541748047, "reward_2_when_1_group_param_known": 3.2313497066497803, "reward_0_when_2_group_param_known": 3.4180736541748047, "reward_1_when_2_group_param_known": 3.815298318862915, "reward_2_when_2_group_param_known": 3.058016777038574, "reward_0_when_3_group_param_known": 3.7792916297912598, "reward_1_when_3_group_param_known": 3.547971248626709, "reward_2_when_3_group_param_known": 3.2616615295410156, "reward_error_0_when_1_group_param_known": 0.0, "reward_error_1_when_1_group_param_known": 0.10411365809174691, "reward_error_2_when_1_group_param_known": 0.00929336861495278, "reward_error_0_when_2_group_param_known": 0.10411365809174691, "reward_error_1_when_2_group_param_known": 0.0, "reward_error_2_when_2_group_param_known": 0.06243589368731908, "reward_error_0_when_3_group_param_known": 0.009437450511703749, "reward_error_1_when_3_group_param_known": 0.07006714754506493, "reward_error_2_when_3_group_param_known": 0.0, "_wandb": {"runtime": 10}}