{"Iteration": 99, "train_loss": 18.457544484858765, "val_loss": 18.025581009360955, "grad_norm": 0.004705318852944278, "live_grad": 2.9698880942467625e-14, "train_weighted_loss": 55.37263345457629, "val_weighted_loss": 54.07674302808286, "max_reward_err": 0.07099980868993468, "max_reward_err_index": 0, "max_kl_dist": 1.084896708572499, "max_kl_dist_index": 0, "max_train_grp_loss": 19.58590458651521, "max_train_grp_loss_index": 0, "max_val_grp_loss": 20.159910578580284, "max_val_grp_loss_index": 0, "max_cur_train_grp_loss": 0.21289806895985414, "max_cur_train_grp_loss_index": 0, "reward_err_1": 0.07099980868993468, "reward_err_2": 0.008945262413639602, "reward_err_3": 0.03649607360013328, "KL_distance_1": 1.084896708572499, "KL_distance_2": 0.6562752936571151, "KL_distance_3": 0.8869810824224725, "reward_param_1": 7.666310335858402, "reward_param_2": 5.0285056665701475, "reward_param_3": 9.711312454779836, "reward_param_4": 4.966936976960083, "group_weight_1": 0.3421438031075835, "group_weight_2": 0.32410793250378556, "group_weight_3": 0.33374826438863087, "hist_group_loss_1": 21.341647640273013, "hist_group_loss_2": 15.926193612320693, "hist_group_loss_3": 18.857236016026235, "cur_group_loss_1": 0.21289806895985414, "cur_group_loss_2": 0.15962084926197306, "cur_group_loss_3": 0.18796896643131417, "train_group_loss_1": 19.58590458651521, "train_group_loss_2": 17.719151578934603, "train_group_loss_3": 18.232312352953496, "val_group_loss_1": 20.159910578580284, "val_group_loss_2": 15.875446321147274, "val_group_loss_3": 18.14173219561859, "_timestamp": 1726603740.998424, "_runtime": 9.346406936645508, "_step": 2, "final/reward_err_1": 0.07099980868993468, "final/reward_err_2": 0.008945262413639602, "final/reward_err_3": 0.03649607360013328, "final/reward_param_1": 7.666310335858402, "final/reward_param_2": 5.0285056665701475, "final/reward_param_3": 9.711312454779836, "final/reward_param_4": 4.966936976960083, "optimal_reward_1": 3.850886821746826, "optimal_reward_2": 3.850886821746826, "optimal_reward_3": 3.257154703140259, "final/reward_1": 3.8119678497314453, "final/reward_2": 3.597700595855713, "final/reward_3": 3.257154703140259, "reward_0_when_1_group_param_known": 3.850886821746826, "reward_1_when_1_group_param_known": 3.4759232997894287, "reward_2_when_1_group_param_known": 3.2200934886932373, "reward_0_when_2_group_param_known": 3.4759232997894287, "reward_1_when_2_group_param_known": 3.850886821746826, "reward_2_when_2_group_param_known": 3.068084716796875, "reward_0_when_3_group_param_known": 3.8119678497314453, "reward_1_when_3_group_param_known": 3.597700595855713, "reward_2_when_3_group_param_known": 3.257154703140259, "reward_error_0_when_1_group_param_known": 0.0, "reward_error_1_when_1_group_param_known": 0.09737069389832334, "reward_error_2_when_1_group_param_known": 0.011378401649541042, "reward_error_0_when_2_group_param_known": 0.09737069389832334, "reward_error_1_when_2_group_param_known": 0.0, "reward_error_2_when_2_group_param_known": 0.058047591709751864, "reward_error_0_when_3_group_param_known": 0.010106495936363709, "reward_error_1_when_3_group_param_known": 0.06574751157611633, "reward_error_2_when_3_group_param_known": 0.0, "_wandb": {"runtime": 9}}