{"Iteration": 0, "train_loss": 20.207206456974653, "val_loss": 19.284478854904076, "grad_norm": 0.668189519071601, "max_reward_err": 0.06299627685511154, "max_reward_err_index": 0, "max_kl_dist": 0.22675837190751041, "max_kl_dist_index": 0, "max_train_grp_loss": 21.840834920635434, "max_train_grp_loss_index": 0, "max_val_grp_loss": 22.572664779322746, "max_val_grp_loss_index": 0, "max_cur_train_grp_loss": 21.858248949687113, "max_cur_train_grp_loss_index": 0, "reward_err_1": 0.06299627685511154, "reward_err_2": 0.03124866584997947, "reward_err_3": 0.029239574418145335, "reward_param_1": 4.111091100545302, "reward_param_2": 3.437714370846302, "reward_param_3": 3.323842880402909, "reward_param_4": 2.0630895416337625, "KL_distance_1": 0.22675837190751041, "KL_distance_2": 0.11229704779767202, "KL_distance_3": 0.13551849122184595, "hist_group_loss_1": 21.858248949687113, "hist_group_loss_2": 17.72846510895204, "hist_group_loss_3": 21.22254444229723, "cur_group_loss_1": 21.858248949687113, "cur_group_loss_2": 17.72846510895204, "cur_group_loss_3": 21.22254444229723, "train_group_loss_1": 21.840834920635434, "train_group_loss_2": 17.644808816097214, "train_group_loss_3": 21.190933915342555, "val_group_loss_1": 22.572664779322746, "val_group_loss_2": 14.821279328544247, "val_group_loss_3": 20.726715443236014, "_timestamp": 1726656206.2271922, "_runtime": 3.866014242172241, "_step": 0}