{"Iteration": 99, "train_loss": 20.318930449446018, "val_loss": 20.0223234247948, "grad_norm": 0.34226563811056265, "max_reward_err": 0.1010650590976043, "max_reward_err_index": 1, "max_kl_dist": 0.27178633316935613, "max_kl_dist_index": 0, "max_train_grp_loss": 22.054720526851174, "max_train_grp_loss_index": 0, "max_val_grp_loss": 20.98977177509047, "max_val_grp_loss_index": 0, "max_cur_train_grp_loss": 22.06104093347689, "max_cur_train_grp_loss_index": 0, "reward_err_1": 0.05611072088141535, "reward_err_2": 0.02754834139969412, "reward_err_3": 0.023133180906121063, "reward_param_1": 4.695427839896713, "reward_param_2": 3.5971555842683105, "reward_param_3": 3.868297714814915, "reward_param_4": 3.661788580301939, "KL_distance_1": 0.27178633316935613, "KL_distance_2": 0.18548674400630302, "KL_distance_3": 0.1885373405496153, "hist_group_loss_1": 2253.4784719607546, "hist_group_loss_2": 2030.0773109484496, "hist_group_loss_3": 2087.4859581308997, "cur_group_loss_1": 22.06104093347689, "cur_group_loss_2": 19.246303514116775, "cur_group_loss_3": 19.70755182513906, "train_group_loss_1": 22.054720526851174, "train_group_loss_2": 19.23506364424914, "train_group_loss_3": 19.689741047395035, "val_group_loss_1": 20.98977177509047, "val_group_loss_2": 18.85292252966838, "val_group_loss_3": 20.290200065696638, "_timestamp": 1726603469.510713, "_runtime": 8.244592189788818, "_step": 2, "final/reward_err_1": 0.05611072088141535, "final/reward_err_2": 0.02754834139969412, "final/reward_err_3": 0.023133180906121063, "final/reward_param_1": 4.695427839896713, "final/reward_param_2": 3.5971555842683105, "final/reward_param_3": 3.868297714814915, "final/reward_param_4": 3.661788580301939, "optimal_reward_1": 3.88508939743042, "optimal_reward_2": 3.88508939743042, "optimal_reward_3": 3.318911552429199, "final/reward_1": 3.85002064704895, "final/reward_2": 3.5887107849121094, "final/reward_3": 3.318911552429199, "reward_0_when_1_group_param_known": 3.88508939743042, "reward_1_when_1_group_param_known": 3.4581034183502197, "reward_2_when_1_group_param_known": 3.2941160202026367, "reward_0_when_2_group_param_known": 3.4581034183502197, "reward_1_when_2_group_param_known": 3.88508939743042, "reward_2_when_2_group_param_known": 3.1016483306884766, "reward_0_when_3_group_param_known": 3.85002064704895, "reward_1_when_3_group_param_known": 3.5887107849121094, "reward_2_when_3_group_param_known": 3.318911552429199, "reward_error_0_when_1_group_param_known": 0.0, "reward_error_1_when_1_group_param_known": 0.10990377193446481, "reward_error_2_when_1_group_param_known": 0.007470983132531505, "reward_error_0_when_2_group_param_known": 0.10990377193446481, "reward_error_1_when_2_group_param_known": 0.0, "reward_error_2_when_2_group_param_known": 0.06546219093476653, "reward_error_0_when_3_group_param_known": 0.009026497666865538, "reward_error_1_when_3_group_param_known": 0.07628617573493521, "reward_error_2_when_3_group_param_known": 0.0, "_wandb": {"runtime": 8}}