{"Iteration": 99, "train_loss": 17.37805534641002, "val_loss": 15.779274195975487, "grad_norm": 0.016165045837198657, "live_grad": 2.5611272223618412e-14, "train_weighted_loss": 52.13416603923005, "val_weighted_loss": 47.33782258792647, "max_reward_err": 0.07277154055354344, "max_reward_err_index": 0, "max_kl_dist": 1.0670302049816123, "max_kl_dist_index": 0, "max_train_grp_loss": 20.26142383591776, "max_train_grp_loss_index": 0, "max_val_grp_loss": 20.198869035567284, "max_val_grp_loss_index": 0, "max_cur_train_grp_loss": 0.38012515533956226, "max_cur_train_grp_loss_index": 2, "reward_err_1": 0.07277154055354344, "reward_err_2": 0.008923677480078057, "reward_err_3": 0.03574918145963644, "KL_distance_1": 1.0670302049816123, "KL_distance_2": 0.5984763850366761, "KL_distance_3": 0.8470211939026258, "reward_param_1": 8.020786133156042, "reward_param_2": 4.760788797751492, "reward_param_3": 8.833087287190002, "reward_param_4": 5.176264219807612, "group_weight_1": 0.31972389501621556, "group_weight_2": 0.2927884677744977, "group_weight_3": 0.3874876372092868, "hist_group_loss_1": 19.040852074459963, "hist_group_loss_2": 10.24011207709977, "hist_group_loss_3": 38.26346697839766, "cur_group_loss_1": 0.18937836523975293, "cur_group_loss_2": 0.10284005859958932, "cur_group_loss_3": 0.38012515533956226, "train_group_loss_1": 20.26142383591776, "train_group_loss_2": 14.811540916350879, "train_group_loss_3": 18.62412982704652, "val_group_loss_1": 20.198869035567284, "val_group_loss_2": 8.284853075291982, "val_group_loss_3": 18.221007705710697, "_timestamp": 1726690947.755902, "_runtime": 9.654468059539795, "_step": 2, "final/reward_err_1": 0.07277154055354344, "final/reward_err_2": 0.008923677480078057, "final/reward_err_3": 0.03574918145963644, "final/reward_param_1": 8.020786133156042, "final/reward_param_2": 4.760788797751492, "final/reward_param_3": 8.833087287190002, "final/reward_param_4": 5.176264219807612, "optimal_reward_1": 3.8138465881347656, "optimal_reward_2": 3.8138465881347656, "optimal_reward_3": 3.308058500289917, "final/reward_1": 3.7787630558013916, "final/reward_2": 3.5612988471984863, "final/reward_3": 3.308058500289917, "reward_0_when_1_group_param_known": 3.8138465881347656, "reward_1_when_1_group_param_known": 3.439753770828247, "reward_2_when_1_group_param_known": 3.273068904876709, "reward_0_when_2_group_param_known": 3.439753770828247, "reward_1_when_2_group_param_known": 3.8138465881347656, "reward_2_when_2_group_param_known": 3.121405839920044, "reward_0_when_3_group_param_known": 3.7787630558013916, "reward_1_when_3_group_param_known": 3.5612988471984863, "reward_2_when_3_group_param_known": 3.308058500289917, "reward_error_0_when_1_group_param_known": 0.0, "reward_error_1_when_1_group_param_known": 0.09808806113763369, "reward_error_2_when_1_group_param_known": 0.010577078794145125, "reward_error_0_when_2_group_param_known": 0.09808806113763369, "reward_error_1_when_2_group_param_known": 0.0, "reward_error_2_when_2_group_param_known": 0.05642362743993641, "reward_error_0_when_3_group_param_known": 0.009198988874519018, "reward_error_1_when_3_group_param_known": 0.06621864175711184, "reward_error_2_when_3_group_param_known": 0.0, "_wandb": {"runtime": 9}}