{"Iteration": 99, "train_loss": 16.843513968839154, "val_loss": 18.937675051219465, "grad_norm": 0.008025997572846796, "live_grad": 1.9658473030649842e-14, "train_weighted_loss": 50.53054190651746, "val_weighted_loss": 56.813025153658394, "max_reward_err": 0.1057660735116202, "max_reward_err_index": 0, "max_kl_dist": 2.001011238637269, "max_kl_dist_index": 0, "max_train_grp_loss": 18.220352320130985, "max_train_grp_loss_index": 0, "max_val_grp_loss": 20.521464853902124, "max_val_grp_loss_index": 0, "max_cur_train_grp_loss": 0.3276082917614139, "max_cur_train_grp_loss_index": 2, "reward_err_1": 0.1057660735116202, "reward_err_2": 0.010866649958073809, "reward_err_3": 0.07130239040560116, "KL_distance_1": 2.001011238637269, "KL_distance_2": 0.8722311016027711, "KL_distance_3": 1.7314273646765215, "reward_param_1": 15.318594712197813, "reward_param_2": 5.705792011144124, "reward_param_3": 5.1886188192945575, "reward_param_4": 4.155919828251909, "group_weight_1": 0.3128978417119237, "group_weight_2": 0.3091366711198968, "group_weight_3": 0.37796548716817957, "hist_group_loss_1": 14.090716590847892, "hist_group_loss_2": 12.881389342044947, "hist_group_loss_3": 32.98333006134877, "cur_group_loss_1": 0.14016541244236053, "cur_group_loss_2": 0.1293787291746848, "cur_group_loss_3": 0.3276082917614139, "train_group_loss_1": 18.220352320130985, "train_group_loss_2": 15.398062823632307, "train_group_loss_3": 16.706645353381834, "val_group_loss_1": 20.521464853902124, "val_group_loss_2": 18.71661631720233, "val_group_loss_3": 17.70898009791227, "_timestamp": 1726684968.821902, "_runtime": 12.925220966339111, "_step": 2, "final/reward_err_1": 0.1057660735116202, "final/reward_err_2": 0.010866649958073809, "final/reward_err_3": 0.07130239040560116, "final/reward_param_1": 15.318594712197813, "final/reward_param_2": 5.705792011144124, "final/reward_param_3": 5.1886188192945575, "final/reward_param_4": 4.155919828251909, "optimal_reward_1": 3.852689266204834, "optimal_reward_2": 3.852689266204834, "optimal_reward_3": 3.3024346828460693, "final/reward_1": 3.8164188861846924, "final/reward_2": 3.5882885456085205, "final/reward_3": 3.3024346828460693, "reward_0_when_1_group_param_known": 3.852689266204834, "reward_1_when_1_group_param_known": 3.475465774536133, "reward_2_when_1_group_param_known": 3.27390193939209, "reward_0_when_2_group_param_known": 3.475465774536133, "reward_1_when_2_group_param_known": 3.852689266204834, "reward_2_when_2_group_param_known": 3.1151528358459473, "reward_0_when_3_group_param_known": 3.8164188861846924, "reward_1_when_3_group_param_known": 3.5882885456085205, "reward_2_when_3_group_param_known": 3.3024346828460693, "reward_error_0_when_1_group_param_known": 0.0, "reward_error_1_when_1_group_param_known": 0.09791173531113566, "reward_error_2_when_1_group_param_known": 0.008639911518065122, "reward_error_0_when_2_group_param_known": 0.09791173531113566, "reward_error_1_when_2_group_param_known": 0.0, "reward_error_2_when_2_group_param_known": 0.0567102350193103, "reward_error_0_when_3_group_param_known": 0.00941430193664968, "reward_error_1_when_3_group_param_known": 0.06862757474774667, "reward_error_2_when_3_group_param_known": 0.0, "_wandb": {"runtime": 9}}