{"Iteration": 99, "train_loss": 20.86364242673204, "val_loss": 19.74421036982124, "grad_norm": 0.001430828868271344, "live_grad": 1.790180836524724e-14, "train_weighted_loss": 62.59092728019611, "val_weighted_loss": 59.23263110946372, "max_reward_err": 0.1023198595883197, "max_reward_err_index": 0, "max_kl_dist": 0.9719206198655455, "max_kl_dist_index": 0, "max_train_grp_loss": 24.588280962749153, "max_train_grp_loss_index": 0, "max_val_grp_loss": 24.681930388268448, "max_val_grp_loss_index": 0, "max_cur_train_grp_loss": 0.2615781073163356, "max_cur_train_grp_loss_index": 0, "reward_err_1": 0.1023198595883197, "reward_err_2": 0.0003964541943537987, "reward_err_3": 0.060178834989198446, "KL_distance_1": 0.9719206198655455, "KL_distance_2": 0.34648293084248893, "KL_distance_3": 0.737315026473542, "reward_param_1": 6.4971200022429425, "reward_param_2": 3.095742706991709, "reward_param_3": 8.69220189013778, "reward_param_4": 2.4579316669010827, "group_weight_1": 0.35019573564203704, "group_weight_2": 0.3220437319365644, "group_weight_3": 0.3277605324213986, "hist_group_loss_1": 26.15872042220261, "hist_group_loss_2": 17.778231115625296, "hist_group_loss_3": 19.537821902793798, "cur_group_loss_1": 0.2615781073163356, "cur_group_loss_2": 0.17778417661338844, "cur_group_loss_3": 0.19494348692087468, "train_group_loss_1": 24.588280962749153, "train_group_loss_2": 19.556504556293604, "train_group_loss_3": 18.714362670092655, "val_group_loss_1": 24.681930388268448, "val_group_loss_2": 14.823156026259936, "val_group_loss_3": 19.34140795380316, "_timestamp": 1726611650.713154, "_runtime": 9.330173969268799, "_step": 2, "final/reward_err_1": 0.1023198595883197, "final/reward_err_2": 0.0003964541943537987, "final/reward_err_3": 0.060178834989198446, "final/reward_param_1": 6.4971200022429425, "final/reward_param_2": 3.095742706991709, "final/reward_param_3": 8.69220189013778, "final/reward_param_4": 2.4579316669010827, "optimal_reward_1": 3.877681255340576, "optimal_reward_2": 3.877681255340576, "optimal_reward_3": 3.3694965839385986, "final/reward_1": 3.841872215270996, "final/reward_2": 3.599954605102539, "final/reward_3": 3.3694965839385986, "reward_0_when_1_group_param_known": 3.877681255340576, "reward_1_when_1_group_param_known": 3.4682672023773193, "reward_2_when_1_group_param_known": 3.333303689956665, "reward_0_when_2_group_param_known": 3.4682672023773193, "reward_1_when_2_group_param_known": 3.877681255340576, "reward_2_when_2_group_param_known": 3.161881923675537, "reward_0_when_3_group_param_known": 3.841872215270996, "reward_1_when_3_group_param_known": 3.599954605102539, "reward_2_when_3_group_param_known": 3.3694965839385986, "reward_error_0_when_1_group_param_known": 0.0, "reward_error_1_when_1_group_param_known": 0.10558218326980516, "reward_error_2_when_1_group_param_known": 0.010741335710044788, "reward_error_0_when_2_group_param_known": 0.10558218326980516, "reward_error_1_when_2_group_param_known": 0.0, "reward_error_2_when_2_group_param_known": 0.06161592840090703, "reward_error_0_when_3_group_param_known": 0.009234652801919114, "reward_error_1_when_3_group_param_known": 0.071621835821481, "reward_error_2_when_3_group_param_known": 0.0, "_wandb": {"runtime": 9}}