{"Iteration": 99, "train_loss": 16.05780401664498, "val_loss": 16.648470151176916, "grad_norm": 0.00591098324976254, "live_grad": 2.3375208758666795e-14, "train_weighted_loss": 48.17341204993494, "val_weighted_loss": 49.94541045353075, "max_reward_err": 0.08848909802998739, "max_reward_err_index": 0, "max_kl_dist": 1.5468159834713806, "max_kl_dist_index": 0, "max_train_grp_loss": 19.728860016056437, "max_train_grp_loss_index": 0, "max_val_grp_loss": 19.31442703538842, "max_val_grp_loss_index": 0, "max_cur_train_grp_loss": 0.1972968133895742, "max_cur_train_grp_loss_index": 0, "reward_err_1": 0.08848909802998739, "reward_err_2": 0.006340605671146323, "reward_err_3": 0.051309236313146954, "KL_distance_1": 1.5468159834713806, "KL_distance_2": 0.849448761714071, "KL_distance_3": 1.2801132343207606, "reward_param_1": 8.162920249373844, "reward_param_2": 5.049705091305553, "reward_param_3": 12.159426782533913, "reward_param_4": 5.690376790768373, "group_weight_1": 0.3452397665302099, "group_weight_2": 0.31966865340467693, "group_weight_3": 0.3350915800651132, "hist_group_loss_1": 19.79662315898097, "hist_group_loss_2": 12.10120817184614, "hist_group_loss_3": 16.813094828625808, "cur_group_loss_1": 0.1972968133895742, "cur_group_loss_2": 0.12123710089569442, "cur_group_loss_3": 0.16706079941010218, "train_group_loss_1": 19.728860016056437, "train_group_loss_2": 12.73152653640211, "train_group_loss_3": 15.869946495427671, "val_group_loss_1": 19.31442703538842, "val_group_loss_2": 14.452864493580089, "val_group_loss_3": 16.202809574107977, "_timestamp": 1726600496.833232, "_runtime": 9.409835815429688, "_step": 2, "final/reward_err_1": 0.08848909802998739, "final/reward_err_2": 0.006340605671146323, "final/reward_err_3": 0.051309236313146954, "final/reward_param_1": 8.162920249373844, "final/reward_param_2": 5.049705091305553, "final/reward_param_3": 12.159426782533913, "final/reward_param_4": 5.690376790768373, "optimal_reward_1": 3.793275833129883, "optimal_reward_2": 3.793275833129883, "optimal_reward_3": 3.246778726577759, "final/reward_1": 3.759331464767456, "final/reward_2": 3.5279622077941895, "final/reward_3": 3.246778726577759, "reward_0_when_1_group_param_known": 3.793275833129883, "reward_1_when_1_group_param_known": 3.401733875274658, "reward_2_when_1_group_param_known": 3.2136919498443604, "reward_0_when_2_group_param_known": 3.401733875274658, "reward_1_when_2_group_param_known": 3.793275833129883, "reward_2_when_2_group_param_known": 3.0463056564331055, "reward_0_when_3_group_param_known": 3.759331464767456, "reward_1_when_3_group_param_known": 3.5279622077941895, "reward_2_when_3_group_param_known": 3.246778726577759, "reward_error_0_when_1_group_param_known": 0.0, "reward_error_1_when_1_group_param_known": 0.10322000694902224, "reward_error_2_when_1_group_param_known": 0.010190647259868334, "reward_error_0_when_2_group_param_known": 0.10322000694902224, "reward_error_1_when_2_group_param_known": 0.0, "reward_error_2_when_2_group_param_known": 0.06174522104127508, "reward_error_0_when_3_group_param_known": 0.008948563156404792, "reward_error_1_when_3_group_param_known": 0.06994314070663812, "reward_error_2_when_3_group_param_known": 0.0, "_wandb": {"runtime": 9}}