{"Iteration": 99, "train_loss": 15.95198950540787, "val_loss": 14.461106637988872, "grad_norm": 0.014918578074775663, "live_grad": 2.4838247355427628e-14, "train_weighted_loss": 47.855968516223605, "val_weighted_loss": 43.38331991396661, "max_reward_err": 0.09366047784238643, "max_reward_err_index": 0, "max_kl_dist": 1.6416352760798858, "max_kl_dist_index": 0, "max_train_grp_loss": 20.90898437387951, "max_train_grp_loss_index": 0, "max_val_grp_loss": 19.868535102108606, "max_val_grp_loss_index": 0, "max_cur_train_grp_loss": 0.312105384884807, "max_cur_train_grp_loss_index": 2, "reward_err_1": 0.09366047784238643, "reward_err_2": 0.0011241676521789685, "reward_err_3": 0.053644213913670614, "KL_distance_1": 1.6416352760798858, "KL_distance_2": 0.8923094884118055, "KL_distance_3": 1.3232849728237437, "reward_param_1": 10.968961840221704, "reward_param_2": 4.710251538997971, "reward_param_3": 11.203492524632496, "reward_param_4": 4.374993185011911, "group_weight_1": 0.3237828421273358, "group_weight_2": 0.29893258219896085, "group_weight_3": 0.3772845756737032, "hist_group_loss_1": 16.16771464108085, "hist_group_loss_2": 8.18221660490252, "hist_group_loss_3": 31.460384101109284, "cur_group_loss_1": 0.16085213988075386, "cur_group_loss_2": 0.0824743175674809, "cur_group_loss_3": 0.312105384884807, "train_group_loss_1": 20.90898437387951, "train_group_loss_2": 9.323178076467062, "train_group_loss_3": 17.787890532934156, "val_group_loss_1": 19.868535102108606, "val_group_loss_2": 5.658098817579338, "val_group_loss_3": 17.249716474288668, "_timestamp": 1726690504.542172, "_runtime": 10.033668994903564, "_step": 2, "final/reward_err_1": 0.09366047784238643, "final/reward_err_2": 0.0011241676521789685, "final/reward_err_3": 0.053644213913670614, "final/reward_param_1": 10.968961840221704, "final/reward_param_2": 4.710251538997971, "final/reward_param_3": 11.203492524632496, "final/reward_param_4": 4.374993185011911, "optimal_reward_1": 3.8711791038513184, "optimal_reward_2": 3.8711791038513184, "optimal_reward_3": 3.3448379039764404, "final/reward_1": 3.8372890949249268, "final/reward_2": 3.6086676120758057, "final/reward_3": 3.3448379039764404, "reward_0_when_1_group_param_known": 3.8711791038513184, "reward_1_when_1_group_param_known": 3.4649550914764404, "reward_2_when_1_group_param_known": 3.310628890991211, "reward_0_when_2_group_param_known": 3.4649550914764404, "reward_1_when_2_group_param_known": 3.8711791038513184, "reward_2_when_2_group_param_known": 3.1331167221069336, "reward_0_when_3_group_param_known": 3.8372890949249268, "reward_1_when_3_group_param_known": 3.6086676120758057, "reward_2_when_3_group_param_known": 3.3448379039764404, "reward_error_0_when_1_group_param_known": 0.0, "reward_error_1_when_1_group_param_known": 0.10493547352813978, "reward_error_2_when_1_group_param_known": 0.010227405323457027, "reward_error_0_when_2_group_param_known": 0.10493547352813978, "reward_error_1_when_2_group_param_known": 0.0, "reward_error_2_when_2_group_param_known": 0.06329789004657192, "reward_error_0_when_3_group_param_known": 0.00875444096416915, "reward_error_1_when_3_group_param_known": 0.06781176606226975, "reward_error_2_when_3_group_param_known": 0.0, "_wandb": {"runtime": 10}}