{"Iteration": 99, "train_loss": 15.817250109981444, "val_loss": 16.29891712402304, "grad_norm": 0.008251105515153338, "live_grad": 1.687392909129966e-14, "train_weighted_loss": 47.451750329944346, "val_weighted_loss": 48.89675137206912, "max_reward_err": 0.12945311581225233, "max_reward_err_index": 0, "max_kl_dist": 2.1955509652280933, "max_kl_dist_index": 0, "max_train_grp_loss": 19.394671946878145, "max_train_grp_loss_index": 0, "max_val_grp_loss": 21.207130865988145, "max_val_grp_loss_index": 0, "max_cur_train_grp_loss": 0.19395846151301804, "max_cur_train_grp_loss_index": 0, "reward_err_1": 0.12945311581225233, "reward_err_2": 0.001548104328305844, "reward_err_3": 0.09131977289296099, "KL_distance_1": 2.1955509652280933, "KL_distance_2": 0.8974367052724214, "KL_distance_3": 1.8955878919958804, "reward_param_1": 5.382931953303448, "reward_param_2": 4.285564788079077, "reward_param_3": 16.46830242167258, "reward_param_4": 3.890485323451223, "group_weight_1": 0.3446764485607979, "group_weight_2": 0.31663429050251113, "group_weight_3": 0.338689260936691, "hist_group_loss_1": 19.471326086486894, "hist_group_loss_2": 10.985456431117704, "hist_group_loss_3": 17.719016673919665, "cur_group_loss_1": 0.19395846151301804, "cur_group_loss_2": 0.11028075899753119, "cur_group_loss_3": 0.17614707425717094, "train_group_loss_1": 19.394671946878145, "train_group_loss_2": 11.581777915976993, "train_group_loss_3": 16.732854285568784, "val_group_loss_1": 21.207130865988145, "val_group_loss_2": 9.397925908648531, "val_group_loss_3": 18.313118460953685, "_timestamp": 1726667262.935585, "_runtime": 9.569301128387451, "_step": 2, "final/reward_err_1": 0.12945311581225233, "final/reward_err_2": 0.001548104328305844, "final/reward_err_3": 0.09131977289296099, "final/reward_param_1": 5.382931953303448, "final/reward_param_2": 4.285564788079077, "final/reward_param_3": 16.46830242167258, "final/reward_param_4": 3.890485323451223, "optimal_reward_1": 3.8863613605499268, "optimal_reward_2": 3.8863613605499268, "optimal_reward_3": 3.315164804458618, "final/reward_1": 3.851715087890625, "final/reward_2": 3.5921897888183594, "final/reward_3": 3.315164804458618, "reward_0_when_1_group_param_known": 3.8863613605499268, "reward_1_when_1_group_param_known": 3.458714246749878, "reward_2_when_1_group_param_known": 3.291393280029297, "reward_0_when_2_group_param_known": 3.458714246749878, "reward_1_when_2_group_param_known": 3.8863613605499268, "reward_2_when_2_group_param_known": 3.0966663360595703, "reward_0_when_3_group_param_known": 3.851715087890625, "reward_1_when_3_group_param_known": 3.5921897888183594, "reward_2_when_3_group_param_known": 3.315164804458618, "reward_error_0_when_1_group_param_known": 0.0, "reward_error_1_when_1_group_param_known": 0.11003791828033614, "reward_error_2_when_1_group_param_known": 0.007170540781969749, "reward_error_0_when_2_group_param_known": 0.11003791828033614, "reward_error_1_when_2_group_param_known": 0.0, "reward_error_2_when_2_group_param_known": 0.06590878019252189, "reward_error_0_when_3_group_param_known": 0.008914835612301181, "reward_error_1_when_3_group_param_known": 0.07569331424444319, "reward_error_2_when_3_group_param_known": 0.0, "_wandb": {"runtime": 9}}