{"Iteration": 99, "train_loss": 15.684452724778396, "val_loss": 17.03957404711531, "grad_norm": 0.009981199765679663, "live_grad": 2.587695422806327e-14, "train_weighted_loss": 47.05335817433519, "val_weighted_loss": 51.11872214134593, "max_reward_err": 0.10092925121838062, "max_reward_err_index": 0, "max_kl_dist": 1.9410372459399836, "max_kl_dist_index": 0, "max_train_grp_loss": 20.284823691765684, "max_train_grp_loss_index": 0, "max_val_grp_loss": 19.36101230224836, "max_val_grp_loss_index": 0, "max_cur_train_grp_loss": 0.21581184186140315, "max_cur_train_grp_loss_index": 0, "reward_err_1": 0.10092925121838062, "reward_err_2": 0.0022554190014235256, "reward_err_3": 0.061016450292387794, "KL_distance_1": 1.9410372459399836, "KL_distance_2": 0.9414605537918187, "KL_distance_3": 1.6155254535425196, "reward_param_1": 8.106974259832752, "reward_param_2": 5.091632465176237, "reward_param_3": 14.378404554543641, "reward_param_4": 4.864890314050397, "group_weight_1": 0.35112814876357984, "group_weight_2": 0.3115400581483434, "group_weight_3": 0.3373317930880767, "hist_group_loss_1": 21.665276826225377, "hist_group_loss_2": 9.702944278177398, "hist_group_loss_3": 17.656851045969162, "cur_group_loss_1": 0.21581184186140315, "cur_group_loss_2": 0.0976473512927214, "cur_group_loss_3": 0.17544059830748135, "train_group_loss_1": 20.284823691765684, "train_group_loss_2": 10.74397793681106, "train_group_loss_3": 16.84088351414925, "val_group_loss_1": 19.36101230224836, "val_group_loss_2": 14.923978025767449, "val_group_loss_3": 16.65708458529223, "_timestamp": 1726667992.7549691, "_runtime": 9.51297402381897, "_step": 2, "final/reward_err_1": 0.10092925121838062, "final/reward_err_2": 0.0022554190014235256, "final/reward_err_3": 0.061016450292387794, "final/reward_param_1": 8.106974259832752, "final/reward_param_2": 5.091632465176237, "final/reward_param_3": 14.378404554543641, "final/reward_param_4": 4.864890314050397, "optimal_reward_1": 3.8988730907440186, "optimal_reward_2": 3.8988730907440186, "optimal_reward_3": 3.3924694061279297, "final/reward_1": 3.864384174346924, "final/reward_2": 3.618816375732422, "final/reward_3": 3.3924694061279297, "reward_0_when_1_group_param_known": 3.8988730907440186, "reward_1_when_1_group_param_known": 3.487276554107666, "reward_2_when_1_group_param_known": 3.3563573360443115, "reward_0_when_2_group_param_known": 3.487276554107666, "reward_1_when_2_group_param_known": 3.8988730907440186, "reward_2_when_2_group_param_known": 3.1840710639953613, "reward_0_when_3_group_param_known": 3.864384174346924, "reward_1_when_3_group_param_known": 3.618816375732422, "reward_2_when_3_group_param_known": 3.3924694061279297, "reward_error_0_when_1_group_param_known": 0.0, "reward_error_1_when_1_group_param_known": 0.10556807750770054, "reward_error_2_when_1_group_param_known": 0.010644773986284958, "reward_error_0_when_2_group_param_known": 0.10556807750770054, "reward_error_1_when_2_group_param_known": 0.0, "reward_error_2_when_2_group_param_known": 0.06142968946341315, "reward_error_0_when_3_group_param_known": 0.008845867919879699, "reward_error_1_when_3_group_param_known": 0.07183016951140456, "reward_error_2_when_3_group_param_known": 0.0, "_wandb": {"runtime": 9}}