{"Iteration": 99, "train_loss": 17.34512458426554, "val_loss": 16.71172809577772, "grad_norm": 0.339134365806235, "max_reward_err": 0.07188757755777861, "max_reward_err_index": 0, "max_kl_dist": 0.7670017157300035, "max_kl_dist_index": 0, "max_train_grp_loss": 20.875856703018766, "max_train_grp_loss_index": 0, "max_val_grp_loss": 21.3259602058877, "max_val_grp_loss_index": 0, "max_cur_train_grp_loss": 20.881747406828904, "max_cur_train_grp_loss_index": 0, "reward_err_1": 0.08793522198197747, "reward_err_2": 0.005525780397983409, "reward_err_3": 0.05122899412701771, "reward_param_1": 8.121149992773253, "reward_param_2": 3.511205137257139, "reward_param_3": 5.489081517883436, "reward_param_4": 3.4590269060469816, "KL_distance_1": 0.7670017157300035, "KL_distance_2": 0.3256499877358249, "KL_distance_3": 0.5908792413395452, "hist_group_loss_1": 2133.6189673424083, "hist_group_loss_2": 1425.2599809166018, "hist_group_loss_3": 1985.3555787571217, "cur_group_loss_1": 20.881747406828904, "cur_group_loss_2": 12.827291977715653, "cur_group_loss_3": 18.939254460593574, "train_group_loss_1": 20.875856703018766, "train_group_loss_2": 12.81051865122511, "train_group_loss_3": 18.92596636061636, "val_group_loss_1": 21.3259602058877, "val_group_loss_2": 8.871849292878185, "val_group_loss_3": 20.09133134571879, "_timestamp": 1726689626.440311, "_runtime": 8.445029020309448, "_step": 2, "final/reward_err_1": 0.08793522198197747, "final/reward_err_2": 0.005525780397983409, "final/reward_err_3": 0.05122899412701771, "final/reward_param_1": 8.121149992773253, "final/reward_param_2": 3.511205137257139, "final/reward_param_3": 5.489081517883436, "final/reward_param_4": 3.4590269060469816, "optimal_reward_1": 3.8605411052703857, "optimal_reward_2": 3.8605411052703857, "optimal_reward_3": 3.298776388168335, "final/reward_1": 3.825101613998413, "final/reward_2": 3.5993566513061523, "final/reward_3": 3.298776388168335, "reward_0_when_1_group_param_known": 3.8605411052703857, "reward_1_when_1_group_param_known": 3.4837193489074707, "reward_2_when_1_group_param_known": 3.270322322845459, "reward_0_when_2_group_param_known": 3.4837193489074707, "reward_1_when_2_group_param_known": 3.8605411052703857, "reward_2_when_2_group_param_known": 3.110097646713257, "reward_0_when_3_group_param_known": 3.825101613998413, "reward_1_when_3_group_param_known": 3.5993566513061523, "reward_2_when_3_group_param_known": 3.298776388168335, "reward_error_0_when_1_group_param_known": 0.0, "reward_error_1_when_1_group_param_known": 0.09760853364531734, "reward_error_2_when_1_group_param_known": 0.008625642351791921, "reward_error_0_when_2_group_param_known": 0.09760853364531734, "reward_error_1_when_2_group_param_known": 0.0, "reward_error_2_when_2_group_param_known": 0.05719658420370927, "reward_error_0_when_3_group_param_known": 0.009179928488156982, "reward_error_1_when_3_group_param_known": 0.06765488226706512, "reward_error_2_when_3_group_param_known": 0.0, "_wandb": {"runtime": 8}}