{"Iteration": 99, "train_loss": 16.54918135991433, "val_loss": 16.915818952827216, "grad_norm": 0.3915773465079747, "max_reward_err": 0.059993765519258745, "max_reward_err_index": 0, "max_kl_dist": 0.723783030197585, "max_kl_dist_index": 0, "max_train_grp_loss": 20.1285003894128, "max_train_grp_loss_index": 0, "max_val_grp_loss": 20.15428818549916, "max_val_grp_loss_index": 0, "max_cur_train_grp_loss": 20.13683525310807, "max_cur_train_grp_loss_index": 0, "reward_err_1": 0.07334933073514056, "reward_err_2": 0.01488993199072855, "reward_err_3": 0.042138080787240524, "reward_param_1": 5.131500574798732, "reward_param_2": 5.358114441200291, "reward_param_3": 8.06595929426045, "reward_param_4": 3.803488384834468, "KL_distance_1": 0.723783030197585, "KL_distance_2": 0.42433173866881035, "KL_distance_3": 0.5702557961066395, "hist_group_loss_1": 2073.7585735760485, "hist_group_loss_2": 1222.1245714337456, "hist_group_loss_3": 2025.8057195609435, "cur_group_loss_1": 20.13683525310807, "cur_group_loss_2": 10.210488163851322, "cur_group_loss_3": 19.401216587509666, "train_group_loss_1": 20.1285003894128, "train_group_loss_2": 10.18564501659622, "train_group_loss_3": 19.38842255755039, "val_group_loss_1": 20.15428818549916, "val_group_loss_2": 11.212437452322702, "val_group_loss_3": 19.0454473803115, "_timestamp": 1726584799.5934699, "_runtime": 7.78481388092041, "_step": 2, "final/reward_err_1": 0.07334933073514056, "final/reward_err_2": 0.01488993199072855, "final/reward_err_3": 0.042138080787240524, "final/reward_param_1": 5.131500574798732, "final/reward_param_2": 5.358114441200291, "final/reward_param_3": 8.06595929426045, "final/reward_param_4": 3.803488384834468, "optimal_reward_1": 3.873142719268799, "optimal_reward_2": 3.873142719268799, "optimal_reward_3": 3.363903284072876, "final/reward_1": 3.8371264934539795, "final/reward_2": 3.6077330112457275, "final/reward_3": 3.363903284072876, "reward_0_when_1_group_param_known": 3.873142719268799, "reward_1_when_1_group_param_known": 3.4625096321105957, "reward_2_when_1_group_param_known": 3.3238730430603027, "reward_0_when_2_group_param_known": 3.4625096321105957, "reward_1_when_2_group_param_known": 3.873142719268799, "reward_2_when_2_group_param_known": 3.1438493728637695, "reward_0_when_3_group_param_known": 3.8371264934539795, "reward_1_when_3_group_param_known": 3.6077330112457275, "reward_2_when_3_group_param_known": 3.363903284072876, "reward_error_0_when_1_group_param_known": 0.0, "reward_error_1_when_1_group_param_known": 0.10602064445374364, "reward_error_2_when_1_group_param_known": 0.011899938146885801, "reward_error_0_when_2_group_param_known": 0.10602064445374364, "reward_error_1_when_2_group_param_known": 0.0, "reward_error_2_when_2_group_param_known": 0.06541624197431568, "reward_error_0_when_3_group_param_known": 0.009298966866271003, "reward_error_1_when_3_group_param_known": 0.0685256721118651, "reward_error_2_when_3_group_param_known": 0.0, "_wandb": {"runtime": 7}}