{"Iteration": 199, "train_loss": 18.087767777730498, "val_loss": 16.11591781879771, "grad_norm": 0.036830483706003024, "live_grad": 2.0798836479490202e-14, "train_weighted_loss": 54.2633033331915, "val_weighted_loss": 48.34775345639312, "max_reward_err": 0.08960654193351288, "max_reward_err_index": 0, "max_kl_dist": 1.0687292042744176, "max_kl_dist_index": 0, "max_train_grp_loss": 19.210361343645427, "max_train_grp_loss_index": 0, "max_val_grp_loss": 19.559944465505428, "max_val_grp_loss_index": 0, "max_cur_train_grp_loss": 0.38196338829148246, "max_cur_train_grp_loss_index": 2, "reward_err_1": 0.08960654193351288, "reward_err_2": 0.017546033272543397, "reward_err_3": 0.05231323563520638, "KL_distance_1": 1.0687292042744176, "KL_distance_2": 0.5748497351034106, "KL_distance_3": 0.8680172447391233, "reward_param_1": 4.94681068318996, "reward_param_2": 5.16819516078459, "reward_param_3": 10.03177917100983, "reward_param_4": 5.255142217234626, "group_weight_1": 0.29499614832821414, "group_weight_2": 0.25929738495499993, "group_weight_3": 0.44570646671678593, "hist_group_loss_1": 36.24558287723925, "hist_group_loss_2": 23.34691365087511, "hist_group_loss_3": 77.51541180040847, "cur_group_loss_1": 0.1795525576098724, "cur_group_loss_2": 0.11831681114215847, "cur_group_loss_3": 0.38196338829148246, "train_group_loss_1": 19.210361343645427, "train_group_loss_2": 17.040702326573648, "train_group_loss_3": 18.713480296377238, "val_group_loss_1": 19.559944465505428, "val_group_loss_2": 10.513306183059731, "val_group_loss_3": 17.979041696718134, "_timestamp": 1726692865.95928, "_runtime": 14.366023063659668, "_step": 3, "final/reward_err_1": 0.08960654193351288, "final/reward_err_2": 0.017546033272543397, "final/reward_err_3": 0.05231323563520638, "final/reward_param_1": 4.94681068318996, "final/reward_param_2": 5.16819516078459, "final/reward_param_3": 10.03177917100983, "final/reward_param_4": 5.255142217234626, "optimal_reward_1": 3.883310317993164, "optimal_reward_2": 3.883310317993164, "optimal_reward_3": 3.390115261077881, "final/reward_1": 3.8442142009735107, "final/reward_2": 3.598407745361328, "final/reward_3": 3.390115261077881, "reward_0_when_1_group_param_known": 3.883310317993164, "reward_1_when_1_group_param_known": 3.4867608547210693, "reward_2_when_1_group_param_known": 3.3494973182678223, "reward_0_when_2_group_param_known": 3.4867608547210693, "reward_1_when_2_group_param_known": 3.883310317993164, "reward_2_when_2_group_param_known": 3.1918535232543945, "reward_0_when_3_group_param_known": 3.8442142009735107, "reward_1_when_3_group_param_known": 3.598407745361328, "reward_2_when_3_group_param_known": 3.390115261077881, "reward_error_0_when_1_group_param_known": 0.0, "reward_error_1_when_1_group_param_known": 0.1021163468277821, "reward_error_2_when_1_group_param_known": 0.011981286676708506, "reward_error_0_when_2_group_param_known": 0.1021163468277821, "reward_error_1_when_2_group_param_known": 0.0, "reward_error_2_when_2_group_param_known": 0.05848230002671041, "reward_error_0_when_3_group_param_known": 0.010067729287176206, "reward_error_1_when_3_group_param_known": 0.07336590416474088, "reward_error_2_when_3_group_param_known": 0.0, "_wandb": {"runtime": 14}}