{"Iteration": 199, "train_loss": 16.853150254035942, "val_loss": 15.250927575844406, "grad_norm": 0.019191901997832706, "live_grad": 2.3052037378060623e-14, "train_weighted_loss": 50.559450762107815, "val_weighted_loss": 45.752782727533216, "max_reward_err": 0.10519092661524133, "max_reward_err_index": 0, "max_kl_dist": 2.0150099976273967, "max_kl_dist_index": 0, "max_train_grp_loss": 18.099038768565947, "max_train_grp_loss_index": 0, "max_val_grp_loss": 20.50141251788525, "max_val_grp_loss_index": 0, "max_cur_train_grp_loss": 0.32476020532801403, "max_cur_train_grp_loss_index": 2, "reward_err_1": 0.10519092661524133, "reward_err_2": 0.0110897406145668, "reward_err_3": 0.07083933302121119, "KL_distance_1": 2.0150099976273967, "KL_distance_2": 0.9023130216296815, "KL_distance_3": 1.7454330190466367, "reward_param_1": 15.400335724268414, "reward_param_2": 5.905532938934967, "reward_param_3": 5.335788991778497, "reward_param_4": 4.301908251704723, "group_weight_1": 0.2911351354907797, "group_weight_2": 0.28504198052044505, "group_weight_3": 0.42382288398877527, "hist_group_loss_1": 28.06019342433145, "hist_group_loss_2": 25.94508612272663, "hist_group_loss_3": 65.61300332528685, "cur_group_loss_1": 0.13923327178093176, "cur_group_loss_2": 0.13121670407459451, "cur_group_loss_3": 0.32476020532801403, "train_group_loss_1": 18.099038768565947, "train_group_loss_2": 15.617204877866818, "train_group_loss_3": 16.56122854570701, "val_group_loss_1": 20.50141251788525, "val_group_loss_2": 7.543281123645705, "val_group_loss_3": 17.69669742318061, "_timestamp": 1726692941.3930619, "_runtime": 14.539016962051392, "_step": 3, "final/reward_err_1": 0.10519092661524133, "final/reward_err_2": 0.0110897406145668, "final/reward_err_3": 0.07083933302121119, "final/reward_param_1": 15.400335724268414, "final/reward_param_2": 5.905532938934967, "final/reward_param_3": 5.335788991778497, "final/reward_param_4": 4.301908251704723, "optimal_reward_1": 3.852689266204834, "optimal_reward_2": 3.852689266204834, "optimal_reward_3": 3.3024346828460693, "final/reward_1": 3.8164188861846924, "final/reward_2": 3.5882885456085205, "final/reward_3": 3.3024346828460693, "reward_0_when_1_group_param_known": 3.852689266204834, "reward_1_when_1_group_param_known": 3.475465774536133, "reward_2_when_1_group_param_known": 3.27390193939209, "reward_0_when_2_group_param_known": 3.475465774536133, "reward_1_when_2_group_param_known": 3.852689266204834, "reward_2_when_2_group_param_known": 3.1151528358459473, "reward_0_when_3_group_param_known": 3.8164188861846924, "reward_1_when_3_group_param_known": 3.5882885456085205, "reward_2_when_3_group_param_known": 3.3024346828460693, "reward_error_0_when_1_group_param_known": 0.0, "reward_error_1_when_1_group_param_known": 0.09791173531113566, "reward_error_2_when_1_group_param_known": 0.008639911518065122, "reward_error_0_when_2_group_param_known": 0.09791173531113566, "reward_error_1_when_2_group_param_known": 0.0, "reward_error_2_when_2_group_param_known": 0.0567102350193103, "reward_error_0_when_3_group_param_known": 0.00941430193664968, "reward_error_1_when_3_group_param_known": 0.06862757474774667, "reward_error_2_when_3_group_param_known": 0.0, "_wandb": {"runtime": 14}}