{"Iteration": 99, "train_loss": 12.976948786964527, "val_loss": 14.254171162879233, "grad_norm": 0.0163253541718351, "live_grad": 2.083673008682059e-14, "train_weighted_loss": 38.93084636089359, "val_weighted_loss": 42.7625134886377, "max_reward_err": 0.1056209175978343, "max_reward_err_index": 0, "max_kl_dist": 2.0735430807404445, "max_kl_dist_index": 0, "max_train_grp_loss": 18.13220996930292, "max_train_grp_loss_index": 0, "max_val_grp_loss": 19.95425214090098, "max_val_grp_loss_index": 0, "max_cur_train_grp_loss": 0.3516713948630695, "max_cur_train_grp_loss_index": 2, "reward_err_1": 0.1056209175978343, "reward_err_2": 0.0005405029179124225, "reward_err_3": 0.06641152730716145, "KL_distance_1": 2.0735430807404445, "KL_distance_2": 1.1383075931357707, "KL_distance_3": 1.7075522646613586, "reward_param_1": 10.62735646649241, "reward_param_2": 4.260360764051387, "reward_param_3": 14.211704441803912, "reward_param_4": 4.906839063143565, "group_weight_1": 0.3188751714030283, "group_weight_2": 0.28929480512867567, "group_weight_3": 0.3918300234682961, "hist_group_loss_1": 14.847870411063047, "hist_group_loss_2": 5.1125245252331695, "hist_group_loss_3": 35.45071222762147, "cur_group_loss_1": 0.14743192485521078, "cur_group_loss_2": 0.05121585349503344, "cur_group_loss_3": 0.3516713948630695, "train_group_loss_1": 18.13220996930292, "train_group_loss_2": 6.609725876487589, "train_group_loss_3": 16.878503579129177, "val_group_loss_1": 19.95425214090098, "val_group_loss_2": 5.7278721143698, "val_group_loss_3": 16.887279293610057, "_timestamp": 1726690041.802403, "_runtime": 9.940803050994873, "_step": 2, "final/reward_err_1": 0.1056209175978343, "final/reward_err_2": 0.0005405029179124225, "final/reward_err_3": 0.06641152730716145, "final/reward_param_1": 10.62735646649241, "final/reward_param_2": 4.260360764051387, "final/reward_param_3": 14.211704441803912, "final/reward_param_4": 4.906839063143565, "optimal_reward_1": 3.8879001140594482, "optimal_reward_2": 3.8879001140594482, "optimal_reward_3": 3.328000545501709, "final/reward_1": 3.8516592979431152, "final/reward_2": 3.6378118991851807, "final/reward_3": 3.328000545501709, "reward_0_when_1_group_param_known": 3.8879001140594482, "reward_1_when_1_group_param_known": 3.5038833618164062, "reward_2_when_1_group_param_known": 3.288445234298706, "reward_0_when_2_group_param_known": 3.5038833618164062, "reward_1_when_2_group_param_known": 3.8879001140594482, "reward_2_when_2_group_param_known": 3.1316840648651123, "reward_0_when_3_group_param_known": 3.8516592979431152, "reward_1_when_3_group_param_known": 3.6378118991851807, "reward_2_when_3_group_param_known": 3.328000545501709, "reward_error_0_when_1_group_param_known": 0.0, "reward_error_1_when_1_group_param_known": 0.09877227834489838, "reward_error_2_when_1_group_param_known": 0.011885608389237752, "reward_error_0_when_2_group_param_known": 0.09877227834489838, "reward_error_1_when_2_group_param_known": 0.0, "reward_error_2_when_2_group_param_known": 0.05898931744525938, "reward_error_0_when_3_group_param_known": 0.009321437036223937, "reward_error_1_when_3_group_param_known": 0.06432475308969411, "reward_error_2_when_3_group_param_known": 0.0, "_wandb": {"runtime": 9}}