{"Iteration": 199, "train_loss": 16.64900782931812, "val_loss": 15.7820696266539, "grad_norm": 0.2025922441831987, "max_reward_err": 0.09595334435173815, "max_reward_err_index": 0, "max_kl_dist": 1.0480791146829904, "max_kl_dist_index": 0, "max_train_grp_loss": 19.912568244851645, "max_train_grp_loss_index": 0, "max_val_grp_loss": 20.590146093513336, "max_val_grp_loss_index": 0, "max_cur_train_grp_loss": 19.916029385659005, "max_cur_train_grp_loss_index": 0, "reward_err_1": 0.09557512035344407, "reward_err_2": 0.001767629669954594, "reward_err_3": 0.05793024672767577, "reward_param_1": 9.718978249629568, "reward_param_2": 3.3174822733344755, "reward_param_3": 6.973406652327323, "reward_param_4": 3.9526731129119916, "KL_distance_1": 1.0480791146829904, "KL_distance_2": 0.502333114879315, "KL_distance_3": 0.8308280933497588, "hist_group_loss_1": 4149.438327185786, "hist_group_loss_2": 2822.5905697485073, "hist_group_loss_3": 4072.412455942042, "cur_group_loss_1": 19.916029385659005, "cur_group_loss_2": 12.627640036559493, "cur_group_loss_3": 19.11026501903137, "train_group_loss_1": 19.912568244851645, "train_group_loss_2": 12.623833441502153, "train_group_loss_3": 19.103790431768875, "val_group_loss_1": 20.590146093513336, "val_group_loss_2": 7.698178917605986, "val_group_loss_3": 19.061803668343337, "_timestamp": 1726698001.394173, "_runtime": 11.524479866027832, "_step": 3, "final/reward_err_1": 0.09557512035344407, "final/reward_err_2": 0.001767629669954594, "final/reward_err_3": 0.05793024672767577, "final/reward_param_1": 9.718978249629568, "final/reward_param_2": 3.3174822733344755, "final/reward_param_3": 6.973406652327323, "final/reward_param_4": 3.9526731129119916, "optimal_reward_1": 3.843956232070923, "optimal_reward_2": 3.843956232070923, "optimal_reward_3": 3.254488229751587, "final/reward_1": 3.8041796684265137, "final/reward_2": 3.590562105178833, "final/reward_3": 3.254488229751587, "reward_0_when_1_group_param_known": 3.843956232070923, "reward_1_when_1_group_param_known": 3.4647014141082764, "reward_2_when_1_group_param_known": 3.2180964946746826, "reward_0_when_2_group_param_known": 3.4647014141082764, "reward_1_when_2_group_param_known": 3.843956232070923, "reward_2_when_2_group_param_known": 3.0630156993865967, "reward_0_when_3_group_param_known": 3.8041796684265137, "reward_1_when_3_group_param_known": 3.590562105178833, "reward_2_when_3_group_param_known": 3.254488229751587, "reward_error_0_when_1_group_param_known": 0.0, "reward_error_1_when_1_group_param_known": 0.09866262648841967, "reward_error_2_when_1_group_param_known": 0.011182014654169469, "reward_error_0_when_2_group_param_known": 0.09866262648841967, "reward_error_1_when_2_group_param_known": 0.0, "reward_error_2_when_2_group_param_known": 0.058833376201703216, "reward_error_0_when_3_group_param_known": 0.010347819080910722, "reward_error_1_when_3_group_param_known": 0.06592013841832281, "reward_error_2_when_3_group_param_known": 0.0, "_wandb": {"runtime": 11}}