{"train_weighted_loss":40.300676075237625,"final/reward_param_1":4.150924688576657,"val_loss":12.260175385234033,"reward_error_0_when_1_group_param_known":0,"final/reward_param_2":9.475583914407666,"final/reward_2":7.0068994140625,"reward_error_1_when_3_group_param_known":0.02112789329121925,"final/reward_err_3":0.0011828541828730658,"reward_2_when_3_group_param_known":3.336449462890625,"grad_norm":0.00268983163951712,"reward_error_0_when_2_group_param_known":0.10530859550248342,"final/reward_param_3":4.983678625212198,"max_reward_err_index":1,"final/reward_err_2":0.030994289032188666,"reward_2_when_2_group_param_known":3.12821826171875,"max_val_grp_loss_index":1,"reward_error_1_when_2_group_param_known":0,"_timestamp":1.728254052397044e+09,"val_group_loss_1":10.63884945901411,"train_loss":13.433558691745876,"max_cur_train_grp_loss":0.2374614966961457,"optimal_reward_2":7.1581357421875,"reward_1_when_2_group_param_known":7.1581357421875,"hist_group_loss_2":24.68243873540703,"final/reward_err_1":0.003629859599984563,"reward_0_when_1_group_param_known":3.8680634765625,"reward_0_when_3_group_param_known":3.83464501953125,"group_weight_2":0.3121239352471622,"reward_err_1":0.003629859599984563,"max_train_grp_loss_index":1,"reward_error_2_when_2_group_param_known":0.06241101610796404,"reward_param_2":9.475583914407666,"reward_error_2_when_3_group_param_known":0,"reward_1_when_1_group_param_known":6.699916015625,"_runtime":210.090334,"reward_0_when_2_group_param_known":3.46072314453125,"val_group_loss_2":14.876433937166793,"Iteration":199,"KL_distance_1":0.6506165771484375,"final/reward_param_4":8.88324570843511,"final/reward_3":3.336449462890625,"live_grad":4.345009940657375e-14,"_step":201,"reward_err_3":0.0011828541828730658,"hist_group_loss_3":47.69969140448425,"train_group_loss_3":11.160703006973737,"cur_group_loss_2":0.12301903079345922,"reward_err_2":0.030994289032188666,"max_cur_train_grp_loss_index":2,"KL_distance_3":0.6799861450195313,"max_kl_dist":0.6799861450195313,"optimal_reward_3":3.336449462890625,"max_val_grp_loss":14.876433937166793,"group_weight_3":0.3929069690932733,"reward_1_when_3_group_param_known":7.0068994140625,"val_weighted_loss":36.78052615570209,"max_reward_err":0.030994289032188666,"reward_error_0_when_3_group_param_known":0.008639583407495802,"final/reward_1":3.83464501953125,"reward_error_1_when_1_group_param_known":0.06401383587376193,"reward_param_3":4.983678625212198,"cur_group_loss_1":0.09484619692300082,"KL_distance_2":0.34697335815429686,"reward_param_4":8.88324570843511,"max_kl_dist_index":2,"reward_error_2_when_1_group_param_known":0.00849832984501714,"optimal_reward_1":3.8680634765625,"reward_2_when_1_group_param_known":3.30809521484375,"hist_group_loss_1":19.029464043860177,"_wandb":{"runtime":210},"max_train_grp_loss":15.869382405034656,"val_group_loss_3":11.280908978395045,"cur_group_loss_3":0.2374614966961457,"group_weight_1":0.29496909565956436,"train_group_loss_2":15.869382405034656,"reward_param_1":4.150924688576657,"train_group_loss_1":11.761001902794566}