{"Iteration": 99, "train_loss": 16.192562992206717, "val_loss": 16.66906728472573, "grad_norm": 0.43427710670635455, "max_reward_err": 0.08141948250178939, "max_reward_err_index": 1, "max_kl_dist": 0.6515073405288294, "max_kl_dist_index": 0, "max_train_grp_loss": 20.357673996268055, "max_train_grp_loss_index": 0, "max_val_grp_loss": 20.316990466336538, "max_val_grp_loss_index": 0, "max_cur_train_grp_loss": 20.36100502221659, "max_cur_train_grp_loss_index": 0, "reward_err_1": 0.0672885912244815, "reward_err_2": 0.0134302933186209, "reward_err_3": 0.03287700499725738, "reward_param_1": 7.347914683555423, "reward_param_2": 4.60294948518247, "reward_param_3": 5.778865823505479, "reward_param_4": 3.730107634748262, "KL_distance_1": 0.6515073405288294, "KL_distance_2": 0.36934512248390877, "KL_distance_3": 0.5071533389243897, "hist_group_loss_1": 2067.303381811885, "hist_group_loss_2": 1371.1594652960678, "hist_group_loss_3": 2086.407969224195, "cur_group_loss_1": 20.36100502221659, "cur_group_loss_2": 10.810033554039952, "cur_group_loss_3": 20.09397766689975, "train_group_loss_1": 20.357673996268055, "train_group_loss_2": 10.773698911821318, "train_group_loss_3": 20.082663260335288, "val_group_loss_1": 20.316990466336538, "val_group_loss_2": 11.682594416609978, "val_group_loss_3": 19.950883113888427, "_timestamp": 1726687594.417469, "_runtime": 8.518553972244263, "_step": 2, "final/reward_err_1": 0.0672885912244815, "final/reward_err_2": 0.0134302933186209, "final/reward_err_3": 0.03287700499725738, "final/reward_param_1": 7.347914683555423, "final/reward_param_2": 4.60294948518247, "final/reward_param_3": 5.778865823505479, "final/reward_param_4": 3.730107634748262, "optimal_reward_1": 3.852958917617798, "optimal_reward_2": 3.852958917617798, "optimal_reward_3": 3.260779857635498, "final/reward_1": 3.8117167949676514, "final/reward_2": 3.5908002853393555, "final/reward_3": 3.260779857635498, "reward_0_when_1_group_param_known": 3.852958917617798, "reward_1_when_1_group_param_known": 3.4697890281677246, "reward_2_when_1_group_param_known": 3.222896099090576, "reward_0_when_2_group_param_known": 3.4697890281677246, "reward_1_when_2_group_param_known": 3.852958917617798, "reward_2_when_2_group_param_known": 3.0682718753814697, "reward_0_when_3_group_param_known": 3.8117167949676514, "reward_1_when_3_group_param_known": 3.5908002853393555, "reward_2_when_3_group_param_known": 3.260779857635498, "reward_error_0_when_1_group_param_known": 0.0, "reward_error_1_when_1_group_param_known": 0.09944821568120404, "reward_error_2_when_1_group_param_known": 0.011618005568886418, "reward_error_0_when_2_group_param_known": 0.09944821568120404, "reward_error_1_when_2_group_param_known": 0.0, "reward_error_2_when_2_group_param_known": 0.059037405362784096, "reward_error_0_when_3_group_param_known": 0.010704013079808701, "reward_error_1_when_3_group_param_known": 0.06804085843732002, "reward_error_2_when_3_group_param_known": 0.0, "_wandb": {"runtime": 8}}