{"Iteration": 199, "train_loss": 18.40698525406684, "val_loss": 14.563424698573076, "grad_norm": 0.038101509150756475, "live_grad": 3.5418724631580315e-14, "train_weighted_loss": 55.22095576220053, "val_weighted_loss": 43.69027409571923, "max_reward_err": 0.0788133960557976, "max_reward_err_index": 0, "max_kl_dist": 1.1857924076145536, "max_kl_dist_index": 0, "max_train_grp_loss": 20.36793678207669, "max_train_grp_loss_index": 0, "max_val_grp_loss": 18.700277160698388, "max_val_grp_loss_index": 0, "max_cur_train_grp_loss": 0.42374628942529785, "max_cur_train_grp_loss_index": 2, "reward_err_1": 0.0788133960557976, "reward_err_2": 0.004877051563454659, "reward_err_3": 0.03907238824322899, "KL_distance_1": 1.1857924076145536, "KL_distance_2": 0.6387262909693875, "KL_distance_3": 0.9455979280803442, "reward_param_1": 8.725126721571057, "reward_param_2": 4.800352329547765, "reward_param_3": 9.416517842181486, "reward_param_4": 4.652915332645619, "group_weight_1": 0.27761904660576914, "group_weight_2": 0.25282492649131094, "group_weight_3": 0.4695560269029201, "hist_group_loss_1": 33.71560155775839, "hist_group_loss_2": 24.360343664526106, "hist_group_loss_3": 86.26938022616048, "cur_group_loss_1": 0.16696699175965912, "cur_group_loss_2": 0.12384813366749331, "cur_group_loss_3": 0.42374628942529785, "train_group_loss_1": 20.36793678207669, "train_group_loss_2": 16.970950305079693, "train_group_loss_3": 17.370417000262865, "val_group_loss_1": 18.700277160698388, "val_group_loss_2": 7.0495048212091085, "val_group_loss_3": 17.882647954417457, "_timestamp": 1726692716.736078, "_runtime": 14.376629114151001, "_step": 3, "final/reward_err_1": 0.0788133960557976, "final/reward_err_2": 0.004877051563454659, "final/reward_err_3": 0.03907238824322899, "final/reward_param_1": 8.725126721571057, "final/reward_param_2": 4.800352329547765, "final/reward_param_3": 9.416517842181486, "final/reward_param_4": 4.652915332645619, "optimal_reward_1": 3.927974224090576, "optimal_reward_2": 3.927974224090576, "optimal_reward_3": 3.4115631580352783, "final/reward_1": 3.887371301651001, "final/reward_2": 3.6481499671936035, "final/reward_3": 3.4115631580352783, "reward_0_when_1_group_param_known": 3.927974224090576, "reward_1_when_1_group_param_known": 3.5139124393463135, "reward_2_when_1_group_param_known": 3.376384735107422, "reward_0_when_2_group_param_known": 3.5139124393463135, "reward_1_when_2_group_param_known": 3.927974224090576, "reward_2_when_2_group_param_known": 3.203280210494995, "reward_0_when_3_group_param_known": 3.887371301651001, "reward_1_when_3_group_param_known": 3.6481499671936035, "reward_2_when_3_group_param_known": 3.4115631580352783, "reward_error_0_when_1_group_param_known": 0.0, "reward_error_1_when_1_group_param_known": 0.10541356972374948, "reward_error_2_when_1_group_param_known": 0.010311526211965462, "reward_error_0_when_2_group_param_known": 0.10541356972374948, "reward_error_1_when_2_group_param_known": 0.0, "reward_error_2_when_2_group_param_known": 0.061052056752844495, "reward_error_0_when_3_group_param_known": 0.010336860713228275, "reward_error_1_when_3_group_param_known": 0.07123882208309525, "reward_error_2_when_3_group_param_known": 0.0, "_wandb": {"runtime": 14}}