{"Iteration": 99, "train_loss": 16.73781024585879, "val_loss": 17.46457502397853, "grad_norm": 0.41063954846436185, "max_reward_err": 0.08506851802684269, "max_reward_err_index": 1, "max_kl_dist": 0.5981016932019543, "max_kl_dist_index": 0, "max_train_grp_loss": 21.36885794334044, "max_train_grp_loss_index": 0, "max_val_grp_loss": 20.61542257868066, "max_val_grp_loss_index": 0, "max_cur_train_grp_loss": 21.371220849974346, "max_cur_train_grp_loss_index": 0, "reward_err_1": 0.06924745172967352, "reward_err_2": 0.013132502857684754, "reward_err_3": 0.03405582830839262, "reward_param_1": 7.02987496148439, "reward_param_2": 3.4689272595219736, "reward_param_3": 5.382481282945955, "reward_param_4": 4.36210439619816, "KL_distance_1": 0.5981016932019543, "KL_distance_2": 0.31431841944403827, "KL_distance_3": 0.45734991186359436, "hist_group_loss_1": 2165.2318667216864, "hist_group_loss_2": 1383.454743391569, "hist_group_loss_3": 2072.3791331691345, "cur_group_loss_1": 21.371220849974346, "cur_group_loss_2": 11.178068698225545, "cur_group_loss_3": 19.911540974214812, "train_group_loss_1": 21.36885794334044, "train_group_loss_2": 11.145336479503507, "train_group_loss_3": 19.900523768141856, "val_group_loss_1": 20.61542257868066, "val_group_loss_2": 12.486481427683591, "val_group_loss_3": 19.305953105465008, "_timestamp": 1726682420.212842, "_runtime": 8.456932067871094, "_step": 2, "final/reward_err_1": 0.06924745172967352, "final/reward_err_2": 0.013132502857684754, "final/reward_err_3": 0.03405582830839262, "final/reward_param_1": 7.02987496148439, "final/reward_param_2": 3.4689272595219736, "final/reward_param_3": 5.382481282945955, "final/reward_param_4": 4.36210439619816, "optimal_reward_1": 3.8415656089782715, "optimal_reward_2": 3.8415656089782715, "optimal_reward_3": 3.2601258754730225, "final/reward_1": 3.799260139465332, "final/reward_2": 3.583275318145752, "final/reward_3": 3.2601258754730225, "reward_0_when_1_group_param_known": 3.8415656089782715, "reward_1_when_1_group_param_known": 3.460273027420044, "reward_2_when_1_group_param_known": 3.221672296524048, "reward_0_when_2_group_param_known": 3.460273027420044, "reward_1_when_2_group_param_known": 3.8415656089782715, "reward_2_when_2_group_param_known": 3.0699462890625, "reward_0_when_3_group_param_known": 3.799260139465332, "reward_1_when_3_group_param_known": 3.583275318145752, "reward_2_when_3_group_param_known": 3.2601258754730225, "reward_error_0_when_1_group_param_known": 0.0, "reward_error_1_when_1_group_param_known": 0.0992544760050678, "reward_error_2_when_1_group_param_known": 0.011795120930229497, "reward_error_0_when_2_group_param_known": 0.0992544760050678, "reward_error_1_when_2_group_param_known": 0.0, "reward_error_2_when_2_group_param_known": 0.05833504400590934, "reward_error_0_when_3_group_param_known": 0.011012559414335057, "reward_error_1_when_3_group_param_known": 0.06723568386515626, "reward_error_2_when_3_group_param_known": 0.0, "_wandb": {"runtime": 8}}