{"Iteration": 99, "train_loss": 17.277998826441024, "val_loss": 17.111321620725604, "grad_norm": 0.5262019519995489, "max_reward_err": 0.10777032374808862, "max_reward_err_index": 1, "max_kl_dist": 0.53102837777674, "max_kl_dist_index": 0, "max_train_grp_loss": 21.457751461882584, "max_train_grp_loss_index": 0, "max_val_grp_loss": 20.20868164210381, "max_val_grp_loss_index": 0, "max_cur_train_grp_loss": 21.46174140035482, "max_cur_train_grp_loss_index": 0, "reward_err_1": 0.06522091579427076, "reward_err_2": 0.01430360286205566, "reward_err_3": 0.030671181082748362, "reward_param_1": 6.264645835025443, "reward_param_2": 3.5444586526155484, "reward_param_3": 5.400760802455957, "reward_param_4": 4.328843227844141, "KL_distance_1": 0.53102837777674, "KL_distance_2": 0.29465237152816987, "KL_distance_3": 0.39864031931522553, "hist_group_loss_1": 2181.2661937540015, "hist_group_loss_2": 1565.413815825981, "hist_group_loss_3": 2084.6456722495677, "cur_group_loss_1": 21.46174140035482, "cur_group_loss_2": 11.40592695226309, "cur_group_loss_3": 19.53703972920336, "train_group_loss_1": 21.457751461882584, "train_group_loss_2": 11.349100949396217, "train_group_loss_3": 19.517231926681397, "val_group_loss_1": 20.20868164210381, "val_group_loss_2": 11.177850754617886, "val_group_loss_3": 19.769400404115853, "_timestamp": 1726584234.966673, "_runtime": 7.7763988971710205, "_step": 2, "final/reward_err_1": 0.06522091579427076, "final/reward_err_2": 0.01430360286205566, "final/reward_err_3": 0.030671181082748362, "final/reward_param_1": 6.264645835025443, "final/reward_param_2": 3.5444586526155484, "final/reward_param_3": 5.400760802455957, "final/reward_param_4": 4.328843227844141, "optimal_reward_1": 3.8573076725006104, "optimal_reward_2": 3.8573076725006104, "optimal_reward_3": 3.3040339946746826, "final/reward_1": 3.8217499256134033, "final/reward_2": 3.595449686050415, "final/reward_3": 3.3040339946746826, "reward_0_when_1_group_param_known": 3.8573076725006104, "reward_1_when_1_group_param_known": 3.4820022583007812, "reward_2_when_1_group_param_known": 3.2755494117736816, "reward_0_when_2_group_param_known": 3.4820022583007812, "reward_1_when_2_group_param_known": 3.8573076725006104, "reward_2_when_2_group_param_known": 3.1173529624938965, "reward_0_when_3_group_param_known": 3.8217499256134033, "reward_1_when_3_group_param_known": 3.595449686050415, "reward_2_when_3_group_param_known": 3.3040339946746826, "reward_error_0_when_1_group_param_known": 0.0, "reward_error_1_when_1_group_param_known": 0.09729724617910154, "reward_error_2_when_1_group_param_known": 0.008621153095552695, "reward_error_0_when_2_group_param_known": 0.09729724617910154, "reward_error_1_when_2_group_param_known": 0.0, "reward_error_2_when_2_group_param_known": 0.05650094172204995, "reward_error_0_when_3_group_param_known": 0.00921828122260097, "reward_error_1_when_3_group_param_known": 0.06788620682685609, "reward_error_2_when_3_group_param_known": 0.0, "_wandb": {"runtime": 7}}