{"Iteration": 99, "train_loss": 18.499584034072694, "val_loss": 18.979947424195768, "grad_norm": 0.3573493417850409, "max_reward_err": 0.12519253216517948, "max_reward_err_index": 0, "max_kl_dist": 0.5519268243554059, "max_kl_dist_index": 0, "max_train_grp_loss": 23.234654221791292, "max_train_grp_loss_index": 0, "max_val_grp_loss": 22.146917728247196, "max_val_grp_loss_index": 0, "max_cur_train_grp_loss": 23.24166613424258, "max_cur_train_grp_loss_index": 0, "reward_err_1": 0.07208240679488928, "reward_err_2": 0.01411780792580991, "reward_err_3": 0.036012963592934405, "reward_param_1": 6.558719538500705, "reward_param_2": 3.9783450845803134, "reward_param_3": 4.938631287863196, "reward_param_4": 3.4252521998739542, "KL_distance_1": 0.5519268243554059, "KL_distance_2": 0.26745408045034863, "KL_distance_3": 0.4114314357440784, "hist_group_loss_1": 2381.1184216456895, "hist_group_loss_2": 1367.4998859337654, "hist_group_loss_3": 2201.840926327224, "cur_group_loss_1": 23.24166613424258, "cur_group_loss_2": 11.823677217500556, "cur_group_loss_3": 21.023564359412482, "train_group_loss_1": 23.234654221791292, "train_group_loss_2": 11.80667504174971, "train_group_loss_3": 21.00959822997031, "val_group_loss_1": 22.146917728247196, "val_group_loss_2": 13.677308544521509, "val_group_loss_3": 20.842073827506606, "_timestamp": 1726608126.047051, "_runtime": 8.00161600112915, "_step": 2, "final/reward_err_1": 0.07208240679488928, "final/reward_err_2": 0.01411780792580991, "final/reward_err_3": 0.036012963592934405, "final/reward_param_1": 6.558719538500705, "final/reward_param_2": 3.9783450845803134, "final/reward_param_3": 4.938631287863196, "final/reward_param_4": 3.4252521998739542, "optimal_reward_1": 3.8185489177703857, "optimal_reward_2": 3.8185489177703857, "optimal_reward_3": 3.258955478668213, "final/reward_1": 3.7794888019561768, "final/reward_2": 3.5508782863616943, "final/reward_3": 3.258955478668213, "reward_0_when_1_group_param_known": 3.8185489177703857, "reward_1_when_1_group_param_known": 3.427854061126709, "reward_2_when_1_group_param_known": 3.2254443168640137, "reward_0_when_2_group_param_known": 3.427854061126709, "reward_1_when_2_group_param_known": 3.8185489177703857, "reward_2_when_2_group_param_known": 3.064500570297241, "reward_0_when_3_group_param_known": 3.7794888019561768, "reward_1_when_3_group_param_known": 3.5508782863616943, "reward_2_when_3_group_param_known": 3.258955478668213, "reward_error_0_when_1_group_param_known": 0.0, "reward_error_1_when_1_group_param_known": 0.10231500631705924, "reward_error_2_when_1_group_param_known": 0.010282792147223106, "reward_error_0_when_2_group_param_known": 0.10231500631705924, "reward_error_1_when_2_group_param_known": 0.0, "reward_error_2_when_2_group_param_known": 0.059667862799536175, "reward_error_0_when_3_group_param_known": 0.010229046859249302, "reward_error_1_when_3_group_param_known": 0.07009747345726862, "reward_error_2_when_3_group_param_known": 0.0, "_wandb": {"runtime": 7}}