{"Iteration": 99, "train_loss": 19.34351421806104, "val_loss": 18.803168750065883, "grad_norm": 0.006879962629862411, "live_grad": 2.6882990845432348e-14, "train_weighted_loss": 58.03054265418312, "val_weighted_loss": 56.40950625019765, "max_reward_err": 0.08768966310505599, "max_reward_err_index": 0, "max_kl_dist": 1.126560176559211, "max_kl_dist_index": 0, "max_train_grp_loss": 22.713445044924423, "max_train_grp_loss_index": 0, "max_val_grp_loss": 22.431761751760607, "max_val_grp_loss_index": 0, "max_cur_train_grp_loss": 0.24689513422627, "max_cur_train_grp_loss_index": 0, "reward_err_1": 0.08768966310505599, "reward_err_2": 0.0015656583151149, "reward_err_3": 0.0490889314766705, "KL_distance_1": 1.126560176559211, "KL_distance_2": 0.511120328257031, "KL_distance_3": 0.8751130805670649, "reward_param_1": 8.918429479164606, "reward_param_2": 3.962052234949287, "reward_param_3": 7.940165873544831, "reward_param_4": 3.1968811493864995, "group_weight_1": 0.34932010670254887, "group_weight_2": 0.3138410668611286, "group_weight_3": 0.3368388264363226, "hist_group_loss_1": 24.74286071406032, "hist_group_loss_2": 14.03265954118273, "hist_group_loss_3": 21.10444502540134, "cur_group_loss_1": 0.24689513422627, "cur_group_loss_2": 0.14065503293660458, "cur_group_loss_3": 0.2104696366067112, "train_group_loss_1": 22.713445044924423, "train_group_loss_2": 15.614206903287451, "train_group_loss_3": 20.414849020828434, "val_group_loss_1": 22.431761751760607, "val_group_loss_2": 12.267089119737713, "val_group_loss_3": 21.768147142104134, "_timestamp": 1726608868.067917, "_runtime": 9.367802143096924, "_step": 2, "final/reward_err_1": 0.08768966310505599, "final/reward_err_2": 0.0015656583151149, "final/reward_err_3": 0.0490889314766705, "final/reward_param_1": 8.918429479164606, "final/reward_param_2": 3.962052234949287, "final/reward_param_3": 7.940165873544831, "final/reward_param_4": 3.1968811493864995, "optimal_reward_1": 3.8750712871551514, "optimal_reward_2": 3.8750712871551514, "optimal_reward_3": 3.3250086307525635, "final/reward_1": 3.836576223373413, "final/reward_2": 3.6257314682006836, "final/reward_3": 3.3250086307525635, "reward_0_when_1_group_param_known": 3.8750712871551514, "reward_1_when_1_group_param_known": 3.489452362060547, "reward_2_when_1_group_param_known": 3.283229351043701, "reward_0_when_2_group_param_known": 3.489452362060547, "reward_1_when_2_group_param_known": 3.8750712871551514, "reward_2_when_2_group_param_known": 3.1289710998535156, "reward_0_when_3_group_param_known": 3.836576223373413, "reward_1_when_3_group_param_known": 3.6257314682006836, "reward_2_when_3_group_param_known": 3.3250086307525635, "reward_error_0_when_1_group_param_known": 0.0, "reward_error_1_when_1_group_param_known": 0.09951273061035817, "reward_error_2_when_1_group_param_known": 0.012565164289334858, "reward_error_0_when_2_group_param_known": 0.09951273061035817, "reward_error_1_when_2_group_param_known": 0.0, "reward_error_2_when_2_group_param_known": 0.05895850287001446, "reward_error_0_when_3_group_param_known": 0.009934027255018341, "reward_error_1_when_3_group_param_known": 0.06434457600327614, "reward_error_2_when_3_group_param_known": 0.0, "_wandb": {"runtime": 9}}