{"Iteration": 99, "train_loss": 22.732878888777414, "val_loss": 21.9692584117348, "grad_norm": 0.28488655450486805, "max_reward_err": 0.09230206008568846, "max_reward_err_index": 1, "max_kl_dist": 0.22829640038811233, "max_kl_dist_index": 0, "max_train_grp_loss": 24.410569685461137, "max_train_grp_loss_index": 0, "max_val_grp_loss": 24.350702844981555, "max_val_grp_loss_index": 2, "max_cur_train_grp_loss": 24.408964218741996, "max_cur_train_grp_loss_index": 0, "reward_err_1": 0.08136024062540072, "reward_err_2": 0.011819902541178366, "reward_err_3": 0.042545579346353814, "reward_param_1": 2.853897506476874, "reward_param_2": 1.6428549552597569, "reward_param_3": 3.933347111122079, "reward_param_4": 2.28170996400623, "KL_distance_1": 0.22829640038811233, "KL_distance_2": 0.035885549379032926, "KL_distance_3": 0.1261210313322647, "hist_group_loss_1": 2433.879804855642, "hist_group_loss_2": 2135.1652844665205, "hist_group_loss_3": 2396.3995553684504, "cur_group_loss_1": 24.408964218741996, "cur_group_loss_2": 19.64110133683594, "cur_group_loss_3": 23.775432245854592, "train_group_loss_1": 24.410569685461137, "train_group_loss_2": 19.61589679249622, "train_group_loss_3": 23.772550583124847, "val_group_loss_1": 23.83474565668633, "val_group_loss_2": 17.5997338517361, "val_group_loss_3": 24.350702844981555, "_timestamp": 1726610800.828803, "_runtime": 8.001292943954468, "_step": 2, "final/reward_err_1": 0.08136024062540072, "final/reward_err_2": 0.011819902541178366, "final/reward_err_3": 0.042545579346353814, "final/reward_param_1": 2.853897506476874, "final/reward_param_2": 1.6428549552597569, "final/reward_param_3": 3.933347111122079, "final/reward_param_4": 2.28170996400623, "optimal_reward_1": 3.859951972961426, "optimal_reward_2": 3.859951972961426, "optimal_reward_3": 3.3713200092315674, "final/reward_1": 3.8154780864715576, "final/reward_2": 3.5898795127868652, "final/reward_3": 3.3713200092315674, "reward_0_when_1_group_param_known": 3.859951972961426, "reward_1_when_1_group_param_known": 3.4618985652923584, "reward_2_when_1_group_param_known": 3.3295209407806396, "reward_0_when_2_group_param_known": 3.4618985652923584, "reward_1_when_2_group_param_known": 3.859951972961426, "reward_2_when_2_group_param_known": 3.1724629402160645, "reward_0_when_3_group_param_known": 3.8154780864715576, "reward_1_when_3_group_param_known": 3.5898795127868652, "reward_2_when_3_group_param_known": 3.3713200092315674, "reward_error_0_when_1_group_param_known": 0.0, "reward_error_1_when_1_group_param_known": 0.10312392756629911, "reward_error_2_when_1_group_param_known": 0.012398428015279123, "reward_error_0_when_2_group_param_known": 0.10312392756629911, "reward_error_1_when_2_group_param_known": 0.0, "reward_error_2_when_2_group_param_known": 0.05898492829840525, "reward_error_0_when_3_group_param_known": 0.011521875609179402, "reward_error_1_when_3_group_param_known": 0.06996782915082646, "reward_error_2_when_3_group_param_known": 0.0, "_wandb": {"runtime": 7}}