{"Iteration": 99, "train_loss": 16.958575021490176, "val_loss": 14.028132869962093, "grad_norm": 0.015820572787494682, "live_grad": 3.8431611846903063e-14, "train_weighted_loss": 50.87572506447053, "val_weighted_loss": 42.08439860988627, "max_reward_err": 0.09401088705070847, "max_reward_err_index": 0, "max_kl_dist": 1.5122497686609178, "max_kl_dist_index": 0, "max_train_grp_loss": 20.254349953701265, "max_train_grp_loss_index": 0, "max_val_grp_loss": 18.98721832852221, "max_val_grp_loss_index": 0, "max_cur_train_grp_loss": 0.408400703263582, "max_cur_train_grp_loss_index": 2, "reward_err_1": 0.09401088705070847, "reward_err_2": 0.0014314341203750876, "reward_err_3": 0.05264836204632706, "KL_distance_1": 1.5122497686609178, "KL_distance_2": 0.7853410369710482, "KL_distance_3": 1.212643689875272, "reward_param_1": 9.786663725319388, "reward_param_2": 3.4868924265114773, "reward_param_3": 10.971700453432453, "reward_param_4": 5.093134341503771, "group_weight_1": 0.31077664509839314, "group_weight_2": 0.2915291664220273, "group_weight_3": 0.39769418847957955, "hist_group_loss_1": 16.41223390366307, "hist_group_loss_2": 10.018792495922028, "hist_group_loss_3": 41.07312071197733, "cur_group_loss_1": 0.16335546356029848, "cur_group_loss_2": 0.10057191273915736, "cur_group_loss_3": 0.408400703263582, "train_group_loss_1": 20.254349953701265, "train_group_loss_2": 12.976435078452964, "train_group_loss_3": 19.193042278035414, "val_group_loss_1": 18.98721832852221, "val_group_loss_2": 5.8344690390848974, "val_group_loss_3": 17.87978302357778, "_timestamp": 1726690587.594931, "_runtime": 9.726846933364868, "_step": 2, "final/reward_err_1": 0.09401088705070847, "final/reward_err_2": 0.0014314341203750876, "final/reward_err_3": 0.05264836204632706, "final/reward_param_1": 9.786663725319388, "final/reward_param_2": 3.4868924265114773, "final/reward_param_3": 10.971700453432453, "final/reward_param_4": 5.093134341503771, "optimal_reward_1": 3.8608431816101074, "optimal_reward_2": 3.8608431816101074, "optimal_reward_3": 3.3174452781677246, "final/reward_1": 3.8267719745635986, "final/reward_2": 3.5796079635620117, "final/reward_3": 3.3174452781677246, "reward_0_when_1_group_param_known": 3.8608431816101074, "reward_1_when_1_group_param_known": 3.4672656059265137, "reward_2_when_1_group_param_known": 3.286299705505371, "reward_0_when_2_group_param_known": 3.4672656059265137, "reward_1_when_2_group_param_known": 3.8608431816101074, "reward_2_when_2_group_param_known": 3.1212518215179443, "reward_0_when_3_group_param_known": 3.8267719745635986, "reward_1_when_3_group_param_known": 3.5796079635620117, "reward_2_when_3_group_param_known": 3.3174452781677246, "reward_error_0_when_1_group_param_known": 0.0, "reward_error_1_when_1_group_param_known": 0.10194083446804438, "reward_error_2_when_1_group_param_known": 0.009388420923571552, "reward_error_0_when_2_group_param_known": 0.10194083446804438, "reward_error_1_when_2_group_param_known": 0.0, "reward_error_2_when_2_group_param_known": 0.05913992250028639, "reward_error_0_when_3_group_param_known": 0.008824809878006984, "reward_error_1_when_3_group_param_known": 0.07284295290408836, "reward_error_2_when_3_group_param_known": 0.0, "_wandb": {"runtime": 9}}