{"Iteration": 99, "train_loss": 15.651166148235097, "val_loss": 16.646599385620064, "grad_norm": 0.009289034457451394, "live_grad": 2.342419302610139e-14, "train_weighted_loss": 46.9534984447053, "val_weighted_loss": 49.93979815686019, "max_reward_err": 0.09752909172231466, "max_reward_err_index": 0, "max_kl_dist": 1.9191820568424973, "max_kl_dist_index": 0, "max_train_grp_loss": 19.69878422981923, "max_train_grp_loss_index": 0, "max_val_grp_loss": 19.50606164828046, "max_val_grp_loss_index": 0, "max_cur_train_grp_loss": 0.20957632577736277, "max_cur_train_grp_loss_index": 0, "reward_err_1": 0.09752909172231466, "reward_err_2": 0.017954390387864335, "reward_err_3": 0.06171820169749396, "KL_distance_1": 1.9191820568424973, "KL_distance_2": 0.8991232249760244, "KL_distance_3": 1.6484077398505095, "reward_param_1": 5.24074002467199, "reward_param_2": 3.9009900437651313, "reward_param_3": 14.7701307527713, "reward_param_4": 6.780429683709464, "group_weight_1": 0.34947342451809643, "group_weight_2": 0.3140782972888057, "group_weight_3": 0.3364482781930979, "hist_group_loss_1": 21.048915542994557, "hist_group_loss_2": 10.3703944469547, "hist_group_loss_3": 17.25060672718099, "cur_group_loss_1": 0.20957632577736277, "cur_group_loss_2": 0.10442602083427005, "cur_group_loss_3": 0.17143613322944853, "train_group_loss_1": 19.69878422981923, "train_group_loss_2": 11.489354286686744, "train_group_loss_3": 16.45661620137479, "val_group_loss_1": 19.50606164828046, "val_group_loss_2": 11.375019161917505, "val_group_loss_3": 18.529580115462355, "_timestamp": 1726595834.247541, "_runtime": 9.551136016845703, "_step": 2, "final/reward_err_1": 0.09752909172231466, "final/reward_err_2": 0.017954390387864335, "final/reward_err_3": 0.06171820169749396, "final/reward_param_1": 5.24074002467199, "final/reward_param_2": 3.9009900437651313, "final/reward_param_3": 14.7701307527713, "final/reward_param_4": 6.780429683709464, "optimal_reward_1": 3.895524024963379, "optimal_reward_2": 3.895524024963379, "optimal_reward_3": 3.3865811824798584, "final/reward_1": 3.8603501319885254, "final/reward_2": 3.6147823333740234, "final/reward_3": 3.3865811824798584, "reward_0_when_1_group_param_known": 3.895524024963379, "reward_1_when_1_group_param_known": 3.484661340713501, "reward_2_when_1_group_param_known": 3.3502304553985596, "reward_0_when_2_group_param_known": 3.484661340713501, "reward_1_when_2_group_param_known": 3.895524024963379, "reward_2_when_2_group_param_known": 3.1791486740112305, "reward_0_when_3_group_param_known": 3.8603501319885254, "reward_1_when_3_group_param_known": 3.6147823333740234, "reward_2_when_3_group_param_known": 3.3865811824798584, "reward_error_0_when_1_group_param_known": 0.0, "reward_error_1_when_1_group_param_known": 0.10547045317060787, "reward_error_2_when_1_group_param_known": 0.010733753340789734, "reward_error_0_when_2_group_param_known": 0.10547045317060787, "reward_error_1_when_2_group_param_known": 0.0, "reward_error_2_when_2_group_param_known": 0.06125130250583078, "reward_error_0_when_3_group_param_known": 0.009029309728152473, "reward_error_1_when_3_group_param_known": 0.07206776027828365, "reward_error_2_when_3_group_param_known": 0.0, "_wandb": {"runtime": 9}}