{"Iteration": 99, "train_loss": 16.83230108383119, "val_loss": 16.673885695657386, "grad_norm": 0.007773296835556564, "live_grad": 9.65447286663131e-15, "train_weighted_loss": 50.49690325149357, "val_weighted_loss": 50.021657086972155, "max_reward_err": 0.07630318354664804, "max_reward_err_index": 0, "max_kl_dist": 1.3524616614211695, "max_kl_dist_index": 0, "max_train_grp_loss": 19.70570456740792, "max_train_grp_loss_index": 0, "max_val_grp_loss": 20.21032944037268, "max_val_grp_loss_index": 0, "max_cur_train_grp_loss": 0.25372285193966426, "max_cur_train_grp_loss_index": 2, "reward_err_1": 0.07630318354664804, "reward_err_2": 0.0055119697355295585, "reward_err_3": 0.04097394206916838, "KL_distance_1": 1.3524616614211695, "KL_distance_2": 0.7387534487588586, "KL_distance_3": 1.0935326760645412, "reward_param_1": 10.637544809935484, "reward_param_2": 4.827909705950917, "reward_param_3": 8.623368851264212, "reward_param_4": 5.040715759697873, "group_weight_1": 0.3252386766550354, "group_weight_2": 0.3155193672158628, "group_weight_3": 0.3592419561291018, "hist_group_loss_1": 15.680236191716315, "hist_group_loss_2": 12.646312529623533, "hist_group_loss_3": 25.623919338706276, "cur_group_loss_1": 0.15639834594602608, "cur_group_loss_2": 0.12686394804540402, "cur_group_loss_3": 0.25372285193966426, "train_group_loss_1": 19.70570456740792, "train_group_loss_2": 14.210527918392884, "train_group_loss_3": 15.728910045096066, "val_group_loss_1": 20.21032944037268, "val_group_loss_2": 12.34432262694534, "val_group_loss_3": 17.574367516241097, "_timestamp": 1726683488.022332, "_runtime": 9.855875015258789, "_step": 2, "final/reward_err_1": 0.07630318354664804, "final/reward_err_2": 0.0055119697355295585, "final/reward_err_3": 0.04097394206916838, "final/reward_param_1": 10.637544809935484, "final/reward_param_2": 4.827909705950917, "final/reward_param_3": 8.623368851264212, "final/reward_param_4": 5.040715759697873, "optimal_reward_1": 3.8016552925109863, "optimal_reward_2": 3.8016552925109863, "optimal_reward_3": 3.281050205230713, "final/reward_1": 3.7612709999084473, "final/reward_2": 3.561779260635376, "final/reward_3": 3.281050205230713, "reward_0_when_1_group_param_known": 3.8016552925109863, "reward_1_when_1_group_param_known": 3.4387340545654297, "reward_2_when_1_group_param_known": 3.238321304321289, "reward_0_when_2_group_param_known": 3.4387340545654297, "reward_1_when_2_group_param_known": 3.8016552925109863, "reward_2_when_2_group_param_known": 3.0975143909454346, "reward_0_when_3_group_param_known": 3.7612709999084473, "reward_1_when_3_group_param_known": 3.561779260635376, "reward_2_when_3_group_param_known": 3.281050205230713, "reward_error_0_when_1_group_param_known": 0.0, "reward_error_1_when_1_group_param_known": 0.0954640044983794, "reward_error_2_when_1_group_param_known": 0.013022934193845799, "reward_error_0_when_2_group_param_known": 0.0954640044983794, "reward_error_1_when_2_group_param_known": 0.0, "reward_error_2_when_2_group_param_known": 0.055938130417109135, "reward_error_0_when_3_group_param_known": 0.010622818087187834, "reward_error_1_when_3_group_param_known": 0.06309778594291558, "reward_error_2_when_3_group_param_known": 0.0, "_wandb": {"runtime": 30}}