{"Iteration": 99, "train_loss": 17.19874133203262, "val_loss": 19.229586677735796, "grad_norm": 0.3976667106921037, "max_reward_err": 0.06592705823936543, "max_reward_err_index": 1, "max_kl_dist": 0.6309433409611995, "max_kl_dist_index": 0, "max_train_grp_loss": 21.359971951478606, "max_train_grp_loss_index": 0, "max_val_grp_loss": 21.409034322999382, "max_val_grp_loss_index": 0, "max_cur_train_grp_loss": 21.367691320578096, "max_cur_train_grp_loss_index": 0, "reward_err_1": 0.07042748822266758, "reward_err_2": 0.007749110160545673, "reward_err_3": 0.035083490484241954, "reward_param_1": 6.727024106106193, "reward_param_2": 2.9055484958141204, "reward_param_3": 6.193958824406178, "reward_param_4": 4.1040302202423415, "KL_distance_1": 0.6309433409611995, "KL_distance_2": 0.30741261783642665, "KL_distance_3": 0.4740475470569785, "hist_group_loss_1": 2197.7242057135863, "hist_group_loss_2": 1398.251119335411, "hist_group_loss_3": 2048.4442800270954, "cur_group_loss_1": 21.367691320578096, "cur_group_loss_2": 11.897100277885217, "cur_group_loss_3": 19.360252948664222, "train_group_loss_1": 21.359971951478606, "train_group_loss_2": 11.875059475924246, "train_group_loss_3": 19.34405544583673, "val_group_loss_1": 21.409034322999382, "val_group_loss_2": 16.621277516844973, "val_group_loss_3": 19.758487720695282, "_timestamp": 1726659394.402758, "_runtime": 8.04849100112915, "_step": 2, "final/reward_err_1": 0.07042748822266758, "final/reward_err_2": 0.007749110160545673, "final/reward_err_3": 0.035083490484241954, "final/reward_param_1": 6.727024106106193, "final/reward_param_2": 2.9055484958141204, "final/reward_param_3": 6.193958824406178, "final/reward_param_4": 4.1040302202423415, "optimal_reward_1": 3.850886821746826, "optimal_reward_2": 3.850886821746826, "optimal_reward_3": 3.257154703140259, "final/reward_1": 3.8119678497314453, "final/reward_2": 3.597700595855713, "final/reward_3": 3.257154703140259, "reward_0_when_1_group_param_known": 3.850886821746826, "reward_1_when_1_group_param_known": 3.4759232997894287, "reward_2_when_1_group_param_known": 3.2200934886932373, "reward_0_when_2_group_param_known": 3.4759232997894287, "reward_1_when_2_group_param_known": 3.850886821746826, "reward_2_when_2_group_param_known": 3.068084716796875, "reward_0_when_3_group_param_known": 3.8119678497314453, "reward_1_when_3_group_param_known": 3.597700595855713, "reward_2_when_3_group_param_known": 3.257154703140259, "reward_error_0_when_1_group_param_known": 0.0, "reward_error_1_when_1_group_param_known": 0.09737069389832334, "reward_error_2_when_1_group_param_known": 0.011378401649541042, "reward_error_0_when_2_group_param_known": 0.09737069389832334, "reward_error_1_when_2_group_param_known": 0.0, "reward_error_2_when_2_group_param_known": 0.058047591709751864, "reward_error_0_when_3_group_param_known": 0.010106495936363709, "reward_error_1_when_3_group_param_known": 0.06574751157611633, "reward_error_2_when_3_group_param_known": 0.0, "_wandb": {"runtime": 7}}