{"Iteration": 99, "train_loss": 17.007330862903608, "val_loss": 17.930899115196308, "grad_norm": 0.012194533067900169, "live_grad": 1.4068572738439575e-14, "train_weighted_loss": 51.02199258871083, "val_weighted_loss": 53.792697345588934, "max_reward_err": 0.1127894802990876, "max_reward_err_index": 0, "max_kl_dist": 1.6701447459432635, "max_kl_dist_index": 0, "max_train_grp_loss": 22.213273338047777, "max_train_grp_loss_index": 0, "max_val_grp_loss": 22.520132260523976, "max_val_grp_loss_index": 0, "max_cur_train_grp_loss": 0.24147052570646646, "max_cur_train_grp_loss_index": 0, "reward_err_1": 0.1127894802990876, "reward_err_2": 0.0003303039477358237, "reward_err_3": 0.07492956299005885, "KL_distance_1": 1.6701447459432635, "KL_distance_2": 0.8407353108583714, "KL_distance_3": 1.3688227475534729, "reward_param_1": 8.42125226159495, "reward_param_2": 4.405236166893307, "reward_param_3": 13.08810469728873, "reward_param_4": 2.5932065660414962, "group_weight_1": 0.3538097595972968, "group_weight_2": 0.3019529191822717, "group_weight_3": 0.34423732122043166, "hist_group_loss_1": 24.25266819357028, "hist_group_loss_2": 8.403842399606786, "hist_group_loss_3": 21.509862230107146, "cur_group_loss_1": 0.24147052570646646, "cur_group_loss_2": 0.08457265948923773, "cur_group_loss_3": 0.21429740202389272, "train_group_loss_1": 22.213273338047777, "train_group_loss_2": 9.390778318816148, "train_group_loss_3": 20.785584725588606, "val_group_loss_1": 22.520132260523976, "val_group_loss_2": 10.726658102928646, "val_group_loss_3": 20.746488495640314, "_timestamp": 1726608352.624435, "_runtime": 9.320508003234863, "_step": 2, "final/reward_err_1": 0.1127894802990876, "final/reward_err_2": 0.0003303039477358237, "final/reward_err_3": 0.07492956299005885, "final/reward_param_1": 8.42125226159495, "final/reward_param_2": 4.405236166893307, "final/reward_param_3": 13.08810469728873, "final/reward_param_4": 2.5932065660414962, "optimal_reward_1": 3.850886821746826, "optimal_reward_2": 3.850886821746826, "optimal_reward_3": 3.257154703140259, "final/reward_1": 3.8119678497314453, "final/reward_2": 3.597700595855713, "final/reward_3": 3.257154703140259, "reward_0_when_1_group_param_known": 3.850886821746826, "reward_1_when_1_group_param_known": 3.4759232997894287, "reward_2_when_1_group_param_known": 3.2200934886932373, "reward_0_when_2_group_param_known": 3.4759232997894287, "reward_1_when_2_group_param_known": 3.850886821746826, "reward_2_when_2_group_param_known": 3.068084716796875, "reward_0_when_3_group_param_known": 3.8119678497314453, "reward_1_when_3_group_param_known": 3.597700595855713, "reward_2_when_3_group_param_known": 3.257154703140259, "reward_error_0_when_1_group_param_known": 0.0, "reward_error_1_when_1_group_param_known": 0.09737069389832334, "reward_error_2_when_1_group_param_known": 0.011378401649541042, "reward_error_0_when_2_group_param_known": 0.09737069389832334, "reward_error_1_when_2_group_param_known": 0.0, "reward_error_2_when_2_group_param_known": 0.058047591709751864, "reward_error_0_when_3_group_param_known": 0.010106495936363709, "reward_error_1_when_3_group_param_known": 0.06574751157611633, "reward_error_2_when_3_group_param_known": 0.0, "_wandb": {"runtime": 9}}