{"Iteration": 99, "train_loss": 17.378079427716752, "val_loss": 16.671721504160438, "grad_norm": 0.016191031844150498, "live_grad": 4.700602580650703e-14, "train_weighted_loss": 52.13423828315025, "val_weighted_loss": 50.01516451248131, "max_reward_err": 0.07277154055354344, "max_reward_err_index": 0, "max_kl_dist": 1.0670319612296666, "max_kl_dist_index": 0, "max_train_grp_loss": 20.261109262950004, "max_train_grp_loss_index": 0, "max_val_grp_loss": 19.515985051874367, "max_val_grp_loss_index": 0, "max_cur_train_grp_loss": 0.3801198535153214, "max_cur_train_grp_loss_index": 2, "reward_err_1": 0.07277154055354344, "reward_err_2": 0.009089526964513086, "reward_err_3": 0.03574918145963644, "KL_distance_1": 1.0670319612296666, "KL_distance_2": 0.5985256328125225, "KL_distance_3": 0.8470307441794205, "reward_param_1": 8.021003893357475, "reward_param_2": 4.7612089725803886, "reward_param_3": 8.832971816499414, "reward_param_4": 5.176644173076865, "group_weight_1": 0.3197376081625099, "group_weight_2": 0.29274302791321094, "group_weight_3": 0.38751936392427916, "hist_group_loss_1": 19.054908788039636, "hist_group_loss_2": 10.234358929724102, "hist_group_loss_3": 38.28142219041162, "cur_group_loss_1": 0.18937542782670508, "cur_group_loss_2": 0.10284263858030339, "cur_group_loss_3": 0.3801198535153214, "train_group_loss_1": 20.261109262950004, "train_group_loss_2": 14.811913337758641, "train_group_loss_3": 18.623869725349607, "val_group_loss_1": 19.515985051874367, "val_group_loss_2": 11.684897460388628, "val_group_loss_3": 18.40633710948733, "_timestamp": 1726683769.332025, "_runtime": 9.802468061447144, "_step": 2, "final/reward_err_1": 0.07277154055354344, "final/reward_err_2": 0.009089526964513086, "final/reward_err_3": 0.03574918145963644, "final/reward_param_1": 8.021003893357475, "final/reward_param_2": 4.7612089725803886, "final/reward_param_3": 8.832971816499414, "final/reward_param_4": 5.176644173076865, "optimal_reward_1": 3.8138465881347656, "optimal_reward_2": 3.8138465881347656, "optimal_reward_3": 3.308058500289917, "final/reward_1": 3.7787630558013916, "final/reward_2": 3.5612988471984863, "final/reward_3": 3.308058500289917, "reward_0_when_1_group_param_known": 3.8138465881347656, "reward_1_when_1_group_param_known": 3.439753770828247, "reward_2_when_1_group_param_known": 3.273068904876709, "reward_0_when_2_group_param_known": 3.439753770828247, "reward_1_when_2_group_param_known": 3.8138465881347656, "reward_2_when_2_group_param_known": 3.121405839920044, "reward_0_when_3_group_param_known": 3.7787630558013916, "reward_1_when_3_group_param_known": 3.5612988471984863, "reward_2_when_3_group_param_known": 3.308058500289917, "reward_error_0_when_1_group_param_known": 0.0, "reward_error_1_when_1_group_param_known": 0.09808806113763369, "reward_error_2_when_1_group_param_known": 0.010577078794145125, "reward_error_0_when_2_group_param_known": 0.09808806113763369, "reward_error_1_when_2_group_param_known": 0.0, "reward_error_2_when_2_group_param_known": 0.05642362743993641, "reward_error_0_when_3_group_param_known": 0.009198988874519018, "reward_error_1_when_3_group_param_known": 0.06621864175711184, "reward_error_2_when_3_group_param_known": 0.0, "_wandb": {"runtime": 9}}