{"Iteration": 99, "train_loss": 19.283440839426785, "val_loss": 19.162455040735964, "grad_norm": 0.4909869312456434, "max_reward_err": 0.1419007114099413, "max_reward_err_index": 1, "max_kl_dist": 0.33562589625876704, "max_kl_dist_index": 0, "max_train_grp_loss": 21.891073253074122, "max_train_grp_loss_index": 0, "max_val_grp_loss": 21.97300819589442, "max_val_grp_loss_index": 0, "max_cur_train_grp_loss": 21.902915144979175, "max_cur_train_grp_loss_index": 0, "reward_err_1": 0.06848923913146203, "reward_err_2": 0.022406412275089313, "reward_err_3": 0.03136254066298079, "reward_param_1": 4.723290456677916, "reward_param_2": 3.9495074613642616, "reward_param_3": 4.626001381108796, "reward_param_4": 2.2723908753710655, "KL_distance_1": 0.33562589625876704, "KL_distance_2": 0.16703051576307792, "KL_distance_3": 0.22622779281050232, "hist_group_loss_1": 2273.959840247929, "hist_group_loss_2": 1804.3630285162124, "hist_group_loss_3": 2263.213176402894, "cur_group_loss_1": 21.902915144979175, "cur_group_loss_2": 14.819687126240275, "cur_group_loss_3": 21.53565041912008, "train_group_loss_1": 21.891073253074122, "train_group_loss_2": 14.777212788872754, "train_group_loss_3": 21.519132459884037, "val_group_loss_1": 21.97300819589442, "val_group_loss_2": 14.280133915758856, "val_group_loss_3": 21.536086276540193, "_timestamp": 1726606819.266186, "_runtime": 8.261100053787231, "_step": 2, "final/reward_err_1": 0.06848923913146203, "final/reward_err_2": 0.022406412275089313, "final/reward_err_3": 0.03136254066298079, "final/reward_param_1": 4.723290456677916, "final/reward_param_2": 3.9495074613642616, "final/reward_param_3": 4.626001381108796, "final/reward_param_4": 2.2723908753710655, "optimal_reward_1": 3.88508939743042, "optimal_reward_2": 3.88508939743042, "optimal_reward_3": 3.318911552429199, "final/reward_1": 3.85002064704895, "final/reward_2": 3.5887107849121094, "final/reward_3": 3.318911552429199, "reward_0_when_1_group_param_known": 3.88508939743042, "reward_1_when_1_group_param_known": 3.4581034183502197, "reward_2_when_1_group_param_known": 3.2941160202026367, "reward_0_when_2_group_param_known": 3.4581034183502197, "reward_1_when_2_group_param_known": 3.88508939743042, "reward_2_when_2_group_param_known": 3.1016483306884766, "reward_0_when_3_group_param_known": 3.85002064704895, "reward_1_when_3_group_param_known": 3.5887107849121094, "reward_2_when_3_group_param_known": 3.318911552429199, "reward_error_0_when_1_group_param_known": 0.0, "reward_error_1_when_1_group_param_known": 0.10990377193446481, "reward_error_2_when_1_group_param_known": 0.007470983132531505, "reward_error_0_when_2_group_param_known": 0.10990377193446481, "reward_error_1_when_2_group_param_known": 0.0, "reward_error_2_when_2_group_param_known": 0.06546219093476653, "reward_error_0_when_3_group_param_known": 0.009026497666865538, "reward_error_1_when_3_group_param_known": 0.07628617573493521, "reward_error_2_when_3_group_param_known": 0.0, "_wandb": {"runtime": 7}}