{"Iteration": 99, "train_loss": 15.327448392748336, "val_loss": 14.973530579149099, "grad_norm": 0.01504681832112397, "live_grad": 3.50900736026137e-14, "train_weighted_loss": 45.982345178245005, "val_weighted_loss": 44.920591737447296, "max_reward_err": 0.08775338348477843, "max_reward_err_index": 0, "max_kl_dist": 1.5289617687767063, "max_kl_dist_index": 0, "max_train_grp_loss": 19.074216521429864, "max_train_grp_loss_index": 0, "max_val_grp_loss": 21.01163211148832, "max_val_grp_loss_index": 0, "max_cur_train_grp_loss": 0.3909958428072264, "max_cur_train_grp_loss_index": 2, "reward_err_1": 0.08775338348477843, "reward_err_2": 0.0018189221240665994, "reward_err_3": 0.04597041741095337, "KL_distance_1": 1.5289617687767063, "KL_distance_2": 0.8060125795671184, "KL_distance_3": 1.2291907320821858, "reward_param_1": 10.65617896012609, "reward_param_2": 4.553947654199349, "reward_param_3": 10.340946353633583, "reward_param_4": 4.829510352055391, "group_weight_1": 0.3126485036698066, "group_weight_2": 0.29099189391069114, "group_weight_3": 0.39635960241950224, "hist_group_loss_1": 15.737518760198949, "hist_group_loss_2": 8.559103036599446, "hist_group_loss_3": 39.461750567042465, "cur_group_loss_1": 0.15636090479989226, "cur_group_loss_2": 0.08597422837566736, "cur_group_loss_3": 0.3909958428072264, "train_group_loss_1": 19.074216521429864, "train_group_loss_2": 11.780979556115398, "train_group_loss_3": 16.028924463957253, "val_group_loss_1": 21.01163211148832, "val_group_loss_2": 6.582135252028197, "val_group_loss_3": 16.784773735576643, "_timestamp": 1726690626.463211, "_runtime": 9.833871126174927, "_step": 2, "final/reward_err_1": 0.08775338348477843, "final/reward_err_2": 0.0018189221240665994, "final/reward_err_3": 0.04597041741095337, "final/reward_param_1": 10.65617896012609, "final/reward_param_2": 4.553947654199349, "final/reward_param_3": 10.340946353633583, "final/reward_param_4": 4.829510352055391, "optimal_reward_1": 3.9513115882873535, "optimal_reward_2": 3.9513115882873535, "optimal_reward_3": 3.4502387046813965, "final/reward_1": 3.9096338748931885, "final/reward_2": 3.6755175590515137, "final/reward_3": 3.4502387046813965, "reward_0_when_1_group_param_known": 3.9513115882873535, "reward_1_when_1_group_param_known": 3.544969320297241, "reward_2_when_1_group_param_known": 3.412696123123169, "reward_0_when_2_group_param_known": 3.544969320297241, "reward_1_when_2_group_param_known": 3.9513115882873535, "reward_2_when_2_group_param_known": 3.2480239868164062, "reward_0_when_3_group_param_known": 3.9096338748931885, "reward_1_when_3_group_param_known": 3.6755175590515137, "reward_2_when_3_group_param_known": 3.4502387046813965, "reward_error_0_when_1_group_param_known": 0.0, "reward_error_1_when_1_group_param_known": 0.10283731336060901, "reward_error_2_when_1_group_param_known": 0.010881154833515878, "reward_error_0_when_2_group_param_known": 0.10283731336060901, "reward_error_1_when_2_group_param_known": 0.0, "reward_error_2_when_2_group_param_known": 0.05860890656365854, "reward_error_0_when_3_group_param_known": 0.010547817468434506, "reward_error_1_when_3_group_param_known": 0.06979809692896917, "reward_error_2_when_3_group_param_known": 0.0, "_wandb": {"runtime": 9}}