{"Iteration": 99, "train_loss": 12.897684441560385, "val_loss": 14.700422356256341, "grad_norm": 0.025753073238429285, "live_grad": 1.2861347948933304e-14, "train_weighted_loss": 38.69305332468115, "val_weighted_loss": 44.101267068769026, "max_reward_err": 0.09452453128294729, "max_reward_err_index": 0, "max_kl_dist": 1.9494380418907384, "max_kl_dist_index": 0, "max_train_grp_loss": 20.757249779930913, "max_train_grp_loss_index": 0, "max_val_grp_loss": 19.852404047147918, "max_val_grp_loss_index": 0, "max_cur_train_grp_loss": 0.3536864814256179, "max_cur_train_grp_loss_index": 2, "reward_err_1": 0.09452453128294729, "reward_err_2": 0.0006857495581083994, "reward_err_3": 0.05283901570489279, "KL_distance_1": 1.9494380418907384, "KL_distance_2": 0.9995874433973508, "KL_distance_3": 1.567256438297772, "reward_param_1": 12.29084443157792, "reward_param_2": 5.1878449431637925, "reward_param_3": 11.242180340791936, "reward_param_4": 3.8628175921330787, "group_weight_1": 0.33002234577925393, "group_weight_2": 0.28188976390971343, "group_weight_3": 0.3880878903110327, "hist_group_loss_1": 19.555150479795113, "hist_group_loss_2": 3.790722453939091, "hist_group_loss_3": 35.76229735387186, "cur_group_loss_1": 0.1940229040645789, "cur_group_loss_2": 0.03851351830531523, "cur_group_loss_3": 0.3536864814256179, "train_group_loss_1": 20.757249779930913, "train_group_loss_2": 5.55029319932344, "train_group_loss_3": 17.327293577814952, "val_group_loss_1": 19.852404047147918, "val_group_loss_2": 6.394464542776707, "val_group_loss_3": 17.616990039446417, "_timestamp": 1726690142.4834108, "_runtime": 9.786565780639648, "_step": 2, "final/reward_err_1": 0.09452453128294729, "final/reward_err_2": 0.0006857495581083994, "final/reward_err_3": 0.05283901570489279, "final/reward_param_1": 12.29084443157792, "final/reward_param_2": 5.1878449431637925, "final/reward_param_3": 11.242180340791936, "final/reward_param_4": 3.8628175921330787, "optimal_reward_1": 3.874847650527954, "optimal_reward_2": 3.874847650527954, "optimal_reward_3": 3.3765645027160645, "final/reward_1": 3.8370981216430664, "final/reward_2": 3.5955355167388916, "final/reward_3": 3.3765645027160645, "reward_0_when_1_group_param_known": 3.874847650527954, "reward_1_when_1_group_param_known": 3.4763882160186768, "reward_2_when_1_group_param_known": 3.337296485900879, "reward_0_when_2_group_param_known": 3.4763882160186768, "reward_1_when_2_group_param_known": 3.874847650527954, "reward_2_when_2_group_param_known": 3.175377130508423, "reward_0_when_3_group_param_known": 3.8370981216430664, "reward_1_when_3_group_param_known": 3.5955355167388916, "reward_2_when_3_group_param_known": 3.3765645027160645, "reward_error_0_when_1_group_param_known": 0.0, "reward_error_1_when_1_group_param_known": 0.102832284117025, "reward_error_2_when_1_group_param_known": 0.011629576980862906, "reward_error_0_when_2_group_param_known": 0.102832284117025, "reward_error_1_when_2_group_param_known": 0.0, "reward_error_2_when_2_group_param_known": 0.059583452958120335, "reward_error_0_when_3_group_param_known": 0.009742196929921686, "reward_error_1_when_3_group_param_known": 0.0720833846850742, "reward_error_2_when_3_group_param_known": 0.0, "_wandb": {"runtime": 9}}