{"Iteration": 99, "train_loss": 16.2025729715509, "val_loss": 16.031427421691678, "grad_norm": 0.47396412551879247, "max_reward_err": 0.07809647051482814, "max_reward_err_index": 1, "max_kl_dist": 0.8620999234638768, "max_kl_dist_index": 0, "max_train_grp_loss": 19.53945499331261, "max_train_grp_loss_index": 2, "max_val_grp_loss": 20.222953623340143, "max_val_grp_loss_index": 0, "max_cur_train_grp_loss": 19.55227266044285, "max_cur_train_grp_loss_index": 2, "reward_err_1": 0.08146678401076862, "reward_err_2": 0.006847107269353669, "reward_err_3": 0.04192281818128369, "reward_param_1": 6.803982351326256, "reward_param_2": 4.728777952546643, "reward_param_3": 7.92489048405602, "reward_param_4": 3.0226995362971487, "KL_distance_1": 0.8620999234638768, "KL_distance_2": 0.40291934937125756, "KL_distance_3": 0.6586304479136956, "hist_group_loss_1": 1974.001681029738, "hist_group_loss_2": 1290.8546001895438, "hist_group_loss_3": 2041.1610253636811, "cur_group_loss_1": 18.666197015756616, "cur_group_loss_2": 9.59581810312322, "cur_group_loss_3": 19.55227266044285, "train_group_loss_1": 18.65000655502621, "train_group_loss_2": 9.55525753235958, "train_group_loss_3": 19.53945499331261, "val_group_loss_1": 20.222953623340143, "val_group_loss_2": 8.643909547609367, "val_group_loss_3": 19.373383886179706, "_timestamp": 1726657047.739816, "_runtime": 8.077211856842041, "_step": 2, "final/reward_err_1": 0.08146678401076862, "final/reward_err_2": 0.006847107269353669, "final/reward_err_3": 0.04192281818128369, "final/reward_param_1": 6.803982351326256, "final/reward_param_2": 4.728777952546643, "final/reward_param_3": 7.92489048405602, "final/reward_param_4": 3.0226995362971487, "optimal_reward_1": 3.8669028282165527, "optimal_reward_2": 3.8669028282165527, "optimal_reward_3": 3.3657867908477783, "final/reward_1": 3.8246397972106934, "final/reward_2": 3.594559669494629, "final/reward_3": 3.3657867908477783, "reward_0_when_1_group_param_known": 3.8669028282165527, "reward_1_when_1_group_param_known": 3.4664041996002197, "reward_2_when_1_group_param_known": 3.3253726959228516, "reward_0_when_2_group_param_known": 3.4664041996002197, "reward_1_when_2_group_param_known": 3.8669028282165527, "reward_2_when_2_group_param_known": 3.1640493869781494, "reward_0_when_3_group_param_known": 3.8246397972106934, "reward_1_when_3_group_param_known": 3.594559669494629, "reward_2_when_3_group_param_known": 3.3657867908477783, "reward_error_0_when_1_group_param_known": 0.0, "reward_error_1_when_1_group_param_known": 0.10357090581483432, "reward_error_2_when_1_group_param_known": 0.012007324716711247, "reward_error_0_when_2_group_param_known": 0.10357090581483432, "reward_error_1_when_2_group_param_known": 0.0, "reward_error_2_when_2_group_param_known": 0.05993766581358977, "reward_error_0_when_3_group_param_known": 0.01092942669711497, "reward_error_1_when_3_group_param_known": 0.07042927397467878, "reward_error_2_when_3_group_param_known": 0.0, "_wandb": {"runtime": 7}}