{"Iteration": 99, "train_loss": 16.00190958063634, "val_loss": 17.300279777691284, "grad_norm": 0.30568140450335785, "max_reward_err": 0.06593729971190494, "max_reward_err_index": 0, "max_kl_dist": 0.8363197252591223, "max_kl_dist_index": 0, "max_train_grp_loss": 19.942370847568615, "max_train_grp_loss_index": 0, "max_val_grp_loss": 21.2342981729479, "max_val_grp_loss_index": 0, "max_cur_train_grp_loss": 19.949603917459036, "max_cur_train_grp_loss_index": 0, "reward_err_1": 0.07554847335443513, "reward_err_2": 0.00994557292637749, "reward_err_3": 0.036309466635801084, "reward_param_1": 7.118661336111535, "reward_param_2": 3.00626196885404, "reward_param_3": 7.515480512203044, "reward_param_4": 4.900247778370462, "KL_distance_1": 0.8363197252591223, "KL_distance_2": 0.41473500096275084, "KL_distance_3": 0.6383723443470302, "hist_group_loss_1": 2048.7155990747674, "hist_group_loss_2": 1295.828639121409, "hist_group_loss_3": 1863.0867172866854, "cur_group_loss_1": 19.949603917459036, "cur_group_loss_2": 11.976590696476766, "cur_group_loss_3": 17.773702879234257, "train_group_loss_1": 19.942370847568615, "train_group_loss_2": 11.966373901605367, "train_group_loss_3": 17.761229421160866, "val_group_loss_1": 21.2342981729479, "val_group_loss_2": 11.69039659658417, "val_group_loss_3": 18.604361501129105, "_timestamp": 1726682400.6252658, "_runtime": 8.410241842269897, "_step": 2, "final/reward_err_1": 0.07554847335443513, "final/reward_err_2": 0.00994557292637749, "final/reward_err_3": 0.036309466635801084, "final/reward_param_1": 7.118661336111535, "final/reward_param_2": 3.00626196885404, "final/reward_param_3": 7.515480512203044, "final/reward_param_4": 4.900247778370462, "optimal_reward_1": 3.9513115882873535, "optimal_reward_2": 3.9513115882873535, "optimal_reward_3": 3.4502387046813965, "final/reward_1": 3.9096338748931885, "final/reward_2": 3.6755175590515137, "final/reward_3": 3.4502387046813965, "reward_0_when_1_group_param_known": 3.9513115882873535, "reward_1_when_1_group_param_known": 3.544969320297241, "reward_2_when_1_group_param_known": 3.412696123123169, "reward_0_when_2_group_param_known": 3.544969320297241, "reward_1_when_2_group_param_known": 3.9513115882873535, "reward_2_when_2_group_param_known": 3.2480239868164062, "reward_0_when_3_group_param_known": 3.9096338748931885, "reward_1_when_3_group_param_known": 3.6755175590515137, "reward_2_when_3_group_param_known": 3.4502387046813965, "reward_error_0_when_1_group_param_known": 0.0, "reward_error_1_when_1_group_param_known": 0.10283731336060901, "reward_error_2_when_1_group_param_known": 0.010881154833515878, "reward_error_0_when_2_group_param_known": 0.10283731336060901, "reward_error_1_when_2_group_param_known": 0.0, "reward_error_2_when_2_group_param_known": 0.05860890656365854, "reward_error_0_when_3_group_param_known": 0.010547817468434506, "reward_error_1_when_3_group_param_known": 0.06979809692896917, "reward_error_2_when_3_group_param_known": 0.0, "_wandb": {"runtime": 8}}