{"Iteration": 99, "train_loss": 15.294026930964586, "val_loss": 15.631158961676594, "grad_norm": 0.005644756867377992, "live_grad": 2.5315721147360445e-14, "train_weighted_loss": 45.882080792893746, "val_weighted_loss": 46.89347688502978, "max_reward_err": 0.08620259762552064, "max_reward_err_index": 0, "max_kl_dist": 1.9158921614043665, "max_kl_dist_index": 0, "max_train_grp_loss": 17.891875307387807, "max_train_grp_loss_index": 0, "max_val_grp_loss": 18.697415173613415, "max_val_grp_loss_index": 0, "max_cur_train_grp_loss": 0.17204593334422136, "max_cur_train_grp_loss_index": 0, "reward_err_1": 0.08620259762552064, "reward_err_2": 0.004507870600382293, "reward_err_3": 0.04621880377552581, "KL_distance_1": 1.9158921614043665, "KL_distance_2": 1.1244906984129126, "KL_distance_3": 1.5832151480466774, "reward_param_1": 13.375209206025271, "reward_param_2": 5.977713408002776, "reward_param_3": 10.901530398951095, "reward_param_4": 5.977741705127215, "group_weight_1": 0.34104532437809965, "group_weight_2": 0.32123262108927714, "group_weight_3": 0.3377220545326231, "hist_group_loss_1": 17.29372708102747, "hist_group_loss_2": 11.308742326403115, "hist_group_loss_3": 16.31451196158067, "cur_group_loss_1": 0.17204593334422136, "cur_group_loss_2": 0.11340836742880726, "cur_group_loss_3": 0.16219629029893884, "train_group_loss_1": 17.891875307387807, "train_group_loss_2": 10.322322183591215, "train_group_loss_3": 17.029730748707077, "val_group_loss_1": 18.697415173613415, "val_group_loss_2": 11.700276099264787, "val_group_loss_3": 16.55300170325566, "_timestamp": 1726667379.268922, "_runtime": 9.639949083328247, "_step": 2, "final/reward_err_1": 0.08620259762552064, "final/reward_err_2": 0.004507870600382293, "final/reward_err_3": 0.04621880377552581, "final/reward_param_1": 13.375209206025271, "final/reward_param_2": 5.977713408002776, "final/reward_param_3": 10.901530398951095, "final/reward_param_4": 5.977741705127215, "optimal_reward_1": 3.8669028282165527, "optimal_reward_2": 3.8669028282165527, "optimal_reward_3": 3.3657867908477783, "final/reward_1": 3.8246397972106934, "final/reward_2": 3.594559669494629, "final/reward_3": 3.3657867908477783, "reward_0_when_1_group_param_known": 3.8669028282165527, "reward_1_when_1_group_param_known": 3.4664041996002197, "reward_2_when_1_group_param_known": 3.3253726959228516, "reward_0_when_2_group_param_known": 3.4664041996002197, "reward_1_when_2_group_param_known": 3.8669028282165527, "reward_2_when_2_group_param_known": 3.1640493869781494, "reward_0_when_3_group_param_known": 3.8246397972106934, "reward_1_when_3_group_param_known": 3.594559669494629, "reward_2_when_3_group_param_known": 3.3657867908477783, "reward_error_0_when_1_group_param_known": 0.0, "reward_error_1_when_1_group_param_known": 0.10357090581483432, "reward_error_2_when_1_group_param_known": 0.012007324716711247, "reward_error_0_when_2_group_param_known": 0.10357090581483432, "reward_error_1_when_2_group_param_known": 0.0, "reward_error_2_when_2_group_param_known": 0.05993766581358977, "reward_error_0_when_3_group_param_known": 0.01092942669711497, "reward_error_1_when_3_group_param_known": 0.07042927397467878, "reward_error_2_when_3_group_param_known": 0.0, "_wandb": {"runtime": 9}}