{"Iteration": 199, "train_loss": 18.049981109146383, "val_loss": 15.189557150581894, "grad_norm": 0.021502350504968053, "live_grad": 1.0088378597433515e-14, "train_weighted_loss": 54.14994332743916, "val_weighted_loss": 45.568671451745686, "max_reward_err": 0.10147604605719171, "max_reward_err_index": 0, "max_kl_dist": 1.4739413092621168, "max_kl_dist_index": 0, "max_train_grp_loss": 21.354646499926254, "max_train_grp_loss_index": 0, "max_val_grp_loss": 20.064654721867615, "max_val_grp_loss_index": 0, "max_cur_train_grp_loss": 0.2977893496535292, "max_cur_train_grp_loss_index": 2, "reward_err_1": 0.10147604605719171, "reward_err_2": 0.002545745041700292, "reward_err_3": 0.06579233701551598, "KL_distance_1": 1.4739413092621168, "KL_distance_2": 0.6293831662565471, "KL_distance_3": 1.2151150736850773, "reward_param_1": 6.2459323450167155, "reward_param_2": 4.779317992356401, "reward_param_3": 12.31505537674662, "reward_param_4": 3.4639761513386196, "group_weight_1": 0.3083956741965179, "group_weight_2": 0.2869746101452058, "group_weight_3": 0.4046297156582764, "hist_group_loss_1": 33.0121356453794, "hist_group_loss_2": 25.81314869163597, "hist_group_loss_3": 60.171010803341495, "cur_group_loss_1": 0.16427443811479378, "cur_group_loss_2": 0.13087873989207466, "cur_group_loss_3": 0.2977893496535292, "train_group_loss_1": 21.354646499926254, "train_group_loss_2": 14.791734101911738, "train_group_loss_3": 16.97235674100834, "val_group_loss_1": 20.064654721867615, "val_group_loss_2": 7.203884246127482, "val_group_loss_3": 17.434077593759067, "_timestamp": 1726699300.449876, "_runtime": 14.066984176635742, "_step": 3, "final/reward_err_1": 0.10147604605719171, "final/reward_err_2": 0.002545745041700292, "final/reward_err_3": 0.06579233701551598, "final/reward_param_1": 6.2459323450167155, "final/reward_param_2": 4.779317992356401, "final/reward_param_3": 12.31505537674662, "final/reward_param_4": 3.4639761513386196, "optimal_reward_1": 3.8651840686798096, "optimal_reward_2": 3.8651840686798096, "optimal_reward_3": 3.337219715118408, "final/reward_1": 3.8319525718688965, "final/reward_2": 3.6041877269744873, "final/reward_3": 3.337219715118408, "reward_0_when_1_group_param_known": 3.8651840686798096, "reward_1_when_1_group_param_known": 3.4605093002319336, "reward_2_when_1_group_param_known": 3.3015952110290527, "reward_0_when_2_group_param_known": 3.4605093002319336, "reward_1_when_2_group_param_known": 3.8651840686798096, "reward_2_when_2_group_param_known": 3.1258203983306885, "reward_0_when_3_group_param_known": 3.8319525718688965, "reward_1_when_3_group_param_known": 3.6041877269744873, "reward_2_when_3_group_param_known": 3.337219715118408, "reward_error_0_when_1_group_param_known": 0.0, "reward_error_1_when_1_group_param_known": 0.10469741188447372, "reward_error_2_when_1_group_param_known": 0.010674905199669023, "reward_error_0_when_2_group_param_known": 0.10469741188447372, "reward_error_1_when_2_group_param_known": 0.0, "reward_error_2_when_2_group_param_known": 0.0633459390851702, "reward_error_0_when_3_group_param_known": 0.00859764922457202, "reward_error_1_when_3_group_param_known": 0.06752494501367125, "reward_error_2_when_3_group_param_known": 0.0, "_wandb": {"runtime": 13}}