{"Iteration": 99, "train_loss": 18.56879934610253, "val_loss": 18.8282911102287, "grad_norm": 0.23935679735137325, "max_reward_err": 0.051215926654175604, "max_reward_err_index": 0, "max_kl_dist": 0.5415604067338818, "max_kl_dist_index": 0, "max_train_grp_loss": 21.800668039462362, "max_train_grp_loss_index": 0, "max_val_grp_loss": 20.3475126889597, "max_val_grp_loss_index": 0, "max_cur_train_grp_loss": 21.80544290092028, "max_cur_train_grp_loss_index": 0, "reward_err_1": 0.053357207862411674, "reward_err_2": 0.03111548293548575, "reward_err_3": 0.02260641015024697, "reward_param_1": 5.995945469177402, "reward_param_2": 2.1134607200690234, "reward_param_3": 5.813374824492617, "reward_param_4": 5.703930963277866, "KL_distance_1": 0.5415604067338818, "KL_distance_2": 0.3823066139645207, "KL_distance_3": 0.4079217301476141, "hist_group_loss_1": 2218.035202480219, "hist_group_loss_2": 1527.2309356494463, "hist_group_loss_3": 1981.6410536719898, "cur_group_loss_1": 21.80544290092028, "cur_group_loss_2": 15.028322162405164, "cur_group_loss_3": 19.01337616689883, "train_group_loss_1": 21.800668039462362, "train_group_loss_2": 15.028132890039515, "train_group_loss_3": 19.001309628518808, "val_group_loss_1": 20.3475126889597, "val_group_loss_2": 16.52658861703579, "val_group_loss_3": 19.545717153249498, "_timestamp": 1726603487.4653099, "_runtime": 8.140995740890503, "_step": 2, "final/reward_err_1": 0.053357207862411674, "final/reward_err_2": 0.03111548293548575, "final/reward_err_3": 0.02260641015024697, "final/reward_param_1": 5.995945469177402, "final/reward_param_2": 2.1134607200690234, "final/reward_param_3": 5.813374824492617, "final/reward_param_4": 5.703930963277866, "optimal_reward_1": 3.8717610836029053, "optimal_reward_2": 3.8717610836029053, "optimal_reward_3": 3.3254706859588623, "final/reward_1": 3.828972101211548, "final/reward_2": 3.640883684158325, "final/reward_3": 3.3254706859588623, "reward_0_when_1_group_param_known": 3.8717610836029053, "reward_1_when_1_group_param_known": 3.543931722640991, "reward_2_when_1_group_param_known": 3.2762246131896973, "reward_0_when_2_group_param_known": 3.543931722640991, "reward_1_when_2_group_param_known": 3.8717610836029053, "reward_2_when_2_group_param_known": 3.1653871536254883, "reward_0_when_3_group_param_known": 3.828972101211548, "reward_1_when_3_group_param_known": 3.640883684158325, "reward_2_when_3_group_param_known": 3.3254706859588623, "reward_error_0_when_1_group_param_known": 0.0, "reward_error_1_when_1_group_param_known": 0.08467189836436118, "reward_error_2_when_1_group_param_known": 0.014808752630746911, "reward_error_0_when_2_group_param_known": 0.08467189836436118, "reward_error_1_when_2_group_param_known": 0.0, "reward_error_2_when_2_group_param_known": 0.04813860877177323, "reward_error_0_when_3_group_param_known": 0.01105155547241043, "reward_error_1_when_3_group_param_known": 0.05963110699737052, "reward_error_2_when_3_group_param_known": 0.0, "_wandb": {"runtime": 7}}