{"Iteration": 99, "train_loss": 18.936253487300508, "val_loss": 18.69387356170175, "grad_norm": 0.3470735977979348, "max_reward_err": 0.1269986282161257, "max_reward_err_index": 0, "max_kl_dist": 0.5495888418159941, "max_kl_dist_index": 0, "max_train_grp_loss": 20.842999943579635, "max_train_grp_loss_index": 0, "max_val_grp_loss": 20.76178532185986, "max_val_grp_loss_index": 0, "max_cur_train_grp_loss": 20.858881731775995, "max_cur_train_grp_loss_index": 0, "reward_err_1": 0.07794985146660206, "reward_err_2": 0.007171991031606248, "reward_err_3": 0.038902388805378225, "reward_param_1": 5.629683993346341, "reward_param_2": 2.4458145354617153, "reward_param_3": 6.016516956016204, "reward_param_4": 3.750975596769314, "KL_distance_1": 0.5495888418159941, "KL_distance_2": 0.2227215232329885, "KL_distance_3": 0.39415936538038954, "hist_group_loss_1": 2199.8285308151635, "hist_group_loss_2": 1689.203795095775, "hist_group_loss_3": 2181.444988066122, "cur_group_loss_1": 20.858881731775995, "cur_group_loss_2": 15.927870055893411, "cur_group_loss_3": 20.728639057203026, "train_group_loss_1": 20.842999943579635, "train_group_loss_2": 15.922270830092575, "train_group_loss_3": 20.712359755649306, "val_group_loss_1": 20.76178532185986, "val_group_loss_2": 15.094387595640631, "val_group_loss_3": 19.686661221589848, "_timestamp": 1726684616.9741719, "_runtime": 8.60832691192627, "_step": 2, "final/reward_err_1": 0.07794985146660206, "final/reward_err_2": 0.007171991031606248, "final/reward_err_3": 0.038902388805378225, "final/reward_param_1": 5.629683993346341, "final/reward_param_2": 2.4458145354617153, "final/reward_param_3": 6.016516956016204, "final/reward_param_4": 3.750975596769314, "optimal_reward_1": 3.8686554431915283, "optimal_reward_2": 3.8686554431915283, "optimal_reward_3": 3.3082499504089355, "final/reward_1": 3.8281407356262207, "final/reward_2": 3.6051533222198486, "final/reward_3": 3.3082499504089355, "reward_0_when_1_group_param_known": 3.8686554431915283, "reward_1_when_1_group_param_known": 3.4855799674987793, "reward_2_when_1_group_param_known": 3.2765629291534424, "reward_0_when_2_group_param_known": 3.4855799674987793, "reward_1_when_2_group_param_known": 3.8686554431915283, "reward_2_when_2_group_param_known": 3.1214022636413574, "reward_0_when_3_group_param_known": 3.8281407356262207, "reward_1_when_3_group_param_known": 3.6051533222198486, "reward_2_when_3_group_param_known": 3.3082499504089355, "reward_error_0_when_1_group_param_known": 0.0, "reward_error_1_when_1_group_param_known": 0.09902031372861753, "reward_error_2_when_1_group_param_known": 0.009578182341263635, "reward_error_0_when_2_group_param_known": 0.09902031372861753, "reward_error_1_when_2_group_param_known": 0.0, "reward_error_2_when_2_group_param_known": 0.05647931370617318, "reward_error_0_when_3_group_param_known": 0.01047255517071434, "reward_error_1_when_3_group_param_known": 0.068112067575162, "reward_error_2_when_3_group_param_known": 0.0, "_wandb": {"runtime": 8}}