{"Iteration": 199, "train_loss": 17.091086965218498, "val_loss": 15.891517792525894, "grad_norm": 0.025472995273386922, "live_grad": 2.4778625936375665e-14, "train_weighted_loss": 51.2732608956555, "val_weighted_loss": 47.67455337757769, "max_reward_err": 0.1340074942441711, "max_reward_err_index": 0, "max_kl_dist": 2.5200249322349295, "max_kl_dist_index": 0, "max_train_grp_loss": 18.60739030573585, "max_train_grp_loss_index": 2, "max_val_grp_loss": 21.188169919054765, "max_val_grp_loss_index": 0, "max_cur_train_grp_loss": 0.3721733998982833, "max_cur_train_grp_loss_index": 2, "reward_err_1": 0.1340074942441711, "reward_err_2": 0.004893434565735915, "reward_err_3": 0.1034259364068262, "KL_distance_1": 2.5200249322349295, "KL_distance_2": 0.7152829575859816, "KL_distance_3": 2.2498736169018874, "reward_param_1": 17.608195102670773, "reward_param_2": 3.4021358271949413, "reward_param_3": 1.4894942394809576, "reward_param_4": 4.244067654851491, "group_weight_1": 0.2830939592790728, "group_weight_2": 0.26983118679290624, "group_weight_3": 0.4470748539280211, "hist_group_loss_1": 29.23550621717268, "hist_group_loss_2": 24.437273740298597, "hist_group_loss_3": 74.9302247091225, "cur_group_loss_1": 0.14509968508508553, "cur_group_loss_2": 0.12349822165240894, "cur_group_loss_3": 0.3721733998982833, "train_group_loss_1": 18.136090404363156, "train_group_loss_2": 15.439562189866901, "train_group_loss_3": 18.60739030573585, "val_group_loss_1": 21.188169919054765, "val_group_loss_2": 7.124999529239649, "val_group_loss_3": 19.74173358014869, "_timestamp": 1726692890.971862, "_runtime": 14.18832802772522, "_step": 3, "final/reward_err_1": 0.1340074942441711, "final/reward_err_2": 0.004893434565735915, "final/reward_err_3": 0.1034259364068262, "final/reward_param_1": 17.608195102670773, "final/reward_param_2": 3.4021358271949413, "final/reward_param_3": 1.4894942394809576, "final/reward_param_4": 4.244067654851491, "optimal_reward_1": 3.831752300262451, "optimal_reward_2": 3.831752300262451, "optimal_reward_3": 3.2963407039642334, "final/reward_1": 3.795030355453491, "final/reward_2": 3.565478563308716, "final/reward_3": 3.2963407039642334, "reward_0_when_1_group_param_known": 3.831752300262451, "reward_1_when_1_group_param_known": 3.4357662200927734, "reward_2_when_1_group_param_known": 3.262315034866333, "reward_0_when_2_group_param_known": 3.4357662200927734, "reward_1_when_2_group_param_known": 3.831752300262451, "reward_2_when_2_group_param_known": 3.0935750007629395, "reward_0_when_3_group_param_known": 3.795030355453491, "reward_1_when_3_group_param_known": 3.565478563308716, "reward_2_when_3_group_param_known": 3.2963407039642334, "reward_error_0_when_1_group_param_known": 0.0, "reward_error_1_when_1_group_param_known": 0.1033433398454684, "reward_error_2_when_1_group_param_known": 0.010322254934685776, "reward_error_0_when_2_group_param_known": 0.1033433398454684, "reward_error_1_when_2_group_param_known": 0.0, "reward_error_2_when_2_group_param_known": 0.061512362164943865, "reward_error_0_when_3_group_param_known": 0.009583590464979884, "reward_error_1_when_3_group_param_known": 0.06949137524768949, "reward_error_2_when_3_group_param_known": 0.0, "_wandb": {"runtime": 14}}