{"Iteration": 99, "train_loss": 15.713152342835256, "val_loss": 14.81650306536711, "grad_norm": 0.013913302086947002, "live_grad": 3.232404585669962e-14, "train_weighted_loss": 47.139457028505774, "val_weighted_loss": 44.44950919610133, "max_reward_err": 0.09440408265139953, "max_reward_err_index": 0, "max_kl_dist": 1.7297078458014326, "max_kl_dist_index": 0, "max_train_grp_loss": 19.84785937029155, "max_train_grp_loss_index": 0, "max_val_grp_loss": 20.71850557249454, "max_val_grp_loss_index": 0, "max_cur_train_grp_loss": 0.349910871918719, "max_cur_train_grp_loss_index": 2, "reward_err_1": 0.09440408265139953, "reward_err_2": 0.0006868791189994542, "reward_err_3": 0.054505186252594505, "KL_distance_1": 1.7297078458014326, "KL_distance_2": 0.9552840021007418, "KL_distance_3": 1.3992098305904879, "reward_param_1": 11.535813938030811, "reward_param_2": 4.984122672508004, "reward_param_3": 11.482627663174318, "reward_param_4": 3.993543012688474, "group_weight_1": 0.31824961404780183, "group_weight_2": 0.295851089574669, "group_weight_3": 0.38589929637752923, "hist_group_loss_1": 15.971419927161882, "hist_group_loss_2": 8.673442654532987, "hist_group_loss_3": 35.24546197809939, "cur_group_loss_1": 0.15879561302040962, "cur_group_loss_2": 0.08690878131913297, "cur_group_loss_3": 0.349910871918719, "train_group_loss_1": 19.84785937029155, "train_group_loss_2": 10.866080109281038, "train_group_loss_3": 17.494065358080082, "val_group_loss_1": 20.71850557249454, "val_group_loss_2": 6.480017451911754, "val_group_loss_3": 17.489811775948397, "_timestamp": 1726690354.2643552, "_runtime": 9.90611219406128, "_step": 2, "final/reward_err_1": 0.09440408265139953, "final/reward_err_2": 0.0006868791189994542, "final/reward_err_3": 0.054505186252594505, "final/reward_param_1": 11.535813938030811, "final/reward_param_2": 4.984122672508004, "final/reward_param_3": 11.482627663174318, "final/reward_param_4": 3.993543012688474, "optimal_reward_1": 3.824740409851074, "optimal_reward_2": 3.824740409851074, "optimal_reward_3": 3.2862327098846436, "final/reward_1": 3.7884345054626465, "final/reward_2": 3.5667476654052734, "final/reward_3": 3.2862327098846436, "reward_0_when_1_group_param_known": 3.824740409851074, "reward_1_when_1_group_param_known": 3.4372060298919678, "reward_2_when_1_group_param_known": 3.2528157234191895, "reward_0_when_2_group_param_known": 3.4372060298919678, "reward_1_when_2_group_param_known": 3.824740409851074, "reward_2_when_2_group_param_known": 3.087484836578369, "reward_0_when_3_group_param_known": 3.7884345054626465, "reward_1_when_3_group_param_known": 3.5667476654052734, "reward_2_when_3_group_param_known": 3.2862327098846436, "reward_error_0_when_1_group_param_known": 0.0, "reward_error_1_when_1_group_param_known": 0.10132305422897865, "reward_error_2_when_1_group_param_known": 0.010168782741690603, "reward_error_0_when_2_group_param_known": 0.10132305422897865, "reward_error_1_when_2_group_param_known": 0.0, "reward_error_2_when_2_group_param_known": 0.060478940736138874, "reward_error_0_when_3_group_param_known": 0.00949238392621825, "reward_error_1_when_3_group_param_known": 0.06745366137302018, "reward_error_2_when_3_group_param_known": 0.0, "_wandb": {"runtime": 10}}