{"Iteration": 99, "train_loss": 14.8586530747702, "val_loss": 15.992471192539675, "grad_norm": 0.006961318483246382, "live_grad": 2.5374805435065498e-14, "train_weighted_loss": 44.57595922431061, "val_weighted_loss": 47.97741357761903, "max_reward_err": 0.08636565676258638, "max_reward_err_index": 0, "max_kl_dist": 2.0788423429398875, "max_kl_dist_index": 0, "max_train_grp_loss": 17.860262835766278, "max_train_grp_loss_index": 0, "max_val_grp_loss": 19.252476218455957, "max_val_grp_loss_index": 0, "max_cur_train_grp_loss": 0.18484123604145394, "max_cur_train_grp_loss_index": 2, "reward_err_1": 0.08636565676258638, "reward_err_2": 0.004135357839783277, "reward_err_3": 0.05030158114379765, "KL_distance_1": 2.0788423429398875, "KL_distance_2": 1.1979081731390515, "KL_distance_3": 1.7506187081784939, "reward_param_1": 9.812781422156434, "reward_param_2": 7.222023290601039, "reward_param_3": 14.95270171585719, "reward_param_4": 5.135542805995941, "group_weight_1": 0.3350838774917991, "group_weight_2": 0.3178981227312584, "group_weight_3": 0.3470179997769426, "hist_group_loss_1": 15.09500072494948, "hist_group_loss_2": 9.830008887339142, "hist_group_loss_3": 18.594577734943357, "cur_group_loss_1": 0.15009667198712126, "cur_group_loss_2": 0.09893710387291844, "cur_group_loss_3": 0.18484123604145394, "train_group_loss_1": 17.860262835766278, "train_group_loss_2": 8.90715805201695, "train_group_loss_3": 16.819565058168653, "val_group_loss_1": 19.252476218455957, "val_group_loss_2": 11.698786610576397, "val_group_loss_3": 16.867127684849137, "_timestamp": 1726659827.727081, "_runtime": 9.562855005264282, "_step": 2, "final/reward_err_1": 0.08636565676258638, "final/reward_err_2": 0.004135357839783277, "final/reward_err_3": 0.05030158114379765, "final/reward_param_1": 9.812781422156434, "final/reward_param_2": 7.222023290601039, "final/reward_param_3": 14.95270171585719, "final/reward_param_4": 5.135542805995941, "optimal_reward_1": 3.8668320178985596, "optimal_reward_2": 3.8668320178985596, "optimal_reward_3": 3.3432865142822266, "final/reward_1": 3.834106922149658, "final/reward_2": 3.6062734127044678, "final/reward_3": 3.3432865142822266, "reward_0_when_1_group_param_known": 3.8668320178985596, "reward_1_when_1_group_param_known": 3.456228494644165, "reward_2_when_1_group_param_known": 3.3080341815948486, "reward_0_when_2_group_param_known": 3.456228494644165, "reward_1_when_2_group_param_known": 3.8668320178985596, "reward_2_when_2_group_param_known": 3.1274757385253906, "reward_0_when_3_group_param_known": 3.834106922149658, "reward_1_when_3_group_param_known": 3.6062734127044678, "reward_2_when_3_group_param_known": 3.3432865142822266, "reward_error_0_when_1_group_param_known": 0.0, "reward_error_1_when_1_group_param_known": 0.10618602549937976, "reward_error_2_when_1_group_param_known": 0.010544215261474917, "reward_error_0_when_2_group_param_known": 0.10618602549937976, "reward_error_1_when_2_group_param_known": 0.0, "reward_error_2_when_2_group_param_known": 0.06455048792106546, "reward_error_0_when_3_group_param_known": 0.008463024925164944, "reward_error_1_when_3_group_param_known": 0.06738296465634758, "reward_error_2_when_3_group_param_known": 0.0, "_wandb": {"runtime": 9}}