{"Iteration": 99, "train_loss": 14.71215343320568, "val_loss": 13.976468214087891, "grad_norm": 0.01842520444712374, "live_grad": 2.622459825181809e-14, "train_weighted_loss": 44.13646029961704, "val_weighted_loss": 41.92940464226368, "max_reward_err": 0.10581809994572128, "max_reward_err_index": 0, "max_kl_dist": 1.9442955148023113, "max_kl_dist_index": 0, "max_train_grp_loss": 20.697918073052133, "max_train_grp_loss_index": 0, "max_val_grp_loss": 20.004585225427558, "max_val_grp_loss_index": 0, "max_cur_train_grp_loss": 0.3630492590397487, "max_cur_train_grp_loss_index": 2, "reward_err_1": 0.10581809994572128, "reward_err_2": 0.0010885017234973933, "reward_err_3": 0.06676267244806702, "KL_distance_1": 1.9442955148023113, "KL_distance_2": 1.0230489354065333, "KL_distance_3": 1.5873354254294205, "reward_param_1": 14.056902148143275, "reward_param_2": 5.0288078825619165, "reward_param_3": 9.830870149513524, "reward_param_4": 3.0977465504094397, "group_weight_1": 0.3206922571636986, "group_weight_2": 0.2876906668719662, "group_weight_3": 0.3916170759643353, "hist_group_loss_1": 16.652575353448682, "hist_group_loss_2": 5.792962022082949, "hist_group_loss_3": 36.63283060109723, "cur_group_loss_1": 0.16560038324849669, "cur_group_loss_2": 0.05877987923904544, "cur_group_loss_3": 0.3630492590397487, "train_group_loss_1": 20.697918073052133, "train_group_loss_2": 7.351398687595097, "train_group_loss_3": 18.149628697616, "val_group_loss_1": 20.004585225427558, "val_group_loss_2": 5.729233321593609, "val_group_loss_3": 16.770278501296566, "_timestamp": 1726690163.20896, "_runtime": 9.672096014022827, "_step": 2, "final/reward_err_1": 0.10581809994572128, "final/reward_err_2": 0.0010885017234973933, "final/reward_err_3": 0.06676267244806702, "final/reward_param_1": 14.056902148143275, "final/reward_param_2": 5.0288078825619165, "final/reward_param_3": 9.830870149513524, "final/reward_param_4": 3.0977465504094397, "optimal_reward_1": 3.828052282333374, "optimal_reward_2": 3.828052282333374, "optimal_reward_3": 3.2916338443756104, "final/reward_1": 3.7912938594818115, "final/reward_2": 3.5654032230377197, "final/reward_3": 3.2916338443756104, "reward_0_when_1_group_param_known": 3.828052282333374, "reward_1_when_1_group_param_known": 3.4364659786224365, "reward_2_when_1_group_param_known": 3.2576518058776855, "reward_0_when_2_group_param_known": 3.4364659786224365, "reward_1_when_2_group_param_known": 3.828052282333374, "reward_2_when_2_group_param_known": 3.0915684700012207, "reward_0_when_3_group_param_known": 3.7912938594818115, "reward_1_when_3_group_param_known": 3.5654032230377197, "reward_2_when_3_group_param_known": 3.2916338443756104, "reward_error_0_when_1_group_param_known": 0.0, "reward_error_1_when_1_group_param_known": 0.10229387553511878, "reward_error_2_when_1_group_param_known": 0.010323760206801147, "reward_error_0_when_2_group_param_known": 0.10229387553511878, "reward_error_1_when_2_group_param_known": 0.0, "reward_error_2_when_2_group_param_known": 0.06077996029729729, "reward_error_0_when_3_group_param_known": 0.009602382658461642, "reward_error_1_when_3_group_param_known": 0.06861166983214702, "reward_error_2_when_3_group_param_known": 0.0, "_wandb": {"runtime": 9}}