{"Iteration": 99, "train_loss": 15.041792998280961, "val_loss": 17.074902193032386, "grad_norm": 0.0055637564612616985, "live_grad": 6.9012663441370375e-15, "train_weighted_loss": 45.12537899484288, "val_weighted_loss": 51.22470657909716, "max_reward_err": 0.09143217492894684, "max_reward_err_index": 0, "max_kl_dist": 1.6980409435126569, "max_kl_dist_index": 0, "max_train_grp_loss": 17.341422607519878, "max_train_grp_loss_index": 0, "max_val_grp_loss": 19.149685178761032, "max_val_grp_loss_index": 0, "max_cur_train_grp_loss": 0.17057961047929907, "max_cur_train_grp_loss_index": 2, "reward_err_1": 0.09143217492894684, "reward_err_2": 0.010938229141932387, "reward_err_3": 0.05394701371547281, "KL_distance_1": 1.6980409435126569, "KL_distance_2": 0.9356327408075215, "KL_distance_3": 1.439324514900152, "reward_param_1": 13.644006795107595, "reward_param_2": 6.472339943683428, "reward_param_3": 7.176231983409471, "reward_param_4": 5.081574735676067, "group_weight_1": 0.3382360475691115, "group_weight_2": 0.32163279366234987, "group_weight_3": 0.3401311587685386, "hist_group_loss_1": 16.59521189248711, "hist_group_loss_2": 11.561860404585392, "hist_group_loss_3": 17.15394059040048, "cur_group_loss_1": 0.16516361834446855, "cur_group_loss_2": 0.11610227134113361, "cur_group_loss_3": 0.17057961047929907, "train_group_loss_1": 17.341422607519878, "train_group_loss_2": 11.727928098369752, "train_group_loss_3": 16.03369986978039, "val_group_loss_1": 19.149685178761032, "val_group_loss_2": 14.512864171712245, "val_group_loss_3": 17.453012115201705, "_timestamp": 1726602779.135851, "_runtime": 9.563162803649902, "_step": 2, "final/reward_err_1": 0.09143217492894684, "final/reward_err_2": 0.010938229141932387, "final/reward_err_3": 0.05394701371547281, "final/reward_param_1": 13.644006795107595, "final/reward_param_2": 6.472339943683428, "final/reward_param_3": 7.176231983409471, "final/reward_param_4": 5.081574735676067, "optimal_reward_1": 3.8737521171569824, "optimal_reward_2": 3.8737521171569824, "optimal_reward_3": 3.3174588680267334, "final/reward_1": 3.83065128326416, "final/reward_2": 3.603095769882202, "final/reward_3": 3.3174588680267334, "reward_0_when_1_group_param_known": 3.8737521171569824, "reward_1_when_1_group_param_known": 3.4834368228912354, "reward_2_when_1_group_param_known": 3.283886432647705, "reward_0_when_2_group_param_known": 3.4834368228912354, "reward_1_when_2_group_param_known": 3.8737521171569824, "reward_2_when_2_group_param_known": 3.128574848175049, "reward_0_when_3_group_param_known": 3.83065128326416, "reward_1_when_3_group_param_known": 3.603095769882202, "reward_2_when_3_group_param_known": 3.3174588680267334, "reward_error_0_when_1_group_param_known": 0.0, "reward_error_1_when_1_group_param_known": 0.10075897539675477, "reward_error_2_when_1_group_param_known": 0.010119925133841261, "reward_error_0_when_2_group_param_known": 0.10075897539675477, "reward_error_1_when_2_group_param_known": 0.0, "reward_error_2_when_2_group_param_known": 0.05693635621894995, "reward_error_0_when_3_group_param_known": 0.011126378918756102, "reward_error_1_when_3_group_param_known": 0.06986929960645492, "reward_error_2_when_3_group_param_known": 0.0, "_wandb": {"runtime": 9}}