{"Iteration": 99, "train_loss": 17.97521068082761, "val_loss": 17.788767711140004, "grad_norm": 0.00738126960642913, "live_grad": 2.056791157060949e-14, "train_weighted_loss": 53.92563204248282, "val_weighted_loss": 53.366303133420004, "max_reward_err": 0.08821921101303612, "max_reward_err_index": 0, "max_kl_dist": 1.4698119244634402, "max_kl_dist_index": 0, "max_train_grp_loss": 21.399050670909496, "max_train_grp_loss_index": 0, "max_val_grp_loss": 20.625518870768513, "max_val_grp_loss_index": 0, "max_cur_train_grp_loss": 0.24045193275544283, "max_cur_train_grp_loss_index": 0, "reward_err_1": 0.08821921101303612, "reward_err_2": 0.0009440773406566546, "reward_err_3": 0.046934827076716805, "KL_distance_1": 1.4698119244634402, "KL_distance_2": 0.658905347238507, "KL_distance_3": 1.1517315399548722, "reward_param_1": 9.925528746944357, "reward_param_2": 3.2352705380840754, "reward_param_3": 9.545537593267035, "reward_param_4": 4.467174174940596, "group_weight_1": 0.35227580312322265, "group_weight_2": 0.317490685603537, "group_weight_3": 0.33023351127324024, "hist_group_loss_1": 24.116903499983373, "hist_group_loss_2": 13.720311582295016, "hist_group_loss_3": 17.655464874388546, "cur_group_loss_1": 0.24045193275544283, "cur_group_loss_2": 0.13780638622181465, "cur_group_loss_3": 0.17592163374382655, "train_group_loss_1": 21.399050670909496, "train_group_loss_2": 14.609431018221624, "train_group_loss_3": 18.470933396246146, "val_group_loss_1": 20.625518870768513, "val_group_loss_2": 13.116384641808374, "val_group_loss_3": 18.966648251285864, "_timestamp": 1726667816.678598, "_runtime": 9.486176013946533, "_step": 2, "final/reward_err_1": 0.08821921101303612, "final/reward_err_2": 0.0009440773406566546, "final/reward_err_3": 0.046934827076716805, "final/reward_param_1": 9.925528746944357, "final/reward_param_2": 3.2352705380840754, "final/reward_param_3": 9.545537593267035, "final/reward_param_4": 4.467174174940596, "optimal_reward_1": 3.895703077316284, "optimal_reward_2": 3.895703077316284, "optimal_reward_3": 3.399937152862549, "final/reward_1": 3.8558998107910156, "final/reward_2": 3.6177587509155273, "final/reward_3": 3.399937152862549, "reward_0_when_1_group_param_known": 3.895703077316284, "reward_1_when_1_group_param_known": 3.5065040588378906, "reward_2_when_1_group_param_known": 3.358201503753662, "reward_0_when_2_group_param_known": 3.5065040588378906, "reward_1_when_2_group_param_known": 3.895703077316284, "reward_2_when_2_group_param_known": 3.206737756729126, "reward_0_when_3_group_param_known": 3.8558998107910156, "reward_1_when_3_group_param_known": 3.6177587509155273, "reward_2_when_3_group_param_known": 3.399937152862549, "reward_error_0_when_1_group_param_known": 0.0, "reward_error_1_when_1_group_param_known": 0.09990469262008268, "reward_error_2_when_1_group_param_known": 0.012275417818752249, "reward_error_0_when_2_group_param_known": 0.09990469262008268, "reward_error_1_when_2_group_param_known": 0.0, "reward_error_2_when_2_group_param_known": 0.056824402171893156, "reward_error_0_when_3_group_param_known": 0.010217222856904351, "reward_error_1_when_3_group_param_known": 0.07134638366541791, "reward_error_2_when_3_group_param_known": 0.0, "_wandb": {"runtime": 9}}