{"Iteration": 99, "train_loss": 16.128415085174712, "val_loss": 17.74162124795878, "grad_norm": 0.009023439849779625, "live_grad": 1.5652963514331357e-14, "train_weighted_loss": 48.38524525552414, "val_weighted_loss": 53.22486374387635, "max_reward_err": 0.07898796232208662, "max_reward_err_index": 0, "max_kl_dist": 1.6999227307814364, "max_kl_dist_index": 0, "max_train_grp_loss": 18.768357830282554, "max_train_grp_loss_index": 0, "max_val_grp_loss": 20.03147193552813, "max_val_grp_loss_index": 0, "max_cur_train_grp_loss": 0.1935040764567477, "max_cur_train_grp_loss_index": 0, "reward_err_1": 0.07898796232208662, "reward_err_2": 0.0033535512413335315, "reward_err_3": 0.04366649714955688, "KL_distance_1": 1.6999227307814364, "KL_distance_2": 1.014179462048383, "KL_distance_3": 1.4001015270373414, "reward_param_1": 12.358923889437978, "reward_param_2": 3.550614429717039, "reward_param_3": 10.559663773347273, "reward_param_4": 6.383956692769459, "group_weight_1": 0.34395976319073146, "group_weight_2": 0.3154571169013914, "group_weight_3": 0.3405831199078772, "hist_group_loss_1": 19.45969798893307, "hist_group_loss_2": 10.809504849588091, "hist_group_loss_3": 18.473150395524506, "cur_group_loss_1": 0.1935040764567477, "cur_group_loss_2": 0.10844215098736071, "cur_group_loss_3": 0.18373722571265405, "train_group_loss_1": 18.768357830282554, "train_group_loss_2": 10.955720978438189, "train_group_loss_3": 18.73986271757596, "val_group_loss_1": 20.03147193552813, "val_group_loss_2": 16.367593086132757, "val_group_loss_3": 16.801964837947697, "_timestamp": 1726667853.778954, "_runtime": 9.456823110580444, "_step": 2, "final/reward_err_1": 0.07898796232208662, "final/reward_err_2": 0.0033535512413335315, "final/reward_err_3": 0.04366649714955688, "final/reward_param_1": 12.358923889437978, "final/reward_param_2": 3.550614429717039, "final/reward_param_3": 10.559663773347273, "final/reward_param_4": 6.383956692769459, "optimal_reward_1": 3.8683152198791504, "optimal_reward_2": 3.8683152198791504, "optimal_reward_3": 3.3211145401000977, "final/reward_1": 3.825526475906372, "final/reward_2": 3.6363391876220703, "final/reward_3": 3.3211145401000977, "reward_0_when_1_group_param_known": 3.8683152198791504, "reward_1_when_1_group_param_known": 3.5409886837005615, "reward_2_when_1_group_param_known": 3.2718687057495117, "reward_0_when_2_group_param_known": 3.5409886837005615, "reward_1_when_2_group_param_known": 3.8683152198791504, "reward_2_when_2_group_param_known": 3.1612870693206787, "reward_0_when_3_group_param_known": 3.825526475906372, "reward_1_when_3_group_param_known": 3.6363391876220703, "reward_2_when_3_group_param_known": 3.3211145401000977, "reward_error_0_when_1_group_param_known": 0.0, "reward_error_1_when_1_group_param_known": 0.08461733792956377, "reward_error_2_when_1_group_param_known": 0.014828104769039877, "reward_error_0_when_2_group_param_known": 0.08461733792956377, "reward_error_1_when_2_group_param_known": 0.0, "reward_error_2_when_2_group_param_known": 0.048124648773661925, "reward_error_0_when_3_group_param_known": 0.011061338474405682, "reward_error_1_when_3_group_param_known": 0.059968233991108726, "reward_error_2_when_3_group_param_known": 0.0, "_wandb": {"runtime": 9}}