{"Iteration": 99, "train_loss": 18.21423949806586, "val_loss": 19.022878767057744, "grad_norm": 0.0044172693253191325, "live_grad": 2.7315096648544888e-14, "train_weighted_loss": 54.64271849419758, "val_weighted_loss": 57.06863630117323, "max_reward_err": 0.10592515414670367, "max_reward_err_index": 0, "max_kl_dist": 1.3087013663082516, "max_kl_dist_index": 0, "max_train_grp_loss": 19.77400715577425, "max_train_grp_loss_index": 0, "max_val_grp_loss": 20.299635056437644, "max_val_grp_loss_index": 0, "max_cur_train_grp_loss": 0.21494355539249552, "max_cur_train_grp_loss_index": 0, "reward_err_1": 0.10592515414670367, "reward_err_2": 0.000472064532821332, "reward_err_3": 0.06836113643410253, "KL_distance_1": 1.3087013663082516, "KL_distance_2": 0.6262789748145683, "KL_distance_3": 1.05588647262807, "reward_param_1": 11.393560675213953, "reward_param_2": 3.0568734087165574, "reward_param_3": 7.329078859301692, "reward_param_4": 3.733613555275453, "group_weight_1": 0.3434655952911153, "group_weight_2": 0.3229966933657783, "group_weight_3": 0.33353771134310645, "hist_group_loss_1": 21.551316971321754, "hist_group_loss_2": 15.406830824864233, "hist_group_loss_3": 18.61821587895147, "cur_group_loss_1": 0.21494355539249552, "cur_group_loss_2": 0.15414063449678775, "cur_group_loss_3": 0.1855474900147367, "train_group_loss_1": 19.77400715577425, "train_group_loss_2": 17.110849558798567, "train_group_loss_3": 17.997514330534905, "val_group_loss_1": 20.299635056437644, "val_group_loss_2": 18.262674104970866, "val_group_loss_3": 18.61578016989018, "_timestamp": 1726605817.44837, "_runtime": 9.48025393486023, "_step": 2, "final/reward_err_1": 0.10592515414670367, "final/reward_err_2": 0.000472064532821332, "final/reward_err_3": 0.06836113643410253, "final/reward_param_1": 11.393560675213953, "final/reward_param_2": 3.0568734087165574, "final/reward_param_3": 7.329078859301692, "final/reward_param_4": 3.733613555275453, "optimal_reward_1": 3.860135793685913, "optimal_reward_2": 3.860135793685913, "optimal_reward_3": 3.268871545791626, "final/reward_1": 3.820385217666626, "final/reward_2": 3.60957407951355, "final/reward_3": 3.268871545791626, "reward_0_when_1_group_param_known": 3.860135793685913, "reward_1_when_1_group_param_known": 3.485208511352539, "reward_2_when_1_group_param_known": 3.23291015625, "reward_0_when_2_group_param_known": 3.485208511352539, "reward_1_when_2_group_param_known": 3.860135793685913, "reward_2_when_2_group_param_known": 3.0802385807037354, "reward_0_when_3_group_param_known": 3.820385217666626, "reward_1_when_3_group_param_known": 3.60957407951355, "reward_2_when_3_group_param_known": 3.268871545791626, "reward_error_0_when_1_group_param_known": 0.0, "reward_error_1_when_1_group_param_known": 0.09712800335849549, "reward_error_2_when_1_group_param_known": 0.011001163257064349, "reward_error_0_when_2_group_param_known": 0.09712800335849549, "reward_error_1_when_2_group_param_known": 0.0, "reward_error_2_when_2_group_param_known": 0.05770583592700006, "reward_error_0_when_3_group_param_known": 0.010297714418313411, "reward_error_1_when_3_group_param_known": 0.06491007766675233, "reward_error_2_when_3_group_param_known": 0.0, "_wandb": {"runtime": 9}}