{"Iteration": 99, "train_loss": 18.54035089236968, "val_loss": 18.59547359965557, "grad_norm": 0.4274519346662038, "max_reward_err": 0.10569704771973529, "max_reward_err_index": 0, "max_kl_dist": 0.6867726867999999, "max_kl_dist_index": 0, "max_train_grp_loss": 21.560229003784368, "max_train_grp_loss_index": 0, "max_val_grp_loss": 21.72726970469746, "max_val_grp_loss_index": 0, "max_cur_train_grp_loss": 21.570691924677966, "max_cur_train_grp_loss_index": 0, "reward_err_1": 0.09671061094607677, "reward_err_2": 0.0027953891350373434, "reward_err_3": 0.056922394846505166, "reward_param_1": 5.756231023281013, "reward_param_2": 3.6105732706256517, "reward_param_3": 6.905829662668815, "reward_param_4": 1.4759188363890565, "KL_distance_1": 0.6867726867999999, "KL_distance_2": 0.254828998366419, "KL_distance_3": 0.49880934410082384, "hist_group_loss_1": 2226.7157318172253, "hist_group_loss_2": 1424.5291144873372, "hist_group_loss_3": 2222.9930419729717, "cur_group_loss_1": 21.570691924677966, "cur_group_loss_2": 11.68049942693269, "cur_group_loss_3": 21.42215427460222, "train_group_loss_1": 21.560229003784368, "train_group_loss_2": 11.646343997695203, "train_group_loss_3": 21.409528093054906, "val_group_loss_1": 21.72726970469746, "val_group_loss_2": 12.412999241359875, "val_group_loss_3": 21.37221526569275, "_timestamp": 1726606953.1784582, "_runtime": 8.20691728591919, "_step": 2, "final/reward_err_1": 0.09671061094607677, "final/reward_err_2": 0.0027953891350373434, "final/reward_err_3": 0.056922394846505166, "final/reward_param_1": 5.756231023281013, "final/reward_param_2": 3.6105732706256517, "final/reward_param_3": 6.905829662668815, "final/reward_param_4": 1.4759188363890565, "optimal_reward_1": 3.8328447341918945, "optimal_reward_2": 3.8328447341918945, "optimal_reward_3": 3.272308111190796, "final/reward_1": 3.796973705291748, "final/reward_2": 3.567776918411255, "final/reward_3": 3.272308111190796, "reward_0_when_1_group_param_known": 3.8328447341918945, "reward_1_when_1_group_param_known": 3.4360735416412354, "reward_2_when_1_group_param_known": 3.2429821491241455, "reward_0_when_2_group_param_known": 3.4360735416412354, "reward_1_when_2_group_param_known": 3.8328447341918945, "reward_2_when_2_group_param_known": 3.0682969093322754, "reward_0_when_3_group_param_known": 3.796973705291748, "reward_1_when_3_group_param_known": 3.567776918411255, "reward_2_when_3_group_param_known": 3.272308111190796, "reward_error_0_when_1_group_param_known": 0.0, "reward_error_1_when_1_group_param_known": 0.1035187230547478, "reward_error_2_when_1_group_param_known": 0.008961858440640128, "reward_error_0_when_2_group_param_known": 0.1035187230547478, "reward_error_1_when_2_group_param_known": 0.0, "reward_error_2_when_2_group_param_known": 0.06234474105932544, "reward_error_0_when_3_group_param_known": 0.0093588525984759, "reward_error_1_when_3_group_param_known": 0.06915694064412076, "reward_error_2_when_3_group_param_known": 0.0, "_wandb": {"runtime": 8}}