{"Iteration": 99, "train_loss": 19.239471692544583, "val_loss": 19.51165113342632, "grad_norm": 0.38546217605861643, "max_reward_err": 0.08671483619422998, "max_reward_err_index": 1, "max_kl_dist": 0.5138671090118365, "max_kl_dist_index": 0, "max_train_grp_loss": 20.878845457672206, "max_train_grp_loss_index": 0, "max_val_grp_loss": 20.537100041467315, "max_val_grp_loss_index": 0, "max_cur_train_grp_loss": 20.88849367147521, "max_cur_train_grp_loss_index": 0, "reward_err_1": 0.06557542591830047, "reward_err_2": 0.025294889892072504, "reward_err_3": 0.03556639482654522, "reward_param_1": 6.651994219186895, "reward_param_2": 4.775293975583096, "reward_param_3": 4.013003842849398, "reward_param_4": 3.4311001653418054, "KL_distance_1": 0.5138671090118365, "KL_distance_2": 0.3149942913563758, "KL_distance_3": 0.3948241027725388, "hist_group_loss_1": 2152.521668532229, "hist_group_loss_2": 1893.4849818729729, "hist_group_loss_3": 2035.7747633142737, "cur_group_loss_1": 20.88849367147521, "cur_group_loss_2": 17.255731520149638, "cur_group_loss_3": 19.36773908334875, "train_group_loss_1": 20.878845457672206, "train_group_loss_2": 17.235789997043224, "train_group_loss_3": 19.35223514699555, "val_group_loss_1": 20.537100041467315, "val_group_loss_2": 17.782243116949836, "val_group_loss_3": 20.24474424484501, "_timestamp": 1726605662.1600692, "_runtime": 8.41468620300293, "_step": 2, "final/reward_err_1": 0.06557542591830047, "final/reward_err_2": 0.025294889892072504, "final/reward_err_3": 0.03556639482654522, "final/reward_param_1": 6.651994219186895, "final/reward_param_2": 4.775293975583096, "final/reward_param_3": 4.013003842849398, "final/reward_param_4": 3.4311001653418054, "optimal_reward_1": 3.7658329010009766, "optimal_reward_2": 3.7658329010009766, "optimal_reward_3": 3.2313315868377686, "final/reward_1": 3.727386713027954, "final/reward_2": 3.5327694416046143, "final/reward_3": 3.2313315868377686, "reward_0_when_1_group_param_known": 3.7658329010009766, "reward_1_when_1_group_param_known": 3.411930561065674, "reward_2_when_1_group_param_known": 3.1902992725372314, "reward_0_when_2_group_param_known": 3.411930561065674, "reward_1_when_2_group_param_known": 3.7658329010009766, "reward_2_when_2_group_param_known": 3.0509254932403564, "reward_0_when_3_group_param_known": 3.727386713027954, "reward_1_when_3_group_param_known": 3.5327694416046143, "reward_2_when_3_group_param_known": 3.2313315868377686, "reward_error_0_when_1_group_param_known": 0.0, "reward_error_1_when_1_group_param_known": 0.09397717563124848, "reward_error_2_when_1_group_param_known": 0.012698267942440401, "reward_error_0_when_2_group_param_known": 0.09397717563124848, "reward_error_1_when_2_group_param_known": 0.0, "reward_error_2_when_2_group_param_known": 0.055830263391186144, "reward_error_0_when_3_group_param_known": 0.01020921240631874, "reward_error_1_when_3_group_param_known": 0.06188895405699305, "reward_error_2_when_3_group_param_known": 0.0, "_wandb": {"runtime": 8}}