{"Iteration": 99, "train_loss": 14.776665061229453, "val_loss": 15.22334253278662, "grad_norm": 0.021745918722113844, "live_grad": 1.4130832128153976e-14, "train_weighted_loss": 44.32999518368837, "val_weighted_loss": 45.670027598359866, "max_reward_err": 0.09696627228947508, "max_reward_err_index": 0, "max_kl_dist": 1.8490480510760445, "max_kl_dist_index": 0, "max_train_grp_loss": 19.32186934686916, "max_train_grp_loss_index": 0, "max_val_grp_loss": 19.154567112671778, "max_val_grp_loss_index": 0, "max_cur_train_grp_loss": 0.43198496410054316, "max_cur_train_grp_loss_index": 2, "reward_err_1": 0.09696627228947508, "reward_err_2": 0.0028955783560659113, "reward_err_3": 0.05624233230795264, "KL_distance_1": 1.8490480510760445, "KL_distance_2": 1.0086977359661793, "KL_distance_3": 1.5358206450190646, "reward_param_1": 9.171274165911608, "reward_param_2": 5.195636994146835, "reward_param_3": 13.687455382901126, "reward_param_4": 5.3256075210175595, "group_weight_1": 0.3073534720942601, "group_weight_2": 0.28374788461652056, "group_weight_3": 0.4088986432892194, "hist_group_loss_1": 15.083735599894963, "hist_group_loss_2": 7.092500950748356, "hist_group_loss_3": 43.630620524820806, "cur_group_loss_1": 0.14979977460024912, "cur_group_loss_2": 0.07183039015612823, "cur_group_loss_3": 0.43198496410054316, "train_group_loss_1": 19.32186934686916, "train_group_loss_2": 9.341851371587609, "train_group_loss_3": 17.70823644673964, "val_group_loss_1": 19.154567112671778, "val_group_loss_2": 8.745537945071497, "val_group_loss_3": 17.28111841506237, "_timestamp": 1726683092.968329, "_runtime": 10.371999979019165, "_step": 2, "final/reward_err_1": 0.09696627228947508, "final/reward_err_2": 0.0028955783560659113, "final/reward_err_3": 0.05624233230795264, "final/reward_param_1": 9.171274165911608, "final/reward_param_2": 5.195636994146835, "final/reward_param_3": 13.687455382901126, "final/reward_param_4": 5.3256075210175595, "optimal_reward_1": 3.860621452331543, "optimal_reward_2": 3.860621452331543, "optimal_reward_3": 3.3138341903686523, "final/reward_1": 3.8245344161987305, "final/reward_2": 3.578054666519165, "final/reward_3": 3.3138341903686523, "reward_0_when_1_group_param_known": 3.860621452331543, "reward_1_when_1_group_param_known": 3.4612629413604736, "reward_2_when_1_group_param_known": 3.285645008087158, "reward_0_when_2_group_param_known": 3.4612629413604736, "reward_1_when_2_group_param_known": 3.860621452331543, "reward_2_when_2_group_param_known": 3.115248203277588, "reward_0_when_3_group_param_known": 3.8245344161987305, "reward_1_when_3_group_param_known": 3.578054666519165, "reward_2_when_3_group_param_known": 3.3138341903686523, "reward_error_0_when_1_group_param_known": 0.0, "reward_error_1_when_1_group_param_known": 0.1034440998430149, "reward_error_2_when_1_group_param_known": 0.008506515613672933, "reward_error_0_when_2_group_param_known": 0.1034440998430149, "reward_error_1_when_2_group_param_known": 0.0, "reward_error_2_when_2_group_param_known": 0.0599263498663379, "reward_error_0_when_3_group_param_known": 0.009347468167597338, "reward_error_1_when_3_group_param_known": 0.07319204674722188, "reward_error_2_when_3_group_param_known": 0.0, "_wandb": {"runtime": 9}}