{"Iteration": 99, "train_loss": 15.843126145059754, "val_loss": 16.630423333300055, "grad_norm": 0.4582921593901169, "max_reward_err": 0.07585760199922655, "max_reward_err_index": 1, "max_kl_dist": 0.7070105626826563, "max_kl_dist_index": 0, "max_train_grp_loss": 19.24057144981781, "max_train_grp_loss_index": 0, "max_val_grp_loss": 19.695410536523074, "max_val_grp_loss_index": 0, "max_cur_train_grp_loss": 19.254570731165842, "max_cur_train_grp_loss_index": 0, "reward_err_1": 0.06605495553147397, "reward_err_2": 0.015864270365479285, "reward_err_3": 0.029014492438237567, "reward_param_1": 7.2460217628072146, "reward_param_2": 3.735101132177486, "reward_param_3": 6.293113902023358, "reward_param_4": 5.227654220610883, "KL_distance_1": 0.7070105626826563, "KL_distance_2": 0.42473333627205556, "KL_distance_3": 0.5491014935567525, "hist_group_loss_1": 2023.0992384965818, "hist_group_loss_2": 1204.385741810446, "hist_group_loss_3": 2021.3600126215097, "cur_group_loss_1": 19.254570731165842, "cur_group_loss_2": 9.417451602283379, "cur_group_loss_3": 19.003488744236087, "train_group_loss_1": 19.24057144981781, "train_group_loss_2": 9.386762272501185, "train_group_loss_3": 18.985264380472717, "val_group_loss_1": 19.695410536523074, "val_group_loss_2": 10.774979149503375, "val_group_loss_3": 19.030654200875396, "_timestamp": 1726665656.013664, "_runtime": 8.11531400680542, "_step": 2, "final/reward_err_1": 0.06605495553147397, "final/reward_err_2": 0.015864270365479285, "final/reward_err_3": 0.029014492438237567, "final/reward_param_1": 7.2460217628072146, "final/reward_param_2": 3.735101132177486, "final/reward_param_3": 6.293113902023358, "final/reward_param_4": 5.227654220610883, "optimal_reward_1": 3.8642568588256836, "optimal_reward_2": 3.8642568588256836, "optimal_reward_3": 3.308689832687378, "final/reward_1": 3.821747303009033, "final/reward_2": 3.596567392349243, "final/reward_3": 3.308689832687378, "reward_0_when_1_group_param_known": 3.8642568588256836, "reward_1_when_1_group_param_known": 3.4780359268188477, "reward_2_when_1_group_param_known": 3.275341033935547, "reward_0_when_2_group_param_known": 3.4780359268188477, "reward_1_when_2_group_param_known": 3.8642568588256836, "reward_2_when_2_group_param_known": 3.1216068267822266, "reward_0_when_3_group_param_known": 3.821747303009033, "reward_1_when_3_group_param_known": 3.596567392349243, "reward_2_when_3_group_param_known": 3.308689832687378, "reward_error_0_when_1_group_param_known": 0.0, "reward_error_1_when_1_group_param_known": 0.09994701338880597, "reward_error_2_when_1_group_param_known": 0.010079155326791257, "reward_error_0_when_2_group_param_known": 0.09994701338880597, "reward_error_1_when_2_group_param_known": 0.0, "reward_error_2_when_2_group_param_known": 0.05654292646500478, "reward_error_0_when_3_group_param_known": 0.011000706570413826, "reward_error_1_when_3_group_param_known": 0.06927320730894403, "reward_error_2_when_3_group_param_known": 0.0, "_wandb": {"runtime": 7}}