{"Iteration": 99, "train_loss": 18.038504639377244, "val_loss": 17.43763644400357, "grad_norm": 0.009374515253446394, "live_grad": 2.780000448869786e-14, "train_weighted_loss": 54.11551391813173, "val_weighted_loss": 52.312909332010705, "max_reward_err": 0.10141195676693156, "max_reward_err_index": 0, "max_kl_dist": 1.4323977444459808, "max_kl_dist_index": 0, "max_train_grp_loss": 21.455732277278834, "max_train_grp_loss_index": 0, "max_val_grp_loss": 20.476221789746024, "max_val_grp_loss_index": 0, "max_cur_train_grp_loss": 0.30056906205402295, "max_cur_train_grp_loss_index": 2, "reward_err_1": 0.10141195676693156, "reward_err_2": 0.0018477330988861972, "reward_err_3": 0.06517743332756556, "KL_distance_1": 1.4323977444459808, "KL_distance_2": 0.6068577102512879, "KL_distance_3": 1.1729773895233953, "reward_param_1": 6.348269871954677, "reward_param_2": 4.620209378815773, "reward_param_3": 12.028583338647193, "reward_param_4": 3.3097389200630554, "group_weight_1": 0.3214724124204136, "group_weight_2": 0.3097653288937095, "group_weight_3": 0.36876225868587703, "hist_group_loss_1": 16.5506784263862, "hist_group_loss_2": 12.84100604633359, "hist_group_loss_3": 30.274720422007604, "cur_group_loss_1": 0.1650516951202788, "cur_group_loss_2": 0.12887520422682516, "cur_group_loss_3": 0.30056906205402295, "train_group_loss_1": 21.455732277278834, "train_group_loss_2": 14.56499707415824, "train_group_loss_3": 17.13090397170251, "val_group_loss_1": 20.476221789746024, "val_group_loss_2": 12.50607156319564, "val_group_loss_3": 18.79223316797455, "_timestamp": 1726683728.251225, "_runtime": 9.611831903457642, "_step": 2, "final/reward_err_1": 0.10141195676693156, "final/reward_err_2": 0.0018477330988861972, "final/reward_err_3": 0.06517743332756556, "final/reward_param_1": 6.348269871954677, "final/reward_param_2": 4.620209378815773, "final/reward_param_3": 12.028583338647193, "final/reward_param_4": 3.3097389200630554, "optimal_reward_1": 3.8651840686798096, "optimal_reward_2": 3.8651840686798096, "optimal_reward_3": 3.337219715118408, "final/reward_1": 3.8319525718688965, "final/reward_2": 3.6041877269744873, "final/reward_3": 3.337219715118408, "reward_0_when_1_group_param_known": 3.8651840686798096, "reward_1_when_1_group_param_known": 3.4605093002319336, "reward_2_when_1_group_param_known": 3.3015952110290527, "reward_0_when_2_group_param_known": 3.4605093002319336, "reward_1_when_2_group_param_known": 3.8651840686798096, "reward_2_when_2_group_param_known": 3.1258203983306885, "reward_0_when_3_group_param_known": 3.8319525718688965, "reward_1_when_3_group_param_known": 3.6041877269744873, "reward_2_when_3_group_param_known": 3.337219715118408, "reward_error_0_when_1_group_param_known": 0.0, "reward_error_1_when_1_group_param_known": 0.10469741188447372, "reward_error_2_when_1_group_param_known": 0.010674905199669023, "reward_error_0_when_2_group_param_known": 0.10469741188447372, "reward_error_1_when_2_group_param_known": 0.0, "reward_error_2_when_2_group_param_known": 0.0633459390851702, "reward_error_0_when_3_group_param_known": 0.00859764922457202, "reward_error_1_when_3_group_param_known": 0.06752494501367125, "reward_error_2_when_3_group_param_known": 0.0, "_wandb": {"runtime": 9}}