{"Iteration": 99, "train_loss": 17.69749562615298, "val_loss": 17.26492645409677, "grad_norm": 0.0015051645103503297, "live_grad": 1.2501753365783966e-14, "train_weighted_loss": 53.092486878458935, "val_weighted_loss": 51.79477936229031, "max_reward_err": 0.07836161994444688, "max_reward_err_index": 0, "max_kl_dist": 1.2450711256088538, "max_kl_dist_index": 0, "max_train_grp_loss": 19.55402347160497, "max_train_grp_loss_index": 0, "max_val_grp_loss": 17.926070255111224, "max_val_grp_loss_index": 0, "max_cur_train_grp_loss": 0.18623140260999604, "max_cur_train_grp_loss_index": 0, "reward_err_1": 0.07836161994444688, "reward_err_2": 0.011994783350810423, "reward_err_3": 0.04437663142090551, "KL_distance_1": 1.2450711256088538, "KL_distance_2": 0.7646428937541356, "KL_distance_3": 1.0274522152521406, "reward_param_1": 10.767278750587483, "reward_param_2": 6.373111174288698, "reward_param_3": 7.240227758675464, "reward_param_4": 5.065352815577509, "group_weight_1": 0.3366689393739265, "group_weight_2": 0.33024625860780366, "group_weight_3": 0.3330848020182698, "hist_group_loss_1": 18.648954427672688, "hist_group_loss_2": 16.7228086885397, "hist_group_loss_3": 17.578659079212432, "cur_group_loss_1": 0.18623140260999604, "cur_group_loss_2": 0.16736548183229072, "cur_group_loss_3": 0.17527743726714923, "train_group_loss_1": 19.55402347160497, "train_group_loss_2": 16.904439418399733, "train_group_loss_3": 16.475828107117, "val_group_loss_1": 17.926070255111224, "val_group_loss_2": 16.32263596805553, "val_group_loss_3": 17.484491106993794, "_timestamp": 1726668316.464946, "_runtime": 9.512830972671509, "_step": 2, "final/reward_err_1": 0.07836161994444688, "final/reward_err_2": 0.011994783350810423, "final/reward_err_3": 0.04437663142090551, "final/reward_param_1": 10.767278750587483, "final/reward_param_2": 6.373111174288698, "final/reward_param_3": 7.240227758675464, "final/reward_param_4": 5.065352815577509, "optimal_reward_1": 3.8719916343688965, "optimal_reward_2": 3.8719916343688965, "optimal_reward_3": 3.3668301105499268, "final/reward_1": 3.8341760635375977, "final/reward_2": 3.6066181659698486, "final/reward_3": 3.3668301105499268, "reward_0_when_1_group_param_known": 3.8719916343688965, "reward_1_when_1_group_param_known": 3.4697206020355225, "reward_2_when_1_group_param_known": 3.3270106315612793, "reward_0_when_2_group_param_known": 3.4697206020355225, "reward_1_when_2_group_param_known": 3.8719916343688965, "reward_2_when_2_group_param_known": 3.154261827468872, "reward_0_when_3_group_param_known": 3.8341760635375977, "reward_1_when_3_group_param_known": 3.6066181659698486, "reward_2_when_3_group_param_known": 3.3668301105499268, "reward_error_0_when_1_group_param_known": 0.0, "reward_error_1_when_1_group_param_known": 0.10389253653409325, "reward_error_2_when_1_group_param_known": 0.011826993843221712, "reward_error_0_when_2_group_param_known": 0.10389253653409325, "reward_error_1_when_2_group_param_known": 0.0, "reward_error_2_when_2_group_param_known": 0.06313602887623412, "reward_error_0_when_3_group_param_known": 0.009766439187429305, "reward_error_1_when_3_group_param_known": 0.06853668433669062, "reward_error_2_when_3_group_param_known": 0.0, "_wandb": {"runtime": 9}}