{"Iteration": 99, "train_loss": 16.957902002235752, "val_loss": 16.541645832118657, "grad_norm": 0.4099604968761235, "max_reward_err": 0.07227189608826588, "max_reward_err_index": 1, "max_kl_dist": 0.7799048240663364, "max_kl_dist_index": 0, "max_train_grp_loss": 21.433177379183782, "max_train_grp_loss_index": 0, "max_val_grp_loss": 20.60504251952492, "max_val_grp_loss_index": 0, "max_cur_train_grp_loss": 21.43297532573724, "max_cur_train_grp_loss_index": 0, "reward_err_1": 0.07768586755946282, "reward_err_2": 0.0060919986776904935, "reward_err_3": 0.03906081889284231, "reward_param_1": 7.017127778171364, "reward_param_2": 3.112964330456166, "reward_param_3": 6.409474573883493, "reward_param_4": 3.8370369795586243, "KL_distance_1": 0.7799048240663364, "KL_distance_2": 0.3065189763567722, "KL_distance_3": 0.5750454988366593, "hist_group_loss_1": 2144.332314676125, "hist_group_loss_2": 1551.407396208683, "hist_group_loss_3": 1999.5989038218042, "cur_group_loss_1": 21.43297532573724, "cur_group_loss_2": 12.946261601386318, "cur_group_loss_3": 19.077664935300568, "train_group_loss_1": 21.433177379183782, "train_group_loss_2": 12.915985784073724, "train_group_loss_3": 19.063646289621325, "val_group_loss_1": 20.60504251952492, "val_group_loss_2": 11.121328533929871, "val_group_loss_3": 19.24005771436989, "_timestamp": 1726687870.944422, "_runtime": 8.467924118041992, "_step": 2, "final/reward_err_1": 0.07768586755946282, "final/reward_err_2": 0.0060919986776904935, "final/reward_err_3": 0.03906081889284231, "final/reward_param_1": 7.017127778171364, "final/reward_param_2": 3.112964330456166, "final/reward_param_3": 6.409474573883493, "final/reward_param_4": 3.8370369795586243, "optimal_reward_1": 3.8859262466430664, "optimal_reward_2": 3.8859262466430664, "optimal_reward_3": 3.3948726654052734, "final/reward_1": 3.8468692302703857, "final/reward_2": 3.605978012084961, "final/reward_3": 3.3948726654052734, "reward_0_when_1_group_param_known": 3.8859262466430664, "reward_1_when_1_group_param_known": 3.4859139919281006, "reward_2_when_1_group_param_known": 3.3530359268188477, "reward_0_when_2_group_param_known": 3.4859139919281006, "reward_1_when_2_group_param_known": 3.8859262466430664, "reward_2_when_2_group_param_known": 3.191779851913452, "reward_0_when_3_group_param_known": 3.8468692302703857, "reward_1_when_3_group_param_known": 3.605978012084961, "reward_2_when_3_group_param_known": 3.3948726654052734, "reward_error_0_when_1_group_param_known": 0.0, "reward_error_1_when_1_group_param_known": 0.10293871507739609, "reward_error_2_when_1_group_param_known": 0.012323507450737152, "reward_error_0_when_2_group_param_known": 0.10293871507739609, "reward_error_1_when_2_group_param_known": 0.0, "reward_error_2_when_2_group_param_known": 0.05982339648888612, "reward_error_0_when_3_group_param_known": 0.010050889773428107, "reward_error_1_when_3_group_param_known": 0.0720415717616731, "reward_error_2_when_3_group_param_known": 0.0, "_wandb": {"runtime": 8}}