{"Iteration": 99, "train_loss": 16.26307111233283, "val_loss": 16.127008717912425, "grad_norm": 0.45533535878380654, "max_reward_err": 0.0960206945965143, "max_reward_err_index": 0, "max_kl_dist": 0.7380679998038934, "max_kl_dist_index": 0, "max_train_grp_loss": 21.000019385232914, "max_train_grp_loss_index": 0, "max_val_grp_loss": 20.34612450579485, "max_val_grp_loss_index": 0, "max_cur_train_grp_loss": 21.009139474397983, "max_cur_train_grp_loss_index": 0, "reward_err_1": 0.08791698588412639, "reward_err_2": 0.006607134548996132, "reward_err_3": 0.052863791147172955, "reward_param_1": 5.146075446780168, "reward_param_2": 4.184203981222559, "reward_param_3": 8.192965193789801, "reward_param_4": 3.028999958069469, "KL_distance_1": 0.7380679998038934, "KL_distance_2": 0.3334624276081677, "KL_distance_3": 0.5752789602006271, "hist_group_loss_1": 2176.521853107497, "hist_group_loss_2": 1354.4961232475885, "hist_group_loss_3": 2049.0264857942443, "cur_group_loss_1": 21.009139474397983, "cur_group_loss_2": 10.587365081806666, "cur_group_loss_3": 19.483869701464666, "train_group_loss_1": 21.000019385232914, "train_group_loss_2": 10.553170149743169, "train_group_loss_3": 19.469999999986097, "val_group_loss_1": 20.34612450579485, "val_group_loss_2": 8.538077771068442, "val_group_loss_3": 19.240325667834433, "_timestamp": 1726689469.532786, "_runtime": 8.737443923950195, "_step": 2, "final/reward_err_1": 0.08791698588412639, "final/reward_err_2": 0.006607134548996132, "final/reward_err_3": 0.052863791147172955, "final/reward_param_1": 5.146075446780168, "final/reward_param_2": 4.184203981222559, "final/reward_param_3": 8.192965193789801, "final/reward_param_4": 3.028999958069469, "optimal_reward_1": 3.8433432579040527, "optimal_reward_2": 3.8433432579040527, "optimal_reward_3": 3.2542388439178467, "final/reward_1": 3.803264617919922, "final/reward_2": 3.5905978679656982, "final/reward_3": 3.2542388439178467, "reward_0_when_1_group_param_known": 3.8433432579040527, "reward_1_when_1_group_param_known": 3.466123342514038, "reward_2_when_1_group_param_known": 3.218020439147949, "reward_0_when_2_group_param_known": 3.466123342514038, "reward_1_when_2_group_param_known": 3.8433432579040527, "reward_2_when_2_group_param_known": 3.063755989074707, "reward_0_when_3_group_param_known": 3.803264617919922, "reward_1_when_3_group_param_known": 3.5905978679656982, "reward_2_when_3_group_param_known": 3.2542388439178467, "reward_error_0_when_1_group_param_known": 0.0, "reward_error_1_when_1_group_param_known": 0.09814890059956018, "reward_error_2_when_1_group_param_known": 0.01112960864491844, "reward_error_0_when_2_group_param_known": 0.09814890059956018, "reward_error_1_when_2_group_param_known": 0.0, "reward_error_2_when_2_group_param_known": 0.058533765952413414, "reward_error_0_when_3_group_param_known": 0.010428066736351708, "reward_error_1_when_3_group_param_known": 0.06576185705468002, "reward_error_2_when_3_group_param_known": 0.0, "_wandb": {"runtime": 8}}