{"Iteration": 199, "train_loss": 17.967641478953002, "val_loss": 16.077811639831197, "grad_norm": 0.15812595844686853, "max_reward_err": 0.05652778084153116, "max_reward_err_index": 0, "max_kl_dist": 0.8088785868834804, "max_kl_dist_index": 0, "max_train_grp_loss": 20.054999985762347, "max_train_grp_loss_index": 0, "max_val_grp_loss": 19.577472072661376, "max_val_grp_loss_index": 0, "max_cur_train_grp_loss": 20.058546695267516, "max_cur_train_grp_loss_index": 0, "reward_err_1": 0.0594316982930377, "reward_err_2": 0.01737376254653876, "reward_err_3": 0.027100888862898746, "reward_param_1": 7.861024394715979, "reward_param_2": 5.436048506906767, "reward_param_3": 6.293163803184, "reward_param_4": 4.994292445986973, "KL_distance_1": 0.8088785868834804, "KL_distance_2": 0.5527903916835473, "KL_distance_3": 0.6525977007317922, "hist_group_loss_1": 4181.614907027138, "hist_group_loss_2": 3200.7931826068207, "hist_group_loss_3": 3842.0242189144665, "cur_group_loss_1": 20.058546695267516, "cur_group_loss_2": 15.538832504384478, "cur_group_loss_3": 18.027038935822187, "train_group_loss_1": 20.054999985762347, "train_group_loss_2": 15.539569110703983, "train_group_loss_3": 18.020546246092028, "val_group_loss_1": 19.577472072661376, "val_group_loss_2": 10.007694222877106, "val_group_loss_3": 17.90064033252285, "_timestamp": 1726692363.463497, "_runtime": 11.540283918380737, "_step": 3, "final/reward_err_1": 0.0594316982930377, "final/reward_err_2": 0.01737376254653876, "final/reward_err_3": 0.027100888862898746, "final/reward_param_1": 7.861024394715979, "final/reward_param_2": 5.436048506906767, "final/reward_param_3": 6.293163803184, "final/reward_param_4": 4.994292445986973, "optimal_reward_1": 3.815298318862915, "optimal_reward_2": 3.815298318862915, "optimal_reward_3": 3.2616615295410156, "final/reward_1": 3.7792916297912598, "final/reward_2": 3.547971248626709, "final/reward_3": 3.2616615295410156, "reward_0_when_1_group_param_known": 3.815298318862915, "reward_1_when_1_group_param_known": 3.4180736541748047, "reward_2_when_1_group_param_known": 3.2313497066497803, "reward_0_when_2_group_param_known": 3.4180736541748047, "reward_1_when_2_group_param_known": 3.815298318862915, "reward_2_when_2_group_param_known": 3.058016777038574, "reward_0_when_3_group_param_known": 3.7792916297912598, "reward_1_when_3_group_param_known": 3.547971248626709, "reward_2_when_3_group_param_known": 3.2616615295410156, "reward_error_0_when_1_group_param_known": 0.0, "reward_error_1_when_1_group_param_known": 0.10411365809174691, "reward_error_2_when_1_group_param_known": 0.00929336861495278, "reward_error_0_when_2_group_param_known": 0.10411365809174691, "reward_error_1_when_2_group_param_known": 0.0, "reward_error_2_when_2_group_param_known": 0.06243589368731908, "reward_error_0_when_3_group_param_known": 0.009437450511703749, "reward_error_1_when_3_group_param_known": 0.07006714754506493, "reward_error_2_when_3_group_param_known": 0.0, "_wandb": {"runtime": 11}}