{"Iteration": 99, "train_loss": 18.77491640254016, "val_loss": 18.748682231173802, "grad_norm": 0.004975675288675921, "live_grad": 1.409152514762336e-14, "train_weighted_loss": 56.324749207620485, "val_weighted_loss": 56.24604669352142, "max_reward_err": 0.11277221690422609, "max_reward_err_index": 0, "max_kl_dist": 1.8059477144385132, "max_kl_dist_index": 0, "max_train_grp_loss": 23.730137387211748, "max_train_grp_loss_index": 0, "max_val_grp_loss": 22.896412169121227, "max_val_grp_loss_index": 0, "max_cur_train_grp_loss": 0.22817809574858616, "max_cur_train_grp_loss_index": 0, "reward_err_1": 0.11277221690422609, "reward_err_2": 0.003416768580280617, "reward_err_3": 0.07554329947196999, "KL_distance_1": 1.8059477144385132, "KL_distance_2": 0.8431313720013933, "KL_distance_3": 1.4663909469347138, "reward_param_1": 13.461901727312817, "reward_param_2": 1.3741858956253739, "reward_param_3": 8.24861497220435, "reward_param_4": 4.573730764224299, "group_weight_1": 0.3485845875621055, "group_weight_2": 0.3151699976344378, "group_weight_3": 0.3362454148034567, "hist_group_loss_1": 22.832116478142545, "hist_group_loss_2": 12.755241334268641, "hist_group_loss_3": 19.22815396101152, "cur_group_loss_1": 0.22817809574858616, "cur_group_loss_2": 0.12674167464105573, "cur_group_loss_3": 0.19183172868225234, "train_group_loss_1": 23.730137387211748, "train_group_loss_2": 11.534648232366928, "train_group_loss_3": 20.141787079491774, "val_group_loss_1": 22.896412169121227, "val_group_loss_2": 11.518572128051987, "val_group_loss_3": 21.97841823578987, "_timestamp": 1726609969.405476, "_runtime": 9.194717168807983, "_step": 2, "final/reward_err_1": 0.11277221690422609, "final/reward_err_2": 0.003416768580280617, "final/reward_err_3": 0.07554329947196999, "final/reward_param_1": 13.461901727312817, "final/reward_param_2": 1.3741858956253739, "final/reward_param_3": 8.24861497220435, "final/reward_param_4": 4.573730764224299, "optimal_reward_1": 3.7684130668640137, "optimal_reward_2": 3.7684130668640137, "optimal_reward_3": 3.2301623821258545, "final/reward_1": 3.7308881282806396, "final/reward_2": 3.5340662002563477, "final/reward_3": 3.2301623821258545, "reward_0_when_1_group_param_known": 3.7684130668640137, "reward_1_when_1_group_param_known": 3.418842077255249, "reward_2_when_1_group_param_known": 3.1900854110717773, "reward_0_when_2_group_param_known": 3.418842077255249, "reward_1_when_2_group_param_known": 3.7684130668640137, "reward_2_when_2_group_param_known": 3.053025007247925, "reward_0_when_3_group_param_known": 3.7308881282806396, "reward_1_when_3_group_param_known": 3.5340662002563477, "reward_2_when_3_group_param_known": 3.2301623821258545, "reward_error_0_when_1_group_param_known": 0.0, "reward_error_1_when_1_group_param_known": 0.092763448010138, "reward_error_2_when_1_group_param_known": 0.012407107232702476, "reward_error_0_when_2_group_param_known": 0.092763448010138, "reward_error_1_when_2_group_param_known": 0.0, "reward_error_2_when_2_group_param_known": 0.05483853562846303, "reward_error_0_when_3_group_param_known": 0.00995775620070265, "reward_error_1_when_3_group_param_known": 0.06218714945776474, "reward_error_2_when_3_group_param_known": 0.0, "_wandb": {"runtime": 9}}