{"reward_1_when_2_group_param_known":7.1581357421875,"final/reward_param_4":8.88324570843511,"reward_error_2_when_1_group_param_known":0.00849832984501714,"optimal_reward_1":3.8680634765625,"hist_group_loss_2":24.68243873540703,"max_cur_train_grp_loss":0.2374614966961457,"cur_group_loss_2":0.12301903079345922,"train_loss":13.433558691745876,"KL_distance_1":0.6506165771484375,"reward_1_when_1_group_param_known":6.699916015625,"final/reward_3":3.336449462890625,"cur_group_loss_3":0.2374614966961457,"KL_distance_3":0.6799861450195313,"final/reward_err_3":0.0011828541828730658,"reward_error_1_when_2_group_param_known":0,"hist_group_loss_3":47.69969140448425,"reward_0_when_2_group_param_known":3.46072314453125,"val_weighted_loss":36.78052615570209,"reward_param_4":8.88324570843511,"final/reward_err_1":0.003629859599984563,"reward_error_1_when_3_group_param_known":0.02112789329121925,"reward_err_2":0.030994289032188666,"max_cur_train_grp_loss_index":2,"reward_error_0_when_1_group_param_known":0,"val_group_loss_1":10.63884945901411,"grad_norm":0.00268983163951712,"max_train_grp_loss_index":1,"optimal_reward_2":7.1581357421875,"group_weight_1":0.29496909565956436,"max_reward_err_index":1,"_step":201,"max_reward_err":0.030994289032188666,"train_group_loss_2":15.869382405034656,"reward_error_2_when_2_group_param_known":0.06241101610796404,"reward_error_0_when_2_group_param_known":0.10530859550248342,"train_group_loss_3":11.160703006973737,"final/reward_2":7.0068994140625,"reward_param_1":4.150924688576657,"max_kl_dist_index":2,"max_kl_dist":0.6799861450195313,"group_weight_3":0.3929069690932733,"val_group_loss_3":11.280908978395045,"reward_error_1_when_1_group_param_known":0.06401383587376193,"reward_2_when_1_group_param_known":3.30809521484375,"final/reward_param_3":4.983678625212198,"train_weighted_loss":40.300676075237625,"reward_param_3":4.983678625212198,"_runtime":210.054938,"reward_err_1":0.003629859599984563,"KL_distance_2":0.34697335815429686,"live_grad":4.345009940657375e-14,"Iteration":199,"val_loss":12.260175385234033,"hist_group_loss_1":19.029464043860177,"reward_2_when_2_group_param_known":3.12821826171875,"reward_1_when_3_group_param_known":7.0068994140625,"reward_error_2_when_3_group_param_known":0,"final/reward_param_1":4.150924688576657,"cur_group_loss_1":0.09484619692300082,"val_group_loss_2":14.876433937166793,"final/reward_1":3.83464501953125,"reward_0_when_3_group_param_known":3.83464501953125,"reward_param_2":9.475583914407666,"reward_0_when_1_group_param_known":3.8680634765625,"_timestamp":1.7282566459826748e+09,"_wandb":{"runtime":210},"train_group_loss_1":11.761001902794566,"optimal_reward_3":3.336449462890625,"reward_2_when_3_group_param_known":3.336449462890625,"final/reward_err_2":0.030994289032188666,"reward_error_0_when_3_group_param_known":0.008639583407495802,"max_val_grp_loss":14.876433937166793,"max_val_grp_loss_index":1,"final/reward_param_2":9.475583914407666,"max_train_grp_loss":15.869382405034656,"reward_err_3":0.0011828541828730658,"group_weight_2":0.3121239352471622}