{"Iteration": 199, "train_loss": 13.420395981578265, "val_loss": 14.541489146112696, "grad_norm": 0.04383312891467918, "live_grad": 3.324149384411495e-14, "train_weighted_loss": 40.26118794473479, "val_weighted_loss": 43.624467438338094, "max_reward_err": 0.09976298239600212, "max_reward_err_index": 0, "max_kl_dist": 2.244123652576018, "max_kl_dist_index": 0, "max_train_grp_loss": 17.5771992544666, "max_train_grp_loss_index": 2, "max_val_grp_loss": 19.265439463576527, "max_val_grp_loss_index": 0, "max_cur_train_grp_loss": 0.374038009234837, "max_cur_train_grp_loss_index": 2, "reward_err_1": 0.09976298239600212, "reward_err_2": 8.975126026243763e-05, "reward_err_3": 0.0571274130023467, "KL_distance_1": 2.244123652576018, "KL_distance_2": 1.3224228284811064, "KL_distance_3": 1.8471263851470265, "reward_param_1": 13.832549854731013, "reward_param_2": 5.250256390995192, "reward_param_3": 13.48574795101035, "reward_param_4": 4.4448068211479645, "group_weight_1": 0.28376075768806724, "group_weight_2": 0.24671171494494218, "group_weight_3": 0.46952752736699066, "hist_group_loss_1": 25.489595202419007, "hist_group_loss_2": 11.498498040096157, "hist_group_loss_3": 75.84913995593494, "cur_group_loss_1": 0.12587818467365733, "cur_group_loss_2": 0.060679655366681795, "cur_group_loss_3": 0.374038009234837, "train_group_loss_1": 17.368926359188684, "train_group_loss_2": 6.98329210387401, "train_group_loss_3": 17.5771992544666, "val_group_loss_1": 19.265439463576527, "val_group_loss_2": 7.058974544377737, "val_group_loss_3": 16.497553831508487, "_timestamp": 1726698255.6944032, "_runtime": 14.343713283538818, "_step": 3, "final/reward_err_1": 0.09976298239600212, "final/reward_err_2": 8.975126026243763e-05, "final/reward_err_3": 0.0571274130023467, "final/reward_param_1": 13.832549854731013, "final/reward_param_2": 5.250256390995192, "final/reward_param_3": 13.48574795101035, "final/reward_param_4": 4.4448068211479645, "optimal_reward_1": 3.8518338203430176, "optimal_reward_2": 3.8518338203430176, "optimal_reward_3": 3.297445297241211, "final/reward_1": 3.8126895427703857, "final/reward_2": 3.589339256286621, "final/reward_3": 3.297445297241211, "reward_0_when_1_group_param_known": 3.8518338203430176, "reward_1_when_1_group_param_known": 3.4604334831237793, "reward_2_when_1_group_param_known": 3.266357421875, "reward_0_when_2_group_param_known": 3.4604334831237793, "reward_1_when_2_group_param_known": 3.8518338203430176, "reward_2_when_2_group_param_known": 3.1038687229156494, "reward_0_when_3_group_param_known": 3.8126895427703857, "reward_1_when_3_group_param_known": 3.589339256286621, "reward_2_when_3_group_param_known": 3.297445297241211, "reward_error_0_when_1_group_param_known": 0.0, "reward_error_1_when_1_group_param_known": 0.10161402476713881, "reward_error_2_when_1_group_param_known": 0.009427866898116682, "reward_error_0_when_2_group_param_known": 0.10161402476713881, "reward_error_1_when_2_group_param_known": 0.0, "reward_error_2_when_2_group_param_known": 0.058705014602521616, "reward_error_0_when_3_group_param_known": 0.010162504250805377, "reward_error_1_when_3_group_param_known": 0.06814794622500629, "reward_error_2_when_3_group_param_known": 0.0, "_wandb": {"runtime": 14}}