{"Iteration": 199, "train_loss": 17.702259822024757, "val_loss": 15.318699418719298, "grad_norm": 0.025053542683591067, "live_grad": 1.0619473295770533e-14, "train_weighted_loss": 53.10677946607427, "val_weighted_loss": 45.95609825615789, "max_reward_err": 0.08087763972293469, "max_reward_err_index": 0, "max_kl_dist": 1.1808116740078527, "max_kl_dist_index": 0, "max_train_grp_loss": 19.613004327000652, "max_train_grp_loss_index": 0, "max_val_grp_loss": 18.470500572033025, "max_val_grp_loss_index": 2, "max_cur_train_grp_loss": 0.3971382142374793, "max_cur_train_grp_loss_index": 2, "reward_err_1": 0.08087763972293469, "reward_err_2": 0.01318683478982046, "reward_err_3": 0.04221306630511583, "KL_distance_1": 1.1808116740078527, "KL_distance_2": 0.6965663568260324, "KL_distance_3": 0.9646038015468393, "reward_param_1": 10.284208900467009, "reward_param_2": 6.039410152675442, "reward_param_3": 7.542913720743607, "reward_param_4": 4.348028537381408, "group_weight_1": 0.27431699585952035, "group_weight_2": 0.26664933590146506, "group_weight_3": 0.4590336682390145, "hist_group_loss_1": 28.607155494332304, "hist_group_loss_2": 25.772164459356652, "hist_group_loss_3": 80.09107567289493, "cur_group_loss_1": 0.1421324780498719, "cur_group_loss_2": 0.13055357804175924, "cur_group_loss_3": 0.3971382142374793, "train_group_loss_1": 19.613004327000652, "train_group_loss_2": 15.01633180733433, "train_group_loss_3": 18.663940247614676, "val_group_loss_1": 17.99839157891122, "val_group_loss_2": 8.745357940974877, "val_group_loss_3": 18.470500572033025, "_timestamp": 1726692765.744067, "_runtime": 14.122499942779541, "_step": 3, "final/reward_err_1": 0.08087763972293469, "final/reward_err_2": 0.01318683478982046, "final/reward_err_3": 0.04221306630511583, "final/reward_param_1": 10.284208900467009, "final/reward_param_2": 6.039410152675442, "final/reward_param_3": 7.542913720743607, "final/reward_param_4": 4.348028537381408, "optimal_reward_1": 3.880918025970459, "optimal_reward_2": 3.880918025970459, "optimal_reward_3": 3.319674015045166, "final/reward_1": 3.8381175994873047, "final/reward_2": 3.608170986175537, "final/reward_3": 3.319674015045166, "reward_0_when_1_group_param_known": 3.880918025970459, "reward_1_when_1_group_param_known": 3.483751058578491, "reward_2_when_1_group_param_known": 3.287625551223755, "reward_0_when_2_group_param_known": 3.483751058578491, "reward_1_when_2_group_param_known": 3.880918025970459, "reward_2_when_2_group_param_known": 3.126237392425537, "reward_0_when_3_group_param_known": 3.8381175994873047, "reward_1_when_3_group_param_known": 3.608170986175537, "reward_2_when_3_group_param_known": 3.319674015045166, "reward_error_0_when_1_group_param_known": 0.0, "reward_error_1_when_1_group_param_known": 0.10233840672083058, "reward_error_2_when_1_group_param_known": 0.009654099672486998, "reward_error_0_when_2_group_param_known": 0.10233840672083058, "reward_error_1_when_2_group_param_known": 0.0, "reward_error_2_when_2_group_param_known": 0.05826976436329309, "reward_error_0_when_3_group_param_known": 0.011028428376157638, "reward_error_1_when_3_group_param_known": 0.07027900047611002, "reward_error_2_when_3_group_param_known": 0.0, "_wandb": {"runtime": 14}}