{"Iteration": 99, "train_loss": 16.468098276077587, "val_loss": 17.078686082031883, "grad_norm": 0.40485813697171397, "max_reward_err": 0.09166661537843294, "max_reward_err_index": 0, "max_kl_dist": 0.6673764466837712, "max_kl_dist_index": 0, "max_train_grp_loss": 20.450579120318448, "max_train_grp_loss_index": 0, "max_val_grp_loss": 21.619968716251503, "max_val_grp_loss_index": 0, "max_cur_train_grp_loss": 20.464071651062426, "max_cur_train_grp_loss_index": 0, "reward_err_1": 0.07516013091653521, "reward_err_2": 0.008985879564848902, "reward_err_3": 0.03640848987827673, "reward_param_1": 6.953882891821746, "reward_param_2": 2.905336531004586, "reward_param_3": 5.7941663006531865, "reward_param_4": 4.177389799003045, "KL_distance_1": 0.6673764466837712, "KL_distance_2": 0.2877572101338136, "KL_distance_3": 0.4938613678645793, "hist_group_loss_1": 2151.1811428133315, "hist_group_loss_2": 1417.47037322788, "hist_group_loss_3": 2000.6033750228764, "cur_group_loss_1": 20.464071651062426, "cur_group_loss_2": 12.332112740396742, "cur_group_loss_3": 18.517371708675608, "train_group_loss_1": 20.450579120318448, "train_group_loss_2": 12.314491477573792, "train_group_loss_3": 18.496914578458924, "val_group_loss_1": 21.619968716251503, "val_group_loss_2": 10.120822095848482, "val_group_loss_3": 19.003163877269635, "_timestamp": 1726689644.110955, "_runtime": 8.340878009796143, "_step": 2, "final/reward_err_1": 0.07516013091653521, "final/reward_err_2": 0.008985879564848902, "final/reward_err_3": 0.03640848987827673, "final/reward_param_1": 6.953882891821746, "final/reward_param_2": 2.905336531004586, "final/reward_param_3": 5.7941663006531865, "final/reward_param_4": 4.177389799003045, "optimal_reward_1": 3.9513115882873535, "optimal_reward_2": 3.9513115882873535, "optimal_reward_3": 3.4502387046813965, "final/reward_1": 3.9096338748931885, "final/reward_2": 3.6755175590515137, "final/reward_3": 3.4502387046813965, "reward_0_when_1_group_param_known": 3.9513115882873535, "reward_1_when_1_group_param_known": 3.544969320297241, "reward_2_when_1_group_param_known": 3.412696123123169, "reward_0_when_2_group_param_known": 3.544969320297241, "reward_1_when_2_group_param_known": 3.9513115882873535, "reward_2_when_2_group_param_known": 3.2480239868164062, "reward_0_when_3_group_param_known": 3.9096338748931885, "reward_1_when_3_group_param_known": 3.6755175590515137, "reward_2_when_3_group_param_known": 3.4502387046813965, "reward_error_0_when_1_group_param_known": 0.0, "reward_error_1_when_1_group_param_known": 0.10283731336060901, "reward_error_2_when_1_group_param_known": 0.010881154833515878, "reward_error_0_when_2_group_param_known": 0.10283731336060901, "reward_error_1_when_2_group_param_known": 0.0, "reward_error_2_when_2_group_param_known": 0.05860890656365854, "reward_error_0_when_3_group_param_known": 0.010547817468434506, "reward_error_1_when_3_group_param_known": 0.06979809692896917, "reward_error_2_when_3_group_param_known": 0.0, "_wandb": {"runtime": 8}}