{"Iteration": 99, "train_loss": 19.834988207242784, "val_loss": 20.07646139998825, "grad_norm": 0.44779243960632525, "max_reward_err": 0.13268076645398677, "max_reward_err_index": 1, "max_kl_dist": 0.34437811064768564, "max_kl_dist_index": 0, "max_train_grp_loss": 20.68463803005407, "max_train_grp_loss_index": 0, "max_val_grp_loss": 21.177126299147673, "max_val_grp_loss_index": 0, "max_cur_train_grp_loss": 20.699210090271603, "max_cur_train_grp_loss_index": 0, "reward_err_1": 0.05504240655663755, "reward_err_2": 0.013766370246865348, "reward_err_3": 0.024045077564658922, "reward_param_1": 4.776168164046631, "reward_param_2": 2.7425162881482885, "reward_param_3": 4.47545092576641, "reward_param_4": 3.4619095391949894, "KL_distance_1": 0.34437811064768564, "KL_distance_2": 0.15619248184226664, "KL_distance_3": 0.23137059077083466, "hist_group_loss_1": 2167.91936197012, "hist_group_loss_2": 2101.4615991159526, "hist_group_loss_3": 2154.358661083206, "cur_group_loss_1": 20.699210090271603, "cur_group_loss_2": 18.58062692029662, "cur_group_loss_3": 20.44134339944863, "train_group_loss_1": 20.68463803005407, "train_group_loss_2": 18.552648823592683, "train_group_loss_3": 20.424764550703884, "val_group_loss_1": 21.177126299147673, "val_group_loss_2": 18.456816159917192, "val_group_loss_3": 20.63627853563164, "_timestamp": 1726684445.07025, "_runtime": 8.555341005325317, "_step": 2, "final/reward_err_1": 0.05504240655663755, "final/reward_err_2": 0.013766370246865348, "final/reward_err_3": 0.024045077564658922, "final/reward_param_1": 4.776168164046631, "final/reward_param_2": 2.7425162881482885, "final/reward_param_3": 4.47545092576641, "final/reward_param_4": 3.4619095391949894, "optimal_reward_1": 3.761061906814575, "optimal_reward_2": 3.761061906814575, "optimal_reward_3": 3.2219769954681396, "final/reward_1": 3.7224037647247314, "final/reward_2": 3.5345420837402344, "final/reward_3": 3.2219769954681396, "reward_0_when_1_group_param_known": 3.761061906814575, "reward_1_when_1_group_param_known": 3.4177727699279785, "reward_2_when_1_group_param_known": 3.179455518722534, "reward_0_when_2_group_param_known": 3.4177727699279785, "reward_1_when_2_group_param_known": 3.761061906814575, "reward_2_when_2_group_param_known": 3.04893159866333, "reward_0_when_3_group_param_known": 3.7224037647247314, "reward_1_when_3_group_param_known": 3.5345420837402344, "reward_2_when_3_group_param_known": 3.2219769954681396, "reward_error_0_when_1_group_param_known": 0.0, "reward_error_1_when_1_group_param_known": 0.0912745244274229, "reward_error_2_when_1_group_param_known": 0.01319732474980855, "reward_error_0_when_2_group_param_known": 0.0912745244274229, "reward_error_1_when_2_group_param_known": 0.0, "reward_error_2_when_2_group_param_known": 0.0537078312626707, "reward_error_0_when_3_group_param_known": 0.010278517888737756, "reward_error_1_when_3_group_param_known": 0.06022762418877369, "reward_error_2_when_3_group_param_known": 0.0, "_wandb": {"runtime": 8}}