{"Iteration": 199, "train_loss": 15.394721969561616, "val_loss": 15.431078718509994, "grad_norm": 0.2588476882512487, "max_reward_err": 0.06893634260545854, "max_reward_err_index": 0, "max_kl_dist": 1.0434666640274486, "max_kl_dist_index": 0, "max_train_grp_loss": 20.092153479225477, "max_train_grp_loss_index": 0, "max_val_grp_loss": 19.85087514487895, "max_val_grp_loss_index": 0, "max_cur_train_grp_loss": 20.095201558373482, "max_cur_train_grp_loss_index": 0, "reward_err_1": 0.08188094329392032, "reward_err_2": 0.005895587001979914, "reward_err_3": 0.041809444380651935, "reward_param_1": 8.501850455587237, "reward_param_2": 4.426630579932618, "reward_param_3": 8.208167074980821, "reward_param_4": 4.737117488512765, "KL_distance_1": 1.0434666640274486, "KL_distance_2": 0.5641686566400655, "KL_distance_3": 0.8275984727217508, "hist_group_loss_1": 4162.15071176666, "hist_group_loss_2": 2554.1498227904176, "hist_group_loss_3": 3910.2286411894124, "cur_group_loss_1": 20.095201558373482, "cur_group_loss_2": 9.786907943862326, "cur_group_loss_3": 18.435165035142873, "train_group_loss_1": 20.092153479225477, "train_group_loss_2": 9.776220408791099, "train_group_loss_3": 18.42975948550136, "val_group_loss_1": 19.85087514487895, "val_group_loss_2": 7.471449738223069, "val_group_loss_3": 18.406826918971802, "_timestamp": 1726697422.640502, "_runtime": 11.504219055175781, "_step": 3, "final/reward_err_1": 0.08188094329392032, "final/reward_err_2": 0.005895587001979914, "final/reward_err_3": 0.041809444380651935, "final/reward_param_1": 8.501850455587237, "final/reward_param_2": 4.426630579932618, "final/reward_param_3": 8.208167074980821, "final/reward_param_4": 4.737117488512765, "optimal_reward_1": 3.860621452331543, "optimal_reward_2": 3.860621452331543, "optimal_reward_3": 3.3138341903686523, "final/reward_1": 3.8245344161987305, "final/reward_2": 3.578054666519165, "final/reward_3": 3.3138341903686523, "reward_0_when_1_group_param_known": 3.860621452331543, "reward_1_when_1_group_param_known": 3.4612629413604736, "reward_2_when_1_group_param_known": 3.285645008087158, "reward_0_when_2_group_param_known": 3.4612629413604736, "reward_1_when_2_group_param_known": 3.860621452331543, "reward_2_when_2_group_param_known": 3.115248203277588, "reward_0_when_3_group_param_known": 3.8245344161987305, "reward_1_when_3_group_param_known": 3.578054666519165, "reward_2_when_3_group_param_known": 3.3138341903686523, "reward_error_0_when_1_group_param_known": 0.0, "reward_error_1_when_1_group_param_known": 0.1034440998430149, "reward_error_2_when_1_group_param_known": 0.008506515613672933, "reward_error_0_when_2_group_param_known": 0.1034440998430149, "reward_error_1_when_2_group_param_known": 0.0, "reward_error_2_when_2_group_param_known": 0.0599263498663379, "reward_error_0_when_3_group_param_known": 0.009347468167597338, "reward_error_1_when_3_group_param_known": 0.07319204674722188, "reward_error_2_when_3_group_param_known": 0.0, "_wandb": {"runtime": 11}}