{"Iteration": 99, "train_loss": 19.403284877166403, "val_loss": 19.768252973811286, "grad_norm": 0.006908802573374393, "live_grad": 1.19628784815182e-14, "train_weighted_loss": 58.2098546314992, "val_weighted_loss": 59.30475892143384, "max_reward_err": 0.09496480630818892, "max_reward_err_index": 0, "max_kl_dist": 1.2046077065163998, "max_kl_dist_index": 0, "max_train_grp_loss": 23.482274126478895, "max_train_grp_loss_index": 0, "max_val_grp_loss": 22.885602319105114, "max_val_grp_loss_index": 0, "max_cur_train_grp_loss": 0.23482877608801528, "max_cur_train_grp_loss_index": 0, "reward_err_1": 0.09496480630818892, "reward_err_2": 0.004914060171935881, "reward_err_3": 0.057330894097843865, "KL_distance_1": 1.2046077065163998, "KL_distance_2": 0.5270828796012891, "KL_distance_3": 0.9818790169601198, "reward_param_1": 10.77719681915981, "reward_param_2": 4.106411645460072, "reward_param_3": 5.84927648667527, "reward_param_4": 4.159496870506649, "group_weight_1": 0.34589925220044676, "group_weight_2": 0.31335650959299666, "group_weight_3": 0.34074423820655647, "hist_group_loss_1": 23.52124138996083, "hist_group_loss_2": 13.640641050072196, "hist_group_loss_3": 22.019702113600687, "cur_group_loss_1": 0.23482877608801528, "cur_group_loss_2": 0.1365588862198613, "cur_group_loss_3": 0.21936480717833584, "train_group_loss_1": 23.482274126478895, "train_group_loss_2": 14.476859038629831, "train_group_loss_3": 20.619265876673072, "val_group_loss_1": 22.885602319105114, "val_group_loss_2": 16.98263814272503, "val_group_loss_3": 19.16912698924195, "_timestamp": 1726611535.033459, "_runtime": 9.404675006866455, "_step": 2, "final/reward_err_1": 0.09496480630818892, "final/reward_err_2": 0.004914060171935881, "final/reward_err_3": 0.057330894097843865, "final/reward_param_1": 10.77719681915981, "final/reward_param_2": 4.106411645460072, "final/reward_param_3": 5.84927648667527, "final/reward_param_4": 4.159496870506649, "optimal_reward_1": 3.816397190093994, "optimal_reward_2": 3.816397190093994, "optimal_reward_3": 3.2560200691223145, "final/reward_1": 3.77667236328125, "final/reward_2": 3.5491819381713867, "final/reward_3": 3.2560200691223145, "reward_0_when_1_group_param_known": 3.816397190093994, "reward_1_when_1_group_param_known": 3.425919532775879, "reward_2_when_1_group_param_known": 3.2214560508728027, "reward_0_when_2_group_param_known": 3.425919532775879, "reward_1_when_2_group_param_known": 3.816397190093994, "reward_2_when_2_group_param_known": 3.061397075653076, "reward_0_when_3_group_param_known": 3.77667236328125, "reward_1_when_3_group_param_known": 3.5491819381713867, "reward_2_when_3_group_param_known": 3.2560200691223145, "reward_error_0_when_1_group_param_known": 0.0, "reward_error_1_when_1_group_param_known": 0.10231578053030119, "reward_error_2_when_1_group_param_known": 0.010615419289730827, "reward_error_0_when_2_group_param_known": 0.10231578053030119, "reward_error_1_when_2_group_param_known": 0.0, "reward_error_2_when_2_group_param_known": 0.05977327821621825, "reward_error_0_when_3_group_param_known": 0.01040898649539299, "reward_error_1_when_3_group_param_known": 0.07001767337430258, "reward_error_2_when_3_group_param_known": 0.0, "_wandb": {"runtime": 9}}