{"Iteration": 199, "train_loss": 17.329823182421904, "val_loss": 16.01001642910361, "grad_norm": 0.18046955123251038, "max_reward_err": 0.051546478153710204, "max_reward_err_index": 0, "max_kl_dist": 0.8224579537384595, "max_kl_dist_index": 0, "max_train_grp_loss": 19.635136528089248, "max_train_grp_loss_index": 0, "max_val_grp_loss": 19.05586304382817, "max_val_grp_loss_index": 0, "max_cur_train_grp_loss": 19.63775740461643, "max_cur_train_grp_loss_index": 0, "reward_err_1": 0.06541509691505486, "reward_err_2": 0.013689045442094537, "reward_err_3": 0.03169036564608969, "reward_param_1": 6.850609665744239, "reward_param_2": 5.524700229947921, "reward_param_3": 7.8415940790241105, "reward_param_4": 4.306986412829478, "KL_distance_1": 0.8224579537384595, "KL_distance_2": 0.5068707748204063, "KL_distance_3": 0.6517301834729373, "hist_group_loss_1": 4045.029189259629, "hist_group_loss_2": 3128.159670017953, "hist_group_loss_3": 3835.5829574065824, "cur_group_loss_1": 19.63775740461643, "cur_group_loss_2": 14.36066688404627, "cur_group_loss_3": 17.969422831077676, "train_group_loss_1": 19.635136528089248, "train_group_loss_2": 14.35841784890337, "train_group_loss_3": 17.962771739454176, "val_group_loss_1": 19.05586304382817, "val_group_loss_2": 10.332653857209973, "val_group_loss_3": 18.265739829521532, "_timestamp": 1726692569.166569, "_runtime": 11.411133050918579, "_step": 3, "final/reward_err_1": 0.06541509691505486, "final/reward_err_2": 0.013689045442094537, "final/reward_err_3": 0.03169036564608969, "final/reward_param_1": 6.850609665744239, "final/reward_param_2": 5.524700229947921, "final/reward_param_3": 7.8415940790241105, "final/reward_param_4": 4.306986412829478, "optimal_reward_1": 3.8689029216766357, "optimal_reward_2": 3.8689029216766357, "optimal_reward_3": 3.338573932647705, "final/reward_1": 3.8354125022888184, "final/reward_2": 3.6089484691619873, "final/reward_3": 3.338573932647705, "reward_0_when_1_group_param_known": 3.8689029216766357, "reward_1_when_1_group_param_known": 3.4624440670013428, "reward_2_when_1_group_param_known": 3.304152727127075, "reward_0_when_2_group_param_known": 3.4624440670013428, "reward_1_when_2_group_param_known": 3.8689029216766357, "reward_2_when_2_group_param_known": 3.1259868144989014, "reward_0_when_3_group_param_known": 3.8354125022888184, "reward_1_when_3_group_param_known": 3.6089484691619873, "reward_2_when_3_group_param_known": 3.338573932647705, "reward_error_0_when_1_group_param_known": 0.0, "reward_error_1_when_1_group_param_known": 0.10505790993048467, "reward_error_2_when_1_group_param_known": 0.010310152243156, "reward_error_0_when_2_group_param_known": 0.10505790993048467, "reward_error_1_when_2_group_param_known": 0.0, "reward_error_2_when_2_group_param_known": 0.06367602528430706, "reward_error_0_when_3_group_param_known": 0.008656309053447097, "reward_error_1_when_3_group_param_known": 0.0671907405735562, "reward_error_2_when_3_group_param_known": 0.0, "_wandb": {"runtime": 11}}