{"Iteration": 1999, "train_loss": 15.470879296115527, "val_loss": 15.873745838049505, "grad_norm": 0.12199620732908242, "live_grad": 2.5178575633063118e-14, "train_weighted_loss": 46.41263788834658, "val_weighted_loss": 47.62123751414852, "max_reward_err": 0.060811708102125724, "max_reward_err_index": 0, "max_kl_dist": 2.2878550094805434, "max_kl_dist_index": 0, "max_train_grp_loss": 16.91932365756504, "max_train_grp_loss_index": 0, "max_val_grp_loss": 17.91452515684763, "max_val_grp_loss_index": 0, "max_cur_train_grp_loss": 0.17442991493974738, "max_cur_train_grp_loss_index": 0, "reward_err_1": 0.060811708102125724, "reward_err_2": 0.013794538827356716, "reward_err_3": 0.029803603051579884, "KL_distance_1": 2.2878550094805434, "KL_distance_2": 1.6637028001150533, "KL_distance_3": 2.004950525988351, "reward_param_1": 11.113187093581756, "reward_param_2": 8.92901606821216, "reward_param_3": 15.790862771635702, "reward_param_4": 8.612997317491162, "group_weight_1": 0.58836712078452, "group_weight_2": 0.15434567257678172, "group_weight_3": 0.25728720663869814, "hist_group_loss_1": 369.6410087768097, "hist_group_loss_2": 235.8253693745839, "hist_group_loss_3": 286.9251976098631, "cur_group_loss_1": 0.17442991493974738, "cur_group_loss_2": 0.15430123664330841, "cur_group_loss_3": 0.13705440361135657, "train_group_loss_1": 16.91932365756504, "train_group_loss_2": 15.586023563295006, "train_group_loss_3": 13.9794217074319, "val_group_loss_1": 17.91452515684763, "val_group_loss_2": 15.530148763196971, "val_group_loss_3": 14.094284356192437, "_timestamp": 1726580633.3797288, "_runtime": 93.88146686553955, "_step": 21, "final/reward_err_1": 0.060811708102125724, "final/reward_err_2": 0.013794538827356716, "final/reward_err_3": 0.029803603051579884, "final/reward_param_1": 11.113187093581756, "final/reward_param_2": 8.92901606821216, "final/reward_param_3": 15.790862771635702, "final/reward_param_4": 8.612997317491162, "optimal_reward_1": 3.870737075805664, "optimal_reward_2": 3.870737075805664, "optimal_reward_3": 3.327569007873535, "final/reward_1": 3.8269641399383545, "final/reward_2": 3.639406681060791, "final/reward_3": 3.327569007873535, "reward_0_when_1_group_param_known": 3.870737075805664, "reward_1_when_1_group_param_known": 3.5440561771392822, "reward_2_when_1_group_param_known": 3.277423858642578, "reward_0_when_2_group_param_known": 3.5440561771392822, "reward_1_when_2_group_param_known": 3.870737075805664, "reward_2_when_2_group_param_known": 3.1691665649414062, "reward_0_when_3_group_param_known": 3.8269641399383545, "reward_1_when_3_group_param_known": 3.639406681060791, "reward_2_when_3_group_param_known": 3.327569007873535, "reward_error_0_when_1_group_param_known": 0.0, "reward_error_1_when_1_group_param_known": 0.08439759463599984, "reward_error_2_when_1_group_param_known": 0.015069604600928176, "reward_error_0_when_2_group_param_known": 0.08439759463599984, "reward_error_1_when_2_group_param_known": 0.0, "reward_error_2_when_2_group_param_known": 0.04760305272627693, "reward_error_0_when_3_group_param_known": 0.011308682302633167, "reward_error_1_when_3_group_param_known": 0.059763913232655674, "reward_error_2_when_3_group_param_known": 0.0, "_wandb": {"runtime": 93}}