{"Iteration": 99, "train_loss": 15.713126637917902, "val_loss": 15.574682252449223, "grad_norm": 0.013879511584722167, "live_grad": 1.6646957674009143e-14, "train_weighted_loss": 47.139379913753714, "val_weighted_loss": 46.72404675734767, "max_reward_err": 0.09440408265139953, "max_reward_err_index": 0, "max_kl_dist": 1.7296799859531997, "max_kl_dist_index": 0, "max_train_grp_loss": 19.8482202594649, "max_train_grp_loss_index": 0, "max_val_grp_loss": 19.570727021101348, "max_val_grp_loss_index": 0, "max_cur_train_grp_loss": 0.34991652292679715, "max_cur_train_grp_loss_index": 2, "reward_err_1": 0.09440408265139953, "reward_err_2": 0.0006868791189994542, "reward_err_3": 0.054505186252594505, "KL_distance_1": 1.7296799859531997, "KL_distance_2": 0.9552362497430524, "KL_distance_3": 1.3991775463760514, "reward_param_1": 11.535936009610978, "reward_param_2": 4.9836683748590005, "reward_param_3": 11.482175977880974, "reward_param_4": 3.9930858879830367, "group_weight_1": 0.3182473577793443, "group_weight_2": 0.2959145059012427, "group_weight_3": 0.385838136319413, "hist_group_loss_1": 15.949541563036837, "hist_group_loss_2": 8.673706175981845, "hist_group_loss_3": 35.20844261291554, "cur_group_loss_1": 0.15879849811942034, "cur_group_loss_2": 0.08690450432250926, "cur_group_loss_3": 0.34991652292679715, "train_group_loss_1": 19.8482202594649, "train_group_loss_2": 10.865544377200877, "train_group_loss_3": 17.494348235843, "val_group_loss_1": 19.570727021101348, "val_group_loss_2": 9.929566620523513, "val_group_loss_3": 17.38546758309463, "_timestamp": 1726683134.225848, "_runtime": 10.157690048217773, "_step": 2, "final/reward_err_1": 0.09440408265139953, "final/reward_err_2": 0.0006868791189994542, "final/reward_err_3": 0.054505186252594505, "final/reward_param_1": 11.535936009610978, "final/reward_param_2": 4.9836683748590005, "final/reward_param_3": 11.482175977880974, "final/reward_param_4": 3.9930858879830367, "optimal_reward_1": 3.824740409851074, "optimal_reward_2": 3.824740409851074, "optimal_reward_3": 3.2862327098846436, "final/reward_1": 3.7884345054626465, "final/reward_2": 3.5667476654052734, "final/reward_3": 3.2862327098846436, "reward_0_when_1_group_param_known": 3.824740409851074, "reward_1_when_1_group_param_known": 3.4372060298919678, "reward_2_when_1_group_param_known": 3.2528157234191895, "reward_0_when_2_group_param_known": 3.4372060298919678, "reward_1_when_2_group_param_known": 3.824740409851074, "reward_2_when_2_group_param_known": 3.087484836578369, "reward_0_when_3_group_param_known": 3.7884345054626465, "reward_1_when_3_group_param_known": 3.5667476654052734, "reward_2_when_3_group_param_known": 3.2862327098846436, "reward_error_0_when_1_group_param_known": 0.0, "reward_error_1_when_1_group_param_known": 0.10132305422897865, "reward_error_2_when_1_group_param_known": 0.010168782741690603, "reward_error_0_when_2_group_param_known": 0.10132305422897865, "reward_error_1_when_2_group_param_known": 0.0, "reward_error_2_when_2_group_param_known": 0.060478940736138874, "reward_error_0_when_3_group_param_known": 0.00949238392621825, "reward_error_1_when_3_group_param_known": 0.06745366137302018, "reward_error_2_when_3_group_param_known": 0.0, "_wandb": {"runtime": 9}}