{"Iteration": 99, "train_loss": 15.276572303287818, "val_loss": 15.99192450728719, "grad_norm": 0.5439494173773151, "max_reward_err": 0.07926866133355313, "max_reward_err_index": 1, "max_kl_dist": 0.6094500949648969, "max_kl_dist_index": 0, "max_train_grp_loss": 19.880001839593117, "max_train_grp_loss_index": 0, "max_val_grp_loss": 20.572516953434942, "max_val_grp_loss_index": 0, "max_cur_train_grp_loss": 19.896691950483923, "max_cur_train_grp_loss_index": 0, "reward_err_1": 0.0691245326130765, "reward_err_2": 0.010901440495115315, "reward_err_3": 0.03379335870786287, "reward_param_1": 6.7259247918061975, "reward_param_2": 3.8242435650059496, "reward_param_3": 6.0161903403904775, "reward_param_4": 3.782994293858031, "KL_distance_1": 0.6094500949648969, "KL_distance_2": 0.31303373886696445, "KL_distance_3": 0.4617808982627908, "hist_group_loss_1": 2118.5345398793593, "hist_group_loss_2": 1334.0256833995338, "hist_group_loss_3": 2096.221323668944, "cur_group_loss_1": 19.896691950483923, "cur_group_loss_2": 9.40166849523642, "cur_group_loss_3": 19.410622482344262, "train_group_loss_1": 19.880001839593117, "train_group_loss_2": 9.357036804288285, "train_group_loss_3": 19.389035770066727, "val_group_loss_1": 20.572516953434942, "val_group_loss_2": 10.146587628517278, "val_group_loss_3": 18.93489259016447, "_timestamp": 1726687221.670462, "_runtime": 8.300912857055664, "_step": 2, "final/reward_err_1": 0.0691245326130765, "final/reward_err_2": 0.010901440495115315, "final/reward_err_3": 0.03379335870786287, "final/reward_param_1": 6.7259247918061975, "final/reward_param_2": 3.8242435650059496, "final/reward_param_3": 6.0161903403904775, "final/reward_param_4": 3.782994293858031, "optimal_reward_1": 3.8527944087982178, "optimal_reward_2": 3.8527944087982178, "optimal_reward_3": 3.263286590576172, "final/reward_1": 3.8116507530212402, "final/reward_2": 3.592198133468628, "final/reward_3": 3.263286590576172, "reward_0_when_1_group_param_known": 3.8527944087982178, "reward_1_when_1_group_param_known": 3.4703638553619385, "reward_2_when_1_group_param_known": 3.226212501525879, "reward_0_when_2_group_param_known": 3.4703638553619385, "reward_1_when_2_group_param_known": 3.8527944087982178, "reward_2_when_2_group_param_known": 3.0707831382751465, "reward_0_when_3_group_param_known": 3.8116507530212402, "reward_1_when_3_group_param_known": 3.592198133468628, "reward_2_when_3_group_param_known": 3.263286590576172, "reward_error_0_when_1_group_param_known": 0.0, "reward_error_1_when_1_group_param_known": 0.09926056593182424, "reward_error_2_when_1_group_param_known": 0.01136096632068932, "reward_error_0_when_2_group_param_known": 0.09926056593182424, "reward_error_1_when_2_group_param_known": 0.0, "reward_error_2_when_2_group_param_known": 0.0589906669113719, "reward_error_0_when_3_group_param_known": 0.010678912864652767, "reward_error_1_when_3_group_param_known": 0.0676382510145088, "reward_error_2_when_3_group_param_known": 0.0, "_wandb": {"runtime": 8}}