{"Iteration": 99, "train_loss": 17.184448514083833, "val_loss": 17.106288144427584, "grad_norm": 0.37576011994234865, "max_reward_err": 0.053370081559739484, "max_reward_err_index": 0, "max_kl_dist": 0.7596059742761899, "max_kl_dist_index": 0, "max_train_grp_loss": 20.516739763485152, "max_train_grp_loss_index": 0, "max_val_grp_loss": 20.968759951856246, "max_val_grp_loss_index": 0, "max_cur_train_grp_loss": 20.525045492578652, "max_cur_train_grp_loss_index": 0, "reward_err_1": 0.06615358180614582, "reward_err_2": 0.009441123572400666, "reward_err_3": 0.03311088380909966, "reward_param_1": 6.493309478157273, "reward_param_2": 4.067514954305193, "reward_param_3": 7.31395661158423, "reward_param_4": 4.060472375654989, "KL_distance_1": 0.7596059742761899, "KL_distance_2": 0.39075309737624747, "KL_distance_3": 0.5827457920920394, "hist_group_loss_1": 2110.0914825863833, "hist_group_loss_2": 1272.937071745236, "hist_group_loss_3": 2012.8157743222137, "cur_group_loss_1": 20.525045492578652, "cur_group_loss_2": 11.065357473921447, "cur_group_loss_3": 19.219116439296847, "train_group_loss_1": 20.516739763485152, "train_group_loss_2": 11.044585740114615, "train_group_loss_3": 19.205107775926333, "val_group_loss_1": 20.968759951856246, "val_group_loss_2": 10.829932317488561, "val_group_loss_3": 19.626329546293743, "_timestamp": 1726606934.4269598, "_runtime": 8.020642757415771, "_step": 2, "final/reward_err_1": 0.06615358180614582, "final/reward_err_2": 0.009441123572400666, "final/reward_err_3": 0.03311088380909966, "final/reward_param_1": 6.493309478157273, "final/reward_param_2": 4.067514954305193, "final/reward_param_3": 7.31395661158423, "final/reward_param_4": 4.060472375654989, "optimal_reward_1": 3.7658329010009766, "optimal_reward_2": 3.7658329010009766, "optimal_reward_3": 3.2313315868377686, "final/reward_1": 3.727386713027954, "final/reward_2": 3.5327694416046143, "final/reward_3": 3.2313315868377686, "reward_0_when_1_group_param_known": 3.7658329010009766, "reward_1_when_1_group_param_known": 3.411930561065674, "reward_2_when_1_group_param_known": 3.1902992725372314, "reward_0_when_2_group_param_known": 3.411930561065674, "reward_1_when_2_group_param_known": 3.7658329010009766, "reward_2_when_2_group_param_known": 3.0509254932403564, "reward_0_when_3_group_param_known": 3.727386713027954, "reward_1_when_3_group_param_known": 3.5327694416046143, "reward_2_when_3_group_param_known": 3.2313315868377686, "reward_error_0_when_1_group_param_known": 0.0, "reward_error_1_when_1_group_param_known": 0.09397717563124848, "reward_error_2_when_1_group_param_known": 0.012698267942440401, "reward_error_0_when_2_group_param_known": 0.09397717563124848, "reward_error_1_when_2_group_param_known": 0.0, "reward_error_2_when_2_group_param_known": 0.055830263391186144, "reward_error_0_when_3_group_param_known": 0.01020921240631874, "reward_error_1_when_3_group_param_known": 0.06188895405699305, "reward_error_2_when_3_group_param_known": 0.0, "_wandb": {"runtime": 8}}