{"Iteration": 99, "train_loss": 17.945510230688278, "val_loss": 16.661084648396702, "grad_norm": 0.29671734895421714, "max_reward_err": 0.05108986155795159, "max_reward_err_index": 0, "max_kl_dist": 0.6203523863606664, "max_kl_dist_index": 0, "max_train_grp_loss": 20.25269426036293, "max_train_grp_loss_index": 0, "max_val_grp_loss": 19.738346649165656, "max_val_grp_loss_index": 0, "max_cur_train_grp_loss": 20.260287142754997, "max_cur_train_grp_loss_index": 0, "reward_err_1": 0.0652172801413937, "reward_err_2": 0.013586681795221494, "reward_err_3": 0.0319500016459096, "reward_param_1": 6.77731910005336, "reward_param_2": 4.401306568494068, "reward_param_3": 5.649793089081171, "reward_param_4": 3.965096436896334, "KL_distance_1": 0.6203523863606664, "KL_distance_2": 0.3388931967180978, "KL_distance_3": 0.4663613270343477, "hist_group_loss_1": 2082.595119576197, "hist_group_loss_2": 1533.3951360515532, "hist_group_loss_3": 2041.6075028535793, "cur_group_loss_1": 20.260287142754997, "cur_group_loss_2": 14.504810196352365, "cur_group_loss_3": 19.623687642557204, "train_group_loss_1": 20.25269426036293, "train_group_loss_2": 14.49584298049936, "train_group_loss_3": 19.611900394020694, "val_group_loss_1": 19.738346649165656, "val_group_loss_2": 10.656390284881084, "val_group_loss_3": 19.165013688782444, "_timestamp": 1726689680.555742, "_runtime": 8.414541959762573, "_step": 2, "final/reward_err_1": 0.0652172801413937, "final/reward_err_2": 0.013586681795221494, "final/reward_err_3": 0.0319500016459096, "final/reward_param_1": 6.77731910005336, "final/reward_param_2": 4.401306568494068, "final/reward_param_3": 5.649793089081171, "final/reward_param_4": 3.965096436896334, "optimal_reward_1": 3.8699047565460205, "optimal_reward_2": 3.8699047565460205, "optimal_reward_3": 3.375126361846924, "final/reward_1": 3.831815481185913, "final/reward_2": 3.603090763092041, "final/reward_3": 3.375126361846924, "reward_0_when_1_group_param_known": 3.8699047565460205, "reward_1_when_1_group_param_known": 3.4682676792144775, "reward_2_when_1_group_param_known": 3.3350672721862793, "reward_0_when_2_group_param_known": 3.4682676792144775, "reward_1_when_2_group_param_known": 3.8699047565460205, "reward_2_when_2_group_param_known": 3.164400100708008, "reward_0_when_3_group_param_known": 3.831815481185913, "reward_1_when_3_group_param_known": 3.603090763092041, "reward_2_when_3_group_param_known": 3.375126361846924, "reward_error_0_when_1_group_param_known": 0.0, "reward_error_1_when_1_group_param_known": 0.10378474474137016, "reward_error_2_when_1_group_param_known": 0.011868915520758028, "reward_error_0_when_2_group_param_known": 0.10378474474137016, "reward_error_1_when_2_group_param_known": 0.0, "reward_error_2_when_2_group_param_known": 0.06243507310452317, "reward_error_0_when_3_group_param_known": 0.009842432244793276, "reward_error_1_when_3_group_param_known": 0.06894588116223231, "reward_error_2_when_3_group_param_known": 0.0, "_wandb": {"runtime": 8}}