{"Iteration": 99, "train_loss": 17.689435632131, "val_loss": 17.869018036002593, "grad_norm": 0.009699458239339901, "live_grad": 1.573719109017373e-14, "train_weighted_loss": 53.06830689639301, "val_weighted_loss": 53.6070541080078, "max_reward_err": 0.07796378492113468, "max_reward_err_index": 0, "max_kl_dist": 1.1430013508377201, "max_kl_dist_index": 0, "max_train_grp_loss": 19.73072577649966, "max_train_grp_loss_index": 0, "max_val_grp_loss": 19.632859174431605, "max_val_grp_loss_index": 0, "max_cur_train_grp_loss": 0.4001893149661593, "max_cur_train_grp_loss_index": 2, "reward_err_1": 0.07796378492113468, "reward_err_2": 0.011581391777119074, "reward_err_3": 0.0393436467634157, "KL_distance_1": 1.1430013508377201, "KL_distance_2": 0.6651656732742521, "KL_distance_3": 0.9270436134409717, "reward_param_1": 9.947846778437736, "reward_param_2": 5.852096684095947, "reward_param_3": 7.648780815440331, "reward_param_4": 4.200641961020615, "group_weight_1": 0.30489887659141307, "group_weight_2": 0.3001960956431057, "group_weight_3": 0.3949050277654813, "hist_group_loss_1": 14.35510242185121, "hist_group_loss_2": 12.800676800834182, "hist_group_loss_3": 40.221615470095905, "cur_group_loss_1": 0.14298413801961318, "cur_group_loss_2": 0.1285293530051821, "cur_group_loss_3": 0.4001893149661593, "train_group_loss_1": 19.73072577649966, "train_group_loss_2": 14.78290976116724, "train_group_loss_3": 18.807572552087567, "val_group_loss_1": 19.632859174431605, "val_group_loss_2": 16.235945385436256, "val_group_loss_3": 17.518523088779297, "_timestamp": 1726684818.5533261, "_runtime": 9.83716106414795, "_step": 2, "final/reward_err_1": 0.07796378492113468, "final/reward_err_2": 0.011581391777119074, "final/reward_err_3": 0.0393436467634157, "final/reward_param_1": 9.947846778437736, "final/reward_param_2": 5.852096684095947, "final/reward_param_3": 7.648780815440331, "final/reward_param_4": 4.200641961020615, "optimal_reward_1": 3.880918025970459, "optimal_reward_2": 3.880918025970459, "optimal_reward_3": 3.319674015045166, "final/reward_1": 3.8381175994873047, "final/reward_2": 3.608170986175537, "final/reward_3": 3.319674015045166, "reward_0_when_1_group_param_known": 3.880918025970459, "reward_1_when_1_group_param_known": 3.483751058578491, "reward_2_when_1_group_param_known": 3.287625551223755, "reward_0_when_2_group_param_known": 3.483751058578491, "reward_1_when_2_group_param_known": 3.880918025970459, "reward_2_when_2_group_param_known": 3.126237392425537, "reward_0_when_3_group_param_known": 3.8381175994873047, "reward_1_when_3_group_param_known": 3.608170986175537, "reward_2_when_3_group_param_known": 3.319674015045166, "reward_error_0_when_1_group_param_known": 0.0, "reward_error_1_when_1_group_param_known": 0.10233840672083058, "reward_error_2_when_1_group_param_known": 0.009654099672486998, "reward_error_0_when_2_group_param_known": 0.10233840672083058, "reward_error_1_when_2_group_param_known": 0.0, "reward_error_2_when_2_group_param_known": 0.05826976436329309, "reward_error_0_when_3_group_param_known": 0.011028428376157638, "reward_error_1_when_3_group_param_known": 0.07027900047611002, "reward_error_2_when_3_group_param_known": 0.0, "_wandb": {"runtime": 9}}