{"Iteration": 99, "train_loss": 16.66424978362163, "val_loss": 15.133162000610456, "grad_norm": 0.018205636970092164, "live_grad": 2.259412965305498e-14, "train_weighted_loss": 49.992749350864884, "val_weighted_loss": 45.39948600183138, "max_reward_err": 0.1053871677516752, "max_reward_err_index": 0, "max_kl_dist": 1.9081498957129932, "max_kl_dist_index": 0, "max_train_grp_loss": 23.267613934555083, "max_train_grp_loss_index": 0, "max_val_grp_loss": 20.45197197896831, "max_val_grp_loss_index": 0, "max_cur_train_grp_loss": 0.23270949220885026, "max_cur_train_grp_loss_index": 0, "reward_err_1": 0.1053871677516752, "reward_err_2": 0.007566377094391313, "reward_err_3": 0.06819458360680022, "KL_distance_1": 1.9081498957129932, "KL_distance_2": 0.8961713473880206, "KL_distance_3": 1.5978117106523473, "reward_param_1": 7.247848963465504, "reward_param_2": 3.157975544856829, "reward_param_3": 14.282025549784438, "reward_param_4": 5.629895457289911, "group_weight_1": 0.3541575103540703, "group_weight_2": 0.30159719137957414, "group_weight_3": 0.34424529826635564, "hist_group_loss_1": 23.43385480171837, "hist_group_loss_2": 7.368911302733384, "hist_group_loss_3": 20.595126894977195, "cur_group_loss_1": 0.23270949220885026, "cur_group_loss_2": 0.07517159672334943, "cur_group_loss_3": 0.20424600276729465, "train_group_loss_1": 23.267613934555083, "train_group_loss_2": 7.8994606002418974, "train_group_loss_3": 19.400738722164014, "val_group_loss_1": 20.45197197896831, "val_group_loss_2": 7.4562828973276325, "val_group_loss_3": 17.84166808774388, "_timestamp": 1726659697.377093, "_runtime": 9.442219972610474, "_step": 2, "final/reward_err_1": 0.1053871677516752, "final/reward_err_2": 0.007566377094391313, "final/reward_err_3": 0.06819458360680022, "final/reward_param_1": 7.247848963465504, "final/reward_param_2": 3.157975544856829, "final/reward_param_3": 14.282025549784438, "final/reward_param_4": 5.629895457289911, "optimal_reward_1": 3.7945611476898193, "optimal_reward_2": 3.7945611476898193, "optimal_reward_3": 3.244687080383301, "final/reward_1": 3.760617256164551, "final/reward_2": 3.530181884765625, "final/reward_3": 3.244687080383301, "reward_0_when_1_group_param_known": 3.7945611476898193, "reward_1_when_1_group_param_known": 3.4039535522460938, "reward_2_when_1_group_param_known": 3.2116000652313232, "reward_0_when_2_group_param_known": 3.4039535522460938, "reward_1_when_2_group_param_known": 3.7945611476898193, "reward_2_when_2_group_param_known": 3.0445375442504883, "reward_0_when_3_group_param_known": 3.760617256164551, "reward_1_when_3_group_param_known": 3.530181884765625, "reward_2_when_3_group_param_known": 3.244687080383301, "reward_error_0_when_1_group_param_known": 0.0, "reward_error_1_when_1_group_param_known": 0.10293880642338121, "reward_error_2_when_1_group_param_known": 0.010197290010495838, "reward_error_0_when_2_group_param_known": 0.10293880642338121, "reward_error_1_when_2_group_param_known": 0.0, "reward_error_2_when_2_group_param_known": 0.061685312381238463, "reward_error_0_when_3_group_param_known": 0.008945406386700095, "reward_error_1_when_3_group_param_known": 0.06967321190360895, "reward_error_2_when_3_group_param_known": 0.0, "_wandb": {"runtime": 9}}