{"val_group_loss_1":12.703922792965729,"grad_norm":0.04532997473882438,"final/reward_err_2":0.01426130884728489,"max_cur_train_grp_loss_index":2,"reward_param_2":8.180381030290302,"reward_err_3":0.00014351921331808338,"train_group_loss_1":11.782606310749253,"cur_group_loss_1":0.09426772546458269,"final/reward_param_2":8.180381030290302,"max_train_grp_loss_index":1,"reward_0_when_3_group_param_known":3.841189453125,"final/reward_err_1":0.00967623327868051,"live_grad":2.2888053902861193e-14,"max_val_grp_loss_index":0,"reward_error_1_when_2_group_param_known":0,"reward_param_4":9.255860635932898,"reward_error_1_when_3_group_param_known":0.015270013049259644,"Iteration":99,"optimal_reward_3":3.27631982421875,"train_group_loss_3":10.593655537789957,"_wandb":{"runtime":103},"group_weight_1":0.1843383845978918,"reward_2_when_1_group_param_known":3.255072021484375,"final/reward_param_3":5.46903379584126,"_step":101,"reward_1_when_1_group_param_known":6.77779443359375,"reward_2_when_2_group_param_known":3.05710986328125,"reward_error_2_when_1_group_param_known":0.0064852651372159075,"train_weighted_loss":36.529843308937785,"_runtime":103.840669,"max_kl_dist_index":0,"reward_error_2_when_3_group_param_known":0,"KL_distance_1":0.7030545654296875,"reward_err_1":0.00967623327868051,"reward_1_when_3_group_param_known":7.1339345703125,"final/reward_param_4":9.255860635932898,"reward_0_when_1_group_param_known":3.867779541015625,"final/reward_3":3.27631982421875,"max_cur_train_grp_loss":0.21190872284806633,"reward_error_0_when_2_group_param_known":0.11032717529039895,"optimal_reward_2":7.24455908203125,"max_reward_err_index":1,"KL_distance_3":0.6966075439453125,"reward_error_1_when_1_group_param_known":0.06442968345654335,"reward_error_0_when_3_group_param_known":0.006874768225192712,"_timestamp":1.7283148911022642e+09,"reward_1_when_2_group_param_known":7.24455908203125,"reward_error_2_when_2_group_param_known":0.06690737556116683,"hist_group_loss_3":21.4905406893312,"val_weighted_loss":37.43061685266359,"final/reward_err_3":0.00014351921331808338,"max_kl_dist":0.7030545654296875,"group_weight_2":0.20424902516724314,"group_weight_3":0.6114125902348652,"reward_2_when_3_group_param_known":3.27631982421875,"val_group_loss_2":12.60166015431828,"reward_0_when_2_group_param_known":3.441058349609375,"reward_err_2":0.01426130884728489,"train_group_loss_2":13.203806121284991,"cur_group_loss_2":0.10560727437981153,"final/reward_1":3.841189453125,"KL_distance_2":0.33044287109375,"hist_group_loss_2":10.526220282062502,"reward_error_0_when_1_group_param_known":0,"max_reward_err":0.01426130884728489,"final/reward_2":7.1339345703125,"reward_param_1":5.460054846309205,"val_group_loss_3":12.124352072019985,"val_loss":12.476872284221194,"final/reward_param_1":5.460054846309205,"reward_param_3":5.46903379584126,"hist_group_loss_1":9.500551825811682,"max_val_grp_loss":12.703922792965729,"optimal_reward_1":3.867779541015625,"max_train_grp_loss":13.203806121284991,"train_loss":12.176614436312594,"cur_group_loss_3":0.21190872284806633}