{"Iteration": 99, "train_loss": 16.619313235658787, "val_loss": 17.07957403059854, "grad_norm": 0.4377102517826501, "max_reward_err": 0.09444282466257559, "max_reward_err_index": 1, "max_kl_dist": 0.5872223555843452, "max_kl_dist_index": 0, "max_train_grp_loss": 20.168869682417828, "max_train_grp_loss_index": 2, "max_val_grp_loss": 20.725626041831827, "max_val_grp_loss_index": 0, "max_cur_train_grp_loss": 20.18434627688019, "max_cur_train_grp_loss_index": 2, "reward_err_1": 0.0581271752549488, "reward_err_2": 0.02604409876599484, "reward_err_3": 0.028138403709977392, "reward_param_1": 5.032920415679025, "reward_param_2": 3.1424418015228963, "reward_param_3": 6.735207004457665, "reward_param_4": 5.2173365360027315, "KL_distance_1": 0.5872223555843452, "KL_distance_2": 0.37179294825153053, "KL_distance_3": 0.44637079452820333, "hist_group_loss_1": 2077.642946667884, "hist_group_loss_2": 1503.176325923652, "hist_group_loss_3": 2125.386544598075, "cur_group_loss_1": 20.072693453200532, "cur_group_loss_2": 12.518945476395293, "cur_group_loss_3": 20.18434627688019, "train_group_loss_1": 20.06352760212319, "train_group_loss_2": 12.489926615032665, "train_group_loss_3": 20.168869682417828, "val_group_loss_1": 20.725626041831827, "val_group_loss_2": 11.005050351648762, "val_group_loss_3": 19.29454394496158, "_timestamp": 1726682209.751251, "_runtime": 8.413363933563232, "_step": 2, "final/reward_err_1": 0.0581271752549488, "final/reward_err_2": 0.02604409876599484, "final/reward_err_3": 0.028138403709977392, "final/reward_param_1": 5.032920415679025, "final/reward_param_2": 3.1424418015228963, "final/reward_param_3": 6.735207004457665, "final/reward_param_4": 5.2173365360027315, "optimal_reward_1": 3.7869174480438232, "optimal_reward_2": 3.7869174480438232, "optimal_reward_3": 3.255725145339966, "final/reward_1": 3.7558434009552, "final/reward_2": 3.5533955097198486, "final/reward_3": 3.255725145339966, "reward_0_when_1_group_param_known": 3.7869174480438232, "reward_1_when_1_group_param_known": 3.424971103668213, "reward_2_when_1_group_param_known": 3.222290515899658, "reward_0_when_2_group_param_known": 3.424971103668213, "reward_1_when_2_group_param_known": 3.7869174480438232, "reward_2_when_2_group_param_known": 3.0696070194244385, "reward_0_when_3_group_param_known": 3.7558434009552, "reward_1_when_3_group_param_known": 3.5533955097198486, "reward_2_when_3_group_param_known": 3.255725145339966, "reward_error_0_when_1_group_param_known": 0.0, "reward_error_1_when_1_group_param_known": 0.09557809203434788, "reward_error_2_when_1_group_param_known": 0.010269487732453024, "reward_error_0_when_2_group_param_known": 0.09557809203434788, "reward_error_1_when_2_group_param_known": 0.0, "reward_error_2_when_2_group_param_known": 0.057166412275902585, "reward_error_0_when_3_group_param_known": 0.00820563096897576, "reward_error_1_when_3_group_param_known": 0.0616654420192347, "reward_error_2_when_3_group_param_known": 0.0, "_wandb": {"runtime": 8}}