{"Iteration": 99, "train_loss": 18.577386384838288, "val_loss": 18.95686775387118, "grad_norm": 0.003471555257305397, "live_grad": 2.5718502679984158e-14, "train_weighted_loss": 55.73215915451486, "val_weighted_loss": 56.87060326161354, "max_reward_err": 0.0988867501348967, "max_reward_err_index": 0, "max_kl_dist": 1.4090743319886534, "max_kl_dist_index": 0, "max_train_grp_loss": 24.002562360767907, "max_train_grp_loss_index": 0, "max_val_grp_loss": 23.629554061507257, "max_val_grp_loss_index": 0, "max_cur_train_grp_loss": 0.269695085672575, "max_cur_train_grp_loss_index": 0, "reward_err_1": 0.0988867501348967, "reward_err_2": 0.0, "reward_err_3": 0.056545947326040416, "KL_distance_1": 1.4090743319886534, "KL_distance_2": 0.5874534596195563, "KL_distance_3": 1.0904158943258935, "reward_param_1": 9.552343942355265, "reward_param_2": 2.975819643860507, "reward_param_3": 9.26708036718136, "reward_param_4": 3.263779603379178, "group_weight_1": 0.35934013203317006, "group_weight_2": 0.31554136463110527, "group_weight_3": 0.3251185033357245, "hist_group_loss_1": 26.98670838915955, "hist_group_loss_2": 13.988748252314457, "hist_group_loss_3": 16.97874424731496, "cur_group_loss_1": 0.269695085672575, "cur_group_loss_2": 0.139827374631021, "cur_group_loss_3": 0.1692386525689084, "train_group_loss_1": 24.002562360767907, "train_group_loss_2": 14.822286726985704, "train_group_loss_3": 17.769766402691985, "val_group_loss_1": 23.629554061507257, "val_group_loss_2": 14.432776330856363, "val_group_loss_3": 18.420537683337443, "_timestamp": 1726611670.9158452, "_runtime": 9.351966142654419, "_step": 2, "final/reward_err_1": 0.0988867501348967, "final/reward_err_2": 0.0, "final/reward_err_3": 0.056545947326040416, "final/reward_param_1": 9.552343942355265, "final/reward_param_2": 2.975819643860507, "final/reward_param_3": 9.26708036718136, "final/reward_param_4": 3.263779603379178, "optimal_reward_1": 3.902012586593628, "optimal_reward_2": 3.902012586593628, "optimal_reward_3": 3.399076461791992, "final/reward_1": 3.8625452518463135, "final/reward_2": 3.624565362930298, "final/reward_3": 3.399076461791992, "reward_0_when_1_group_param_known": 3.902012586593628, "reward_1_when_1_group_param_known": 3.5148375034332275, "reward_2_when_1_group_param_known": 3.3579766750335693, "reward_0_when_2_group_param_known": 3.5148375034332275, "reward_1_when_2_group_param_known": 3.902012586593628, "reward_2_when_2_group_param_known": 3.205984354019165, "reward_0_when_3_group_param_known": 3.8625452518463135, "reward_1_when_3_group_param_known": 3.624565362930298, "reward_2_when_3_group_param_known": 3.399076461791992, "reward_error_0_when_1_group_param_known": 0.0, "reward_error_1_when_1_group_param_known": 0.09922445778125893, "reward_error_2_when_1_group_param_known": 0.012091456964976615, "reward_error_0_when_2_group_param_known": 0.09922445778125893, "reward_error_1_when_2_group_param_known": 0.0, "reward_error_2_when_2_group_param_known": 0.05680722688745549, "reward_error_0_when_3_group_param_known": 0.010114609799802972, "reward_error_1_when_3_group_param_known": 0.07110362088953062, "reward_error_2_when_3_group_param_known": 0.0, "_wandb": {"runtime": 9}}