{"Iteration": 99, "train_loss": 16.568230479261487, "val_loss": 17.961287594718545, "grad_norm": 0.006301870635963149, "live_grad": 1.548843190116226e-14, "train_weighted_loss": 49.70469143778446, "val_weighted_loss": 53.88386278415564, "max_reward_err": 0.10527937061860843, "max_reward_err_index": 0, "max_kl_dist": 1.9603732445409892, "max_kl_dist_index": 0, "max_train_grp_loss": 20.423783165266343, "max_train_grp_loss_index": 0, "max_val_grp_loss": 21.246592042408565, "max_val_grp_loss_index": 0, "max_cur_train_grp_loss": 0.19451984998645122, "max_cur_train_grp_loss_index": 0, "reward_err_1": 0.10527937061860843, "reward_err_2": 0.00035333129793459645, "reward_err_3": 0.06173615960392421, "KL_distance_1": 1.9603732445409892, "KL_distance_2": 1.0152233968360715, "KL_distance_3": 1.6047108980230713, "reward_param_1": 13.710918803806646, "reward_param_2": 4.602260071513628, "reward_param_3": 10.304427294622217, "reward_param_4": 4.615169768376453, "group_weight_1": 0.34477816736968137, "group_weight_2": 0.3177765690670565, "group_weight_3": 0.33744526356326204, "hist_group_loss_1": 19.517859405914482, "hist_group_loss_2": 11.362589980319088, "hist_group_loss_3": 17.368069209275937, "cur_group_loss_1": 0.19451984998645122, "cur_group_loss_2": 0.1136205323698145, "cur_group_loss_3": 0.1728389808345828, "train_group_loss_1": 20.423783165266343, "train_group_loss_2": 10.227744818210894, "train_group_loss_3": 18.14737978844286, "val_group_loss_1": 21.246592042408565, "val_group_loss_2": 12.814027175096191, "val_group_loss_3": 19.56014659739249, "_timestamp": 1726607066.948288, "_runtime": 9.650809049606323, "_step": 2, "final/reward_err_1": 0.10527937061860843, "final/reward_err_2": 0.00035333129793459645, "final/reward_err_3": 0.06173615960392421, "final/reward_param_1": 13.710918803806646, "final/reward_param_2": 4.602260071513628, "final/reward_param_3": 10.304427294622217, "final/reward_param_4": 4.615169768376453, "optimal_reward_1": 3.9271814823150635, "optimal_reward_2": 3.9271814823150635, "optimal_reward_3": 3.4129228591918945, "final/reward_1": 3.8862557411193848, "final/reward_2": 3.636671543121338, "final/reward_3": 3.4129228591918945, "reward_0_when_1_group_param_known": 3.9271814823150635, "reward_1_when_1_group_param_known": 3.503054618835449, "reward_2_when_1_group_param_known": 3.378288984298706, "reward_0_when_2_group_param_known": 3.503054618835449, "reward_1_when_2_group_param_known": 3.9271814823150635, "reward_2_when_2_group_param_known": 3.1996068954467773, "reward_0_when_3_group_param_known": 3.8862557411193848, "reward_1_when_3_group_param_known": 3.636671543121338, "reward_2_when_3_group_param_known": 3.4129228591918945, "reward_error_0_when_1_group_param_known": 0.0, "reward_error_1_when_1_group_param_known": 0.1079977753484396, "reward_error_2_when_1_group_param_known": 0.0101478633775476, "reward_error_0_when_2_group_param_known": 0.1079977753484396, "reward_error_1_when_2_group_param_known": 0.0, "reward_error_2_when_2_group_param_known": 0.06250242755138795, "reward_error_0_when_3_group_param_known": 0.010421148444495387, "reward_error_1_when_3_group_param_known": 0.07397415691175818, "reward_error_2_when_3_group_param_known": 0.0, "_wandb": {"runtime": 9}}