{"Iteration": 99, "train_loss": 18.519416944794536, "val_loss": 17.647212570536727, "grad_norm": 0.45647787705180926, "max_reward_err": 0.09562055155768169, "max_reward_err_index": 1, "max_kl_dist": 0.4869325440428466, "max_kl_dist_index": 0, "max_train_grp_loss": 22.8417749222792, "max_train_grp_loss_index": 0, "max_val_grp_loss": 21.330028781504268, "max_val_grp_loss_index": 0, "max_cur_train_grp_loss": 22.843932987831046, "max_cur_train_grp_loss_index": 0, "reward_err_1": 0.07678167185373443, "reward_err_2": 0.015197533631117708, "reward_err_3": 0.041838670358677846, "reward_param_1": 4.420708953750959, "reward_param_2": 2.8785993981095426, "reward_param_3": 6.201551613089332, "reward_param_4": 3.793800502065826, "KL_distance_1": 0.4869325440428466, "KL_distance_2": 0.21147925932860534, "KL_distance_3": 0.3522774330035332, "hist_group_loss_1": 2311.7929120471645, "hist_group_loss_2": 1594.200301145264, "hist_group_loss_3": 2183.687247842289, "cur_group_loss_1": 22.843932987831046, "cur_group_loss_2": 12.243846102460111, "cur_group_loss_3": 20.969051197385078, "train_group_loss_1": 22.8417749222792, "train_group_loss_2": 12.19741774654321, "train_group_loss_3": 20.957039240246356, "val_group_loss_1": 21.330028781504268, "val_group_loss_2": 11.650622042971715, "val_group_loss_3": 20.256838512211104, "_timestamp": 1726658128.8368168, "_runtime": 8.259726762771606, "_step": 2, "final/reward_err_1": 0.07678167185373443, "final/reward_err_2": 0.015197533631117708, "final/reward_err_3": 0.041838670358677846, "final/reward_param_1": 4.420708953750959, "final/reward_param_2": 2.8785993981095426, "final/reward_param_3": 6.201551613089332, "final/reward_param_4": 3.793800502065826, "optimal_reward_1": 3.7945611476898193, "optimal_reward_2": 3.7945611476898193, "optimal_reward_3": 3.244687080383301, "final/reward_1": 3.760617256164551, "final/reward_2": 3.530181884765625, "final/reward_3": 3.244687080383301, "reward_0_when_1_group_param_known": 3.7945611476898193, "reward_1_when_1_group_param_known": 3.4039535522460938, "reward_2_when_1_group_param_known": 3.2116000652313232, "reward_0_when_2_group_param_known": 3.4039535522460938, "reward_1_when_2_group_param_known": 3.7945611476898193, "reward_2_when_2_group_param_known": 3.0445375442504883, "reward_0_when_3_group_param_known": 3.760617256164551, "reward_1_when_3_group_param_known": 3.530181884765625, "reward_2_when_3_group_param_known": 3.244687080383301, "reward_error_0_when_1_group_param_known": 0.0, "reward_error_1_when_1_group_param_known": 0.10293880642338121, "reward_error_2_when_1_group_param_known": 0.010197290010495838, "reward_error_0_when_2_group_param_known": 0.10293880642338121, "reward_error_1_when_2_group_param_known": 0.0, "reward_error_2_when_2_group_param_known": 0.061685312381238463, "reward_error_0_when_3_group_param_known": 0.008945406386700095, "reward_error_1_when_3_group_param_known": 0.06967321190360895, "reward_error_2_when_3_group_param_known": 0.0, "_wandb": {"runtime": 7}}