{"Iteration": 99, "train_loss": 14.185681086696459, "val_loss": 14.93616464258687, "grad_norm": 0.012900612795722239, "live_grad": 2.0173167846642245e-14, "train_weighted_loss": 42.55704326008937, "val_weighted_loss": 44.80849392776061, "max_reward_err": 0.0995203184601233, "max_reward_err_index": 0, "max_kl_dist": 2.1084470193506504, "max_kl_dist_index": 0, "max_train_grp_loss": 20.990988408306894, "max_train_grp_loss_index": 0, "max_val_grp_loss": 20.350684737023226, "max_val_grp_loss_index": 0, "max_cur_train_grp_loss": 0.22333261212468272, "max_cur_train_grp_loss_index": 0, "reward_err_1": 0.0995203184601233, "reward_err_2": 0.0019362163020245299, "reward_err_3": 0.05718717751270693, "KL_distance_1": 2.1084470193506504, "KL_distance_2": 1.1985933640576132, "KL_distance_3": 1.7397954905098096, "reward_param_1": 14.43895931825636, "reward_param_2": 4.431253473460577, "reward_param_3": 11.022953304771452, "reward_param_4": 6.48072728545505, "group_weight_1": 0.3581214004199384, "group_weight_2": 0.30523722094145994, "group_weight_3": 0.3366413786386018, "hist_group_loss_1": 22.483689017413074, "hist_group_loss_2": 6.505410181589754, "hist_group_loss_3": 16.298305933048795, "cur_group_loss_1": 0.22333261212468272, "cur_group_loss_2": 0.06563565985500151, "cur_group_loss_3": 0.16146856579222874, "train_group_loss_1": 20.990988408306894, "train_group_loss_2": 7.223642199778112, "train_group_loss_3": 15.499487225546838, "val_group_loss_1": 20.350684737023226, "val_group_loss_2": 7.512490884047237, "val_group_loss_3": 16.481192237898117, "_timestamp": 1726582180.40148, "_runtime": 9.682363986968994, "_step": 2, "final/reward_err_1": 0.0995203184601233, "final/reward_err_2": 0.0019362163020245299, "final/reward_err_3": 0.05718717751270693, "final/reward_param_1": 14.43895931825636, "final/reward_param_2": 4.431253473460577, "final/reward_param_3": 11.022953304771452, "final/reward_param_4": 6.48072728545505, "optimal_reward_1": 3.8959105014801025, "optimal_reward_2": 3.8959105014801025, "optimal_reward_3": 3.386277914047241, "final/reward_1": 3.861229658126831, "final/reward_2": 3.6135663986206055, "final/reward_3": 3.386277914047241, "reward_0_when_1_group_param_known": 3.8959105014801025, "reward_1_when_1_group_param_known": 3.483445405960083, "reward_2_when_1_group_param_known": 3.349421739578247, "reward_0_when_2_group_param_known": 3.483445405960083, "reward_1_when_2_group_param_known": 3.8959105014801025, "reward_2_when_2_group_param_known": 3.177966833114624, "reward_0_when_3_group_param_known": 3.861229658126831, "reward_1_when_3_group_param_known": 3.6135663986206055, "reward_2_when_3_group_param_known": 3.386277914047241, "reward_error_0_when_1_group_param_known": 0.0, "reward_error_1_when_1_group_param_known": 0.10587129641795394, "reward_error_2_when_1_group_param_known": 0.010883978044478947, "reward_error_0_when_2_group_param_known": 0.10587129641795394, "reward_error_1_when_2_group_param_known": 0.0, "reward_error_2_when_2_group_param_known": 0.06151623883807166, "reward_error_0_when_3_group_param_known": 0.008901858330702367, "reward_error_1_when_3_group_param_known": 0.0724719170915839, "reward_error_2_when_3_group_param_known": 0.0, "_wandb": {"runtime": 9}}