{"Iteration": 99, "train_loss": 15.171874674176475, "val_loss": 15.334254368756675, "grad_norm": 0.4055962695487543, "max_reward_err": 0.05956296836077215, "max_reward_err_index": 1, "max_kl_dist": 0.8320757970399096, "max_kl_dist_index": 0, "max_train_grp_loss": 19.438183534135344, "max_train_grp_loss_index": 0, "max_val_grp_loss": 19.291400237458294, "max_val_grp_loss_index": 0, "max_cur_train_grp_loss": 19.444415837687064, "max_cur_train_grp_loss_index": 0, "reward_err_1": 0.06617123067621292, "reward_err_2": 0.018132263964256566, "reward_err_3": 0.032173070029417786, "reward_param_1": 8.035102101398952, "reward_param_2": 5.544752979803714, "reward_param_3": 6.0697710431391005, "reward_param_4": 4.600667273119399, "KL_distance_1": 0.8320757970399096, "KL_distance_2": 0.5318469010239101, "KL_distance_3": 0.6628948383737977, "hist_group_loss_1": 1992.2056668410444, "hist_group_loss_2": 1094.8449811257642, "hist_group_loss_3": 1939.7492055545297, "cur_group_loss_1": 19.444415837687064, "cur_group_loss_2": 8.527773762785284, "cur_group_loss_3": 18.57057802792469, "train_group_loss_1": 19.438183534135344, "train_group_loss_2": 8.497450429708513, "train_group_loss_3": 18.55865852942799, "val_group_loss_1": 19.291400237458294, "val_group_loss_2": 10.799007504384287, "val_group_loss_3": 17.34922084621766, "_timestamp": 1726687260.038738, "_runtime": 8.418787956237793, "_step": 2, "final/reward_err_1": 0.06617123067621292, "final/reward_err_2": 0.018132263964256566, "final/reward_err_3": 0.032173070029417786, "final/reward_param_1": 8.035102101398952, "final/reward_param_2": 5.544752979803714, "final/reward_param_3": 6.0697710431391005, "final/reward_param_4": 4.600667273119399, "optimal_reward_1": 3.796614646911621, "optimal_reward_2": 3.796614646911621, "optimal_reward_3": 3.2855939865112305, "final/reward_1": 3.754006862640381, "final/reward_2": 3.5487284660339355, "final/reward_3": 3.2855939865112305, "reward_0_when_1_group_param_known": 3.796614646911621, "reward_1_when_1_group_param_known": 3.427426815032959, "reward_2_when_1_group_param_known": 3.2432873249053955, "reward_0_when_2_group_param_known": 3.427426815032959, "reward_1_when_2_group_param_known": 3.796614646911621, "reward_2_when_2_group_param_known": 3.100863218307495, "reward_0_when_3_group_param_known": 3.754006862640381, "reward_1_when_3_group_param_known": 3.5487284660339355, "reward_2_when_3_group_param_known": 3.2855939865112305, "reward_error_0_when_1_group_param_known": 0.0, "reward_error_1_when_1_group_param_known": 0.0972413231822145, "reward_error_2_when_1_group_param_known": 0.012876411930239072, "reward_error_0_when_2_group_param_known": 0.0972413231822145, "reward_error_1_when_2_group_param_known": 0.0, "reward_error_2_when_2_group_param_known": 0.0562244662493705, "reward_error_0_when_3_group_param_known": 0.011222572800718606, "reward_error_1_when_3_group_param_known": 0.06529137242815256, "reward_error_2_when_3_group_param_known": 0.0, "_wandb": {"runtime": 8}}