{"Iteration": 99, "train_loss": 19.044815014377765, "val_loss": 18.028448992852404, "grad_norm": 0.3241582396877421, "max_reward_err": 0.07570433579719144, "max_reward_err_index": 1, "max_kl_dist": 0.6018165092046894, "max_kl_dist_index": 0, "max_train_grp_loss": 20.346869341284755, "max_train_grp_loss_index": 0, "max_val_grp_loss": 20.48196688929803, "max_val_grp_loss_index": 0, "max_cur_train_grp_loss": 20.351452333229634, "max_cur_train_grp_loss_index": 0, "reward_err_1": 0.06877787077226914, "reward_err_2": 0.02295645118245796, "reward_err_3": 0.040055703431702096, "reward_param_1": 3.2071821069615054, "reward_param_2": 4.270672256202416, "reward_param_3": 7.5343462529308045, "reward_param_4": 4.299766248734339, "KL_distance_1": 0.6018165092046894, "KL_distance_2": 0.33432569397451145, "KL_distance_3": 0.48115783455130434, "hist_group_loss_1": 2067.527327442575, "hist_group_loss_2": 1923.3473447332049, "hist_group_loss_3": 1980.1893224466664, "cur_group_loss_1": 20.351452333229634, "cur_group_loss_2": 17.905571371177672, "cur_group_loss_3": 19.141606642985625, "train_group_loss_1": 20.346869341284755, "train_group_loss_2": 17.88993048143901, "train_group_loss_3": 19.131445788406197, "val_group_loss_1": 20.48196688929803, "val_group_loss_2": 13.976324350917338, "val_group_loss_3": 19.78642312936369, "_timestamp": 1726659025.1720252, "_runtime": 8.044198274612427, "_step": 2, "final/reward_err_1": 0.06877787077226914, "final/reward_err_2": 0.02295645118245796, "final/reward_err_3": 0.040055703431702096, "final/reward_param_1": 3.2071821069615054, "final/reward_param_2": 4.270672256202416, "final/reward_param_3": 7.5343462529308045, "final/reward_param_4": 4.299766248734339, "optimal_reward_1": 3.872750997543335, "optimal_reward_2": 3.872750997543335, "optimal_reward_3": 3.321218729019165, "final/reward_1": 3.8364126682281494, "final/reward_2": 3.625859260559082, "final/reward_3": 3.321218729019165, "reward_0_when_1_group_param_known": 3.872750997543335, "reward_1_when_1_group_param_known": 3.4923548698425293, "reward_2_when_1_group_param_known": 3.280984401702881, "reward_0_when_2_group_param_known": 3.4923548698425293, "reward_1_when_2_group_param_known": 3.872750997543335, "reward_2_when_2_group_param_known": 3.128255605697632, "reward_0_when_3_group_param_known": 3.8364126682281494, "reward_1_when_3_group_param_known": 3.625859260559082, "reward_2_when_3_group_param_known": 3.321218729019165, "reward_error_0_when_1_group_param_known": 0.0, "reward_error_1_when_1_group_param_known": 0.09822375049212008, "reward_error_2_when_1_group_param_known": 0.012114326275694084, "reward_error_0_when_2_group_param_known": 0.09822375049212008, "reward_error_1_when_2_group_param_known": 0.0, "reward_error_2_when_2_group_param_known": 0.05810009489453885, "reward_error_0_when_3_group_param_known": 0.00938307919570265, "reward_error_1_when_3_group_param_known": 0.06375099693754331, "reward_error_2_when_3_group_param_known": 0.0, "_wandb": {"runtime": 7}}