{"Iteration": 99, "train_loss": 15.904366438476027, "val_loss": 16.341896893755205, "grad_norm": 0.36286181929965106, "max_reward_err": 0.08068465757857592, "max_reward_err_index": 0, "max_kl_dist": 0.8376284301361784, "max_kl_dist_index": 0, "max_train_grp_loss": 20.56307589388172, "max_train_grp_loss_index": 0, "max_val_grp_loss": 19.943773243539155, "max_val_grp_loss_index": 0, "max_cur_train_grp_loss": 20.571477142972867, "max_cur_train_grp_loss_index": 0, "reward_err_1": 0.08154437021309707, "reward_err_2": 0.006811559834047856, "reward_err_3": 0.04189354977125348, "reward_param_1": 7.795125438574642, "reward_param_2": 4.29840015025837, "reward_param_3": 6.855395988184952, "reward_param_4": 3.9195860315075466, "KL_distance_1": 0.8376284301361784, "KL_distance_2": 0.42068127429863617, "KL_distance_3": 0.6484179886546868, "hist_group_loss_1": 2121.780965167027, "hist_group_loss_2": 1187.2776919147086, "hist_group_loss_3": 1989.5969669584256, "cur_group_loss_1": 20.571477142972867, "cur_group_loss_2": 10.319123526424661, "cur_group_loss_3": 19.02538490952778, "train_group_loss_1": 20.56307589388172, "train_group_loss_2": 10.300917744655155, "train_group_loss_3": 19.01350815675357, "val_group_loss_1": 19.943773243539155, "val_group_loss_2": 9.382754544028277, "val_group_loss_3": 19.229321143416517, "_timestamp": 1726682115.621118, "_runtime": 9.645630121231079, "_step": 2, "final/reward_err_1": 0.08154437021309707, "final/reward_err_2": 0.006811559834047856, "final/reward_err_3": 0.04189354977125348, "final/reward_param_1": 7.795125438574642, "final/reward_param_2": 4.29840015025837, "final/reward_param_3": 6.855395988184952, "final/reward_param_4": 3.9195860315075466, "optimal_reward_1": 3.860621452331543, "optimal_reward_2": 3.860621452331543, "optimal_reward_3": 3.3138341903686523, "final/reward_1": 3.8245344161987305, "final/reward_2": 3.578054666519165, "final/reward_3": 3.3138341903686523, "reward_0_when_1_group_param_known": 3.860621452331543, "reward_1_when_1_group_param_known": 3.4612629413604736, "reward_2_when_1_group_param_known": 3.285645008087158, "reward_0_when_2_group_param_known": 3.4612629413604736, "reward_1_when_2_group_param_known": 3.860621452331543, "reward_2_when_2_group_param_known": 3.115248203277588, "reward_0_when_3_group_param_known": 3.8245344161987305, "reward_1_when_3_group_param_known": 3.578054666519165, "reward_2_when_3_group_param_known": 3.3138341903686523, "reward_error_0_when_1_group_param_known": 0.0, "reward_error_1_when_1_group_param_known": 0.1034440998430149, "reward_error_2_when_1_group_param_known": 0.008506515613672933, "reward_error_0_when_2_group_param_known": 0.1034440998430149, "reward_error_1_when_2_group_param_known": 0.0, "reward_error_2_when_2_group_param_known": 0.0599263498663379, "reward_error_0_when_3_group_param_known": 0.009347468167597338, "reward_error_1_when_3_group_param_known": 0.07319204674722188, "reward_error_2_when_3_group_param_known": 0.0, "_wandb": {"runtime": 8}}