{"Iteration": 199, "train_loss": 16.671257614145347, "val_loss": 14.778153173745197, "grad_norm": 0.04900397437868422, "live_grad": 1.828003365858154e-14, "train_weighted_loss": 50.013772842436055, "val_weighted_loss": 44.33445952123559, "max_reward_err": 0.0903060836030352, "max_reward_err_index": 0, "max_kl_dist": 1.5500784890218897, "max_kl_dist_index": 0, "max_train_grp_loss": 21.203138598111536, "max_train_grp_loss_index": 0, "max_val_grp_loss": 19.2919820429985, "max_val_grp_loss_index": 0, "max_cur_train_grp_loss": 0.3373731050869618, "max_cur_train_grp_loss_index": 2, "reward_err_1": 0.0903060836030352, "reward_err_2": 0.0018619887382320744, "reward_err_3": 0.051033173516138564, "KL_distance_1": 1.5500784890218897, "KL_distance_2": 0.869072473438051, "KL_distance_3": 1.252621830654463, "reward_param_1": 10.80511416622991, "reward_param_2": 4.875415483465707, "reward_param_3": 10.669985969497212, "reward_param_4": 4.8192820995931305, "group_weight_1": 0.3047902048632118, "group_weight_2": 0.2597752687982839, "group_weight_3": 0.43543452633850427, "hist_group_loss_1": 33.034173151892226, "hist_group_loss_2": 17.05349509715325, "hist_group_loss_3": 68.70624881303259, "cur_group_loss_1": 0.1631222376473402, "cur_group_loss_2": 0.08992765307847085, "cur_group_loss_3": 0.3373731050869618, "train_group_loss_1": 21.203138598111536, "train_group_loss_2": 10.1685757053373, "train_group_loss_3": 19.226670382210333, "val_group_loss_1": 19.2919820429985, "val_group_loss_2": 7.138382737819539, "val_group_loss_3": 17.401477437162516, "_timestamp": 1726698555.619661, "_runtime": 13.925778150558472, "_step": 3, "final/reward_err_1": 0.0903060836030352, "final/reward_err_2": 0.0018619887382320744, "final/reward_err_3": 0.051033173516138564, "final/reward_param_1": 10.80511416622991, "final/reward_param_2": 4.875415483465707, "final/reward_param_3": 10.669985969497212, "final/reward_param_4": 4.8192820995931305, "optimal_reward_1": 3.8641457557678223, "optimal_reward_2": 3.8641457557678223, "optimal_reward_3": 3.3321304321289062, "final/reward_1": 3.8311407566070557, "final/reward_2": 3.6006405353546143, "final/reward_3": 3.3321304321289062, "reward_0_when_1_group_param_known": 3.8641457557678223, "reward_1_when_1_group_param_known": 3.4569623470306396, "reward_2_when_1_group_param_known": 3.297084093093872, "reward_0_when_2_group_param_known": 3.4569623470306396, "reward_1_when_2_group_param_known": 3.8641457557678223, "reward_2_when_2_group_param_known": 3.1191890239715576, "reward_0_when_3_group_param_known": 3.8311407566070557, "reward_1_when_3_group_param_known": 3.6006405353546143, "reward_2_when_3_group_param_known": 3.3321304321289062, "reward_error_0_when_1_group_param_known": 0.0, "reward_error_1_when_1_group_param_known": 0.10537475407841429, "reward_error_2_when_1_group_param_known": 0.010517697235712045, "reward_error_0_when_2_group_param_known": 0.10537475407841429, "reward_error_1_when_2_group_param_known": 0.0, "reward_error_2_when_2_group_param_known": 0.0639054840423218, "reward_error_0_when_3_group_param_known": 0.00854134425739548, "reward_error_1_when_3_group_param_known": 0.06819236050293563, "reward_error_2_when_3_group_param_known": 0.0, "_wandb": {"runtime": 13}}