{"Iteration": 99, "train_loss": 15.600075571758465, "val_loss": 15.00194418305171, "grad_norm": 0.02324619779849671, "live_grad": 2.3290616262869523e-14, "train_weighted_loss": 46.800226715275386, "val_weighted_loss": 45.00583254915513, "max_reward_err": 0.1004711128554961, "max_reward_err_index": 0, "max_kl_dist": 1.7479946473355616, "max_kl_dist_index": 0, "max_train_grp_loss": 21.028809976846922, "max_train_grp_loss_index": 0, "max_val_grp_loss": 19.813064695344586, "max_val_grp_loss_index": 0, "max_cur_train_grp_loss": 0.4639158487756313, "max_cur_train_grp_loss_index": 2, "reward_err_1": 0.1004711128554961, "reward_err_2": 0.0005373518791141195, "reward_err_3": 0.05775949892358147, "KL_distance_1": 1.7479946473355616, "KL_distance_2": 0.8818500528566008, "KL_distance_3": 1.4117004859084816, "reward_param_1": 9.895964806173914, "reward_param_2": 4.5984875117561, "reward_param_3": 12.391866883779256, "reward_param_4": 3.8680520395865714, "group_weight_1": 0.30624962779918524, "group_weight_2": 0.27854329274577916, "group_weight_3": 0.4152070794550356, "hist_group_loss_1": 16.414614269318648, "hist_group_loss_2": 6.9319093186416, "hist_group_loss_3": 46.85229786014921, "cur_group_loss_1": 0.16303512164716266, "cur_group_loss_2": 0.07023729672177015, "cur_group_loss_3": 0.4639158487756313, "train_group_loss_1": 21.028809976846922, "train_group_loss_2": 9.135402302197344, "train_group_loss_3": 19.017167932405638, "val_group_loss_1": 19.813064695344586, "val_group_loss_2": 5.718369731996353, "val_group_loss_3": 18.490414774222057, "_timestamp": 1726690727.999792, "_runtime": 9.885221004486084, "_step": 2, "final/reward_err_1": 0.1004711128554961, "final/reward_err_2": 0.0005373518791141195, "final/reward_err_3": 0.05775949892358147, "final/reward_param_1": 9.895964806173914, "final/reward_param_2": 4.5984875117561, "final/reward_param_3": 12.391866883779256, "final/reward_param_4": 3.8680520395865714, "optimal_reward_1": 3.884077310562134, "optimal_reward_2": 3.884077310562134, "optimal_reward_3": 3.3674604892730713, "final/reward_1": 3.847635269165039, "final/reward_2": 3.6067681312561035, "final/reward_3": 3.3674604892730713, "reward_0_when_1_group_param_known": 3.884077310562134, "reward_1_when_1_group_param_known": 3.4758739471435547, "reward_2_when_1_group_param_known": 3.3304951190948486, "reward_0_when_2_group_param_known": 3.4758739471435547, "reward_1_when_2_group_param_known": 3.884077310562134, "reward_2_when_2_group_param_known": 3.1624059677124023, "reward_0_when_3_group_param_known": 3.847635269165039, "reward_1_when_3_group_param_known": 3.6067681312561035, "reward_2_when_3_group_param_known": 3.3674604892730713, "reward_error_0_when_1_group_param_known": 0.0, "reward_error_1_when_1_group_param_known": 0.10509661131320291, "reward_error_2_when_1_group_param_known": 0.010977224616584088, "reward_error_0_when_2_group_param_known": 0.10509661131320291, "reward_error_1_when_2_group_param_known": 0.0, "reward_error_2_when_2_group_param_known": 0.060892925756326766, "reward_error_0_when_3_group_param_known": 0.009382419165034734, "reward_error_1_when_3_group_param_known": 0.07139641081600817, "reward_error_2_when_3_group_param_known": 0.0, "_wandb": {"runtime": 9}}