{"Iteration": 99, "train_loss": 17.6386220546769, "val_loss": 17.992075236219346, "grad_norm": 0.008109438281907588, "live_grad": 3.638433086543786e-14, "train_weighted_loss": 52.9158661640307, "val_weighted_loss": 53.976225708658035, "max_reward_err": 0.07588480403072949, "max_reward_err_index": 0, "max_kl_dist": 1.3918965819016345, "max_kl_dist_index": 0, "max_train_grp_loss": 21.196135787828094, "max_train_grp_loss_index": 0, "max_val_grp_loss": 21.708668527748475, "max_val_grp_loss_index": 0, "max_cur_train_grp_loss": 0.21853047867703113, "max_cur_train_grp_loss_index": 0, "reward_err_1": 0.07588480403072949, "reward_err_2": 0.0034793486875793404, "reward_err_3": 0.04106561107166752, "KL_distance_1": 1.3918965819016345, "KL_distance_2": 0.768663426814181, "KL_distance_3": 1.130573775187247, "reward_param_1": 9.169181653303538, "reward_param_2": 4.331098992944185, "reward_param_3": 10.937971042326188, "reward_param_4": 4.769218375803734, "group_weight_1": 0.3472447126474804, "group_weight_2": 0.313837212238694, "group_weight_3": 0.3389180751138255, "hist_group_loss_1": 21.938501221601772, "hist_group_loss_2": 11.822967616952095, "hist_group_loss_3": 19.511366889817555, "cur_group_loss_1": 0.21853047867703113, "cur_group_loss_2": 0.11886228381313738, "cur_group_loss_3": 0.19443470930300935, "train_group_loss_1": 21.196135787828094, "train_group_loss_2": 12.00742141724521, "train_group_loss_3": 19.831489037666465, "val_group_loss_1": 21.708668527748475, "val_group_loss_2": 11.619449991515607, "val_group_loss_3": 20.547146910472115, "_timestamp": 1726608295.4771452, "_runtime": 9.437559127807617, "_step": 2, "final/reward_err_1": 0.07588480403072949, "final/reward_err_2": 0.0034793486875793404, "final/reward_err_3": 0.04106561107166752, "final/reward_param_1": 9.169181653303538, "final/reward_param_2": 4.331098992944185, "final/reward_param_3": 10.937971042326188, "final/reward_param_4": 4.769218375803734, "optimal_reward_1": 3.8757123947143555, "optimal_reward_2": 3.8757123947143555, "optimal_reward_3": 3.3315517902374268, "final/reward_1": 3.833740711212158, "final/reward_2": 3.6443803310394287, "final/reward_3": 3.3315517902374268, "reward_0_when_1_group_param_known": 3.8757123947143555, "reward_1_when_1_group_param_known": 3.5474281311035156, "reward_2_when_1_group_param_known": 3.28242826461792, "reward_0_when_2_group_param_known": 3.5474281311035156, "reward_1_when_2_group_param_known": 3.8757123947143555, "reward_2_when_2_group_param_known": 3.1710550785064697, "reward_0_when_3_group_param_known": 3.833740711212158, "reward_1_when_3_group_param_known": 3.6443803310394287, "reward_2_when_3_group_param_known": 3.3315517902374268, "reward_error_0_when_1_group_param_known": 0.0, "reward_error_1_when_1_group_param_known": 0.08470294752999462, "reward_error_2_when_1_group_param_known": 0.014744938308765115, "reward_error_0_when_2_group_param_known": 0.08470294752999462, "reward_error_1_when_2_group_param_known": 0.0, "reward_error_2_when_2_group_param_known": 0.048174761143220605, "reward_error_0_when_3_group_param_known": 0.010829411274024791, "reward_error_1_when_3_group_param_known": 0.059687623877977714, "reward_error_2_when_3_group_param_known": 0.0, "_wandb": {"runtime": 9}}