{"Iteration": 99, "train_loss": 18.187909840019934, "val_loss": 18.52481553437478, "grad_norm": 0.3656185150132041, "max_reward_err": 0.05680008221998924, "max_reward_err_index": 1, "max_kl_dist": 0.6766611501939324, "max_kl_dist_index": 0, "max_train_grp_loss": 22.063548574911174, "max_train_grp_loss_index": 0, "max_val_grp_loss": 22.329964187237756, "max_val_grp_loss_index": 0, "max_cur_train_grp_loss": 22.064462880247582, "max_cur_train_grp_loss_index": 0, "reward_err_1": 0.07777726183909028, "reward_err_2": 0.0043218120096905665, "reward_err_3": 0.04150965300508429, "reward_param_1": 7.13172754273642, "reward_param_2": 3.308578592553682, "reward_param_3": 6.19545177868161, "reward_param_4": 3.288660746816633, "KL_distance_1": 0.6766611501939324, "KL_distance_2": 0.3003869253797323, "KL_distance_3": 0.508612910099368, "hist_group_loss_1": 2218.593042995849, "hist_group_loss_2": 1433.6690856211665, "hist_group_loss_3": 2207.2972116041415, "cur_group_loss_1": 22.064462880247582, "cur_group_loss_2": 11.93853904944213, "cur_group_loss_3": 21.70373961345673, "train_group_loss_1": 22.063548574911174, "train_group_loss_2": 11.90790450203677, "train_group_loss_3": 21.698444158639905, "val_group_loss_1": 22.329964187237756, "val_group_loss_2": 12.253038266415288, "val_group_loss_3": 21.156000388340757, "_timestamp": 1726608162.33967, "_runtime": 8.05464506149292, "_step": 2, "final/reward_err_1": 0.07777726183909028, "final/reward_err_2": 0.0043218120096905665, "final/reward_err_3": 0.04150965300508429, "final/reward_param_1": 7.13172754273642, "final/reward_param_2": 3.308578592553682, "final/reward_param_3": 6.19545177868161, "final/reward_param_4": 3.288660746816633, "optimal_reward_1": 3.850886821746826, "optimal_reward_2": 3.850886821746826, "optimal_reward_3": 3.257154703140259, "final/reward_1": 3.8119678497314453, "final/reward_2": 3.597700595855713, "final/reward_3": 3.257154703140259, "reward_0_when_1_group_param_known": 3.850886821746826, "reward_1_when_1_group_param_known": 3.4759232997894287, "reward_2_when_1_group_param_known": 3.2200934886932373, "reward_0_when_2_group_param_known": 3.4759232997894287, "reward_1_when_2_group_param_known": 3.850886821746826, "reward_2_when_2_group_param_known": 3.068084716796875, "reward_0_when_3_group_param_known": 3.8119678497314453, "reward_1_when_3_group_param_known": 3.597700595855713, "reward_2_when_3_group_param_known": 3.257154703140259, "reward_error_0_when_1_group_param_known": 0.0, "reward_error_1_when_1_group_param_known": 0.09737069389832334, "reward_error_2_when_1_group_param_known": 0.011378401649541042, "reward_error_0_when_2_group_param_known": 0.09737069389832334, "reward_error_1_when_2_group_param_known": 0.0, "reward_error_2_when_2_group_param_known": 0.058047591709751864, "reward_error_0_when_3_group_param_known": 0.010106495936363709, "reward_error_1_when_3_group_param_known": 0.06574751157611633, "reward_error_2_when_3_group_param_known": 0.0, "_wandb": {"runtime": 7}}