{"max_cur_train_grp_loss":0.2367167239966973,"max_kl_dist":0.693646728515625,"reward_param_4":9.103393992471092,"reward_1_when_1_group_param_known":6.699916015625,"hist_group_loss_3":47.67167297506193,"final/reward_param_1":4.090322896156874,"cur_group_loss_3":0.2367167239966973,"hist_group_loss_1":19.025672403538543,"reward_2_when_1_group_param_known":3.30809521484375,"val_group_loss_1":10.57635567307959,"val_weighted_loss":36.832477458435235,"final/reward_1":3.83464501953125,"live_grad":1.1806767666019897e-14,"_wandb":{"runtime":204},"reward_0_when_1_group_param_known":3.8680634765625,"reward_0_when_3_group_param_known":3.83464501953125,"max_reward_err_index":1,"reward_1_when_2_group_param_known":7.1581357421875,"KL_distance_1":0.6614837036132812,"final/reward_param_2":9.451772773401915,"reward_error_0_when_3_group_param_known":0.008639583407495802,"reward_param_2":9.451772773401915,"final/reward_err_3":0.001390887244543911,"max_kl_dist_index":2,"reward_error_2_when_2_group_param_known":0.06241101610796404,"_runtime":204.154708,"final/reward_3":3.336449462890625,"train_weighted_loss":40.305863227547924,"reward_0_when_2_group_param_known":3.46072314453125,"train_group_loss_3":11.125199664196769,"reward_2_when_3_group_param_known":3.336449462890625,"Iteration":199,"max_val_grp_loss_index":1,"reward_error_0_when_2_group_param_known":0.10530859550248342,"reward_err_2":0.03229511983127802,"reward_param_3":5.0181580242621155,"reward_param_1":4.090322896156874,"KL_distance_3":0.693646728515625,"val_loss":12.277492486145078,"reward_error_2_when_3_group_param_known":0,"reward_1_when_3_group_param_known":7.0068994140625,"hist_group_loss_2":24.691424701980782,"reward_error_1_when_3_group_param_known":0.02112789329121925,"cur_group_loss_2":0.12357086676855565,"max_cur_train_grp_loss_index":2,"cur_group_loss_1":0.09438911869329095,"grad_norm":0.009942166012670922,"optimal_reward_2":7.1581357421875,"train_group_loss_2":15.941853163490306,"reward_error_1_when_1_group_param_known":0.06401383587376193,"val_group_loss_3":11.269108823876145,"optimal_reward_1":3.8680634765625,"reward_err_1":0.0033689338551343424,"train_loss":13.435287742515976,"max_val_grp_loss":15.003335373981514,"max_train_grp_loss":15.941853163490306,"group_weight_3":0.5824821732895071,"group_weight_2":0.23231370853830155,"optimal_reward_3":3.336449462890625,"final/reward_param_3":5.0181580242621155,"final/reward_err_1":0.0033689338551343424,"KL_distance_2":0.3541986083984375,"reward_error_0_when_1_group_param_known":0,"train_group_loss_1":11.703249035865287,"max_train_grp_loss_index":1,"group_weight_1":0.18520411817219123,"max_reward_err":0.03229511983127802,"_timestamp":1.728258613838859e+09,"reward_2_when_2_group_param_known":3.12821826171875,"_step":201,"val_group_loss_2":15.003335373981514,"final/reward_err_2":0.03229511983127802,"reward_error_2_when_1_group_param_known":0.00849832984501714,"final/reward_2":7.0068994140625,"reward_error_1_when_2_group_param_known":0,"final/reward_param_4":9.103393992471092,"reward_err_3":0.001390887244543911}