{"Iteration": 99, "train_loss": 16.684231366468726, "val_loss": 17.810684743190947, "grad_norm": 0.32877663865932827, "max_reward_err": 0.04930549044213934, "max_reward_err_index": 1, "max_kl_dist": 0.6325619427205722, "max_kl_dist_index": 0, "max_train_grp_loss": 20.421671733959613, "max_train_grp_loss_index": 0, "max_val_grp_loss": 20.09976370995409, "max_val_grp_loss_index": 0, "max_cur_train_grp_loss": 20.427774990479964, "max_cur_train_grp_loss_index": 0, "reward_err_1": 0.06560384434505587, "reward_err_2": 0.03660704821074861, "reward_err_3": 0.03138707287647285, "reward_param_1": 5.155259711682664, "reward_param_2": 3.3646267113497967, "reward_param_3": 7.111892793433556, "reward_param_4": 6.045524395502188, "KL_distance_1": 0.6325619427205722, "KL_distance_2": 0.45672107255046007, "KL_distance_3": 0.4947058313951962, "hist_group_loss_1": 2090.360138421167, "hist_group_loss_2": 1306.8286466577783, "hist_group_loss_3": 1948.1392456108701, "cur_group_loss_1": 20.427774990479964, "cur_group_loss_2": 11.862262531640912, "cur_group_loss_3": 18.577523897218285, "train_group_loss_1": 20.421671733959613, "train_group_loss_2": 11.849694802729108, "train_group_loss_3": 18.564227485918874, "val_group_loss_1": 20.09976370995409, "val_group_loss_2": 13.41087242155923, "val_group_loss_3": 19.478660922170995, "_timestamp": 1726661020.2810612, "_runtime": 8.112226247787476, "_step": 2, "final/reward_err_1": 0.06560384434505587, "final/reward_err_2": 0.03660704821074861, "final/reward_err_3": 0.03138707287647285, "final/reward_param_1": 5.155259711682664, "final/reward_param_2": 3.3646267113497967, "final/reward_param_3": 7.111892793433556, "final/reward_param_4": 6.045524395502188, "optimal_reward_1": 3.895524024963379, "optimal_reward_2": 3.895524024963379, "optimal_reward_3": 3.3865811824798584, "final/reward_1": 3.8603501319885254, "final/reward_2": 3.6147823333740234, "final/reward_3": 3.3865811824798584, "reward_0_when_1_group_param_known": 3.895524024963379, "reward_1_when_1_group_param_known": 3.484661340713501, "reward_2_when_1_group_param_known": 3.3502304553985596, "reward_0_when_2_group_param_known": 3.484661340713501, "reward_1_when_2_group_param_known": 3.895524024963379, "reward_2_when_2_group_param_known": 3.1791486740112305, "reward_0_when_3_group_param_known": 3.8603501319885254, "reward_1_when_3_group_param_known": 3.6147823333740234, "reward_2_when_3_group_param_known": 3.3865811824798584, "reward_error_0_when_1_group_param_known": 0.0, "reward_error_1_when_1_group_param_known": 0.10547045317060787, "reward_error_2_when_1_group_param_known": 0.010733753340789734, "reward_error_0_when_2_group_param_known": 0.10547045317060787, "reward_error_1_when_2_group_param_known": 0.0, "reward_error_2_when_2_group_param_known": 0.06125130250583078, "reward_error_0_when_3_group_param_known": 0.009029309728152473, "reward_error_1_when_3_group_param_known": 0.07206776027828365, "reward_error_2_when_3_group_param_known": 0.0, "_wandb": {"runtime": 8}}