{"Iteration": 199, "train_loss": 16.241621365114128, "val_loss": 15.813643255193423, "grad_norm": 0.24779816687692996, "max_reward_err": 0.07854938660242247, "max_reward_err_index": 0, "max_kl_dist": 1.0315436215278788, "max_kl_dist_index": 0, "max_train_grp_loss": 20.291476908081194, "max_train_grp_loss_index": 0, "max_val_grp_loss": 21.03831891284743, "max_val_grp_loss_index": 0, "max_cur_train_grp_loss": 20.295520138213803, "max_cur_train_grp_loss_index": 0, "reward_err_1": 0.08272408317003409, "reward_err_2": 0.002589432671135069, "reward_err_3": 0.044699229707143906, "reward_param_1": 8.238560893960006, "reward_param_2": 4.4033634139044695, "reward_param_3": 8.430378511922147, "reward_param_4": 3.3633979396798046, "KL_distance_1": 1.0315436215278788, "KL_distance_2": 0.5036523131582575, "KL_distance_3": 0.8017073903592266, "hist_group_loss_1": 4282.209291917229, "hist_group_loss_2": 2710.8314338127498, "hist_group_loss_3": 4083.9613389054616, "cur_group_loss_1": 20.295520138213803, "cur_group_loss_2": 11.178685309381812, "cur_group_loss_3": 18.800949097916654, "train_group_loss_1": 20.291476908081194, "train_group_loss_2": 11.171326798265168, "train_group_loss_3": 18.792718924818878, "val_group_loss_1": 21.03831891284743, "val_group_loss_2": 7.893386852691545, "val_group_loss_3": 18.730379906057156, "_timestamp": 1726697465.349528, "_runtime": 11.594747066497803, "_step": 3, "final/reward_err_1": 0.08272408317003409, "final/reward_err_2": 0.002589432671135069, "final/reward_err_3": 0.044699229707143906, "final/reward_param_1": 8.238560893960006, "final/reward_param_2": 4.4033634139044695, "final/reward_param_3": 8.430378511922147, "final/reward_param_4": 3.3633979396798046, "optimal_reward_1": 3.824740409851074, "optimal_reward_2": 3.824740409851074, "optimal_reward_3": 3.2862327098846436, "final/reward_1": 3.7884345054626465, "final/reward_2": 3.5667476654052734, "final/reward_3": 3.2862327098846436, "reward_0_when_1_group_param_known": 3.824740409851074, "reward_1_when_1_group_param_known": 3.4372060298919678, "reward_2_when_1_group_param_known": 3.2528157234191895, "reward_0_when_2_group_param_known": 3.4372060298919678, "reward_1_when_2_group_param_known": 3.824740409851074, "reward_2_when_2_group_param_known": 3.087484836578369, "reward_0_when_3_group_param_known": 3.7884345054626465, "reward_1_when_3_group_param_known": 3.5667476654052734, "reward_2_when_3_group_param_known": 3.2862327098846436, "reward_error_0_when_1_group_param_known": 0.0, "reward_error_1_when_1_group_param_known": 0.10132305422897865, "reward_error_2_when_1_group_param_known": 0.010168782741690603, "reward_error_0_when_2_group_param_known": 0.10132305422897865, "reward_error_1_when_2_group_param_known": 0.0, "reward_error_2_when_2_group_param_known": 0.060478940736138874, "reward_error_0_when_3_group_param_known": 0.00949238392621825, "reward_error_1_when_3_group_param_known": 0.06745366137302018, "reward_error_2_when_3_group_param_known": 0.0, "_wandb": {"runtime": 11}}