{"Iteration": 199, "train_loss": 18.840933910087426, "val_loss": 16.965182722034648, "grad_norm": 0.20346709957309356, "max_reward_err": 0.05308444193128495, "max_reward_err_index": 0, "max_kl_dist": 0.6273185882950258, "max_kl_dist_index": 0, "max_train_grp_loss": 20.392409328372278, "max_train_grp_loss_index": 2, "max_val_grp_loss": 20.843816560945893, "max_val_grp_loss_index": 0, "max_cur_train_grp_loss": 20.396227398685962, "max_cur_train_grp_loss_index": 2, "reward_err_1": 0.06801561551541692, "reward_err_2": 0.011418098760749984, "reward_err_3": 0.0323540864918076, "reward_param_1": 6.069802902330493, "reward_param_2": 4.288400998402458, "reward_param_3": 6.8142402361746885, "reward_param_4": 3.49656720264931, "KL_distance_1": 0.6273185882950258, "KL_distance_2": 0.33172233124830197, "KL_distance_3": 0.4783983017955496, "hist_group_loss_1": 4223.421777273066, "hist_group_loss_2": 3717.533786648628, "hist_group_loss_3": 4234.442499780804, "cur_group_loss_1": 20.267455222926486, "cur_group_loss_2": 16.91164805739504, "cur_group_loss_3": 20.396227398685962, "train_group_loss_1": 20.263575159132067, "train_group_loss_2": 16.90716884256678, "train_group_loss_3": 20.392409328372278, "val_group_loss_1": 20.843816560945893, "val_group_loss_2": 10.624141049052916, "val_group_loss_3": 19.40682967052347, "_timestamp": 1726692296.006191, "_runtime": 11.6701979637146, "_step": 3, "final/reward_err_1": 0.06801561551541692, "final/reward_err_2": 0.011418098760749984, "final/reward_err_3": 0.0323540864918076, "final/reward_param_1": 6.069802902330493, "final/reward_param_2": 4.288400998402458, "final/reward_param_3": 6.8142402361746885, "final/reward_param_4": 3.49656720264931, "optimal_reward_1": 3.8385727405548096, "optimal_reward_2": 3.8385727405548096, "optimal_reward_3": 3.2517144680023193, "final/reward_1": 3.796536684036255, "final/reward_2": 3.582489252090454, "final/reward_3": 3.2517144680023193, "reward_0_when_1_group_param_known": 3.8385727405548096, "reward_1_when_1_group_param_known": 3.460787534713745, "reward_2_when_1_group_param_known": 3.2131664752960205, "reward_0_when_2_group_param_known": 3.460787534713745, "reward_1_when_2_group_param_known": 3.8385727405548096, "reward_2_when_2_group_param_known": 3.0634775161743164, "reward_0_when_3_group_param_known": 3.796536684036255, "reward_1_when_3_group_param_known": 3.582489252090454, "reward_2_when_3_group_param_known": 3.2517144680023193, "reward_error_0_when_1_group_param_known": 0.0, "reward_error_1_when_1_group_param_known": 0.09841814428830158, "reward_error_2_when_1_group_param_known": 0.011854667156547932, "reward_error_0_when_2_group_param_known": 0.09841814428830158, "reward_error_1_when_2_group_param_known": 0.0, "reward_error_2_when_2_group_param_known": 0.057888524247839544, "reward_error_0_when_3_group_param_known": 0.010950959994698183, "reward_error_1_when_3_group_param_known": 0.06671320456137621, "reward_error_2_when_3_group_param_known": 0.0, "_wandb": {"runtime": 11}}