{"Iteration": 99, "train_loss": 16.409888573055376, "val_loss": 16.95072453495454, "grad_norm": 0.5063937298421618, "max_reward_err": 0.13826092293976616, "max_reward_err_index": 0, "max_kl_dist": 0.7993252780352684, "max_kl_dist_index": 0, "max_train_grp_loss": 22.266480622496946, "max_train_grp_loss_index": 0, "max_val_grp_loss": 21.672193629463816, "max_val_grp_loss_index": 0, "max_cur_train_grp_loss": 22.278400720930012, "max_cur_train_grp_loss_index": 0, "reward_err_1": 0.09302754672967688, "reward_err_2": 0.002903620685930588, "reward_err_3": 0.051079487764589634, "reward_param_1": 6.488681113694875, "reward_param_2": 2.293238205674008, "reward_param_3": 7.314820250458608, "reward_param_4": 3.720619207725764, "KL_distance_1": 0.7993252780352684, "KL_distance_2": 0.30080178220200626, "KL_distance_3": 0.5906958572689465, "hist_group_loss_1": 2315.250956968442, "hist_group_loss_2": 1234.1739089810676, "hist_group_loss_3": 2081.5838092218155, "cur_group_loss_1": 22.278400720930012, "cur_group_loss_2": 9.025762199667614, "cur_group_loss_3": 19.204510063454524, "train_group_loss_1": 22.266480622496946, "train_group_loss_2": 8.987523301732987, "train_group_loss_3": 19.180102398034084, "val_group_loss_1": 21.672193629463816, "val_group_loss_2": 8.994898882571256, "val_group_loss_3": 19.798834433921147, "_timestamp": 1726660653.198727, "_runtime": 8.130261898040771, "_step": 2, "final/reward_err_1": 0.09302754672967688, "final/reward_err_2": 0.002903620685930588, "final/reward_err_3": 0.051079487764589634, "final/reward_param_1": 6.488681113694875, "final/reward_param_2": 2.293238205674008, "final/reward_param_3": 7.314820250458608, "final/reward_param_4": 3.720619207725764, "optimal_reward_1": 3.8959105014801025, "optimal_reward_2": 3.8959105014801025, "optimal_reward_3": 3.386277914047241, "final/reward_1": 3.861229658126831, "final/reward_2": 3.6135663986206055, "final/reward_3": 3.386277914047241, "reward_0_when_1_group_param_known": 3.8959105014801025, "reward_1_when_1_group_param_known": 3.483445405960083, "reward_2_when_1_group_param_known": 3.349421739578247, "reward_0_when_2_group_param_known": 3.483445405960083, "reward_1_when_2_group_param_known": 3.8959105014801025, "reward_2_when_2_group_param_known": 3.177966833114624, "reward_0_when_3_group_param_known": 3.861229658126831, "reward_1_when_3_group_param_known": 3.6135663986206055, "reward_2_when_3_group_param_known": 3.386277914047241, "reward_error_0_when_1_group_param_known": 0.0, "reward_error_1_when_1_group_param_known": 0.10587129641795394, "reward_error_2_when_1_group_param_known": 0.010883978044478947, "reward_error_0_when_2_group_param_known": 0.10587129641795394, "reward_error_1_when_2_group_param_known": 0.0, "reward_error_2_when_2_group_param_known": 0.06151623883807166, "reward_error_0_when_3_group_param_known": 0.008901858330702367, "reward_error_1_when_3_group_param_known": 0.0724719170915839, "reward_error_2_when_3_group_param_known": 0.0, "_wandb": {"runtime": 7}}