{"Iteration": 99, "train_loss": 20.456608498733598, "val_loss": 20.524728410603494, "grad_norm": 0.004007043801251131, "live_grad": 2.4354169324471445e-14, "train_weighted_loss": 61.36982549620079, "val_weighted_loss": 61.57418523181048, "max_reward_err": 0.09710005917990691, "max_reward_err_index": 0, "max_kl_dist": 1.1429605784264254, "max_kl_dist_index": 0, "max_train_grp_loss": 22.75564301985297, "max_train_grp_loss_index": 0, "max_val_grp_loss": 22.540372645377857, "max_val_grp_loss_index": 2, "max_cur_train_grp_loss": 0.23527958575814092, "max_cur_train_grp_loss_index": 2, "reward_err_1": 0.09710005917990691, "reward_err_2": 0.0035453403346172364, "reward_err_3": 0.05709173348773826, "KL_distance_1": 1.1429605784264254, "KL_distance_2": 0.5422826017509804, "KL_distance_3": 0.890618969647446, "reward_param_1": 8.112668716084457, "reward_param_2": 2.409184902849648, "reward_param_3": 9.260557146235362, "reward_param_4": 4.605662750295895, "group_weight_1": 0.34013144278748836, "group_weight_2": 0.3171171501888187, "group_weight_3": 0.34275140702369294, "hist_group_loss_1": 22.791707527289145, "hist_group_loss_2": 15.78562005004936, "hist_group_loss_3": 23.559035947398854, "cur_group_loss_1": 0.22756071606720815, "cur_group_loss_2": 0.15763922016249846, "cur_group_loss_3": 0.23527958575814092, "train_group_loss_1": 22.75564301985297, "train_group_loss_2": 16.552764441802324, "train_group_loss_3": 22.351347171005656, "val_group_loss_1": 22.03555425700766, "val_group_loss_2": 17.249400392311983, "val_group_loss_3": 22.540372645377857, "_timestamp": 1726610270.205245, "_runtime": 9.315248966217041, "_step": 2, "final/reward_err_1": 0.09710005917990691, "final/reward_err_2": 0.0035453403346172364, "final/reward_err_3": 0.05709173348773826, "final/reward_param_1": 8.112668716084457, "final/reward_param_2": 2.409184902849648, "final/reward_param_3": 9.260557146235362, "final/reward_param_4": 4.605662750295895, "optimal_reward_1": 3.8031005859375, "optimal_reward_2": 3.8031005859375, "optimal_reward_3": 3.2611656188964844, "final/reward_1": 3.767336845397949, "final/reward_2": 3.540113687515259, "final/reward_3": 3.2611656188964844, "reward_0_when_1_group_param_known": 3.8031005859375, "reward_1_when_1_group_param_known": 3.407827615737915, "reward_2_when_1_group_param_known": 3.227226972579956, "reward_0_when_2_group_param_known": 3.407827615737915, "reward_1_when_2_group_param_known": 3.8031005859375, "reward_2_when_2_group_param_known": 3.0572001934051514, "reward_0_when_3_group_param_known": 3.767336845397949, "reward_1_when_3_group_param_known": 3.540113687515259, "reward_2_when_3_group_param_known": 3.2611656188964844, "reward_error_0_when_1_group_param_known": 0.0, "reward_error_1_when_1_group_param_known": 0.1039343980701332, "reward_error_2_when_1_group_param_known": 0.010406906696143971, "reward_error_0_when_2_group_param_known": 0.1039343980701332, "reward_error_1_when_2_group_param_known": 0.0, "reward_error_2_when_2_group_param_known": 0.0625437188192702, "reward_error_0_when_3_group_param_known": 0.009403837666506178, "reward_error_1_when_3_group_param_known": 0.0691506554926978, "reward_error_2_when_3_group_param_known": 0.0, "_wandb": {"runtime": 9}}