{"Iteration": 199, "train_loss": 15.6626601285302, "val_loss": 14.949358710818364, "grad_norm": 0.0635063146071326, "live_grad": 1.8110252546479845e-14, "train_weighted_loss": 46.98798038559059, "val_weighted_loss": 44.8480761324551, "max_reward_err": 0.09602424062216926, "max_reward_err_index": 0, "max_kl_dist": 1.7595157561936914, "max_kl_dist_index": 0, "max_train_grp_loss": 20.72632923130104, "max_train_grp_loss_index": 0, "max_val_grp_loss": 19.51389290480345, "max_val_grp_loss_index": 0, "max_cur_train_grp_loss": 0.45479028936709237, "max_cur_train_grp_loss_index": 2, "reward_err_1": 0.09602424062216926, "reward_err_2": 0.001783745516926799, "reward_err_3": 0.05438400447800303, "KL_distance_1": 1.7595157561936914, "KL_distance_2": 0.910862563767304, "KL_distance_3": 1.4328945456014226, "reward_param_1": 9.638385324024476, "reward_param_2": 5.076283481986956, "reward_param_3": 12.715097385398092, "reward_param_4": 4.302141093181409, "group_weight_1": 0.27343164601488856, "group_weight_2": 0.22737502272845053, "group_weight_3": 0.499193331256661, "hist_group_loss_1": 32.60394106540474, "hist_group_loss_2": 14.158847998960676, "hist_group_loss_3": 92.79812012962581, "cur_group_loss_1": 0.16069509295953746, "cur_group_loss_2": 0.07454911972276677, "cur_group_loss_3": 0.45479028936709237, "train_group_loss_1": 20.72632923130104, "train_group_loss_2": 9.698216572543116, "train_group_loss_3": 18.642278372941945, "val_group_loss_1": 19.51389290480345, "val_group_loss_2": 6.166851292421478, "val_group_loss_3": 18.235595616939158, "_timestamp": 1726699076.433038, "_runtime": 14.331618070602417, "_step": 3, "final/reward_err_1": 0.09602424062216926, "final/reward_err_2": 0.001783745516926799, "final/reward_err_3": 0.05438400447800303, "final/reward_param_1": 9.638385324024476, "final/reward_param_2": 5.076283481986956, "final/reward_param_3": 12.715097385398092, "final/reward_param_4": 4.302141093181409, "optimal_reward_1": 3.884077310562134, "optimal_reward_2": 3.884077310562134, "optimal_reward_3": 3.3674604892730713, "final/reward_1": 3.847635269165039, "final/reward_2": 3.6067681312561035, "final/reward_3": 3.3674604892730713, "reward_0_when_1_group_param_known": 3.884077310562134, "reward_1_when_1_group_param_known": 3.4758739471435547, "reward_2_when_1_group_param_known": 3.3304951190948486, "reward_0_when_2_group_param_known": 3.4758739471435547, "reward_1_when_2_group_param_known": 3.884077310562134, "reward_2_when_2_group_param_known": 3.1624059677124023, "reward_0_when_3_group_param_known": 3.847635269165039, "reward_1_when_3_group_param_known": 3.6067681312561035, "reward_2_when_3_group_param_known": 3.3674604892730713, "reward_error_0_when_1_group_param_known": 0.0, "reward_error_1_when_1_group_param_known": 0.10509661131320291, "reward_error_2_when_1_group_param_known": 0.010977224616584088, "reward_error_0_when_2_group_param_known": 0.10509661131320291, "reward_error_1_when_2_group_param_known": 0.0, "reward_error_2_when_2_group_param_known": 0.060892925756326766, "reward_error_0_when_3_group_param_known": 0.009382419165034734, "reward_error_1_when_3_group_param_known": 0.07139641081600817, "reward_error_2_when_3_group_param_known": 0.0, "_wandb": {"runtime": 14}}