{"Iteration": 99, "train_loss": 16.855826367879637, "val_loss": 16.944332006776378, "grad_norm": 0.3812983456457419, "max_reward_err": 0.06677001755129214, "max_reward_err_index": 0, "max_kl_dist": 0.7662869639995054, "max_kl_dist_index": 0, "max_train_grp_loss": 19.435766930768988, "max_train_grp_loss_index": 0, "max_val_grp_loss": 20.310960666857124, "max_val_grp_loss_index": 0, "max_cur_train_grp_loss": 19.44811627316171, "max_cur_train_grp_loss_index": 0, "reward_err_1": 0.07454015614597834, "reward_err_2": 0.011320583429159354, "reward_err_3": 0.035721387191239025, "reward_param_1": 6.532152189770917, "reward_param_2": 4.062814438017027, "reward_param_3": 7.493816244790188, "reward_param_4": 4.308197858851706, "KL_distance_1": 0.7662869639995054, "KL_distance_2": 0.3894155286268377, "KL_distance_3": 0.5875857255948486, "hist_group_loss_1": 2031.1665003784046, "hist_group_loss_2": 1275.9394527145569, "hist_group_loss_3": 2016.7152926785884, "cur_group_loss_1": 19.44811627316171, "cur_group_loss_2": 11.058265619814797, "cur_group_loss_3": 19.27429407908169, "train_group_loss_1": 19.435766930768988, "train_group_loss_2": 11.039864671876325, "train_group_loss_3": 19.260995830135972, "val_group_loss_1": 20.310960666857124, "val_group_loss_2": 11.359850333580505, "val_group_loss_3": 18.8905174622657, "_timestamp": 1726660929.8296409, "_runtime": 8.166600942611694, "_step": 2, "final/reward_err_1": 0.07454015614597834, "final/reward_err_2": 0.011320583429159354, "final/reward_err_3": 0.035721387191239025, "final/reward_param_1": 6.532152189770917, "final/reward_param_2": 4.062814438017027, "final/reward_param_3": 7.493816244790188, "final/reward_param_4": 4.308197858851706, "optimal_reward_1": 3.939390182495117, "optimal_reward_2": 3.939390182495117, "optimal_reward_3": 3.4304511547088623, "final/reward_1": 3.8967127799987793, "final/reward_2": 3.6586339473724365, "final/reward_3": 3.4304511547088623, "reward_0_when_1_group_param_known": 3.939390182495117, "reward_1_when_1_group_param_known": 3.527578830718994, "reward_2_when_1_group_param_known": 3.3940188884735107, "reward_0_when_2_group_param_known": 3.527578830718994, "reward_1_when_2_group_param_known": 3.939390182495117, "reward_2_when_2_group_param_known": 3.225066661834717, "reward_0_when_3_group_param_known": 3.8967127799987793, "reward_1_when_3_group_param_known": 3.6586339473724365, "reward_2_when_3_group_param_known": 3.4304511547088623, "reward_error_0_when_1_group_param_known": 0.0, "reward_error_1_when_1_group_param_known": 0.10453682745264177, "reward_error_2_when_1_group_param_known": 0.010620255060429077, "reward_error_0_when_2_group_param_known": 0.10453682745264177, "reward_error_1_when_2_group_param_known": 0.0, "reward_error_2_when_2_group_param_known": 0.059870985946621415, "reward_error_0_when_3_group_param_known": 0.010833504811474914, "reward_error_1_when_3_group_param_known": 0.07126895842159414, "reward_error_2_when_3_group_param_known": 0.0, "_wandb": {"runtime": 8}}