{"Iteration": 99, "train_loss": 17.437445037369763, "val_loss": 18.38065254344474, "grad_norm": 0.3736830880848023, "max_reward_err": 0.051036834745062924, "max_reward_err_index": 0, "max_kl_dist": 0.8213718721180282, "max_kl_dist_index": 0, "max_train_grp_loss": 22.805433868522226, "max_train_grp_loss_index": 0, "max_val_grp_loss": 22.26180143387904, "max_val_grp_loss_index": 0, "max_cur_train_grp_loss": 22.803658804952093, "max_cur_train_grp_loss_index": 0, "reward_err_1": 0.08058915246616778, "reward_err_2": 0.0034321701033161256, "reward_err_3": 0.04226356624243047, "reward_param_1": 6.7859058844049365, "reward_param_2": 3.6023515134361586, "reward_param_3": 7.534219823546958, "reward_param_4": 3.380706023059932, "KL_distance_1": 0.8213718721180282, "KL_distance_2": 0.3419865427907341, "KL_distance_3": 0.6183806713944073, "hist_group_loss_1": 2275.688745928881, "hist_group_loss_2": 1298.3492182358953, "hist_group_loss_3": 2033.0271288072183, "cur_group_loss_1": 22.803658804952093, "cur_group_loss_2": 10.926540115146423, "cur_group_loss_3": 19.501649628377187, "train_group_loss_1": 22.805433868522226, "train_group_loss_2": 10.898343836930918, "train_group_loss_3": 19.48881381140736, "val_group_loss_1": 22.26180143387904, "val_group_loss_2": 11.588641072008425, "val_group_loss_3": 20.969099951664774, "_timestamp": 1726608256.182327, "_runtime": 7.971976041793823, "_step": 2, "final/reward_err_1": 0.08058915246616778, "final/reward_err_2": 0.0034321701033161256, "final/reward_err_3": 0.04226356624243047, "final/reward_param_1": 6.7859058844049365, "final/reward_param_2": 3.6023515134361586, "final/reward_param_3": 7.534219823546958, "final/reward_param_4": 3.380706023059932, "optimal_reward_1": 3.7967944145202637, "optimal_reward_2": 3.7967944145202637, "optimal_reward_3": 3.2860965728759766, "final/reward_1": 3.762887954711914, "final/reward_2": 3.552025556564331, "final/reward_3": 3.2860965728759766, "reward_0_when_1_group_param_known": 3.7967944145202637, "reward_1_when_1_group_param_known": 3.4310121536254883, "reward_2_when_1_group_param_known": 3.2510554790496826, "reward_0_when_2_group_param_known": 3.4310121536254883, "reward_1_when_2_group_param_known": 3.7967944145202637, "reward_2_when_2_group_param_known": 3.104628562927246, "reward_0_when_3_group_param_known": 3.762887954711914, "reward_1_when_3_group_param_known": 3.552025556564331, "reward_2_when_3_group_param_known": 3.2860965728759766, "reward_error_0_when_1_group_param_known": 0.0, "reward_error_1_when_1_group_param_known": 0.09633975953396283, "reward_error_2_when_1_group_param_known": 0.010663440056974997, "reward_error_0_when_2_group_param_known": 0.09633975953396283, "reward_error_1_when_2_group_param_known": 0.0, "reward_error_2_when_2_group_param_known": 0.05522296923547518, "reward_error_0_when_3_group_param_known": 0.008930285948240838, "reward_error_1_when_3_group_param_known": 0.06446724031721372, "reward_error_2_when_3_group_param_known": 0.0, "_wandb": {"runtime": 7}}