{"Iteration": 99, "train_loss": 19.284803360965917, "val_loss": 17.48563977225753, "grad_norm": 0.0008336587236406445, "live_grad": 1.6963176033131537e-14, "train_weighted_loss": 57.85441008289776, "val_weighted_loss": 52.456919316772584, "max_reward_err": 0.08053866679051568, "max_reward_err_index": 0, "max_kl_dist": 1.1539854229744504, "max_kl_dist_index": 0, "max_train_grp_loss": 21.737134261985936, "max_train_grp_loss_index": 0, "max_val_grp_loss": 20.131376088352287, "max_val_grp_loss_index": 0, "max_cur_train_grp_loss": 0.2049943999659326, "max_cur_train_grp_loss_index": 2, "reward_err_1": 0.08053866679051568, "reward_err_2": 0.00700635910844239, "reward_err_3": 0.043096336560454265, "KL_distance_1": 1.1539854229744504, "KL_distance_2": 0.6538663927785017, "KL_distance_3": 0.9135103546992832, "reward_param_1": 8.995152844829947, "reward_param_2": 3.5736500170700767, "reward_param_3": 8.819454460973567, "reward_param_4": 5.563188406468793, "group_weight_1": 0.3305159533545909, "group_weight_2": 0.331409252013451, "group_weight_3": 0.3380747946319581, "hist_group_loss_1": 18.267292059930828, "hist_group_loss_2": 18.537201467800738, "hist_group_loss_3": 20.52851490069689, "cur_group_loss_1": 0.18266544604463297, "cur_group_loss_2": 0.1853279763539198, "cur_group_loss_3": 0.2049943999659326, "train_group_loss_1": 21.737134261985936, "train_group_loss_2": 16.67982071678992, "train_group_loss_3": 18.654265567058847, "val_group_loss_1": 20.131376088352287, "val_group_loss_2": 13.979661247810743, "val_group_loss_3": 18.060466097155157, "_timestamp": 1726602146.8143208, "_runtime": 9.202601909637451, "_step": 2, "final/reward_err_1": 0.08053866679051568, "final/reward_err_2": 0.00700635910844239, "final/reward_err_3": 0.043096336560454265, "final/reward_param_1": 8.995152844829947, "final/reward_param_2": 3.5736500170700767, "final/reward_param_3": 8.819454460973567, "final/reward_param_4": 5.563188406468793, "optimal_reward_1": 3.870683431625366, "optimal_reward_2": 3.870683431625366, "optimal_reward_3": 3.34438419342041, "final/reward_1": 3.837958335876465, "final/reward_2": 3.610339403152466, "final/reward_3": 3.34438419342041, "reward_0_when_1_group_param_known": 3.870683431625366, "reward_1_when_1_group_param_known": 3.460294485092163, "reward_2_when_1_group_param_known": 3.3091318607330322, "reward_0_when_2_group_param_known": 3.460294485092163, "reward_1_when_2_group_param_known": 3.870683431625366, "reward_2_when_2_group_param_known": 3.128795862197876, "reward_0_when_3_group_param_known": 3.837958335876465, "reward_1_when_3_group_param_known": 3.610339403152466, "reward_2_when_3_group_param_known": 3.34438419342041, "reward_error_0_when_1_group_param_known": 0.0, "reward_error_1_when_1_group_param_known": 0.10602493171622505, "reward_error_2_when_1_group_param_known": 0.01054075448530458, "reward_error_0_when_2_group_param_known": 0.10602493171622505, "reward_error_1_when_2_group_param_known": 0.0, "reward_error_2_when_2_group_param_known": 0.06446278858950263, "reward_error_0_when_3_group_param_known": 0.008454604032332228, "reward_error_1_when_3_group_param_known": 0.0672604807579362, "reward_error_2_when_3_group_param_known": 0.0, "_wandb": {"runtime": 9}}