{"Iteration": 99, "train_loss": 19.852980456423026, "val_loss": 19.53293938300453, "grad_norm": 0.2556604284591832, "max_reward_err": 0.054047358578399644, "max_reward_err_index": 1, "max_kl_dist": 0.5580243894651564, "max_kl_dist_index": 0, "max_train_grp_loss": 22.759094136566485, "max_train_grp_loss_index": 0, "max_val_grp_loss": 21.885939862172147, "max_val_grp_loss_index": 2, "max_cur_train_grp_loss": 22.75771661329492, "max_cur_train_grp_loss_index": 0, "reward_err_1": 0.07016691225129537, "reward_err_2": 0.014230149001290214, "reward_err_3": 0.03316698073535394, "reward_param_1": 5.3628600737074335, "reward_param_2": 4.231195607984265, "reward_param_3": 6.347959374689361, "reward_param_4": 3.5040187604063804, "KL_distance_1": 0.5580243894651564, "KL_distance_2": 0.29443470486640705, "KL_distance_3": 0.4157311965323614, "hist_group_loss_1": 2269.6446087994696, "hist_group_loss_2": 1604.2310873155461, "hist_group_loss_3": 2269.3956375708867, "cur_group_loss_1": 22.75771661329492, "cur_group_loss_2": 14.637065255581895, "cur_group_loss_3": 22.66541540792422, "train_group_loss_1": 22.759094136566485, "train_group_loss_2": 14.617321260297023, "train_group_loss_3": 22.665411379561444, "val_group_loss_1": 21.55362827496927, "val_group_loss_2": 15.109488672433578, "val_group_loss_3": 21.885939862172147, "_timestamp": 1726608642.1358411, "_runtime": 8.15245008468628, "_step": 2, "final/reward_err_1": 0.07016691225129537, "final/reward_err_2": 0.014230149001290214, "final/reward_err_3": 0.03316698073535394, "final/reward_param_1": 5.3628600737074335, "final/reward_param_2": 4.231195607984265, "final/reward_param_3": 6.347959374689361, "final/reward_param_4": 3.5040187604063804, "optimal_reward_1": 3.8294012546539307, "optimal_reward_2": 3.8294012546539307, "optimal_reward_3": 3.26906156539917, "final/reward_1": 3.788132905960083, "final/reward_2": 3.56136417388916, "final/reward_3": 3.26906156539917, "reward_0_when_1_group_param_known": 3.8294012546539307, "reward_1_when_1_group_param_known": 3.4349207878112793, "reward_2_when_1_group_param_known": 3.23325252532959, "reward_0_when_2_group_param_known": 3.4349207878112793, "reward_1_when_2_group_param_known": 3.8294012546539307, "reward_2_when_2_group_param_known": 3.072456121444702, "reward_0_when_3_group_param_known": 3.788132905960083, "reward_1_when_3_group_param_known": 3.56136417388916, "reward_2_when_3_group_param_known": 3.26906156539917, "reward_error_0_when_1_group_param_known": 0.0, "reward_error_1_when_1_group_param_known": 0.10301361508231428, "reward_error_2_when_1_group_param_known": 0.010953920369256675, "reward_error_0_when_2_group_param_known": 0.10301361508231428, "reward_error_1_when_2_group_param_known": 0.0, "reward_error_2_when_2_group_param_known": 0.060141248496328396, "reward_error_0_when_3_group_param_known": 0.010776710495849343, "reward_error_1_when_3_group_param_known": 0.0699945142700888, "reward_error_2_when_3_group_param_known": 0.0, "_wandb": {"runtime": 7}}