{"Iteration": 99, "train_loss": 20.726833341189035, "val_loss": 20.880878655226123, "grad_norm": 0.0030055524223902997, "live_grad": 1.1236998270439006e-14, "train_weighted_loss": 62.180500023567106, "val_weighted_loss": 62.642635965678366, "max_reward_err": 0.13041841117285635, "max_reward_err_index": 0, "max_kl_dist": 1.8775134710143957, "max_kl_dist_index": 0, "max_train_grp_loss": 24.42839095330889, "max_train_grp_loss_index": 0, "max_val_grp_loss": 25.258289561588004, "max_val_grp_loss_index": 0, "max_cur_train_grp_loss": 0.23488818112807658, "max_cur_train_grp_loss_index": 0, "reward_err_1": 0.13041841117285635, "reward_err_2": 0.0038302294954576104, "reward_err_3": 0.10061779706393081, "KL_distance_1": 1.8775134710143957, "KL_distance_2": 0.49284753979544765, "KL_distance_3": 1.629215703613137, "reward_param_1": 14.295232280670646, "reward_param_2": 2.688548533617355, "reward_param_3": 2.3146267855284823, "reward_param_4": 3.3814903029641283, "group_weight_1": 0.34223522620923413, "group_weight_2": 0.3376485578769893, "group_weight_3": 0.32011621591377665, "hist_group_loss_1": 23.484271263530044, "hist_group_loss_2": 22.13500010153918, "hist_group_loss_3": 16.802852065482753, "cur_group_loss_1": 0.23488818112807658, "cur_group_loss_2": 0.22023852420147438, "cur_group_loss_3": 0.16813601435867906, "train_group_loss_1": 24.42839095330889, "train_group_loss_2": 20.040737378056836, "train_group_loss_3": 17.65514516008966, "val_group_loss_1": 25.258289561588004, "val_group_loss_2": 18.744990921129673, "val_group_loss_3": 18.703955002422063, "_timestamp": 1726611610.6355462, "_runtime": 9.493452310562134, "_step": 2, "final/reward_err_1": 0.13041841117285635, "final/reward_err_2": 0.0038302294954576104, "final/reward_err_3": 0.10061779706393081, "final/reward_param_1": 14.295232280670646, "final/reward_param_2": 2.688548533617355, "final/reward_param_3": 2.3146267855284823, "final/reward_param_4": 3.3814903029641283, "optimal_reward_1": 3.7750043869018555, "optimal_reward_2": 3.7750043869018555, "optimal_reward_3": 3.238502264022827, "final/reward_1": 3.7374794483184814, "final/reward_2": 3.5360023975372314, "final/reward_3": 3.238502264022827, "reward_0_when_1_group_param_known": 3.7750043869018555, "reward_1_when_1_group_param_known": 3.419440507888794, "reward_2_when_1_group_param_known": 3.19842529296875, "reward_0_when_2_group_param_known": 3.419440507888794, "reward_1_when_2_group_param_known": 3.7750043869018555, "reward_2_when_2_group_param_known": 3.0579755306243896, "reward_0_when_3_group_param_known": 3.7374794483184814, "reward_1_when_3_group_param_known": 3.5360023975372314, "reward_2_when_3_group_param_known": 3.238502264022827, "reward_error_0_when_1_group_param_known": 0.0, "reward_error_1_when_1_group_param_known": 0.09418899756693333, "reward_error_2_when_1_group_param_known": 0.012375156102035276, "reward_error_0_when_2_group_param_known": 0.09418899756693333, "reward_error_1_when_2_group_param_known": 0.0, "reward_error_2_when_2_group_param_known": 0.05574389599906886, "reward_error_0_when_3_group_param_known": 0.00994036953005258, "reward_error_1_when_3_group_param_known": 0.063311711688042, "reward_error_2_when_3_group_param_known": 0.0, "_wandb": {"runtime": 9}}