{"Iteration": 99, "train_loss": 14.268051156407921, "val_loss": 15.048675484391351, "grad_norm": 0.012863647721032831, "live_grad": 2.4055522966077755e-14, "train_weighted_loss": 42.80415346922376, "val_weighted_loss": 45.14602645317405, "max_reward_err": 0.10145447548824509, "max_reward_err_index": 0, "max_kl_dist": 1.9399427730607353, "max_kl_dist_index": 0, "max_train_grp_loss": 19.518920962779067, "max_train_grp_loss_index": 0, "max_val_grp_loss": 18.91066064114887, "max_val_grp_loss_index": 0, "max_cur_train_grp_loss": 0.2076729567666316, "max_cur_train_grp_loss_index": 0, "reward_err_1": 0.10145447548824509, "reward_err_2": 0.0015528136029342087, "reward_err_3": 0.05888519015629683, "KL_distance_1": 1.9399427730607353, "KL_distance_2": 1.073499819895153, "KL_distance_3": 1.5868712401519824, "reward_param_1": 13.427930291832672, "reward_param_2": 4.78256820861172, "reward_param_3": 10.786078305568012, "reward_param_4": 5.438028365494065, "group_weight_1": 0.3526637992774702, "group_weight_2": 0.30664195146849116, "group_weight_3": 0.34069424925403863, "hist_group_loss_1": 20.914136357627115, "hist_group_loss_2": 6.930695554203024, "hist_group_loss_3": 17.46116157694398, "cur_group_loss_1": 0.2076729567666316, "cur_group_loss_2": 0.07008960385183649, "cur_group_loss_3": 0.1733164124860395, "train_group_loss_1": 19.518920962779067, "train_group_loss_2": 7.7136174303708795, "train_group_loss_3": 16.636863115420287, "val_group_loss_1": 18.91066064114887, "val_group_loss_2": 8.15342379988276, "val_group_loss_3": 17.549392333690555, "_timestamp": 1726659847.692985, "_runtime": 9.56135106086731, "_step": 2, "final/reward_err_1": 0.10145447548824509, "final/reward_err_2": 0.0015528136029342087, "final/reward_err_3": 0.05888519015629683, "final/reward_param_1": 13.427930291832672, "final/reward_param_2": 4.78256820861172, "final/reward_param_3": 10.786078305568012, "final/reward_param_4": 5.438028365494065, "optimal_reward_1": 3.8871653079986572, "optimal_reward_2": 3.8871653079986572, "optimal_reward_3": 3.38283634185791, "final/reward_1": 3.8522720336914062, "final/reward_2": 3.6094093322753906, "final/reward_3": 3.38283634185791, "reward_0_when_1_group_param_known": 3.8871653079986572, "reward_1_when_1_group_param_known": 3.4750781059265137, "reward_2_when_1_group_param_known": 3.3463027477264404, "reward_0_when_2_group_param_known": 3.4750781059265137, "reward_1_when_2_group_param_known": 3.8871653079986572, "reward_2_when_2_group_param_known": 3.1734652519226074, "reward_0_when_3_group_param_known": 3.8522720336914062, "reward_1_when_3_group_param_known": 3.6094093322753906, "reward_2_when_3_group_param_known": 3.38283634185791, "reward_error_0_when_1_group_param_known": 0.0, "reward_error_1_when_1_group_param_known": 0.10601226585969672, "reward_error_2_when_1_group_param_known": 0.010799693050301354, "reward_error_0_when_2_group_param_known": 0.10601226585969672, "reward_error_1_when_2_group_param_known": 0.0, "reward_error_2_when_2_group_param_known": 0.06189217235981113, "reward_error_0_when_3_group_param_known": 0.00897653470909785, "reward_error_1_when_3_group_param_known": 0.0714546343454253, "reward_error_2_when_3_group_param_known": 0.0, "_wandb": {"runtime": 9}}