{"Iteration": 199, "train_loss": 13.781671574652677, "val_loss": 14.681306098924788, "grad_norm": 0.034308668213994815, "live_grad": 3.734196812626425e-14, "train_weighted_loss": 41.34501472395803, "val_weighted_loss": 44.043918296774365, "max_reward_err": 0.08856114032668369, "max_reward_err_index": 0, "max_kl_dist": 1.960350122413301, "max_kl_dist_index": 0, "max_train_grp_loss": 18.53012376311596, "max_train_grp_loss_index": 0, "max_val_grp_loss": 19.284604641549656, "max_val_grp_loss_index": 0, "max_cur_train_grp_loss": 0.2674582985041598, "max_cur_train_grp_loss_index": 2, "reward_err_1": 0.08856114032668369, "reward_err_2": 0.00306252474934785, "reward_err_3": 0.04806388766560825, "KL_distance_1": 1.960350122413301, "KL_distance_2": 1.0876047816105887, "KL_distance_3": 1.6140669905490872, "reward_param_1": 10.860689133640921, "reward_param_2": 5.906847864121992, "reward_param_3": 13.405456385170908, "reward_param_4": 5.180158060111116, "group_weight_1": 0.3214617629324392, "group_weight_2": 0.2680788649887556, "group_weight_3": 0.4104593720788052, "hist_group_loss_1": 29.79310806230697, "hist_group_loss_2": 11.633368692198482, "hist_group_loss_3": 54.23294295556808, "cur_group_loss_1": 0.14708282187813138, "cur_group_loss_2": 0.06147773980810133, "cur_group_loss_3": 0.2674582985041598, "train_group_loss_1": 18.53012376311596, "train_group_loss_2": 6.890436420060139, "train_group_loss_3": 16.580274180588, "val_group_loss_1": 19.284604641549656, "val_group_loss_2": 7.3998927339908365, "val_group_loss_3": 17.208016434254233, "_timestamp": 1726698280.72148, "_runtime": 14.275400876998901, "_step": 3, "final/reward_err_1": 0.08856114032668369, "final/reward_err_2": 0.00306252474934785, "final/reward_err_3": 0.04806388766560825, "final/reward_param_1": 10.860689133640921, "final/reward_param_2": 5.906847864121992, "final/reward_param_3": 13.405456385170908, "final/reward_param_4": 5.180158060111116, "optimal_reward_1": 3.8683831691741943, "optimal_reward_2": 3.8683831691741943, "optimal_reward_3": 3.3685383796691895, "final/reward_1": 3.825965404510498, "final/reward_2": 3.5973966121673584, "final/reward_3": 3.3685383796691895, "reward_0_when_1_group_param_known": 3.8683831691741943, "reward_1_when_1_group_param_known": 3.467085838317871, "reward_2_when_1_group_param_known": 3.32724666595459, "reward_0_when_2_group_param_known": 3.467085838317871, "reward_1_when_2_group_param_known": 3.8683831691741943, "reward_2_when_2_group_param_known": 3.166299343109131, "reward_0_when_3_group_param_known": 3.825965404510498, "reward_1_when_3_group_param_known": 3.5973966121673584, "reward_2_when_3_group_param_known": 3.3685383796691895, "reward_error_0_when_1_group_param_known": 0.0, "reward_error_1_when_1_group_param_known": 0.10373774088723234, "reward_error_2_when_1_group_param_known": 0.012258050543171991, "reward_error_0_when_2_group_param_known": 0.10373774088723234, "reward_error_1_when_2_group_param_known": 0.0, "reward_error_2_when_2_group_param_known": 0.06003762278045342, "reward_error_0_when_3_group_param_known": 0.010965243826337774, "reward_error_1_when_3_group_param_known": 0.07005163272507076, "reward_error_2_when_3_group_param_known": 0.0, "_wandb": {"runtime": 15}}