{"Iteration": 99, "train_loss": 17.981991538436528, "val_loss": 19.183118882087477, "grad_norm": 0.45928286417295877, "max_reward_err": 0.1492655114889656, "max_reward_err_index": 0, "max_kl_dist": 0.590015369662592, "max_kl_dist_index": 0, "max_train_grp_loss": 22.120803627148433, "max_train_grp_loss_index": 0, "max_val_grp_loss": 21.207034426024148, "max_val_grp_loss_index": 0, "max_cur_train_grp_loss": 22.131078262498146, "max_cur_train_grp_loss_index": 0, "reward_err_1": 0.09469494242000627, "reward_err_2": 0.004387839096487722, "reward_err_3": 0.053642114250918596, "reward_param_1": 6.786481652618283, "reward_param_2": 2.5970369126947412, "reward_param_3": 4.67694083462001, "reward_param_4": 3.150464622716644, "KL_distance_1": 0.590015369662592, "KL_distance_2": 0.18693303625154778, "KL_distance_3": 0.4239839356761322, "hist_group_loss_1": 2298.9259151152737, "hist_group_loss_2": 1588.467310260805, "hist_group_loss_3": 2220.5100219575475, "cur_group_loss_1": 22.131078262498146, "cur_group_loss_2": 13.013971047248186, "cur_group_loss_3": 20.833617756799697, "train_group_loss_1": 22.120803627148433, "train_group_loss_2": 12.981644064848012, "train_group_loss_3": 20.81463573655046, "val_group_loss_1": 21.207034426024148, "val_group_loss_2": 15.488037258236917, "val_group_loss_3": 20.354222933883563, "_timestamp": 1726684290.8611991, "_runtime": 8.47982907295227, "_step": 2, "final/reward_err_1": 0.09469494242000627, "final/reward_err_2": 0.004387839096487722, "final/reward_err_3": 0.053642114250918596, "final/reward_param_1": 6.786481652618283, "final/reward_param_2": 2.5970369126947412, "final/reward_param_3": 4.67694083462001, "final/reward_param_4": 3.150464622716644, "optimal_reward_1": 3.8849852085113525, "optimal_reward_2": 3.8849852085113525, "optimal_reward_3": 3.3731210231781006, "final/reward_1": 3.8491885662078857, "final/reward_2": 3.6059226989746094, "final/reward_3": 3.3731210231781006, "reward_0_when_1_group_param_known": 3.8849852085113525, "reward_1_when_1_group_param_known": 3.4774763584136963, "reward_2_when_1_group_param_known": 3.335669994354248, "reward_0_when_2_group_param_known": 3.4774763584136963, "reward_1_when_2_group_param_known": 3.8849852085113525, "reward_2_when_2_group_param_known": 3.1690282821655273, "reward_0_when_3_group_param_known": 3.8491885662078857, "reward_1_when_3_group_param_known": 3.6059226989746094, "reward_2_when_3_group_param_known": 3.3731210231781006, "reward_error_0_when_1_group_param_known": 0.0, "reward_error_1_when_1_group_param_known": 0.10489328227167315, "reward_error_2_when_1_group_param_known": 0.011102782428057319, "reward_error_0_when_2_group_param_known": 0.10489328227167315, "reward_error_1_when_2_group_param_known": 0.0, "reward_error_2_when_2_group_param_known": 0.06050560878491111, "reward_error_0_when_3_group_param_known": 0.009214100024124247, "reward_error_1_when_3_group_param_known": 0.07183103527018941, "reward_error_2_when_3_group_param_known": 0.0, "_wandb": {"runtime": 8}}