{"Iteration": 99, "train_loss": 16.593987750618837, "val_loss": 16.621971244880907, "grad_norm": 0.008631478281700966, "live_grad": 1.8007872217562415e-14, "train_weighted_loss": 49.781963251856524, "val_weighted_loss": 49.86591373464272, "max_reward_err": 0.07269998546123449, "max_reward_err_index": 0, "max_kl_dist": 1.6579698614880156, "max_kl_dist_index": 0, "max_train_grp_loss": 20.776213362704258, "max_train_grp_loss_index": 0, "max_val_grp_loss": 19.76537918753133, "max_val_grp_loss_index": 0, "max_cur_train_grp_loss": 0.21420112073811623, "max_cur_train_grp_loss_index": 0, "reward_err_1": 0.07269998546123449, "reward_err_2": 0.003211829444085269, "reward_err_3": 0.03784726665799161, "KL_distance_1": 1.6579698614880156, "KL_distance_2": 0.9761877699556036, "KL_distance_3": 1.363021910494399, "reward_param_1": 11.345592893800466, "reward_param_2": 4.8389509480709245, "reward_param_3": 11.33382521634609, "reward_param_4": 5.273238162383664, "group_weight_1": 0.34919372900931284, "group_weight_2": 0.31325321247105753, "group_weight_3": 0.3375530585196297, "hist_group_loss_1": 21.504865018599453, "hist_group_loss_2": 10.643363356354735, "hist_group_loss_3": 18.11444929301299, "cur_group_loss_1": 0.21420112073811623, "cur_group_loss_2": 0.10649321552259611, "cur_group_loss_3": 0.18035568945574068, "train_group_loss_1": 20.776213362704258, "train_group_loss_2": 10.75799608643411, "train_group_loss_3": 18.395549257583266, "val_group_loss_1": 19.76537918753133, "val_group_loss_2": 12.272398435399378, "val_group_loss_3": 17.718589597336127, "_timestamp": 1726607027.814647, "_runtime": 9.467411994934082, "_step": 2, "final/reward_err_1": 0.07269998546123449, "final/reward_err_2": 0.003211829444085269, "final/reward_err_3": 0.03784726665799161, "final/reward_param_1": 11.345592893800466, "final/reward_param_2": 4.8389509480709245, "final/reward_param_3": 11.33382521634609, "final/reward_param_4": 5.273238162383664, "optimal_reward_1": 3.8717610836029053, "optimal_reward_2": 3.8717610836029053, "optimal_reward_3": 3.3254706859588623, "final/reward_1": 3.828972101211548, "final/reward_2": 3.640883684158325, "final/reward_3": 3.3254706859588623, "reward_0_when_1_group_param_known": 3.8717610836029053, "reward_1_when_1_group_param_known": 3.543931722640991, "reward_2_when_1_group_param_known": 3.2762246131896973, "reward_0_when_2_group_param_known": 3.543931722640991, "reward_1_when_2_group_param_known": 3.8717610836029053, "reward_2_when_2_group_param_known": 3.1653871536254883, "reward_0_when_3_group_param_known": 3.828972101211548, "reward_1_when_3_group_param_known": 3.640883684158325, "reward_2_when_3_group_param_known": 3.3254706859588623, "reward_error_0_when_1_group_param_known": 0.0, "reward_error_1_when_1_group_param_known": 0.08467189836436118, "reward_error_2_when_1_group_param_known": 0.014808752630746911, "reward_error_0_when_2_group_param_known": 0.08467189836436118, "reward_error_1_when_2_group_param_known": 0.0, "reward_error_2_when_2_group_param_known": 0.04813860877177323, "reward_error_0_when_3_group_param_known": 0.01105155547241043, "reward_error_1_when_3_group_param_known": 0.05963110699737052, "reward_error_2_when_3_group_param_known": 0.0, "_wandb": {"runtime": 9}}