{"Iteration": 199, "train_loss": 14.456607236847692, "val_loss": 14.824036376223908, "grad_norm": 0.03275204926915643, "live_grad": 2.1670688905509755e-14, "train_weighted_loss": 43.369821710543064, "val_weighted_loss": 44.47210912867172, "max_reward_err": 0.09132863491398173, "max_reward_err_index": 0, "max_kl_dist": 1.9402338187069517, "max_kl_dist_index": 0, "max_train_grp_loss": 19.133064843414452, "max_train_grp_loss_index": 0, "max_val_grp_loss": 20.316872370454163, "max_val_grp_loss_index": 0, "max_cur_train_grp_loss": 0.29757412349033896, "max_cur_train_grp_loss_index": 2, "reward_err_1": 0.09132863491398173, "reward_err_2": 0.0008806990643706408, "reward_err_3": 0.05276798434849452, "KL_distance_1": 1.9402338187069517, "KL_distance_2": 1.1500157665781408, "KL_distance_3": 1.6128085292183483, "reward_param_1": 13.83901555182667, "reward_param_2": 5.4724797351672825, "reward_param_3": 10.898531935687132, "reward_param_4": 4.905394976204042, "group_weight_1": 0.31056656419437806, "group_weight_2": 0.26719888087631016, "group_weight_3": 0.4222345549293118, "hist_group_loss_1": 29.723317131984096, "hist_group_loss_2": 14.6828168800811, "hist_group_loss_3": 60.43958924790444, "cur_group_loss_1": 0.14719147912441768, "cur_group_loss_2": 0.0759375245162824, "cur_group_loss_3": 0.29757412349033896, "train_group_loss_1": 19.133064843414452, "train_group_loss_2": 9.040401433504377, "train_group_loss_3": 15.174038643596223, "val_group_loss_1": 20.316872370454163, "val_group_loss_2": 6.452108326520401, "val_group_loss_3": 17.919529624854988, "_timestamp": 1726698680.347748, "_runtime": 14.915224075317383, "_step": 3, "final/reward_err_1": 0.09132863491398173, "final/reward_err_2": 0.0008806990643706408, "final/reward_err_3": 0.05276798434849452, "final/reward_param_1": 13.83901555182667, "final/reward_param_2": 5.4724797351672825, "final/reward_param_3": 10.898531935687132, "final/reward_param_4": 4.905394976204042, "optimal_reward_1": 3.8633759021759033, "optimal_reward_2": 3.8633759021759033, "optimal_reward_3": 3.3000659942626953, "final/reward_1": 3.82757568359375, "final/reward_2": 3.600954294204712, "final/reward_3": 3.3000659942626953, "reward_0_when_1_group_param_known": 3.8633759021759033, "reward_1_when_1_group_param_known": 3.482351064682007, "reward_2_when_1_group_param_known": 3.2718944549560547, "reward_0_when_2_group_param_known": 3.482351064682007, "reward_1_when_2_group_param_known": 3.8633759021759033, "reward_2_when_2_group_param_known": 3.1088309288024902, "reward_0_when_3_group_param_known": 3.82757568359375, "reward_1_when_3_group_param_known": 3.600954294204712, "reward_2_when_3_group_param_known": 3.3000659942626953, "reward_error_0_when_1_group_param_known": 0.0, "reward_error_1_when_1_group_param_known": 0.09862484188486509, "reward_error_2_when_1_group_param_known": 0.008536659374575551, "reward_error_0_when_2_group_param_known": 0.09862484188486509, "reward_error_1_when_2_group_param_known": 0.0, "reward_error_2_when_2_group_param_known": 0.05794886095995515, "reward_error_0_when_3_group_param_known": 0.009266563619136872, "reward_error_1_when_3_group_param_known": 0.06792546586610745, "reward_error_2_when_3_group_param_known": 0.0, "_wandb": {"runtime": 14}}