{"Iteration": 99, "train_loss": 19.7477436253175, "val_loss": 21.19313674150011, "grad_norm": 0.2979741993828154, "max_reward_err": 0.04847086415618881, "max_reward_err_index": 1, "max_kl_dist": 0.6275015966896741, "max_kl_dist_index": 0, "max_train_grp_loss": 23.532207724904527, "max_train_grp_loss_index": 0, "max_val_grp_loss": 23.31185215802595, "max_val_grp_loss_index": 0, "max_cur_train_grp_loss": 23.5309784791358, "max_cur_train_grp_loss_index": 0, "reward_err_1": 0.08035182133392449, "reward_err_2": 0.006787049135981902, "reward_err_3": 0.04237471503610338, "reward_param_1": 5.4854937504339185, "reward_param_2": 3.085432094509371, "reward_param_3": 6.847216039391557, "reward_param_4": 3.757563009472319, "KL_distance_1": 0.6275015966896741, "KL_distance_2": 0.26325748078715105, "KL_distance_3": 0.4620928354888939, "hist_group_loss_1": 2347.968494604939, "hist_group_loss_2": 1503.520912950525, "hist_group_loss_3": 2282.227032443878, "cur_group_loss_1": 23.5309784791358, "cur_group_loss_2": 13.108976577264317, "cur_group_loss_3": 22.749687470405238, "train_group_loss_1": 23.532207724904527, "train_group_loss_2": 13.082439301400239, "train_group_loss_3": 22.74875067488321, "val_group_loss_1": 23.31185215802595, "val_group_loss_2": 18.107629672241266, "val_group_loss_3": 22.287817786379335, "_timestamp": 1726610100.367795, "_runtime": 8.23959994316101, "_step": 2, "final/reward_err_1": 0.08035182133392449, "final/reward_err_2": 0.006787049135981902, "final/reward_err_3": 0.04237471503610338, "final/reward_param_1": 5.4854937504339185, "final/reward_param_2": 3.085432094509371, "final/reward_param_3": 6.847216039391557, "final/reward_param_4": 3.757563009472319, "optimal_reward_1": 3.8674325942993164, "optimal_reward_2": 3.8674325942993164, "optimal_reward_3": 3.324373483657837, "final/reward_1": 3.834221601486206, "final/reward_2": 3.589629888534546, "final/reward_3": 3.324373483657837, "reward_0_when_1_group_param_known": 3.8674325942993164, "reward_1_when_1_group_param_known": 3.479376792907715, "reward_2_when_1_group_param_known": 3.2942817211151123, "reward_0_when_2_group_param_known": 3.479376792907715, "reward_1_when_2_group_param_known": 3.8674325942993164, "reward_2_when_2_group_param_known": 3.131351947784424, "reward_0_when_3_group_param_known": 3.834221601486206, "reward_1_when_3_group_param_known": 3.589629888534546, "reward_2_when_3_group_param_known": 3.324373483657837, "reward_error_0_when_1_group_param_known": 0.0, "reward_error_1_when_1_group_param_known": 0.10033938328068204, "reward_error_2_when_1_group_param_known": 0.009051859753620217, "reward_error_0_when_2_group_param_known": 0.10033938328068204, "reward_error_1_when_2_group_param_known": 0.0, "reward_error_2_when_2_group_param_known": 0.058062530224801887, "reward_error_0_when_3_group_param_known": 0.008587348842760469, "reward_error_1_when_3_group_param_known": 0.07183129866936996, "reward_error_2_when_3_group_param_known": 0.0, "_wandb": {"runtime": 7}}