{"Iteration": 99, "train_loss": 14.117445060822726, "val_loss": 16.134662557093684, "grad_norm": 0.43425066940136364, "max_reward_err": 0.07713196584185772, "max_reward_err_index": 0, "max_kl_dist": 1.0144165509000078, "max_kl_dist_index": 0, "max_train_grp_loss": 21.145804370275208, "max_train_grp_loss_index": 0, "max_val_grp_loss": 20.61421133308598, "max_val_grp_loss_index": 0, "max_cur_train_grp_loss": 21.15052101087767, "max_cur_train_grp_loss_index": 0, "reward_err_1": 0.0834793178979281, "reward_err_2": 0.0036131525842298274, "reward_err_3": 0.0445650287403111, "reward_param_1": 8.695976515406905, "reward_param_2": 3.6821212844716826, "reward_param_3": 6.733579830962098, "reward_param_4": 3.635786460837885, "KL_distance_1": 1.0144165509000078, "KL_distance_2": 0.41571339674951185, "KL_distance_3": 0.7761363959223729, "hist_group_loss_1": 2161.2158837404795, "hist_group_loss_2": 1028.3593049520496, "hist_group_loss_3": 1983.4171197864505, "cur_group_loss_1": 21.15052101087767, "cur_group_loss_2": 7.333630871211897, "cur_group_loss_3": 18.810607505773895, "train_group_loss_1": 21.145804370275208, "train_group_loss_2": 7.3025445095895805, "train_group_loss_3": 18.797266147887157, "val_group_loss_1": 20.61421133308598, "val_group_loss_2": 8.395521120670736, "val_group_loss_3": 19.207352823981374, "_timestamp": 1726681939.858101, "_runtime": 8.353992938995361, "_step": 2, "final/reward_err_1": 0.0834793178979281, "final/reward_err_2": 0.0036131525842298274, "final/reward_err_3": 0.0445650287403111, "final/reward_param_1": 8.695976515406905, "final/reward_param_2": 3.6821212844716826, "final/reward_param_3": 6.733579830962098, "final/reward_param_4": 3.635786460837885, "optimal_reward_1": 3.874847650527954, "optimal_reward_2": 3.874847650527954, "optimal_reward_3": 3.3765645027160645, "final/reward_1": 3.8370981216430664, "final/reward_2": 3.5955355167388916, "final/reward_3": 3.3765645027160645, "reward_0_when_1_group_param_known": 3.874847650527954, "reward_1_when_1_group_param_known": 3.4763882160186768, "reward_2_when_1_group_param_known": 3.337296485900879, "reward_0_when_2_group_param_known": 3.4763882160186768, "reward_1_when_2_group_param_known": 3.874847650527954, "reward_2_when_2_group_param_known": 3.175377130508423, "reward_0_when_3_group_param_known": 3.8370981216430664, "reward_1_when_3_group_param_known": 3.5955355167388916, "reward_2_when_3_group_param_known": 3.3765645027160645, "reward_error_0_when_1_group_param_known": 0.0, "reward_error_1_when_1_group_param_known": 0.102832284117025, "reward_error_2_when_1_group_param_known": 0.011629576980862906, "reward_error_0_when_2_group_param_known": 0.102832284117025, "reward_error_1_when_2_group_param_known": 0.0, "reward_error_2_when_2_group_param_known": 0.059583452958120335, "reward_error_0_when_3_group_param_known": 0.009742196929921686, "reward_error_1_when_3_group_param_known": 0.0720833846850742, "reward_error_2_when_3_group_param_known": 0.0, "_wandb": {"runtime": 8}}