{"Iteration": 99, "train_loss": 20.448122552330265, "val_loss": 19.670367899681967, "grad_norm": 0.3969451866304909, "max_reward_err": 0.079300728147201, "max_reward_err_index": 1, "max_kl_dist": 0.48048634675473056, "max_kl_dist_index": 0, "max_train_grp_loss": 23.421085644842382, "max_train_grp_loss_index": 0, "max_val_grp_loss": 22.924191448559018, "max_val_grp_loss_index": 0, "max_cur_train_grp_loss": 23.42013975387778, "max_cur_train_grp_loss_index": 0, "reward_err_1": 0.07117855581502315, "reward_err_2": 0.011574813661000629, "reward_err_3": 0.03845490974760418, "reward_param_1": 4.643443730325073, "reward_param_2": 2.521831538217753, "reward_param_3": 6.012764328590801, "reward_param_4": 3.671870457568456, "KL_distance_1": 0.48048634675473056, "KL_distance_2": 0.19630468236861812, "KL_distance_3": 0.3418709683038292, "hist_group_loss_1": 2338.7865828602435, "hist_group_loss_2": 1940.4135860315048, "hist_group_loss_3": 2178.0871646044243, "cur_group_loss_1": 23.42013975387778, "cur_group_loss_2": 16.007261087522828, "cur_group_loss_3": 21.398058907988023, "train_group_loss_1": 23.421085644842382, "train_group_loss_2": 15.961610458484405, "train_group_loss_3": 21.391783875365643, "val_group_loss_1": 22.924191448559018, "val_group_loss_2": 13.868771148091087, "val_group_loss_3": 22.337287231784273, "_timestamp": 1726609774.804336, "_runtime": 7.932816982269287, "_step": 2, "final/reward_err_1": 0.07117855581502315, "final/reward_err_2": 0.011574813661000629, "final/reward_err_3": 0.03845490974760418, "final/reward_param_1": 4.643443730325073, "final/reward_param_2": 2.521831538217753, "final/reward_param_3": 6.012764328590801, "final/reward_param_4": 3.671870457568456, "optimal_reward_1": 3.7684130668640137, "optimal_reward_2": 3.7684130668640137, "optimal_reward_3": 3.2301623821258545, "final/reward_1": 3.7308881282806396, "final/reward_2": 3.5340662002563477, "final/reward_3": 3.2301623821258545, "reward_0_when_1_group_param_known": 3.7684130668640137, "reward_1_when_1_group_param_known": 3.418842077255249, "reward_2_when_1_group_param_known": 3.1900854110717773, "reward_0_when_2_group_param_known": 3.418842077255249, "reward_1_when_2_group_param_known": 3.7684130668640137, "reward_2_when_2_group_param_known": 3.053025007247925, "reward_0_when_3_group_param_known": 3.7308881282806396, "reward_1_when_3_group_param_known": 3.5340662002563477, "reward_2_when_3_group_param_known": 3.2301623821258545, "reward_error_0_when_1_group_param_known": 0.0, "reward_error_1_when_1_group_param_known": 0.092763448010138, "reward_error_2_when_1_group_param_known": 0.012407107232702476, "reward_error_0_when_2_group_param_known": 0.092763448010138, "reward_error_1_when_2_group_param_known": 0.0, "reward_error_2_when_2_group_param_known": 0.05483853562846303, "reward_error_0_when_3_group_param_known": 0.00995775620070265, "reward_error_1_when_3_group_param_known": 0.06218714945776474, "reward_error_2_when_3_group_param_known": 0.0, "_wandb": {"runtime": 7}}