{"Iteration": 99, "train_loss": 16.265141144115837, "val_loss": 16.15743204285049, "grad_norm": 0.4707417195753593, "max_reward_err": 0.06337755754858419, "max_reward_err_index": 0, "max_kl_dist": 0.7050761448961939, "max_kl_dist_index": 0, "max_train_grp_loss": 21.394490515013473, "max_train_grp_loss_index": 0, "max_val_grp_loss": 20.763194933850603, "max_val_grp_loss_index": 0, "max_cur_train_grp_loss": 21.402731037591955, "max_cur_train_grp_loss_index": 0, "reward_err_1": 0.08206023136384563, "reward_err_2": 0.005407428339649193, "reward_err_3": 0.04219600676958301, "reward_param_1": 6.668605703000077, "reward_param_2": 4.213179744025476, "reward_param_3": 6.98102027007121, "reward_param_4": 2.966342005230968, "KL_distance_1": 0.7050761448961939, "KL_distance_2": 0.33670227598598235, "KL_distance_3": 0.5338809985128138, "hist_group_loss_1": 2204.6441148664594, "hist_group_loss_2": 1178.0210269847717, "hist_group_loss_3": 2058.9776963942354, "cur_group_loss_1": 21.402731037591955, "cur_group_loss_2": 8.688285387942974, "cur_group_loss_3": 19.301345053761217, "train_group_loss_1": 21.394490515013473, "train_group_loss_2": 8.650196438377906, "train_group_loss_3": 19.28234384951289, "val_group_loss_1": 20.763194933850603, "val_group_loss_2": 8.195841086645684, "val_group_loss_3": 19.658265024452923, "_timestamp": 1726656855.835972, "_runtime": 7.970422029495239, "_step": 2, "final/reward_err_1": 0.08206023136384563, "final/reward_err_2": 0.005407428339649193, "final/reward_err_3": 0.04219600676958301, "final/reward_param_1": 6.668605703000077, "final/reward_param_2": 4.213179744025476, "final/reward_param_3": 6.98102027007121, "final/reward_param_4": 2.966342005230968, "optimal_reward_1": 3.8835737705230713, "optimal_reward_2": 3.8835737705230713, "optimal_reward_3": 3.3118627071380615, "final/reward_1": 3.8489270210266113, "final/reward_2": 3.5929198265075684, "final/reward_3": 3.3118627071380615, "reward_0_when_1_group_param_known": 3.8835737705230713, "reward_1_when_1_group_param_known": 3.457217216491699, "reward_2_when_1_group_param_known": 3.288090705871582, "reward_0_when_2_group_param_known": 3.457217216491699, "reward_1_when_2_group_param_known": 3.8835737705230713, "reward_2_when_2_group_param_known": 3.0940170288085938, "reward_0_when_3_group_param_known": 3.8489270210266113, "reward_1_when_3_group_param_known": 3.5929198265075684, "reward_2_when_3_group_param_known": 3.3118627071380615, "reward_error_0_when_1_group_param_known": 0.0, "reward_error_1_when_1_group_param_known": 0.10978458997418425, "reward_error_2_when_1_group_param_known": 0.007177834158174392, "reward_error_0_when_2_group_param_known": 0.10978458997418425, "reward_error_1_when_2_group_param_known": 0.0, "reward_error_2_when_2_group_param_known": 0.06577738801187161, "reward_error_0_when_3_group_param_known": 0.00892135737434272, "reward_error_1_when_3_group_param_known": 0.07484187534214273, "reward_error_2_when_3_group_param_known": 0.0, "_wandb": {"runtime": 7}}