{"Iteration": 199, "train_loss": 15.353344180091177, "val_loss": 14.895912408635214, "grad_norm": 0.03837149366767935, "live_grad": 3.461706724708113e-14, "train_weighted_loss": 46.06003254027352, "val_weighted_loss": 44.68773722590563, "max_reward_err": 0.0863517665658883, "max_reward_err_index": 0, "max_kl_dist": 1.5647929503443798, "max_kl_dist_index": 0, "max_train_grp_loss": 18.87866113807888, "max_train_grp_loss_index": 0, "max_val_grp_loss": 20.844422811761614, "max_val_grp_loss_index": 0, "max_cur_train_grp_loss": 0.38595880415944145, "max_cur_train_grp_loss_index": 2, "reward_err_1": 0.0863517665658883, "reward_err_2": 0.002153080051519936, "reward_err_3": 0.04481288891499411, "KL_distance_1": 1.5647929503443798, "KL_distance_2": 0.8474010979115281, "KL_distance_3": 1.264437249730364, "reward_param_1": 10.847842613785856, "reward_param_2": 4.8247639245369704, "reward_param_3": 10.511588011283061, "reward_param_4": 5.063051921572146, "group_weight_1": 0.2882389956842512, "group_weight_2": 0.2504930337950043, "group_weight_3": 0.46126797052074436, "hist_group_loss_1": 31.29473076009146, "hist_group_loss_2": 17.25884364076777, "hist_group_loss_3": 78.31364805453981, "cur_group_loss_1": 0.15476033260933217, "cur_group_loss_2": 0.08810476847867521, "cur_group_loss_3": 0.38595880415944145, "train_group_loss_1": 18.87866113807888, "train_group_loss_2": 12.07373310477899, "train_group_loss_3": 15.822077068951403, "val_group_loss_1": 20.844422811761614, "val_group_loss_2": 6.7493208690874, "val_group_loss_3": 16.575690881013355, "_timestamp": 1726698953.677191, "_runtime": 14.264578104019165, "_step": 3, "final/reward_err_1": 0.0863517665658883, "final/reward_err_2": 0.002153080051519936, "final/reward_err_3": 0.04481288891499411, "final/reward_param_1": 10.847842613785856, "final/reward_param_2": 4.8247639245369704, "final/reward_param_3": 10.511588011283061, "final/reward_param_4": 5.063051921572146, "optimal_reward_1": 3.9513115882873535, "optimal_reward_2": 3.9513115882873535, "optimal_reward_3": 3.4502387046813965, "final/reward_1": 3.9096338748931885, "final/reward_2": 3.6755175590515137, "final/reward_3": 3.4502387046813965, "reward_0_when_1_group_param_known": 3.9513115882873535, "reward_1_when_1_group_param_known": 3.544969320297241, "reward_2_when_1_group_param_known": 3.412696123123169, "reward_0_when_2_group_param_known": 3.544969320297241, "reward_1_when_2_group_param_known": 3.9513115882873535, "reward_2_when_2_group_param_known": 3.2480239868164062, "reward_0_when_3_group_param_known": 3.9096338748931885, "reward_1_when_3_group_param_known": 3.6755175590515137, "reward_2_when_3_group_param_known": 3.4502387046813965, "reward_error_0_when_1_group_param_known": 0.0, "reward_error_1_when_1_group_param_known": 0.10283731336060901, "reward_error_2_when_1_group_param_known": 0.010881154833515878, "reward_error_0_when_2_group_param_known": 0.10283731336060901, "reward_error_1_when_2_group_param_known": 0.0, "reward_error_2_when_2_group_param_known": 0.05860890656365854, "reward_error_0_when_3_group_param_known": 0.010547817468434506, "reward_error_1_when_3_group_param_known": 0.06979809692896917, "reward_error_2_when_3_group_param_known": 0.0, "_wandb": {"runtime": 14}}