{"Iteration": 99, "train_loss": 17.903731268762755, "val_loss": 18.032518679664836, "grad_norm": 0.006006406841370836, "live_grad": 7.434350487570998e-15, "train_weighted_loss": 53.711193806288264, "val_weighted_loss": 54.0975560389945, "max_reward_err": 0.10146097848328736, "max_reward_err_index": 0, "max_kl_dist": 1.5654539466325332, "max_kl_dist_index": 0, "max_train_grp_loss": 19.053652178544596, "max_train_grp_loss_index": 0, "max_val_grp_loss": 19.94089007498634, "max_val_grp_loss_index": 0, "max_cur_train_grp_loss": 0.376491074238224, "max_cur_train_grp_loss_index": 2, "reward_err_1": 0.10146097848328736, "reward_err_2": 0.005688413458211127, "reward_err_3": 0.06563488996603152, "KL_distance_1": 1.5654539466325332, "KL_distance_2": 0.6971361639650909, "KL_distance_3": 1.3226093506352203, "reward_param_1": 13.180456370624087, "reward_param_2": 3.7925553321131793, "reward_param_3": 5.380115960689749, "reward_param_4": 5.490281501900971, "group_weight_1": 0.30513910287692697, "group_weight_2": 0.30680580237774746, "group_weight_3": 0.3880550947453255, "hist_group_loss_1": 13.861656192732644, "hist_group_loss_2": 14.406379617259594, "hist_group_loss_3": 37.899614059318125, "cur_group_loss_1": 0.13807457242760873, "cur_group_loss_2": 0.1444190793717394, "cur_group_loss_3": 0.376491074238224, "train_group_loss_1": 19.053652178544596, "train_group_loss_2": 16.609648678220893, "train_group_loss_3": 17.69374004243126, "val_group_loss_1": 19.94089007498634, "val_group_loss_2": 15.745642641142698, "val_group_loss_3": 18.040898363967596, "_timestamp": 1726685237.854267, "_runtime": 9.857442855834961, "_step": 2, "final/reward_err_1": 0.10146097848328736, "final/reward_err_2": 0.005688413458211127, "final/reward_err_3": 0.06563488996603152, "final/reward_param_1": 13.180456370624087, "final/reward_param_2": 3.7925553321131793, "final/reward_param_3": 5.380115960689749, "final/reward_param_4": 5.490281501900971, "optimal_reward_1": 3.8686554431915283, "optimal_reward_2": 3.8686554431915283, "optimal_reward_3": 3.3082499504089355, "final/reward_1": 3.8281407356262207, "final/reward_2": 3.6051533222198486, "final/reward_3": 3.3082499504089355, "reward_0_when_1_group_param_known": 3.8686554431915283, "reward_1_when_1_group_param_known": 3.4855799674987793, "reward_2_when_1_group_param_known": 3.2765629291534424, "reward_0_when_2_group_param_known": 3.4855799674987793, "reward_1_when_2_group_param_known": 3.8686554431915283, "reward_2_when_2_group_param_known": 3.1214022636413574, "reward_0_when_3_group_param_known": 3.8281407356262207, "reward_1_when_3_group_param_known": 3.6051533222198486, "reward_2_when_3_group_param_known": 3.3082499504089355, "reward_error_0_when_1_group_param_known": 0.0, "reward_error_1_when_1_group_param_known": 0.09902031372861753, "reward_error_2_when_1_group_param_known": 0.009578182341263635, "reward_error_0_when_2_group_param_known": 0.09902031372861753, "reward_error_1_when_2_group_param_known": 0.0, "reward_error_2_when_2_group_param_known": 0.05647931370617318, "reward_error_0_when_3_group_param_known": 0.01047255517071434, "reward_error_1_when_3_group_param_known": 0.068112067575162, "reward_error_2_when_3_group_param_known": 0.0, "_wandb": {"runtime": 9}}