{"Iteration": 99, "train_loss": 13.952904196411298, "val_loss": 15.114260628589387, "grad_norm": 0.008862641313721453, "live_grad": 3.7790824114342005e-14, "train_weighted_loss": 41.858712589233896, "val_weighted_loss": 45.34278188576816, "max_reward_err": 0.09713529256284664, "max_reward_err_index": 0, "max_kl_dist": 2.0754611098632685, "max_kl_dist_index": 0, "max_train_grp_loss": 17.573357292469783, "max_train_grp_loss_index": 0, "max_val_grp_loss": 18.422433183290305, "max_val_grp_loss_index": 0, "max_cur_train_grp_loss": 0.17040642181751506, "max_cur_train_grp_loss_index": 2, "reward_err_1": 0.09713529256284664, "reward_err_2": 0.0027370657263496964, "reward_err_3": 0.05651929134116429, "KL_distance_1": 2.0754611098632685, "KL_distance_2": 1.141483526866582, "KL_distance_3": 1.7397744556162407, "reward_param_1": 9.68042995952859, "reward_param_2": 5.113571014609499, "reward_param_3": 14.985403665987663, "reward_param_4": 5.661459471214348, "group_weight_1": 0.3424742085226053, "group_weight_2": 0.3138947862318911, "group_weight_3": 0.3436310052455037, "hist_group_loss_1": 16.83776884823909, "hist_group_loss_2": 8.123919126243646, "hist_group_loss_3": 17.174975969197526, "cur_group_loss_1": 0.16737816485015555, "cur_group_loss_2": 0.08183418240869625, "cur_group_loss_3": 0.17040642181751506, "train_group_loss_1": 17.573357292469783, "train_group_loss_2": 8.268221495438452, "train_group_loss_3": 16.0167911933487, "val_group_loss_1": 18.422433183290305, "val_group_loss_2": 9.386132817165727, "val_group_loss_3": 17.132758219935226, "_timestamp": 1726667167.617994, "_runtime": 9.73008108139038, "_step": 2, "final/reward_err_1": 0.09713529256284664, "final/reward_err_2": 0.0027370657263496964, "final/reward_err_3": 0.05651929134116429, "final/reward_param_1": 9.68042995952859, "final/reward_param_2": 5.113571014609499, "final/reward_param_3": 14.985403665987663, "final/reward_param_4": 5.661459471214348, "optimal_reward_1": 3.8642568588256836, "optimal_reward_2": 3.8642568588256836, "optimal_reward_3": 3.308689832687378, "final/reward_1": 3.821747303009033, "final/reward_2": 3.596567392349243, "final/reward_3": 3.308689832687378, "reward_0_when_1_group_param_known": 3.8642568588256836, "reward_1_when_1_group_param_known": 3.4780359268188477, "reward_2_when_1_group_param_known": 3.275341033935547, "reward_0_when_2_group_param_known": 3.4780359268188477, "reward_1_when_2_group_param_known": 3.8642568588256836, "reward_2_when_2_group_param_known": 3.1216068267822266, "reward_0_when_3_group_param_known": 3.821747303009033, "reward_1_when_3_group_param_known": 3.596567392349243, "reward_2_when_3_group_param_known": 3.308689832687378, "reward_error_0_when_1_group_param_known": 0.0, "reward_error_1_when_1_group_param_known": 0.09994701338880597, "reward_error_2_when_1_group_param_known": 0.010079155326791257, "reward_error_0_when_2_group_param_known": 0.09994701338880597, "reward_error_1_when_2_group_param_known": 0.0, "reward_error_2_when_2_group_param_known": 0.05654292646500478, "reward_error_0_when_3_group_param_known": 0.011000706570413826, "reward_error_1_when_3_group_param_known": 0.06927320730894403, "reward_error_2_when_3_group_param_known": 0.0, "_wandb": {"runtime": 9}}