{"Iteration": 199, "train_loss": 15.226532228898535, "val_loss": 14.881910746215674, "grad_norm": 0.05219932296328394, "live_grad": 2.2496762986657283e-14, "train_weighted_loss": 45.679596686695604, "val_weighted_loss": 44.64573223864703, "max_reward_err": 0.08742163848618019, "max_reward_err_index": 0, "max_kl_dist": 1.6569855960129143, "max_kl_dist_index": 0, "max_train_grp_loss": 19.844751174126362, "max_train_grp_loss_index": 0, "max_val_grp_loss": 18.95831080689355, "max_val_grp_loss_index": 0, "max_cur_train_grp_loss": 0.4273768333274468, "max_cur_train_grp_loss_index": 2, "reward_err_1": 0.08742163848618019, "reward_err_2": 0.0035680434860939484, "reward_err_3": 0.0466889589768675, "KL_distance_1": 1.6569855960129143, "KL_distance_2": 0.9341845029924309, "KL_distance_3": 1.354318768530241, "reward_param_1": 10.048802084763537, "reward_param_2": 5.807411128617297, "reward_param_3": 11.922454447928361, "reward_param_4": 4.933667815856282, "group_weight_1": 0.27827529131897377, "group_weight_2": 0.23601451327675058, "group_weight_3": 0.48571019540427574, "hist_group_loss_1": 31.160859757492823, "hist_group_loss_2": 14.689101739192042, "hist_group_loss_3": 86.86098576087772, "cur_group_loss_1": 0.15385620686722118, "cur_group_loss_2": 0.07627373443887184, "cur_group_loss_3": 0.4273768333274468, "train_group_loss_1": 19.844751174126362, "train_group_loss_2": 9.920687578235768, "train_group_loss_3": 17.51944834235633, "val_group_loss_1": 18.95831080689355, "val_group_loss_2": 7.07497851074159, "val_group_loss_3": 17.782960361172684, "_timestamp": 1726699324.815566, "_runtime": 14.403606176376343, "_step": 3, "final/reward_err_1": 0.08742163848618019, "final/reward_err_2": 0.0035680434860939484, "final/reward_err_3": 0.0466889589768675, "final/reward_param_1": 10.048802084763537, "final/reward_param_2": 5.807411128617297, "final/reward_param_3": 11.922454447928361, "final/reward_param_4": 4.933667815856282, "optimal_reward_1": 3.884077310562134, "optimal_reward_2": 3.884077310562134, "optimal_reward_3": 3.3674604892730713, "final/reward_1": 3.847635269165039, "final/reward_2": 3.6067681312561035, "final/reward_3": 3.3674604892730713, "reward_0_when_1_group_param_known": 3.884077310562134, "reward_1_when_1_group_param_known": 3.4758739471435547, "reward_2_when_1_group_param_known": 3.3304951190948486, "reward_0_when_2_group_param_known": 3.4758739471435547, "reward_1_when_2_group_param_known": 3.884077310562134, "reward_2_when_2_group_param_known": 3.1624059677124023, "reward_0_when_3_group_param_known": 3.847635269165039, "reward_1_when_3_group_param_known": 3.6067681312561035, "reward_2_when_3_group_param_known": 3.3674604892730713, "reward_error_0_when_1_group_param_known": 0.0, "reward_error_1_when_1_group_param_known": 0.10509661131320291, "reward_error_2_when_1_group_param_known": 0.010977224616584088, "reward_error_0_when_2_group_param_known": 0.10509661131320291, "reward_error_1_when_2_group_param_known": 0.0, "reward_error_2_when_2_group_param_known": 0.060892925756326766, "reward_error_0_when_3_group_param_known": 0.009382419165034734, "reward_error_1_when_3_group_param_known": 0.07139641081600817, "reward_error_2_when_3_group_param_known": 0.0, "_wandb": {"runtime": 13}}