{"Iteration": 99, "train_loss": 20.778122342300534, "val_loss": 20.735431185184723, "grad_norm": 0.3044593961423842, "max_reward_err": 0.06565144748363895, "max_reward_err_index": 1, "max_kl_dist": 0.3418745545640778, "max_kl_dist_index": 0, "max_train_grp_loss": 24.199388871032063, "max_train_grp_loss_index": 0, "max_val_grp_loss": 23.908126778393882, "max_val_grp_loss_index": 0, "max_cur_train_grp_loss": 24.198510647689808, "max_cur_train_grp_loss_index": 0, "reward_err_1": 0.06753427432954236, "reward_err_2": 0.025491688666994108, "reward_err_3": 0.033217494679797656, "reward_param_1": 3.7459488029194747, "reward_param_2": 2.6789952061042337, "reward_param_3": 5.255257010684072, "reward_param_4": 4.035176804335384, "KL_distance_1": 0.3418745545640778, "KL_distance_2": 0.18493370174462945, "KL_distance_3": 0.2347704870781328, "hist_group_loss_1": 2418.6273363620585, "hist_group_loss_2": 1905.6199161891973, "hist_group_loss_3": 2125.8956513011813, "cur_group_loss_1": 24.198510647689808, "cur_group_loss_2": 17.783015270011983, "cur_group_loss_3": 20.51833468850503, "train_group_loss_1": 24.199388871032063, "train_group_loss_2": 17.76649057800751, "train_group_loss_3": 20.506670919816575, "val_group_loss_1": 23.908126778393882, "val_group_loss_2": 17.430175942586168, "val_group_loss_3": 20.850825277714215, "_timestamp": 1726611328.597926, "_runtime": 7.837996006011963, "_step": 2, "final/reward_err_1": 0.06753427432954236, "final/reward_err_2": 0.025491688666994108, "final/reward_err_3": 0.033217494679797656, "final/reward_param_1": 3.7459488029194747, "final/reward_param_2": 2.6789952061042337, "final/reward_param_3": 5.255257010684072, "final/reward_param_4": 4.035176804335384, "optimal_reward_1": 3.8668389320373535, "optimal_reward_2": 3.8668389320373535, "optimal_reward_3": 3.332355499267578, "final/reward_1": 3.833250045776367, "final/reward_2": 3.5895702838897705, "final/reward_3": 3.332355499267578, "reward_0_when_1_group_param_known": 3.8668389320373535, "reward_1_when_1_group_param_known": 3.4814906120300293, "reward_2_when_1_group_param_known": 3.3017218112945557, "reward_0_when_2_group_param_known": 3.4814906120300293, "reward_1_when_2_group_param_known": 3.8668389320373535, "reward_2_when_2_group_param_known": 3.141117572784424, "reward_0_when_3_group_param_known": 3.833250045776367, "reward_1_when_3_group_param_known": 3.5895702838897705, "reward_2_when_3_group_param_known": 3.332355499267578, "reward_error_0_when_1_group_param_known": 0.0, "reward_error_1_when_1_group_param_known": 0.09965460852652908, "reward_error_2_when_1_group_param_known": 0.009192803102716824, "reward_error_0_when_2_group_param_known": 0.09965460852652908, "reward_error_1_when_2_group_param_known": 0.0, "reward_error_2_when_2_group_param_known": 0.05738821278977788, "reward_error_0_when_3_group_param_known": 0.008686393938650316, "reward_error_1_when_3_group_param_known": 0.07170421448133506, "reward_error_2_when_3_group_param_known": 0.0, "_wandb": {"runtime": 7}}