{"Iteration": 99, "train_loss": 18.309742776539306, "val_loss": 18.230266760880696, "grad_norm": 0.41361801699956413, "max_reward_err": 0.06704255025286907, "max_reward_err_index": 0, "max_kl_dist": 0.7468689777650629, "max_kl_dist_index": 0, "max_train_grp_loss": 21.15086627523255, "max_train_grp_loss_index": 0, "max_val_grp_loss": 21.02840493759538, "max_val_grp_loss_index": 0, "max_cur_train_grp_loss": 21.157970425447154, "max_cur_train_grp_loss_index": 0, "reward_err_1": 0.0885236784287241, "reward_err_2": 0.0020993996459050396, "reward_err_3": 0.051010186661890874, "reward_param_1": 7.557139847730815, "reward_param_2": 2.7381786212703156, "reward_param_3": 5.433551795613775, "reward_param_4": 2.950716849233565, "KL_distance_1": 0.7468689777650629, "KL_distance_2": 0.2570263766876024, "KL_distance_3": 0.5534731491917521, "hist_group_loss_1": 2164.902595015004, "hist_group_loss_2": 1665.3865242804852, "hist_group_loss_3": 2096.9838523658213, "cur_group_loss_1": 21.157970425447154, "cur_group_loss_2": 14.389195681538824, "cur_group_loss_3": 20.147501533254086, "train_group_loss_1": 21.15086627523255, "train_group_loss_2": 14.359919592048785, "train_group_loss_3": 20.134969700236923, "val_group_loss_1": 21.02840493759538, "val_group_loss_2": 13.34238782649529, "val_group_loss_3": 20.146967368239633, "_timestamp": 1726600384.671294, "_runtime": 8.21881890296936, "_step": 2, "final/reward_err_1": 0.0885236784287241, "final/reward_err_2": 0.0020993996459050396, "final/reward_err_3": 0.051010186661890874, "final/reward_param_1": 7.557139847730815, "final/reward_param_2": 2.7381786212703156, "final/reward_param_3": 5.433551795613775, "final/reward_param_4": 2.950716849233565, "optimal_reward_1": 3.8684823513031006, "optimal_reward_2": 3.8684823513031006, "optimal_reward_3": 3.312178611755371, "final/reward_1": 3.832144021987915, "final/reward_2": 3.6156766414642334, "final/reward_3": 3.312178611755371, "reward_0_when_1_group_param_known": 3.8684823513031006, "reward_1_when_1_group_param_known": 3.4799795150756836, "reward_2_when_1_group_param_known": 3.271944284439087, "reward_0_when_2_group_param_known": 3.4799795150756836, "reward_1_when_2_group_param_known": 3.8684823513031006, "reward_2_when_2_group_param_known": 3.1135053634643555, "reward_0_when_3_group_param_known": 3.832144021987915, "reward_1_when_3_group_param_known": 3.6156766414642334, "reward_2_when_3_group_param_known": 3.312178611755371, "reward_error_0_when_1_group_param_known": 0.0, "reward_error_1_when_1_group_param_known": 0.10042771323398944, "reward_error_2_when_1_group_param_known": 0.012147390594663916, "reward_error_0_when_2_group_param_known": 0.10042771323398944, "reward_error_1_when_2_group_param_known": 0.0, "reward_error_2_when_2_group_param_known": 0.059982649361328924, "reward_error_0_when_3_group_param_known": 0.009393432880195242, "reward_error_1_when_3_group_param_known": 0.06535010034457296, "reward_error_2_when_3_group_param_known": 0.0, "_wandb": {"runtime": 7}}