{"Iteration": 99, "train_loss": 18.109897737459065, "val_loss": 21.314119160543253, "grad_norm": 0.005184201380876443, "live_grad": 1.5419315200832576e-14, "train_weighted_loss": 54.32969321237718, "val_weighted_loss": 63.94235748162975, "max_reward_err": 0.09075371002519887, "max_reward_err_index": 0, "max_kl_dist": 1.3546644001664447, "max_kl_dist_index": 0, "max_train_grp_loss": 22.00484043987772, "max_train_grp_loss_index": 2, "max_val_grp_loss": 22.99933352670449, "max_val_grp_loss_index": 2, "max_cur_train_grp_loss": 0.2292204233450327, "max_cur_train_grp_loss_index": 2, "reward_err_1": 0.09075371002519887, "reward_err_2": 0.03659759591394939, "reward_err_3": 0.05733610194754269, "KL_distance_1": 1.3546644001664447, "KL_distance_2": 0.7243755072546628, "KL_distance_3": 1.166013375935667, "reward_param_1": 3.5875989549136498, "reward_param_2": 2.95202072873321, "reward_param_3": 11.942282201172553, "reward_param_4": 7.293775874360062, "group_weight_1": 0.34651820138730666, "group_weight_2": 0.30681848410558654, "group_weight_3": 0.3466633145071067, "hist_group_loss_1": 22.907653401276157, "hist_group_loss_2": 10.739750324691775, "hist_group_loss_3": 22.94952212356389, "cur_group_loss_1": 0.22878650212507157, "cur_group_loss_2": 0.10734784918538456, "cur_group_loss_3": 0.2292204233450327, "train_group_loss_1": 21.505648436631112, "train_group_loss_2": 11.808851690601218, "train_group_loss_3": 22.00484043987772, "val_group_loss_1": 22.12076874453512, "val_group_loss_2": 18.5233748994833, "val_group_loss_3": 22.99933352670449, "_timestamp": 1726610421.738218, "_runtime": 9.493219137191772, "_step": 2, "final/reward_err_1": 0.09075371002519887, "final/reward_err_2": 0.03659759591394939, "final/reward_err_3": 0.05733610194754269, "final/reward_param_1": 3.5875989549136498, "final/reward_param_2": 2.95202072873321, "final/reward_param_3": 11.942282201172553, "final/reward_param_4": 7.293775874360062, "optimal_reward_1": 3.8969926834106445, "optimal_reward_2": 3.8969926834106445, "optimal_reward_3": 3.3893625736236572, "final/reward_1": 3.8613202571868896, "final/reward_2": 3.6162831783294678, "final/reward_3": 3.3893625736236572, "reward_0_when_1_group_param_known": 3.8969926834106445, "reward_1_when_1_group_param_known": 3.485361099243164, "reward_2_when_1_group_param_known": 3.352837324142456, "reward_0_when_2_group_param_known": 3.485361099243164, "reward_1_when_2_group_param_known": 3.8969926834106445, "reward_2_when_2_group_param_known": 3.181079149246216, "reward_0_when_3_group_param_known": 3.8613202571868896, "reward_1_when_3_group_param_known": 3.6162831783294678, "reward_2_when_3_group_param_known": 3.3893625736236572, "reward_error_0_when_1_group_param_known": 0.0, "reward_error_1_when_1_group_param_known": 0.10562801052200613, "reward_error_2_when_1_group_param_known": 0.010776436184621895, "reward_error_0_when_2_group_param_known": 0.10562801052200613, "reward_error_1_when_2_group_param_known": 0.0, "reward_error_2_when_2_group_param_known": 0.061452093086270226, "reward_error_0_when_3_group_param_known": 0.009153834539030853, "reward_error_1_when_3_group_param_known": 0.07203234080375538, "reward_error_2_when_3_group_param_known": 0.0, "_wandb": {"runtime": 9}}