{"Iteration": 99, "train_loss": 14.80375661338569, "val_loss": 16.000905925801767, "grad_norm": 0.3864893675442289, "max_reward_err": 0.05613682774881248, "max_reward_err_index": 0, "max_kl_dist": 0.8968857085706065, "max_kl_dist_index": 0, "max_train_grp_loss": 20.478194262247424, "max_train_grp_loss_index": 0, "max_val_grp_loss": 20.338955593723004, "max_val_grp_loss_index": 0, "max_cur_train_grp_loss": 20.48503577850112, "max_cur_train_grp_loss_index": 0, "reward_err_1": 0.0693109903173139, "reward_err_2": 0.00621784563933844, "reward_err_3": 0.03495966840781177, "reward_param_1": 7.300404231040091, "reward_param_2": 3.881422750586534, "reward_param_3": 8.167335952067729, "reward_param_4": 4.000490911230422, "KL_distance_1": 0.8968857085706065, "KL_distance_2": 0.44748916369055847, "KL_distance_3": 0.6999763027173745, "hist_group_loss_1": 2104.9392788305036, "hist_group_loss_2": 1015.1077987754536, "hist_group_loss_3": 1988.322556301726, "cur_group_loss_1": 20.48503577850112, "cur_group_loss_2": 7.8214237329201355, "cur_group_loss_3": 19.074111073568478, "train_group_loss_1": 20.478194262247424, "train_group_loss_2": 7.797203714815647, "train_group_loss_3": 19.06365141033632, "val_group_loss_1": 20.338955593723004, "val_group_loss_2": 8.346059633294608, "val_group_loss_3": 18.88763588679785, "_timestamp": 1726689035.1914299, "_runtime": 8.4789879322052, "_step": 2, "final/reward_err_1": 0.0693109903173139, "final/reward_err_2": 0.00621784563933844, "final/reward_err_3": 0.03495966840781177, "final/reward_param_1": 7.300404231040091, "final/reward_param_2": 3.881422750586534, "final/reward_param_3": 8.167335952067729, "final/reward_param_4": 4.000490911230422, "optimal_reward_1": 3.8668251037597656, "optimal_reward_2": 3.8668251037597656, "optimal_reward_3": 3.3220629692077637, "final/reward_1": 3.8242225646972656, "final/reward_2": 3.634657144546509, "final/reward_3": 3.3220629692077637, "reward_0_when_1_group_param_known": 3.8668251037597656, "reward_1_when_1_group_param_known": 3.533245086669922, "reward_2_when_1_group_param_known": 3.2733237743377686, "reward_0_when_2_group_param_known": 3.533245086669922, "reward_1_when_2_group_param_known": 3.8668251037597656, "reward_2_when_2_group_param_known": 3.158748149871826, "reward_0_when_3_group_param_known": 3.8242225646972656, "reward_1_when_3_group_param_known": 3.634657144546509, "reward_2_when_3_group_param_known": 3.3220629692077637, "reward_error_0_when_1_group_param_known": 0.0, "reward_error_1_when_1_group_param_known": 0.08626715926859466, "reward_error_2_when_1_group_param_known": 0.014671363945162757, "reward_error_0_when_2_group_param_known": 0.08626715926859466, "reward_error_1_when_2_group_param_known": 0.0, "reward_error_2_when_2_group_param_known": 0.04916066337384459, "reward_error_0_when_3_group_param_known": 0.011017446592316002, "reward_error_1_when_3_group_param_known": 0.06004097754189007, "reward_error_2_when_3_group_param_known": 0.0, "_wandb": {"runtime": 8}}