{"Iteration": 99, "train_loss": 20.66345273733399, "val_loss": 19.584378235405072, "grad_norm": 0.0036790874102661203, "live_grad": 1.3350864643348626e-14, "train_weighted_loss": 61.99035821200197, "val_weighted_loss": 58.75313470621522, "max_reward_err": 0.090901640082833, "max_reward_err_index": 0, "max_kl_dist": 1.1596571496967578, "max_kl_dist_index": 0, "max_train_grp_loss": 24.20301548933384, "max_train_grp_loss_index": 0, "max_val_grp_loss": 22.122575127499378, "max_val_grp_loss_index": 0, "max_cur_train_grp_loss": 0.23272438785685612, "max_cur_train_grp_loss_index": 0, "reward_err_1": 0.090901640082833, "reward_err_2": 0.01560771368332909, "reward_err_3": 0.053572789869958864, "KL_distance_1": 1.1596571496967578, "KL_distance_2": 0.5461340843447737, "KL_distance_3": 0.9341539340005165, "reward_param_1": 10.490800913808469, "reward_param_2": 5.592825851788531, "reward_param_3": 5.660369439983557, "reward_param_4": 2.8720237629273324, "group_weight_1": 0.34371544590346204, "group_weight_2": 0.3169564900956522, "group_weight_3": 0.3393280640008858, "hist_group_loss_1": 23.288936977051975, "hist_group_loss_2": 15.183975608858368, "hist_group_loss_3": 22.004262668759477, "cur_group_loss_1": 0.23272438785685612, "cur_group_loss_2": 0.15194823633033666, "cur_group_loss_3": 0.21982765988818764, "train_group_loss_1": 24.20301548933384, "train_group_loss_2": 13.828146619860687, "train_group_loss_3": 23.08153207525863, "val_group_loss_1": 22.122575127499378, "val_group_loss_2": 14.389634940624859, "val_group_loss_3": 22.04907121173441, "_timestamp": 1726610382.695008, "_runtime": 9.635708093643188, "_step": 2, "final/reward_err_1": 0.090901640082833, "final/reward_err_2": 0.01560771368332909, "final/reward_err_3": 0.053572789869958864, "final/reward_param_1": 10.490800913808469, "final/reward_param_2": 5.592825851788531, "final/reward_param_3": 5.660369439983557, "final/reward_param_4": 2.8720237629273324, "optimal_reward_1": 3.863145351409912, "optimal_reward_2": 3.863145351409912, "optimal_reward_3": 3.371455669403076, "final/reward_1": 3.818671226501465, "final/reward_2": 3.593932867050171, "final/reward_3": 3.371455669403076, "reward_0_when_1_group_param_known": 3.863145351409912, "reward_1_when_1_group_param_known": 3.4663050174713135, "reward_2_when_1_group_param_known": 3.3296566009521484, "reward_0_when_2_group_param_known": 3.4663050174713135, "reward_1_when_2_group_param_known": 3.863145351409912, "reward_2_when_2_group_param_known": 3.172898530960083, "reward_0_when_3_group_param_known": 3.818671226501465, "reward_1_when_3_group_param_known": 3.593932867050171, "reward_2_when_3_group_param_known": 3.371455669403076, "reward_error_0_when_1_group_param_known": 0.0, "reward_error_1_when_1_group_param_known": 0.10272467066085564, "reward_error_2_when_1_group_param_known": 0.012397929129030592, "reward_error_0_when_2_group_param_known": 0.10272467066085564, "reward_error_1_when_2_group_param_known": 0.0, "reward_error_2_when_2_group_param_known": 0.058893593128023586, "reward_error_0_when_3_group_param_known": 0.01151241303727176, "reward_error_1_when_3_group_param_known": 0.06968738162064964, "reward_error_2_when_3_group_param_known": 0.0, "_wandb": {"runtime": 9}}