{"Iteration": 99, "train_loss": 17.153689980881524, "val_loss": 17.740695907832514, "grad_norm": 0.006652228294010154, "live_grad": 3.1333328196832084e-14, "train_weighted_loss": 51.46106994264457, "val_weighted_loss": 53.22208772349753, "max_reward_err": 0.06387517872094527, "max_reward_err_index": 0, "max_kl_dist": 1.2659140886035878, "max_kl_dist_index": 0, "max_train_grp_loss": 17.584634024574246, "max_train_grp_loss_index": 0, "max_val_grp_loss": 19.53741287781215, "max_val_grp_loss_index": 0, "max_cur_train_grp_loss": 0.3223301160036857, "max_cur_train_grp_loss_index": 2, "reward_err_1": 0.06387517872094527, "reward_err_2": 0.00965196371247338, "reward_err_3": 0.03094926509911992, "KL_distance_1": 1.2659140886035878, "KL_distance_2": 0.7847643186631976, "KL_distance_3": 1.0430820579057238, "reward_param_1": 10.234119452370704, "reward_param_2": 4.834013343505448, "reward_param_3": 8.639145630225007, "reward_param_4": 6.116160096353022, "group_weight_1": 0.31316889139300036, "group_weight_2": 0.3108849473103582, "group_weight_3": 0.3759461612966413, "hist_group_loss_1": 14.251873137858484, "hist_group_loss_2": 13.519899664253693, "hist_group_loss_3": 32.52220423459354, "cur_group_loss_1": 0.1418190129156073, "cur_group_loss_2": 0.13541589979697535, "cur_group_loss_3": 0.3223301160036857, "train_group_loss_1": 17.584634024574246, "train_group_loss_2": 17.47016623396737, "train_group_loss_3": 15.148104915648105, "val_group_loss_1": 19.53741287781215, "val_group_loss_2": 16.34606761866759, "val_group_loss_3": 17.377149659064283, "_timestamp": 1726684940.465566, "_runtime": 9.85290002822876, "_step": 2, "final/reward_err_1": 0.06387517872094527, "final/reward_err_2": 0.00965196371247338, "final/reward_err_3": 0.03094926509911992, "final/reward_param_1": 10.234119452370704, "final/reward_param_2": 4.834013343505448, "final/reward_param_3": 8.639145630225007, "final/reward_param_4": 6.116160096353022, "optimal_reward_1": 3.867177724838257, "optimal_reward_2": 3.867177724838257, "optimal_reward_3": 3.3261606693267822, "final/reward_1": 3.823817253112793, "final/reward_2": 3.633922815322876, "final/reward_3": 3.3261606693267822, "reward_0_when_1_group_param_known": 3.867177724838257, "reward_1_when_1_group_param_known": 3.538572311401367, "reward_2_when_1_group_param_known": 3.2763869762420654, "reward_0_when_2_group_param_known": 3.538572311401367, "reward_1_when_2_group_param_known": 3.867177724838257, "reward_2_when_2_group_param_known": 3.1662933826446533, "reward_0_when_3_group_param_known": 3.823817253112793, "reward_1_when_3_group_param_known": 3.633922815322876, "reward_2_when_3_group_param_known": 3.3261606693267822, "reward_error_0_when_1_group_param_known": 0.0, "reward_error_1_when_1_group_param_known": 0.08497292775718847, "reward_error_2_when_1_group_param_known": 0.01496430811166769, "reward_error_0_when_2_group_param_known": 0.08497292775718847, "reward_error_1_when_2_group_param_known": 0.0, "reward_error_2_when_2_group_param_known": 0.04806360924064627, "reward_error_0_when_3_group_param_known": 0.011212433151692661, "reward_error_1_when_3_group_param_known": 0.060316573509725795, "reward_error_2_when_3_group_param_known": 0.0, "_wandb": {"runtime": 10}}