{"Iteration": 99, "train_loss": 19.432735207509158, "val_loss": 19.91978364809141, "grad_norm": 0.3119660219414272, "max_reward_err": 0.07477771144198354, "max_reward_err_index": 0, "max_kl_dist": 0.5774576654234715, "max_kl_dist_index": 0, "max_train_grp_loss": 23.793314855036048, "max_train_grp_loss_index": 0, "max_val_grp_loss": 23.608809014788452, "max_val_grp_loss_index": 0, "max_cur_train_grp_loss": 23.794333933648172, "max_cur_train_grp_loss_index": 0, "reward_err_1": 0.08313162221201013, "reward_err_2": 0.015534307326911695, "reward_err_3": 0.04362491898580042, "reward_param_1": 5.321649227792692, "reward_param_2": 1.6203698489826461, "reward_param_3": 5.9249935149557835, "reward_param_4": 4.023103018156738, "KL_distance_1": 0.5774576654234715, "KL_distance_2": 0.2051157502746364, "KL_distance_3": 0.4024324367029172, "hist_group_loss_1": 2391.300890442086, "hist_group_loss_2": 1640.9581480555642, "hist_group_loss_3": 2086.860794326842, "cur_group_loss_1": 23.794333933648172, "cur_group_loss_2": 15.322818075595995, "cur_group_loss_3": 19.912544611085142, "train_group_loss_1": 23.793314855036048, "train_group_loss_2": 15.3106040339382, "train_group_loss_3": 19.898014405305616, "val_group_loss_1": 23.608809014788452, "val_group_loss_2": 15.69005109030218, "val_group_loss_3": 20.15235424813157, "_timestamp": 1726611476.29467, "_runtime": 8.004942178726196, "_step": 2, "final/reward_err_1": 0.08313162221201013, "final/reward_err_2": 0.015534307326911695, "final/reward_err_3": 0.04362491898580042, "final/reward_param_1": 5.321649227792692, "final/reward_param_2": 1.6203698489826461, "final/reward_param_3": 5.9249935149557835, "final/reward_param_4": 4.023103018156738, "optimal_reward_1": 3.902012586593628, "optimal_reward_2": 3.902012586593628, "optimal_reward_3": 3.399076461791992, "final/reward_1": 3.8625452518463135, "final/reward_2": 3.624565362930298, "final/reward_3": 3.399076461791992, "reward_0_when_1_group_param_known": 3.902012586593628, "reward_1_when_1_group_param_known": 3.5148375034332275, "reward_2_when_1_group_param_known": 3.3579766750335693, "reward_0_when_2_group_param_known": 3.5148375034332275, "reward_1_when_2_group_param_known": 3.902012586593628, "reward_2_when_2_group_param_known": 3.205984354019165, "reward_0_when_3_group_param_known": 3.8625452518463135, "reward_1_when_3_group_param_known": 3.624565362930298, "reward_2_when_3_group_param_known": 3.399076461791992, "reward_error_0_when_1_group_param_known": 0.0, "reward_error_1_when_1_group_param_known": 0.09922445778125893, "reward_error_2_when_1_group_param_known": 0.012091456964976615, "reward_error_0_when_2_group_param_known": 0.09922445778125893, "reward_error_1_when_2_group_param_known": 0.0, "reward_error_2_when_2_group_param_known": 0.05680722688745549, "reward_error_0_when_3_group_param_known": 0.010114609799802972, "reward_error_1_when_3_group_param_known": 0.07110362088953062, "reward_error_2_when_3_group_param_known": 0.0, "_wandb": {"runtime": 7}}