{"Iteration": 99, "train_loss": 15.951986336640802, "val_loss": 15.436286598229632, "grad_norm": 0.014915304925713229, "live_grad": 1.026701214863203e-14, "train_weighted_loss": 47.85595900992241, "val_weighted_loss": 46.3088597946889, "max_reward_err": 0.09366047784238643, "max_reward_err_index": 0, "max_kl_dist": 1.6416355247841266, "max_kl_dist_index": 0, "max_train_grp_loss": 20.909020980090077, "max_train_grp_loss_index": 0, "max_val_grp_loss": 19.55784304938156, "max_val_grp_loss_index": 0, "max_cur_train_grp_loss": 0.3121060362481272, "max_cur_train_grp_loss_index": 2, "reward_err_1": 0.09366047784238643, "reward_err_2": 0.0011241676521789685, "reward_err_3": 0.053644213913670614, "KL_distance_1": 1.6416355247841266, "KL_distance_2": 0.8923054421860813, "KL_distance_3": 1.323284102237065, "reward_param_1": 10.968976962520681, "reward_param_2": 4.710199415975497, "reward_param_3": 11.203465717400196, "reward_param_4": 4.374937387560508, "group_weight_1": 0.3237823546240507, "group_weight_2": 0.2989382642079993, "group_weight_3": 0.37727938116795, "hist_group_loss_1": 16.15770886732208, "hist_group_loss_2": 8.174262144135428, "hist_group_loss_3": 31.449152069170047, "cur_group_loss_1": 0.1608524212734451, "cur_group_loss_2": 0.0824737058066146, "cur_group_loss_3": 0.3121060362481272, "train_group_loss_1": 20.909020980090077, "train_group_loss_2": 9.32310880755005, "train_group_loss_3": 17.787927689953957, "val_group_loss_1": 19.55784304938156, "val_group_loss_2": 9.65211969496664, "val_group_loss_3": 16.64199396459909, "_timestamp": 1726683280.201299, "_runtime": 10.066597938537598, "_step": 2, "final/reward_err_1": 0.09366047784238643, "final/reward_err_2": 0.0011241676521789685, "final/reward_err_3": 0.053644213913670614, "final/reward_param_1": 10.968976962520681, "final/reward_param_2": 4.710199415975497, "final/reward_param_3": 11.203465717400196, "final/reward_param_4": 4.374937387560508, "optimal_reward_1": 3.8711791038513184, "optimal_reward_2": 3.8711791038513184, "optimal_reward_3": 3.3448379039764404, "final/reward_1": 3.8372890949249268, "final/reward_2": 3.6086676120758057, "final/reward_3": 3.3448379039764404, "reward_0_when_1_group_param_known": 3.8711791038513184, "reward_1_when_1_group_param_known": 3.4649550914764404, "reward_2_when_1_group_param_known": 3.310628890991211, "reward_0_when_2_group_param_known": 3.4649550914764404, "reward_1_when_2_group_param_known": 3.8711791038513184, "reward_2_when_2_group_param_known": 3.1331167221069336, "reward_0_when_3_group_param_known": 3.8372890949249268, "reward_1_when_3_group_param_known": 3.6086676120758057, "reward_2_when_3_group_param_known": 3.3448379039764404, "reward_error_0_when_1_group_param_known": 0.0, "reward_error_1_when_1_group_param_known": 0.10493547352813978, "reward_error_2_when_1_group_param_known": 0.010227405323457027, "reward_error_0_when_2_group_param_known": 0.10493547352813978, "reward_error_1_when_2_group_param_known": 0.0, "reward_error_2_when_2_group_param_known": 0.06329789004657192, "reward_error_0_when_3_group_param_known": 0.00875444096416915, "reward_error_1_when_3_group_param_known": 0.06781176606226975, "reward_error_2_when_3_group_param_known": 0.0, "_wandb": {"runtime": 9}}