{"Iteration": 1999, "train_loss": 16.58577448408898, "val_loss": 16.477155105283824, "grad_norm": 0.18410908583727573, "live_grad": 1.8784768730534543e-14, "train_weighted_loss": 49.757323452266945, "val_weighted_loss": 49.431465315851504, "max_reward_err": 0.0705349328911723, "max_reward_err_index": 0, "max_kl_dist": 2.128592562492723, "max_kl_dist_index": 0, "max_train_grp_loss": 17.765336500819412, "max_train_grp_loss_index": 0, "max_val_grp_loss": 17.758168587646473, "max_val_grp_loss_index": 1, "max_cur_train_grp_loss": 0.17765658682399774, "max_cur_train_grp_loss_index": 0, "reward_err_1": 0.0705349328911723, "reward_err_2": 0.021553743339785637, "reward_err_3": 0.03920386620900969, "KL_distance_1": 2.128592562492723, "KL_distance_2": 1.5854031029825009, "KL_distance_3": 1.9110027618394139, "reward_param_1": 8.139994007325596, "reward_param_2": 8.84350867499213, "reward_param_3": 15.865592556061387, "reward_param_4": 9.865349765136768, "group_weight_1": 0.5521478718821083, "group_weight_2": 0.13988804007221084, "group_weight_3": 0.30796408804568093, "hist_group_loss_1": 380.0183546647689, "hist_group_loss_2": 242.7210041298406, "hist_group_loss_3": 321.63508313219774, "cur_group_loss_1": 0.17765658682399774, "cur_group_loss_2": 0.16436006994892405, "cur_group_loss_3": 0.15304545789612545, "train_group_loss_1": 17.765336500819412, "train_group_loss_2": 17.423576595421178, "train_group_loss_3": 14.386165702447956, "val_group_loss_1": 16.343778136866558, "val_group_loss_2": 17.758168587646473, "val_group_loss_3": 15.404768628164602, "_timestamp": 1726580736.0941298, "_runtime": 92.69015884399414, "_step": 21, "final/reward_err_1": 0.0705349328911723, "final/reward_err_2": 0.021553743339785637, "final/reward_err_3": 0.03920386620900969, "final/reward_param_1": 8.139994007325596, "final/reward_param_2": 8.84350867499213, "final/reward_param_3": 15.865592556061387, "final/reward_param_4": 9.865349765136768, "optimal_reward_1": 3.8573076725006104, "optimal_reward_2": 3.8573076725006104, "optimal_reward_3": 3.3040339946746826, "final/reward_1": 3.8217499256134033, "final/reward_2": 3.595449686050415, "final/reward_3": 3.3040339946746826, "reward_0_when_1_group_param_known": 3.8573076725006104, "reward_1_when_1_group_param_known": 3.4820022583007812, "reward_2_when_1_group_param_known": 3.2755494117736816, "reward_0_when_2_group_param_known": 3.4820022583007812, "reward_1_when_2_group_param_known": 3.8573076725006104, "reward_2_when_2_group_param_known": 3.1173529624938965, "reward_0_when_3_group_param_known": 3.8217499256134033, "reward_1_when_3_group_param_known": 3.595449686050415, "reward_2_when_3_group_param_known": 3.3040339946746826, "reward_error_0_when_1_group_param_known": 0.0, "reward_error_1_when_1_group_param_known": 0.09729724617910154, "reward_error_2_when_1_group_param_known": 0.008621153095552695, "reward_error_0_when_2_group_param_known": 0.09729724617910154, "reward_error_1_when_2_group_param_known": 0.0, "reward_error_2_when_2_group_param_known": 0.05650094172204995, "reward_error_0_when_3_group_param_known": 0.00921828122260097, "reward_error_1_when_3_group_param_known": 0.06788620682685609, "reward_error_2_when_3_group_param_known": 0.0, "_wandb": {"runtime": 92}}