{"Iteration": 1999, "train_loss": 14.301068954386592, "val_loss": 14.454141974534533, "grad_norm": 0.0020953487944423096, "max_reward_err": 0.11115969910532265, "max_reward_err_index": 0, "max_kl_dist": 2.025211935076365, "max_kl_dist_index": 0, "max_train_grp_loss": 21.03397782526416, "max_train_grp_loss_index": 0, "max_val_grp_loss": 20.054374515712418, "max_val_grp_loss_index": 0, "max_cur_train_grp_loss": 21.03396388619049, "max_cur_train_grp_loss_index": 0, "reward_err_1": 0.11115969910532265, "reward_err_2": 4.68417459287739e-05, "reward_err_3": 0.06850067011212113, "reward_param_1": 10.791923485619543, "reward_param_2": 4.386523390962106, "reward_param_3": 14.39662229216581, "reward_param_4": 4.534929045980185, "KL_distance_1": 2.025211935076365, "KL_distance_2": 1.1483010804623202, "KL_distance_3": 1.6767922932467472, "hist_group_loss_1": 42080.3340347978, "hist_group_loss_2": 12301.653249304465, "hist_group_loss_3": 34190.20401140754, "cur_group_loss_1": 21.03396388619049, "cur_group_loss_2": 5.755088093291539, "cur_group_loss_3": 16.659370310705686, "train_group_loss_1": 21.03397782526416, "train_group_loss_2": 5.755094612582341, "train_group_loss_3": 16.65934704703595, "val_group_loss_1": 20.054374515712418, "val_group_loss_2": 5.594258676299883, "val_group_loss_3": 17.854641838377702, "_timestamp": 1726580204.316478, "_runtime": 66.32892203330994, "_step": 21, "final/reward_err_1": 0.11115969910532265, "final/reward_err_2": 4.68417459287739e-05, "final/reward_err_3": 0.06850067011212113, "final/reward_param_1": 10.791923485619543, "final/reward_param_2": 4.386523390962106, "final/reward_param_3": 14.39662229216581, "final/reward_param_4": 4.534929045980185, "optimal_reward_1": 3.8835737705230713, "optimal_reward_2": 3.8835737705230713, "optimal_reward_3": 3.3118627071380615, "final/reward_1": 3.8489270210266113, "final/reward_2": 3.5929198265075684, "final/reward_3": 3.3118627071380615, "reward_0_when_1_group_param_known": 3.8835737705230713, "reward_1_when_1_group_param_known": 3.457217216491699, "reward_2_when_1_group_param_known": 3.288090705871582, "reward_0_when_2_group_param_known": 3.457217216491699, "reward_1_when_2_group_param_known": 3.8835737705230713, "reward_2_when_2_group_param_known": 3.0940170288085938, "reward_0_when_3_group_param_known": 3.8489270210266113, "reward_1_when_3_group_param_known": 3.5929198265075684, "reward_2_when_3_group_param_known": 3.3118627071380615, "reward_error_0_when_1_group_param_known": 0.0, "reward_error_1_when_1_group_param_known": 0.10978458997418425, "reward_error_2_when_1_group_param_known": 0.007177834158174392, "reward_error_0_when_2_group_param_known": 0.10978458997418425, "reward_error_1_when_2_group_param_known": 0.0, "reward_error_2_when_2_group_param_known": 0.06577738801187161, "reward_error_0_when_3_group_param_known": 0.00892135737434272, "reward_error_1_when_3_group_param_known": 0.07484187534214273, "reward_error_2_when_3_group_param_known": 0.0, "_wandb": {"runtime": 66}}