{"Iteration": 99, "train_loss": 19.71270409825634, "val_loss": 19.447095647618134, "grad_norm": 0.004772987780150291, "live_grad": 2.6889409131508144e-14, "train_weighted_loss": 59.138112294769, "val_weighted_loss": 58.341286942854396, "max_reward_err": 0.11286317187768095, "max_reward_err_index": 0, "max_kl_dist": 1.6317079595169108, "max_kl_dist_index": 0, "max_train_grp_loss": 24.467969796817705, "max_train_grp_loss_index": 0, "max_val_grp_loss": 22.36581952178585, "max_val_grp_loss_index": 0, "max_cur_train_grp_loss": 0.22181110246999533, "max_cur_train_grp_loss_index": 2, "reward_err_1": 0.11286317187768095, "reward_err_2": 0.017511449050426207, "reward_err_3": 0.07560742801629215, "KL_distance_1": 1.6317079595169108, "KL_distance_2": 0.7651829572560307, "KL_distance_3": 1.351787921006924, "reward_param_1": 13.18987046695559, "reward_param_2": 6.219945348270173, "reward_param_3": 6.033345588883734, "reward_param_4": 1.9217510069304333, "group_weight_1": 0.338142474024333, "group_weight_2": 0.31801163969564583, "group_weight_3": 0.3438458862800211, "hist_group_loss_1": 20.576987414454567, "hist_group_loss_2": 14.439053162120812, "hist_group_loss_3": 22.249609868363944, "cur_group_loss_1": 0.20561690245058642, "cur_group_loss_2": 0.1438573586642981, "cur_group_loss_3": 0.22181110246999533, "train_group_loss_1": 24.467969796817705, "train_group_loss_2": 12.94846944186839, "train_group_loss_3": 20.184182130631196, "val_group_loss_1": 22.36581952178585, "val_group_loss_2": 14.128323628644846, "val_group_loss_3": 21.46461415989165, "_timestamp": 1726608928.3717299, "_runtime": 9.713619947433472, "_step": 2, "final/reward_err_1": 0.11286317187768095, "final/reward_err_2": 0.017511449050426207, "final/reward_err_3": 0.07560742801629215, "final/reward_param_1": 13.18987046695559, "final/reward_param_2": 6.219945348270173, "final/reward_param_3": 6.033345588883734, "final/reward_param_4": 1.9217510069304333, "optimal_reward_1": 3.8990397453308105, "optimal_reward_2": 3.8990397453308105, "optimal_reward_3": 3.3707845211029053, "final/reward_1": 3.8658859729766846, "final/reward_2": 3.638388156890869, "final/reward_3": 3.3707845211029053, "reward_0_when_1_group_param_known": 3.8990397453308105, "reward_1_when_1_group_param_known": 3.4851560592651367, "reward_2_when_1_group_param_known": 3.334066867828369, "reward_0_when_2_group_param_known": 3.4851560592651367, "reward_1_when_2_group_param_known": 3.8990397453308105, "reward_2_when_2_group_param_known": 3.152937412261963, "reward_0_when_3_group_param_known": 3.8658859729766846, "reward_1_when_3_group_param_known": 3.638388156890869, "reward_2_when_3_group_param_known": 3.3707845211029053, "reward_error_0_when_1_group_param_known": 0.0, "reward_error_1_when_1_group_param_known": 0.10615015826943262, "reward_error_2_when_1_group_param_known": 0.010892910254174978, "reward_error_0_when_2_group_param_known": 0.10615015826943262, "reward_error_1_when_2_group_param_known": 0.0, "reward_error_2_when_2_group_param_known": 0.06462801388730235, "reward_error_0_when_3_group_param_known": 0.008503060886678156, "reward_error_1_when_3_group_param_known": 0.06685020042488093, "reward_error_2_when_3_group_param_known": 0.0, "_wandb": {"runtime": 9}}