{"optimal_reward_2":7.24455908203125,"max_val_grp_loss_index":0,"reward_error_1_when_3_group_param_known":0.015270013049259644,"reward_error_2_when_1_group_param_known":0.0064852651372159075,"max_reward_err_index":1,"optimal_reward_3":3.27631982421875,"cur_group_loss_2":0.10517911701712282,"reward_param_2":8.198809998653777,"train_loss":12.167162129746858,"val_group_loss_2":12.537721975938016,"reward_2_when_1_group_param_known":3.255072021484375,"KL_distance_1":0.690240234375,"reward_1_when_1_group_param_known":6.77779443359375,"group_weight_2":0.23126268500921915,"max_reward_err":0.01426130884728489,"max_train_grp_loss":13.148279639198437,"reward_err_1":0.010214408463350776,"reward_0_when_3_group_param_known":3.841189453125,"reward_error_2_when_2_group_param_known":0.06690737556116683,"reward_error_2_when_3_group_param_known":0,"val_loss":12.459656515244205,"final/reward_param_2":8.198809998653777,"final/reward_param_1":5.464829196089604,"cur_group_loss_1":0.09441071363171884,"val_weighted_loss":37.378969545732616,"grad_norm":0.031313299268699434,"KL_distance_3":0.68309228515625,"max_kl_dist_index":0,"final/reward_param_3":5.391572629706374,"_wandb":{"runtime":213},"optimal_reward_1":3.867779541015625,"_timestamp":1.728255784036682e+09,"val_group_loss_1":12.708268222932128,"_step":201,"final/reward_1":3.841189453125,"max_train_grp_loss_index":1,"hist_group_loss_2":20.987025137410424,"max_cur_train_grp_loss":0.21260543310895058,"KL_distance_2":0.3234244384765625,"reward_1_when_2_group_param_known":7.24455908203125,"reward_error_1_when_1_group_param_known":0.06442968345654335,"group_weight_3":0.5555243362261841,"train_group_loss_2":13.148279639198437,"reward_error_1_when_2_group_param_known":0,"val_group_loss_3":12.1322327651577,"final/reward_param_4":9.06309916788436,"max_cur_train_grp_loss_index":2,"reward_2_when_2_group_param_known":3.05710986328125,"train_group_loss_1":11.801067641548878,"cur_group_loss_3":0.21260543310895058,"reward_2_when_3_group_param_known":3.27631982421875,"reward_error_0_when_2_group_param_known":0.11032717529039895,"final/reward_err_1":0.010214408463350776,"max_val_grp_loss":12.708268222932128,"reward_1_when_3_group_param_known":7.1339345703125,"group_weight_1":0.21321297876459677,"reward_param_1":5.464829196089604,"max_kl_dist":0.690240234375,"final/reward_2":7.1339345703125,"reward_0_when_1_group_param_known":3.867779541015625,"reward_error_0_when_3_group_param_known":0.006874768225192712,"reward_0_when_2_group_param_known":3.441058349609375,"train_group_loss_3":10.629604576612875,"reward_param_4":9.06309916788436,"hist_group_loss_1":18.95545857399416,"reward_param_3":5.391572629706374,"train_weighted_loss":36.50148638924058,"_runtime":213.498311,"final/reward_3":3.27631982421875,"final/reward_err_2":0.01426130884728489,"reward_error_0_when_1_group_param_known":0,"live_grad":1.5070687721742415e-14,"hist_group_loss_3":42.895979855563766,"reward_err_3":0.00014784118339716522,"reward_err_2":0.01426130884728489,"Iteration":199,"final/reward_err_3":0.00014784118339716522}