{"Iteration": 199, "train_loss": 14.32554984414967, "val_loss": 14.480416337139264, "grad_norm": 0.04756121774976853, "live_grad": 2.887006841302208e-14, "train_weighted_loss": 42.97664953244901, "val_weighted_loss": 43.441249011417796, "max_reward_err": 0.08846126171213307, "max_reward_err_index": 0, "max_kl_dist": 1.9372524913905067, "max_kl_dist_index": 0, "max_train_grp_loss": 19.402005537223157, "max_train_grp_loss_index": 0, "max_val_grp_loss": 18.625738693810455, "max_val_grp_loss_index": 0, "max_cur_train_grp_loss": 0.34460769681361164, "max_cur_train_grp_loss_index": 2, "reward_err_1": 0.08846126171213307, "reward_err_2": 0.002292843355941197, "reward_err_3": 0.04938303105160181, "KL_distance_1": 1.9372524913905067, "KL_distance_2": 1.1338433552194889, "KL_distance_3": 1.609141613561034, "reward_param_1": 11.000315886426224, "reward_param_2": 5.044142029665795, "reward_param_3": 13.395355006021283, "reward_param_4": 5.716948303410734, "group_weight_1": 0.30115179966353095, "group_weight_2": 0.2502308236240207, "group_weight_3": 0.4486173767124484, "hist_group_loss_1": 30.235353757217133, "hist_group_loss_2": 11.712286851389548, "hist_group_loss_3": 70.09094388924281, "cur_group_loss_1": 0.14926606870516693, "cur_group_loss_2": 0.062040418428208934, "cur_group_loss_3": 0.34460769681361164, "train_group_loss_1": 19.402005537223157, "train_group_loss_2": 7.3885128456621105, "train_group_loss_3": 17.57198440729607, "val_group_loss_1": 18.625738693810455, "val_group_loss_2": 8.066162971226131, "val_group_loss_3": 16.748856965917376, "_timestamp": 1726698179.269075, "_runtime": 14.245167016983032, "_step": 3, "final/reward_err_1": 0.08846126171213307, "final/reward_err_2": 0.002292843355941197, "final/reward_err_3": 0.04938303105160181, "final/reward_param_1": 11.000315886426224, "final/reward_param_2": 5.044142029665795, "final/reward_param_3": 13.395355006021283, "final/reward_param_4": 5.716948303410734, "optimal_reward_1": 3.7806432247161865, "optimal_reward_2": 3.7806432247161865, "optimal_reward_3": 3.2050557136535645, "final/reward_1": 3.7406539916992188, "final/reward_2": 3.5228474140167236, "final/reward_3": 3.2050557136535645, "reward_0_when_1_group_param_known": 3.7806432247161865, "reward_1_when_1_group_param_known": 3.4037325382232666, "reward_2_when_1_group_param_known": 3.1705894470214844, "reward_0_when_2_group_param_known": 3.4037325382232666, "reward_1_when_2_group_param_known": 3.7806432247161865, "reward_2_when_2_group_param_known": 3.017861843109131, "reward_0_when_3_group_param_known": 3.7406539916992188, "reward_1_when_3_group_param_known": 3.5228474140167236, "reward_2_when_3_group_param_known": 3.2050557136535645, "reward_error_0_when_1_group_param_known": 0.0, "reward_error_1_when_1_group_param_known": 0.09969485722134351, "reward_error_2_when_1_group_param_known": 0.010753718409715467, "reward_error_0_when_2_group_param_known": 0.09969485722134351, "reward_error_1_when_2_group_param_known": 0.0, "reward_error_2_when_2_group_param_known": 0.05840580859389936, "reward_error_0_when_3_group_param_known": 0.010577362274106087, "reward_error_1_when_3_group_param_known": 0.06818834663215693, "reward_error_2_when_3_group_param_known": 0.0, "_wandb": {"runtime": 14}}