{"Iteration": 99, "train_loss": 17.22271993610683, "val_loss": 18.079333346197497, "grad_norm": 0.4421595441631719, "max_reward_err": 0.07809262540883719, "max_reward_err_index": 1, "max_kl_dist": 0.6044953051572809, "max_kl_dist_index": 0, "max_train_grp_loss": 19.60701710858643, "max_train_grp_loss_index": 0, "max_val_grp_loss": 20.85158799313199, "max_val_grp_loss_index": 0, "max_cur_train_grp_loss": 19.618792662208715, "max_cur_train_grp_loss_index": 0, "reward_err_1": 0.06496940542874524, "reward_err_2": 0.015050237615381776, "reward_err_3": 0.032475581409075714, "reward_param_1": 7.075072924297825, "reward_param_2": 3.633160411756395, "reward_param_3": 4.705735032989597, "reward_param_4": 4.552949852431076, "KL_distance_1": 0.6044953051572809, "KL_distance_2": 0.3351180023213718, "KL_distance_3": 0.4627867690586832, "hist_group_loss_1": 2044.5909631064371, "hist_group_loss_2": 1580.4417673278977, "hist_group_loss_3": 2043.5825287835896, "cur_group_loss_1": 19.618792662208715, "cur_group_loss_2": 13.319533177100496, "cur_group_loss_3": 19.47698063404316, "train_group_loss_1": 19.60701710858643, "train_group_loss_2": 13.28893682157183, "train_group_loss_3": 19.462870305645605, "val_group_loss_1": 20.85158799313199, "val_group_loss_2": 14.238694021561551, "val_group_loss_3": 19.074241920178803, "_timestamp": 1726658839.071083, "_runtime": 8.225669145584106, "_step": 2, "final/reward_err_1": 0.06496940542874524, "final/reward_err_2": 0.015050237615381776, "final/reward_err_3": 0.032475581409075714, "final/reward_param_1": 7.075072924297825, "final/reward_param_2": 3.633160411756395, "final/reward_param_3": 4.705735032989597, "final/reward_param_4": 4.552949852431076, "optimal_reward_1": 3.8684823513031006, "optimal_reward_2": 3.8684823513031006, "optimal_reward_3": 3.312178611755371, "final/reward_1": 3.832144021987915, "final/reward_2": 3.6156766414642334, "final/reward_3": 3.312178611755371, "reward_0_when_1_group_param_known": 3.8684823513031006, "reward_1_when_1_group_param_known": 3.4799795150756836, "reward_2_when_1_group_param_known": 3.271944284439087, "reward_0_when_2_group_param_known": 3.4799795150756836, "reward_1_when_2_group_param_known": 3.8684823513031006, "reward_2_when_2_group_param_known": 3.1135053634643555, "reward_0_when_3_group_param_known": 3.832144021987915, "reward_1_when_3_group_param_known": 3.6156766414642334, "reward_2_when_3_group_param_known": 3.312178611755371, "reward_error_0_when_1_group_param_known": 0.0, "reward_error_1_when_1_group_param_known": 0.10042771323398944, "reward_error_2_when_1_group_param_known": 0.012147390594663916, "reward_error_0_when_2_group_param_known": 0.10042771323398944, "reward_error_1_when_2_group_param_known": 0.0, "reward_error_2_when_2_group_param_known": 0.059982649361328924, "reward_error_0_when_3_group_param_known": 0.009393432880195242, "reward_error_1_when_3_group_param_known": 0.06535010034457296, "reward_error_2_when_3_group_param_known": 0.0, "_wandb": {"runtime": 7}}