{"Iteration": 199, "train_loss": 16.23485891022685, "val_loss": 14.744699930447666, "grad_norm": 0.03420756329577112, "live_grad": 3.803077032966586e-14, "train_weighted_loss": 48.70457673068056, "val_weighted_loss": 44.234099791343006, "max_reward_err": 0.0781033321857817, "max_reward_err_index": 0, "max_kl_dist": 1.5288155945983326, "max_kl_dist_index": 0, "max_train_grp_loss": 19.390551976973228, "max_train_grp_loss_index": 0, "max_val_grp_loss": 19.118058507622074, "max_val_grp_loss_index": 0, "max_cur_train_grp_loss": 0.3752722710443596, "max_cur_train_grp_loss_index": 2, "reward_err_1": 0.0781033321857817, "reward_err_2": 0.0038999159006790915, "reward_err_3": 0.04359006610484536, "KL_distance_1": 1.5288155945983326, "KL_distance_2": 0.8634425084572299, "KL_distance_3": 1.241822240891801, "reward_param_1": 9.118962565502654, "reward_param_2": 4.38563852302156, "reward_param_3": 11.551199462147412, "reward_param_4": 5.67568695002205, "group_weight_1": 0.29084224027085664, "group_weight_2": 0.25685545563248036, "group_weight_3": 0.4523023040966631, "hist_group_loss_1": 32.05644518724304, "hist_group_loss_2": 19.629695858661623, "hist_group_loss_3": 76.21342320084862, "cur_group_loss_1": 0.15895257963317244, "cur_group_loss_2": 0.09982810496237284, "cur_group_loss_3": 0.3752722710443596, "train_group_loss_1": 19.390551976973228, "train_group_loss_2": 13.679384088439381, "train_group_loss_3": 15.383773457588463, "val_group_loss_1": 19.118058507622074, "val_group_loss_2": 7.215302887555566, "val_group_loss_3": 17.658627869897238, "_timestamp": 1726699200.074518, "_runtime": 14.093316078186035, "_step": 3, "final/reward_err_1": 0.0781033321857817, "final/reward_err_2": 0.0038999159006790915, "final/reward_err_3": 0.04359006610484536, "final/reward_param_1": 9.118962565502654, "final/reward_param_2": 4.38563852302156, "final/reward_param_3": 11.551199462147412, "final/reward_param_4": 5.67568695002205, "optimal_reward_1": 3.7937493324279785, "optimal_reward_2": 3.7937493324279785, "optimal_reward_3": 3.2583768367767334, "final/reward_1": 3.7626752853393555, "final/reward_2": 3.56032395362854, "final/reward_3": 3.2583768367767334, "reward_0_when_1_group_param_known": 3.7937493324279785, "reward_1_when_1_group_param_known": 3.4302093982696533, "reward_2_when_1_group_param_known": 3.224942445755005, "reward_0_when_2_group_param_known": 3.4302093982696533, "reward_1_when_2_group_param_known": 3.7937493324279785, "reward_2_when_2_group_param_known": 3.071303129196167, "reward_0_when_3_group_param_known": 3.7626752853393555, "reward_1_when_3_group_param_known": 3.56032395362854, "reward_2_when_3_group_param_known": 3.2583768367767334, "reward_error_0_when_1_group_param_known": 0.0, "reward_error_1_when_1_group_param_known": 0.09582602916088334, "reward_error_2_when_1_group_param_known": 0.010261057175572927, "reward_error_0_when_2_group_param_known": 0.09582602916088334, "reward_error_1_when_2_group_param_known": 0.0, "reward_error_2_when_2_group_param_known": 0.057413159051800874, "reward_error_0_when_3_group_param_known": 0.008190854051165217, "reward_error_1_when_3_group_param_known": 0.061528940988319736, "reward_error_2_when_3_group_param_known": 0.0, "_wandb": {"runtime": 14}}