{"Iteration": 99, "train_loss": 18.640633907273852, "val_loss": 19.65270833053655, "grad_norm": 0.006988983448518941, "live_grad": 2.0512703655878746e-14, "train_weighted_loss": 55.921901721821555, "val_weighted_loss": 58.95812499160965, "max_reward_err": 0.09240993181393779, "max_reward_err_index": 0, "max_kl_dist": 1.2877540743830536, "max_kl_dist_index": 0, "max_train_grp_loss": 23.141746560185844, "max_train_grp_loss_index": 0, "max_val_grp_loss": 22.670766092778152, "max_val_grp_loss_index": 0, "max_cur_train_grp_loss": 0.246200077039895, "max_cur_train_grp_loss_index": 0, "reward_err_1": 0.09240993181393779, "reward_err_2": 0.004000989537564289, "reward_err_3": 0.05096567286656049, "KL_distance_1": 1.2877540743830536, "KL_distance_2": 0.6343813919843301, "KL_distance_3": 1.0173589049351772, "reward_param_1": 8.786203262393942, "reward_param_2": 2.610052471395062, "reward_param_3": 9.661246386845487, "reward_param_4": 5.092961107053858, "group_weight_1": 0.3515100228911395, "group_weight_2": 0.31266284102962094, "group_weight_3": 0.3358271360792396, "hist_group_loss_1": 24.67531735150796, "hist_group_loss_2": 12.964037279492992, "hist_group_loss_3": 20.111149966500637, "cur_group_loss_1": 0.246200077039895, "cur_group_loss_2": 0.12969482542419322, "cur_group_loss_3": 0.20046030111399646, "train_group_loss_1": 23.141746560185844, "train_group_loss_2": 14.268038022034611, "train_group_loss_3": 19.243560553134163, "val_group_loss_1": 22.670766092778152, "val_group_loss_2": 14.279280420323616, "val_group_loss_3": 21.462948110805122, "_timestamp": 1726608947.255008, "_runtime": 10.721364974975586, "_step": 2, "final/reward_err_1": 0.09240993181393779, "final/reward_err_2": 0.004000989537564289, "final/reward_err_3": 0.05096567286656049, "final/reward_param_1": 8.786203262393942, "final/reward_param_2": 2.610052471395062, "final/reward_param_3": 9.661246386845487, "final/reward_param_4": 5.092961107053858, "optimal_reward_1": 3.8290088176727295, "optimal_reward_2": 3.8290088176727295, "optimal_reward_3": 3.285464286804199, "final/reward_1": 3.7922840118408203, "final/reward_2": 3.5524039268493652, "final/reward_3": 3.285464286804199, "reward_0_when_1_group_param_known": 3.8290088176727295, "reward_1_when_1_group_param_known": 3.4431886672973633, "reward_2_when_1_group_param_known": 3.2572572231292725, "reward_0_when_2_group_param_known": 3.4431886672973633, "reward_1_when_2_group_param_known": 3.8290088176727295, "reward_2_when_2_group_param_known": 3.095651149749756, "reward_0_when_3_group_param_known": 3.7922840118408203, "reward_1_when_3_group_param_known": 3.5524039268493652, "reward_2_when_3_group_param_known": 3.285464286804199, "reward_error_0_when_1_group_param_known": 0.0, "reward_error_1_when_1_group_param_known": 0.10076240843181646, "reward_error_2_when_1_group_param_known": 0.008585411744762572, "reward_error_0_when_2_group_param_known": 0.10076240843181646, "reward_error_1_when_2_group_param_known": 0.0, "reward_error_2_when_2_group_param_known": 0.05777361142436167, "reward_error_0_when_3_group_param_known": 0.009591204298722537, "reward_error_1_when_3_group_param_known": 0.0722392932465182, "reward_error_2_when_3_group_param_known": 0.0, "_wandb": {"runtime": 9}}