{"Iteration": 199, "train_loss": 15.515433950457009, "val_loss": 15.835250777244546, "grad_norm": 0.19847653453379074, "max_reward_err": 0.08483699052728294, "max_reward_err_index": 0, "max_kl_dist": 1.2603713544346555, "max_kl_dist_index": 0, "max_train_grp_loss": 21.19523615923807, "max_train_grp_loss_index": 0, "max_val_grp_loss": 20.945186709347528, "max_val_grp_loss_index": 0, "max_cur_train_grp_loss": 21.197274913176983, "max_cur_train_grp_loss_index": 0, "reward_err_1": 0.0932271359854511, "reward_err_2": 0.000971740706428771, "reward_err_3": 0.05228036438726126, "reward_param_1": 9.642358535136438, "reward_param_2": 3.47941422877435, "reward_param_3": 7.866040275976146, "reward_param_4": 3.5490197032823834, "KL_distance_1": 1.2603713544346555, "KL_distance_2": 0.5186913523604301, "KL_distance_3": 0.9748053278250045, "hist_group_loss_1": 4364.661433079961, "hist_group_loss_2": 2371.126098308622, "hist_group_loss_3": 4148.783233104991, "cur_group_loss_1": 21.197274913176983, "cur_group_loss_2": 9.801341853692133, "cur_group_loss_3": 19.924617827123942, "train_group_loss_1": 21.19523615923807, "train_group_loss_2": 9.795792425533415, "train_group_loss_3": 19.921342996363634, "val_group_loss_1": 20.945186709347528, "val_group_loss_2": 6.746590674054394, "val_group_loss_3": 19.197084237714265, "_timestamp": 1726697443.413693, "_runtime": 11.634757041931152, "_step": 3, "final/reward_err_1": 0.0932271359854511, "final/reward_err_2": 0.000971740706428771, "final/reward_err_3": 0.05228036438726126, "final/reward_param_1": 9.642358535136438, "final/reward_param_2": 3.47941422877435, "final/reward_param_3": 7.866040275976146, "final/reward_param_4": 3.5490197032823834, "optimal_reward_1": 3.8721461296081543, "optimal_reward_2": 3.8721461296081543, "optimal_reward_3": 3.377051591873169, "final/reward_1": 3.834397315979004, "final/reward_2": 3.592139482498169, "final/reward_3": 3.377051591873169, "reward_0_when_1_group_param_known": 3.8721461296081543, "reward_1_when_1_group_param_known": 3.473419189453125, "reward_2_when_1_group_param_known": 3.3377835750579834, "reward_0_when_2_group_param_known": 3.473419189453125, "reward_1_when_2_group_param_known": 3.8721461296081543, "reward_2_when_2_group_param_known": 3.1756153106689453, "reward_0_when_3_group_param_known": 3.834397315979004, "reward_1_when_3_group_param_known": 3.592139482498169, "reward_2_when_3_group_param_known": 3.377051591873169, "reward_error_0_when_1_group_param_known": 0.0, "reward_error_1_when_1_group_param_known": 0.10297311279297687, "reward_error_2_when_1_group_param_known": 0.01162789958841124, "reward_error_0_when_2_group_param_known": 0.10297311279297687, "reward_error_1_when_2_group_param_known": 0.0, "reward_error_2_when_2_group_param_known": 0.05964856494611378, "reward_error_0_when_3_group_param_known": 0.00974880915276057, "reward_error_1_when_3_group_param_known": 0.07231303719891401, "reward_error_2_when_3_group_param_known": 0.0, "_wandb": {"runtime": 11}}