{"Iteration": 199, "train_loss": 17.318489737993808, "val_loss": 15.093963858140116, "grad_norm": 0.20693465316836188, "max_reward_err": 0.09025729379907432, "max_reward_err_index": 0, "max_kl_dist": 1.052952517854855, "max_kl_dist_index": 0, "max_train_grp_loss": 20.599980706314266, "max_train_grp_loss_index": 0, "max_val_grp_loss": 19.65036386501874, "max_val_grp_loss_index": 0, "max_cur_train_grp_loss": 20.601913640232922, "max_cur_train_grp_loss_index": 0, "reward_err_1": 0.09372904644133004, "reward_err_2": 0.006849331987118328, "reward_err_3": 0.055208089131426254, "reward_param_1": 6.055960688947896, "reward_param_2": 3.0482149698183774, "reward_param_3": 9.779513174384329, "reward_param_4": 4.637261059231087, "KL_distance_1": 1.052952517854855, "KL_distance_2": 0.46744127237565497, "KL_distance_3": 0.8323569393559448, "hist_group_loss_1": 4205.524902194168, "hist_group_loss_2": 3034.5017817245407, "hist_group_loss_3": 4143.440019861476, "cur_group_loss_1": 20.601913640232922, "cur_group_loss_2": 13.20088275731592, "cur_group_loss_3": 19.984607789966088, "train_group_loss_1": 20.599980706314266, "train_group_loss_2": 13.194272169756427, "train_group_loss_3": 19.980600083331787, "val_group_loss_1": 19.65036386501874, "val_group_loss_2": 7.246853233143951, "val_group_loss_3": 18.966956068158908, "_timestamp": 1726697707.160748, "_runtime": 11.573612928390503, "_step": 3, "final/reward_err_1": 0.09372904644133004, "final/reward_err_2": 0.006849331987118328, "final/reward_err_3": 0.055208089131426254, "final/reward_param_1": 6.055960688947896, "final/reward_param_2": 3.0482149698183774, "final/reward_param_3": 9.779513174384329, "final/reward_param_4": 4.637261059231087, "optimal_reward_1": 3.8608431816101074, "optimal_reward_2": 3.8608431816101074, "optimal_reward_3": 3.3174452781677246, "final/reward_1": 3.8267719745635986, "final/reward_2": 3.5796079635620117, "final/reward_3": 3.3174452781677246, "reward_0_when_1_group_param_known": 3.8608431816101074, "reward_1_when_1_group_param_known": 3.4672656059265137, "reward_2_when_1_group_param_known": 3.286299705505371, "reward_0_when_2_group_param_known": 3.4672656059265137, "reward_1_when_2_group_param_known": 3.8608431816101074, "reward_2_when_2_group_param_known": 3.1212518215179443, "reward_0_when_3_group_param_known": 3.8267719745635986, "reward_1_when_3_group_param_known": 3.5796079635620117, "reward_2_when_3_group_param_known": 3.3174452781677246, "reward_error_0_when_1_group_param_known": 0.0, "reward_error_1_when_1_group_param_known": 0.10194083446804438, "reward_error_2_when_1_group_param_known": 0.009388420923571552, "reward_error_0_when_2_group_param_known": 0.10194083446804438, "reward_error_1_when_2_group_param_known": 0.0, "reward_error_2_when_2_group_param_known": 0.05913992250028639, "reward_error_0_when_3_group_param_known": 0.008824809878006984, "reward_error_1_when_3_group_param_known": 0.07284295290408836, "reward_error_2_when_3_group_param_known": 0.0, "_wandb": {"runtime": 11}}