{"Iteration": 199, "train_loss": 17.374361444366336, "val_loss": 15.620892575481548, "grad_norm": 0.22635178119187063, "max_reward_err": 0.051848248846642964, "max_reward_err_index": 0, "max_kl_dist": 0.8065396798336445, "max_kl_dist_index": 0, "max_train_grp_loss": 20.62568343090963, "max_train_grp_loss_index": 0, "max_val_grp_loss": 20.21513184230961, "max_val_grp_loss_index": 0, "max_cur_train_grp_loss": 20.62783164820188, "max_cur_train_grp_loss_index": 0, "reward_err_1": 0.06618366456571582, "reward_err_2": 0.011340493274791376, "reward_err_3": 0.030736498762039835, "reward_param_1": 7.331872516716831, "reward_param_2": 4.304353344089565, "reward_param_3": 7.373347370788138, "reward_param_4": 4.8295748324667995, "KL_distance_1": 0.8065396798336445, "KL_distance_2": 0.47087298536881006, "KL_distance_3": 0.6353242571118266, "hist_group_loss_1": 4234.76804892211, "hist_group_loss_2": 3238.9603421342035, "hist_group_loss_3": 3792.3392414831187, "cur_group_loss_1": 20.62783164820188, "cur_group_loss_2": 13.852178453885678, "cur_group_loss_3": 17.329674275675384, "train_group_loss_1": 20.62568343090963, "train_group_loss_2": 13.845423945159354, "train_group_loss_3": 17.3208654474056, "val_group_loss_1": 20.21513184230961, "val_group_loss_2": 8.16261447008996, "val_group_loss_3": 18.4283106736511, "_timestamp": 1726692465.5975082, "_runtime": 11.725130081176758, "_step": 3, "final/reward_err_1": 0.06618366456571582, "final/reward_err_2": 0.011340493274791376, "final/reward_err_3": 0.030736498762039835, "final/reward_param_1": 7.331872516716831, "final/reward_param_2": 4.304353344089565, "final/reward_param_3": 7.373347370788138, "final/reward_param_4": 4.8295748324667995, "optimal_reward_1": 3.852689266204834, "optimal_reward_2": 3.852689266204834, "optimal_reward_3": 3.3024346828460693, "final/reward_1": 3.8164188861846924, "final/reward_2": 3.5882885456085205, "final/reward_3": 3.3024346828460693, "reward_0_when_1_group_param_known": 3.852689266204834, "reward_1_when_1_group_param_known": 3.475465774536133, "reward_2_when_1_group_param_known": 3.27390193939209, "reward_0_when_2_group_param_known": 3.475465774536133, "reward_1_when_2_group_param_known": 3.852689266204834, "reward_2_when_2_group_param_known": 3.1151528358459473, "reward_0_when_3_group_param_known": 3.8164188861846924, "reward_1_when_3_group_param_known": 3.5882885456085205, "reward_2_when_3_group_param_known": 3.3024346828460693, "reward_error_0_when_1_group_param_known": 0.0, "reward_error_1_when_1_group_param_known": 0.09791173531113566, "reward_error_2_when_1_group_param_known": 0.008639911518065122, "reward_error_0_when_2_group_param_known": 0.09791173531113566, "reward_error_1_when_2_group_param_known": 0.0, "reward_error_2_when_2_group_param_known": 0.0567102350193103, "reward_error_0_when_3_group_param_known": 0.00941430193664968, "reward_error_1_when_3_group_param_known": 0.06862757474774667, "reward_error_2_when_3_group_param_known": 0.0, "_wandb": {"runtime": 11}}