{"Iteration": 199, "train_loss": 16.229705300137176, "val_loss": 14.969949708695097, "grad_norm": 0.03269674732219215, "live_grad": 2.84791141739345e-14, "train_weighted_loss": 48.68911590041153, "val_weighted_loss": 44.90984912608529, "max_reward_err": 0.08720761216422464, "max_reward_err_index": 0, "max_kl_dist": 1.5315678664326438, "max_kl_dist_index": 0, "max_train_grp_loss": 19.01378413085608, "max_train_grp_loss_index": 0, "max_val_grp_loss": 19.245829626124877, "max_val_grp_loss_index": 0, "max_cur_train_grp_loss": 0.3527707964451586, "max_cur_train_grp_loss_index": 2, "reward_err_1": 0.08720761216422464, "reward_err_2": 0.006465906096123601, "reward_err_3": 0.05087040861260837, "KL_distance_1": 1.5315678664326438, "KL_distance_2": 0.9373253865263619, "KL_distance_3": 1.2805182972281135, "reward_param_1": 12.471318850128505, "reward_param_2": 5.995954068023499, "reward_param_3": 8.718081765272489, "reward_param_4": 4.892718129326144, "group_weight_1": 0.2949250477006473, "group_weight_2": 0.264011846112953, "group_weight_3": 0.44106310618639977, "hist_group_loss_1": 31.265475694302456, "hist_group_loss_2": 20.19274822564882, "hist_group_loss_3": 71.51214716145594, "cur_group_loss_1": 0.15460092661419148, "cur_group_loss_2": 0.10318293012293987, "cur_group_loss_3": 0.3527707964451586, "train_group_loss_1": 19.01378413085608, "train_group_loss_2": 13.314268980145874, "train_group_loss_3": 16.930738406396593, "val_group_loss_1": 19.245829626124877, "val_group_loss_2": 8.274742561939538, "val_group_loss_3": 17.398625100735966, "_timestamp": 1726692741.9450119, "_runtime": 14.140825748443604, "_step": 3, "final/reward_err_1": 0.08720761216422464, "final/reward_err_2": 0.006465906096123601, "final/reward_err_3": 0.05087040861260837, "final/reward_param_1": 12.471318850128505, "final/reward_param_2": 5.995954068023499, "final/reward_param_3": 8.718081765272489, "final/reward_param_4": 4.892718129326144, "optimal_reward_1": 3.843956232070923, "optimal_reward_2": 3.843956232070923, "optimal_reward_3": 3.254488229751587, "final/reward_1": 3.8041796684265137, "final/reward_2": 3.590562105178833, "final/reward_3": 3.254488229751587, "reward_0_when_1_group_param_known": 3.843956232070923, "reward_1_when_1_group_param_known": 3.4647014141082764, "reward_2_when_1_group_param_known": 3.2180964946746826, "reward_0_when_2_group_param_known": 3.4647014141082764, "reward_1_when_2_group_param_known": 3.843956232070923, "reward_2_when_2_group_param_known": 3.0630156993865967, "reward_0_when_3_group_param_known": 3.8041796684265137, "reward_1_when_3_group_param_known": 3.590562105178833, "reward_2_when_3_group_param_known": 3.254488229751587, "reward_error_0_when_1_group_param_known": 0.0, "reward_error_1_when_1_group_param_known": 0.09866262648841967, "reward_error_2_when_1_group_param_known": 0.011182014654169469, "reward_error_0_when_2_group_param_known": 0.09866262648841967, "reward_error_1_when_2_group_param_known": 0.0, "reward_error_2_when_2_group_param_known": 0.058833376201703216, "reward_error_0_when_3_group_param_known": 0.010347819080910722, "reward_error_1_when_3_group_param_known": 0.06592013841832281, "reward_error_2_when_3_group_param_known": 0.0, "_wandb": {"runtime": 14}}