{"Iteration": 99, "train_loss": 14.756968441591328, "val_loss": 14.605230063201313, "grad_norm": 0.013408608279843371, "live_grad": 1.6222771862432011e-15, "train_weighted_loss": 44.270905324773985, "val_weighted_loss": 43.81569018960394, "max_reward_err": 0.10014032826315948, "max_reward_err_index": 0, "max_kl_dist": 1.8751276743709873, "max_kl_dist_index": 0, "max_train_grp_loss": 19.097028095796862, "max_train_grp_loss_index": 0, "max_val_grp_loss": 20.145193779953537, "max_val_grp_loss_index": 0, "max_cur_train_grp_loss": 0.2076018389460975, "max_cur_train_grp_loss_index": 0, "reward_err_1": 0.10014032826315948, "reward_err_2": 0.00021510217011845573, "reward_err_3": 0.06122338231145172, "KL_distance_1": 1.8751276743709873, "KL_distance_2": 1.0908199279277793, "KL_distance_3": 1.5465656544608368, "reward_param_1": 10.847087368303763, "reward_param_2": 4.105328481440281, "reward_param_3": 13.464423477499587, "reward_param_4": 4.726413879416604, "group_weight_1": 0.35081971908865633, "group_weight_2": 0.3072465067006475, "group_weight_3": 0.34193377421069615, "hist_group_loss_1": 20.920136586691108, "hist_group_loss_2": 7.657927399430889, "hist_group_loss_3": 18.354597083210557, "cur_group_loss_1": 0.2076018389460975, "cur_group_loss_2": 0.07763347902010986, "cur_group_loss_3": 0.18209956614212616, "train_group_loss_1": 19.097028095796862, "train_group_loss_2": 8.621427954510091, "train_group_loss_3": 17.66170561560275, "val_group_loss_1": 20.145193779953537, "val_group_loss_2": 6.253542780069766, "val_group_loss_3": 17.245793082888916, "_timestamp": 1726667147.5597801, "_runtime": 9.7523832321167, "_step": 2, "final/reward_err_1": 0.10014032826315948, "final/reward_err_2": 0.00021510217011845573, "final/reward_err_3": 0.06122338231145172, "final/reward_param_1": 10.847087368303763, "final/reward_param_2": 4.105328481440281, "final/reward_param_3": 13.464423477499587, "final/reward_param_4": 4.726413879416604, "optimal_reward_1": 3.8428120613098145, "optimal_reward_2": 3.8428120613098145, "optimal_reward_3": 3.246764659881592, "final/reward_1": 3.8028461933135986, "final/reward_2": 3.5883326530456543, "final/reward_3": 3.246764659881592, "reward_0_when_1_group_param_known": 3.8428120613098145, "reward_1_when_1_group_param_known": 3.466555118560791, "reward_2_when_1_group_param_known": 3.208935022354126, "reward_0_when_2_group_param_known": 3.466555118560791, "reward_1_when_2_group_param_known": 3.8428120613098145, "reward_2_when_2_group_param_known": 3.0578837394714355, "reward_0_when_3_group_param_known": 3.8028461933135986, "reward_1_when_3_group_param_known": 3.5883326530456543, "reward_2_when_3_group_param_known": 3.246764659881592, "reward_error_0_when_1_group_param_known": 0.0, "reward_error_1_when_1_group_param_known": 0.09791187722586076, "reward_error_2_when_1_group_param_known": 0.01165148740064377, "reward_error_0_when_2_group_param_known": 0.09791187722586076, "reward_error_1_when_2_group_param_known": 0.0, "reward_error_2_when_2_group_param_known": 0.05817511898661749, "reward_error_0_when_3_group_param_known": 0.010400162005995563, "reward_error_1_when_3_group_param_known": 0.06622218422449246, "reward_error_2_when_3_group_param_known": 0.0, "_wandb": {"runtime": 9}}