{"Iteration": 199, "train_loss": 16.419136769348246, "val_loss": 15.662895716962364, "grad_norm": 0.1550706434768554, "max_reward_err": 0.05832057263455106, "max_reward_err_index": 0, "max_kl_dist": 0.992018896538671, "max_kl_dist_index": 0, "max_train_grp_loss": 19.877600611847633, "max_train_grp_loss_index": 0, "max_val_grp_loss": 19.589824232180664, "max_val_grp_loss_index": 0, "max_cur_train_grp_loss": 19.879662919576834, "max_cur_train_grp_loss_index": 0, "reward_err_1": 0.0652398816551239, "reward_err_2": 0.00824622058959016, "reward_err_3": 0.03195866308743572, "reward_param_1": 8.114927811063751, "reward_param_2": 3.7543015162580753, "reward_param_3": 8.043854845996487, "reward_param_4": 5.351540168921172, "KL_distance_1": 0.992018896538671, "KL_distance_2": 0.5657221636514086, "KL_distance_3": 0.7783050762199542, "hist_group_loss_1": 4084.0561158208, "hist_group_loss_2": 2781.078430728024, "hist_group_loss_3": 3608.995014280092, "cur_group_loss_1": 19.879662919576834, "cur_group_loss_2": 13.217705567767842, "cur_group_loss_3": 16.83696940207299, "train_group_loss_1": 19.877600611847633, "train_group_loss_2": 13.216228386127414, "train_group_loss_3": 16.830499201453833, "val_group_loss_1": 19.589824232180664, "val_group_loss_2": 8.597454511681821, "val_group_loss_3": 18.565522625081893, "_timestamp": 1726697980.12028, "_runtime": 11.511404991149902, "_step": 3, "final/reward_err_1": 0.0652398816551239, "final/reward_err_2": 0.00824622058959016, "final/reward_err_3": 0.03195866308743572, "final/reward_param_1": 8.114927811063751, "final/reward_param_2": 3.7543015162580753, "final/reward_param_3": 8.043854845996487, "final/reward_param_4": 5.351540168921172, "optimal_reward_1": 3.7937493324279785, "optimal_reward_2": 3.7937493324279785, "optimal_reward_3": 3.2583768367767334, "final/reward_1": 3.7626752853393555, "final/reward_2": 3.56032395362854, "final/reward_3": 3.2583768367767334, "reward_0_when_1_group_param_known": 3.7937493324279785, "reward_1_when_1_group_param_known": 3.4302093982696533, "reward_2_when_1_group_param_known": 3.224942445755005, "reward_0_when_2_group_param_known": 3.4302093982696533, "reward_1_when_2_group_param_known": 3.7937493324279785, "reward_2_when_2_group_param_known": 3.071303129196167, "reward_0_when_3_group_param_known": 3.7626752853393555, "reward_1_when_3_group_param_known": 3.56032395362854, "reward_2_when_3_group_param_known": 3.2583768367767334, "reward_error_0_when_1_group_param_known": 0.0, "reward_error_1_when_1_group_param_known": 0.09582602916088334, "reward_error_2_when_1_group_param_known": 0.010261057175572927, "reward_error_0_when_2_group_param_known": 0.09582602916088334, "reward_error_1_when_2_group_param_known": 0.0, "reward_error_2_when_2_group_param_known": 0.057413159051800874, "reward_error_0_when_3_group_param_known": 0.008190854051165217, "reward_error_1_when_3_group_param_known": 0.061528940988319736, "reward_error_2_when_3_group_param_known": 0.0, "_wandb": {"runtime": 11}}