{"Iteration": 99, "train_loss": 21.014917714226947, "val_loss": 20.938810783378724, "grad_norm": 0.00372848558062167, "live_grad": 9.041333491445128e-15, "train_weighted_loss": 63.04475314268084, "val_weighted_loss": 62.81643235013618, "max_reward_err": 0.10041823934266704, "max_reward_err_index": 0, "max_kl_dist": 0.964534921885537, "max_kl_dist_index": 0, "max_train_grp_loss": 23.41670327233565, "max_train_grp_loss_index": 2, "max_val_grp_loss": 24.032808280830245, "max_val_grp_loss_index": 0, "max_cur_train_grp_loss": 0.26221561670564264, "max_cur_train_grp_loss_index": 0, "reward_err_1": 0.10041823934266704, "reward_err_2": 0.0010777966853170097, "reward_err_3": 0.05886419432534264, "KL_distance_1": 0.964534921885537, "KL_distance_2": 0.34805239443229075, "KL_distance_3": 0.7205808674404154, "reward_param_1": 7.781216893233732, "reward_param_2": 1.6292013593847257, "reward_param_3": 7.574630546953253, "reward_param_4": 3.23217418550617, "group_weight_1": 0.349378502567196, "group_weight_2": 0.3146910971709065, "group_weight_3": 0.3359304002618976, "hist_group_loss_1": 26.235646514303188, "hist_group_loss_2": 15.779210982480183, "hist_group_loss_3": 22.310459247550284, "cur_group_loss_1": 0.26221561670564264, "cur_group_loss_2": 0.15741300719867948, "cur_group_loss_3": 0.22301758011554268, "train_group_loss_1": 23.336878455788796, "train_group_loss_2": 16.686219699128657, "train_group_loss_3": 23.41670327233565, "val_group_loss_1": 24.032808280830245, "val_group_loss_2": 15.933694936077275, "val_group_loss_3": 22.806014462836476, "_timestamp": 1726611055.402019, "_runtime": 9.302056074142456, "_step": 2, "final/reward_err_1": 0.10041823934266704, "final/reward_err_2": 0.0010777966853170097, "final/reward_err_3": 0.05886419432534264, "final/reward_param_1": 7.781216893233732, "final/reward_param_2": 1.6292013593847257, "final/reward_param_3": 7.574630546953253, "final/reward_param_4": 3.23217418550617, "optimal_reward_1": 3.798604965209961, "optimal_reward_2": 3.798604965209961, "optimal_reward_3": 3.283627510070801, "final/reward_1": 3.7635128498077393, "final/reward_2": 3.557292938232422, "final/reward_3": 3.283627510070801, "reward_0_when_1_group_param_known": 3.798604965209961, "reward_1_when_1_group_param_known": 3.430420160293579, "reward_2_when_1_group_param_known": 3.2498695850372314, "reward_0_when_2_group_param_known": 3.430420160293579, "reward_1_when_2_group_param_known": 3.798604965209961, "reward_2_when_2_group_param_known": 3.1003451347351074, "reward_0_when_3_group_param_known": 3.7635128498077393, "reward_1_when_3_group_param_known": 3.557292938232422, "reward_2_when_3_group_param_known": 3.283627510070801, "reward_error_0_when_1_group_param_known": 0.0, "reward_error_1_when_1_group_param_known": 0.09692632118592281, "reward_error_2_when_1_group_param_known": 0.01028068041519163, "reward_error_0_when_2_group_param_known": 0.09692632118592281, "reward_error_1_when_2_group_param_known": 0.0, "reward_error_2_when_2_group_param_known": 0.05581704221126515, "reward_error_0_when_3_group_param_known": 0.009238158672359349, "reward_error_1_when_3_group_param_known": 0.0635264864832295, "reward_error_2_when_3_group_param_known": 0.0, "_wandb": {"runtime": 9}}