{"Iteration": 99, "train_loss": 17.952185736015643, "val_loss": 17.06502617126062, "grad_norm": 0.46914470653686235, "max_reward_err": 0.1172011606266029, "max_reward_err_index": 1, "max_kl_dist": 0.4999517274080247, "max_kl_dist_index": 0, "max_train_grp_loss": 20.253029392819627, "max_train_grp_loss_index": 0, "max_val_grp_loss": 20.609746932776346, "max_val_grp_loss_index": 0, "max_cur_train_grp_loss": 20.260276684575885, "max_cur_train_grp_loss_index": 0, "reward_err_1": 0.06372682018418466, "reward_err_2": 0.015589554161350407, "reward_err_3": 0.030049827536776475, "reward_param_1": 6.07315170780457, "reward_param_2": 3.285202489311625, "reward_param_3": 5.149553077110498, "reward_param_4": 4.36705556551057, "KL_distance_1": 0.4999517274080247, "KL_distance_2": 0.27444916342044906, "KL_distance_3": 0.3664109288473284, "hist_group_loss_1": 2075.702935180307, "hist_group_loss_2": 1868.9843976295479, "hist_group_loss_3": 1995.231798101556, "cur_group_loss_1": 20.260276684575885, "cur_group_loss_2": 15.313123901828082, "cur_group_loss_3": 18.91124661806255, "train_group_loss_1": 20.253029392819627, "train_group_loss_2": 15.274206269527728, "train_group_loss_3": 18.89502526022547, "val_group_loss_1": 20.609746932776346, "val_group_loss_2": 10.895587739806876, "val_group_loss_3": 19.84494208445088, "_timestamp": 1726689586.364649, "_runtime": 8.855290174484253, "_step": 2, "final/reward_err_1": 0.06372682018418466, "final/reward_err_2": 0.015589554161350407, "final/reward_err_3": 0.030049827536776475, "final/reward_param_1": 6.07315170780457, "final/reward_param_2": 3.285202489311625, "final/reward_param_3": 5.149553077110498, "final/reward_param_4": 4.36705556551057, "optimal_reward_1": 3.8295645713806152, "optimal_reward_2": 3.8295645713806152, "optimal_reward_3": 3.2923295497894287, "final/reward_1": 3.7937707901000977, "final/reward_2": 3.5698022842407227, "final/reward_3": 3.2923295497894287, "reward_0_when_1_group_param_known": 3.8295645713806152, "reward_1_when_1_group_param_known": 3.440261125564575, "reward_2_when_1_group_param_known": 3.2583417892456055, "reward_0_when_2_group_param_known": 3.440261125564575, "reward_1_when_2_group_param_known": 3.8295645713806152, "reward_2_when_2_group_param_known": 3.092778205871582, "reward_0_when_3_group_param_known": 3.7937707901000977, "reward_1_when_3_group_param_known": 3.5698022842407227, "reward_2_when_3_group_param_known": 3.2923295497894287, "reward_error_0_when_1_group_param_known": 0.0, "reward_error_1_when_1_group_param_known": 0.10165736562464864, "reward_error_2_when_1_group_param_known": 0.010323316675876822, "reward_error_0_when_2_group_param_known": 0.10165736562464864, "reward_error_1_when_2_group_param_known": 0.0, "reward_error_2_when_2_group_param_known": 0.0606109871141574, "reward_error_0_when_3_group_param_known": 0.009346697415161585, "reward_error_1_when_3_group_param_known": 0.06783076307974209, "reward_error_2_when_3_group_param_known": 0.0, "_wandb": {"runtime": 8}}