{"Iteration": 199, "train_loss": 15.061633671535866, "val_loss": 14.725009872001735, "grad_norm": 0.19693954695325383, "max_reward_err": 0.09300408600764262, "max_reward_err_index": 0, "max_kl_dist": 1.3452278783039187, "max_kl_dist_index": 0, "max_train_grp_loss": 21.143861406378306, "max_train_grp_loss_index": 0, "max_val_grp_loss": 20.61685105252644, "max_val_grp_loss_index": 0, "max_cur_train_grp_loss": 21.14532579979022, "max_cur_train_grp_loss_index": 0, "reward_err_1": 0.09757184457039932, "reward_err_2": 0.001927315090325962, "reward_err_3": 0.05694260216470776, "reward_param_1": 9.992708702343426, "reward_param_2": 4.554001128296491, "reward_param_3": 9.311464302632276, "reward_param_4": 2.251556310828153, "KL_distance_1": 1.3452278783039187, "KL_distance_2": 0.659851377737615, "KL_distance_3": 1.0546609761722912, "hist_group_loss_1": 4305.23898307988, "hist_group_loss_2": 1873.3727996602167, "hist_group_loss_3": 3938.6784660256894, "cur_group_loss_1": 21.14532579979022, "cur_group_loss_2": 7.509603142817372, "cur_group_loss_3": 18.755680741154155, "train_group_loss_1": 21.143861406378306, "train_group_loss_2": 7.503723912805066, "train_group_loss_3": 18.750838731256774, "val_group_loss_1": 20.61685105252644, "val_group_loss_2": 6.169703497932092, "val_group_loss_3": 17.9982318161105, "_timestamp": 1726697233.1835132, "_runtime": 11.51519513130188, "_step": 3, "final/reward_err_1": 0.09757184457039932, "final/reward_err_2": 0.001927315090325962, "final/reward_err_3": 0.05694260216470776, "final/reward_param_1": 9.992708702343426, "final/reward_param_2": 4.554001128296491, "final/reward_param_3": 9.311464302632276, "final/reward_param_4": 2.251556310828153, "optimal_reward_1": 3.828052282333374, "optimal_reward_2": 3.828052282333374, "optimal_reward_3": 3.2916338443756104, "final/reward_1": 3.7912938594818115, "final/reward_2": 3.5654032230377197, "final/reward_3": 3.2916338443756104, "reward_0_when_1_group_param_known": 3.828052282333374, "reward_1_when_1_group_param_known": 3.4364659786224365, "reward_2_when_1_group_param_known": 3.2576518058776855, "reward_0_when_2_group_param_known": 3.4364659786224365, "reward_1_when_2_group_param_known": 3.828052282333374, "reward_2_when_2_group_param_known": 3.0915684700012207, "reward_0_when_3_group_param_known": 3.7912938594818115, "reward_1_when_3_group_param_known": 3.5654032230377197, "reward_2_when_3_group_param_known": 3.2916338443756104, "reward_error_0_when_1_group_param_known": 0.0, "reward_error_1_when_1_group_param_known": 0.10229387553511878, "reward_error_2_when_1_group_param_known": 0.010323760206801147, "reward_error_0_when_2_group_param_known": 0.10229387553511878, "reward_error_1_when_2_group_param_known": 0.0, "reward_error_2_when_2_group_param_known": 0.06077996029729729, "reward_error_0_when_3_group_param_known": 0.009602382658461642, "reward_error_1_when_3_group_param_known": 0.06861166983214702, "reward_error_2_when_3_group_param_known": 0.0, "_wandb": {"runtime": 11}}