{"Iteration": 199, "train_loss": 14.825362296058957, "val_loss": 14.576962720965058, "grad_norm": 0.05781397991174244, "live_grad": 1.9103338237442627e-14, "train_weighted_loss": 44.47608688817686, "val_weighted_loss": 43.73088816289517, "max_reward_err": 0.09292152844938002, "max_reward_err_index": 0, "max_kl_dist": 1.8396732964089484, "max_kl_dist_index": 0, "max_train_grp_loss": 19.07074213844015, "max_train_grp_loss_index": 0, "max_val_grp_loss": 18.937235363129915, "max_val_grp_loss_index": 0, "max_cur_train_grp_loss": 0.423555842055999, "max_cur_train_grp_loss_index": 2, "reward_err_1": 0.09292152844938002, "reward_err_2": 0.003912770138495191, "reward_err_3": 0.0526175986177074, "KL_distance_1": 1.8396732964089484, "KL_distance_2": 1.0496686406129907, "KL_distance_3": 1.5319481513753939, "reward_param_1": 9.533778884149925, "reward_param_2": 5.559818906262209, "reward_param_3": 13.511970468030407, "reward_param_4": 5.702168112917679, "group_weight_1": 0.27660253733771295, "group_weight_2": 0.23692086371611365, "group_weight_3": 0.48647659894617334, "hist_group_loss_1": 29.969867135290368, "hist_group_loss_2": 14.484325585820727, "hist_group_loss_3": 86.43058784928284, "cur_group_loss_1": 0.1478564285602333, "cur_group_loss_2": 0.07543849157665561, "cur_group_loss_3": 0.423555842055999, "train_group_loss_1": 19.07074213844015, "train_group_loss_2": 9.812621918187995, "train_group_loss_3": 17.36200252669436, "val_group_loss_1": 18.937235363129915, "val_group_loss_2": 6.947394933219792, "val_group_loss_3": 17.29455577716818, "_timestamp": 1726698580.83208, "_runtime": 14.198890924453735, "_step": 3, "final/reward_err_1": 0.09292152844938002, "final/reward_err_2": 0.003912770138495191, "final/reward_err_3": 0.0526175986177074, "final/reward_param_1": 9.533778884149925, "final/reward_param_2": 5.559818906262209, "final/reward_param_3": 13.511970468030407, "final/reward_param_4": 5.702168112917679, "optimal_reward_1": 3.860621452331543, "optimal_reward_2": 3.860621452331543, "optimal_reward_3": 3.3138341903686523, "final/reward_1": 3.8245344161987305, "final/reward_2": 3.578054666519165, "final/reward_3": 3.3138341903686523, "reward_0_when_1_group_param_known": 3.860621452331543, "reward_1_when_1_group_param_known": 3.4612629413604736, "reward_2_when_1_group_param_known": 3.285645008087158, "reward_0_when_2_group_param_known": 3.4612629413604736, "reward_1_when_2_group_param_known": 3.860621452331543, "reward_2_when_2_group_param_known": 3.115248203277588, "reward_0_when_3_group_param_known": 3.8245344161987305, "reward_1_when_3_group_param_known": 3.578054666519165, "reward_2_when_3_group_param_known": 3.3138341903686523, "reward_error_0_when_1_group_param_known": 0.0, "reward_error_1_when_1_group_param_known": 0.1034440998430149, "reward_error_2_when_1_group_param_known": 0.008506515613672933, "reward_error_0_when_2_group_param_known": 0.1034440998430149, "reward_error_1_when_2_group_param_known": 0.0, "reward_error_2_when_2_group_param_known": 0.0599263498663379, "reward_error_0_when_3_group_param_known": 0.009347468167597338, "reward_error_1_when_3_group_param_known": 0.07319204674722188, "reward_error_2_when_3_group_param_known": 0.0, "_wandb": {"runtime": 14}}