{"Iteration": 99, "train_loss": 20.64002683417112, "val_loss": 20.2811986306194, "grad_norm": 0.25810360523262943, "max_reward_err": 0.05531423606787046, "max_reward_err_index": 0, "max_kl_dist": 0.38577189363475445, "max_kl_dist_index": 0, "max_train_grp_loss": 22.025162324936215, "max_train_grp_loss_index": 2, "max_val_grp_loss": 22.239452050705268, "max_val_grp_loss_index": 0, "max_cur_train_grp_loss": 22.03032759960459, "max_cur_train_grp_loss_index": 2, "reward_err_1": 0.06712450530712744, "reward_err_2": 0.01780145900585591, "reward_err_3": 0.03148142133120077, "reward_param_1": 5.03870031124536, "reward_param_2": 3.7439876964246253, "reward_param_3": 4.881623616599322, "reward_param_4": 1.915168117690242, "KL_distance_1": 0.38577189363475445, "KL_distance_2": 0.16259723060857534, "KL_distance_3": 0.2630032604165117, "hist_group_loss_1": 2219.6324591710913, "hist_group_loss_2": 1973.5969289564428, "hist_group_loss_3": 2242.8209156998555, "cur_group_loss_1": 21.72680939057283, "cur_group_loss_2": 19.101917236865635, "cur_group_loss_3": 22.03032759960459, "train_group_loss_1": 21.72060499304243, "train_group_loss_2": 19.094308872171926, "train_group_loss_3": 22.025162324936215, "val_group_loss_1": 22.239452050705268, "val_group_loss_2": 18.054348322613908, "val_group_loss_3": 20.556614824789484, "_timestamp": 1726684597.133684, "_runtime": 8.579365968704224, "_step": 2, "final/reward_err_1": 0.06712450530712744, "final/reward_err_2": 0.01780145900585591, "final/reward_err_3": 0.03148142133120077, "final/reward_param_1": 5.03870031124536, "final/reward_param_2": 3.7439876964246253, "final/reward_param_3": 4.881623616599322, "final/reward_param_4": 1.915168117690242, "optimal_reward_1": 3.8385727405548096, "optimal_reward_2": 3.8385727405548096, "optimal_reward_3": 3.2517144680023193, "final/reward_1": 3.796536684036255, "final/reward_2": 3.582489252090454, "final/reward_3": 3.2517144680023193, "reward_0_when_1_group_param_known": 3.8385727405548096, "reward_1_when_1_group_param_known": 3.460787534713745, "reward_2_when_1_group_param_known": 3.2131664752960205, "reward_0_when_2_group_param_known": 3.460787534713745, "reward_1_when_2_group_param_known": 3.8385727405548096, "reward_2_when_2_group_param_known": 3.0634775161743164, "reward_0_when_3_group_param_known": 3.796536684036255, "reward_1_when_3_group_param_known": 3.582489252090454, "reward_2_when_3_group_param_known": 3.2517144680023193, "reward_error_0_when_1_group_param_known": 0.0, "reward_error_1_when_1_group_param_known": 0.09841814428830158, "reward_error_2_when_1_group_param_known": 0.011854667156547932, "reward_error_0_when_2_group_param_known": 0.09841814428830158, "reward_error_1_when_2_group_param_known": 0.0, "reward_error_2_when_2_group_param_known": 0.057888524247839544, "reward_error_0_when_3_group_param_known": 0.010950959994698183, "reward_error_1_when_3_group_param_known": 0.06671320456137621, "reward_error_2_when_3_group_param_known": 0.0, "_wandb": {"runtime": 8}}