{"Iteration": 0, "train_loss": 18.439942041460533, "val_loss": 19.108254114412702, "grad_norm": 0.883402393630951, "max_reward_err": 0.05613682774881248, "max_reward_err_index": 0, "max_kl_dist": 0.2674463409498766, "max_kl_dist_index": 0, "max_train_grp_loss": 21.899089367672033, "max_train_grp_loss_index": 0, "max_val_grp_loss": 21.745383431059096, "max_val_grp_loss_index": 0, "max_cur_train_grp_loss": 21.925502192141398, "max_cur_train_grp_loss_index": 0, "reward_err_1": 0.05613682774881248, "reward_err_2": 0.03685290505245816, "reward_err_3": 0.02655761819043298, "reward_param_1": 3.3711492504255167, "reward_param_2": 1.3796270403007478, "reward_param_3": 4.666043627019403, "reward_param_4": 4.147355989438973, "KL_distance_1": 0.2674463409498766, "KL_distance_2": 0.16245712452709837, "KL_distance_3": 0.1724821555630956, "hist_group_loss_1": 21.925502192141398, "hist_group_loss_2": 14.30673477434607, "hist_group_loss_3": 21.08418610360592, "cur_group_loss_1": 21.925502192141398, "cur_group_loss_2": 14.30673477434607, "cur_group_loss_3": 21.08418610360592, "train_group_loss_1": 21.899089367672033, "train_group_loss_2": 14.16421168640064, "train_group_loss_3": 21.049196240449884, "val_group_loss_1": 21.745383431059096, "val_group_loss_2": 14.174693926703624, "val_group_loss_3": 21.11626341758319, "_timestamp": 1726688983.080773, "_runtime": 3.9320201873779297, "_step": 0}