{"Iteration": 1999, "train_loss": 14.669857338288367, "val_loss": 16.04237835040902, "grad_norm": 0.07551427682537601, "live_grad": 1.8286064353422426e-14, "train_weighted_loss": 44.0095720148651, "val_weighted_loss": 48.12713505122705, "max_reward_err": 0.06991628516479778, "max_reward_err_index": 0, "max_kl_dist": 2.379156891411329, "max_kl_dist_index": 0, "max_train_grp_loss": 16.881947744631344, "max_train_grp_loss_index": 0, "max_val_grp_loss": 18.16865116660069, "max_val_grp_loss_index": 0, "max_cur_train_grp_loss": 0.1607827948849345, "max_cur_train_grp_loss_index": 0, "reward_err_1": 0.06991628516479778, "reward_err_2": 0.0049759405836361, "reward_err_3": 0.03582322932278876, "KL_distance_1": 2.379156891411329, "KL_distance_2": 1.628223174426988, "KL_distance_3": 2.010015773261108, "reward_param_1": 14.721290350823116, "reward_param_2": 8.039599879560832, "reward_param_3": 13.469389755421021, "reward_param_4": 7.216717855849208, "group_weight_1": 0.5077976383152568, "group_weight_2": 0.20447657606544642, "group_weight_3": 0.2877257856192967, "hist_group_loss_1": 332.3707750414248, "hist_group_loss_2": 241.40781584263382, "hist_group_loss_3": 275.56326252740405, "cur_group_loss_1": 0.1607827948849345, "cur_group_loss_2": 0.14307569588510757, "cur_group_loss_3": 0.13327606738158343, "train_group_loss_1": 16.881947744631344, "train_group_loss_2": 12.877787187600944, "train_group_loss_3": 13.993827061106039, "val_group_loss_1": 18.16865116660069, "val_group_loss_2": 14.075175741852922, "val_group_loss_3": 15.826251353729182, "_timestamp": 1726580839.483476, "_runtime": 92.27540898323059, "_step": 21, "final/reward_err_1": 0.06991628516479778, "final/reward_err_2": 0.0049759405836361, "final/reward_err_3": 0.03582322932278876, "final/reward_param_1": 14.721290350823116, "final/reward_param_2": 8.039599879560832, "final/reward_param_3": 13.469389755421021, "final/reward_param_4": 7.216717855849208, "optimal_reward_1": 3.763953685760498, "optimal_reward_2": 3.763953685760498, "optimal_reward_3": 3.21937894821167, "final/reward_1": 3.730111837387085, "final/reward_2": 3.5351030826568604, "final/reward_3": 3.21937894821167, "reward_0_when_1_group_param_known": 3.763953685760498, "reward_1_when_1_group_param_known": 3.410576581954956, "reward_2_when_1_group_param_known": 3.186079502105713, "reward_0_when_2_group_param_known": 3.410576581954956, "reward_1_when_2_group_param_known": 3.763953685760498, "reward_2_when_2_group_param_known": 3.0397133827209473, "reward_0_when_3_group_param_known": 3.730111837387085, "reward_1_when_3_group_param_known": 3.5351030826568604, "reward_2_when_3_group_param_known": 3.21937894821167, "reward_error_0_when_1_group_param_known": 0.0, "reward_error_1_when_1_group_param_known": 0.0938845515401561, "reward_error_2_when_1_group_param_known": 0.010343437862279155, "reward_error_0_when_2_group_param_known": 0.0938845515401561, "reward_error_1_when_2_group_param_known": 0.0, "reward_error_2_when_2_group_param_known": 0.05580752324622267, "reward_error_0_when_3_group_param_known": 0.008991037403419968, "reward_error_1_when_3_group_param_known": 0.06080058954216355, "reward_error_2_when_3_group_param_known": 0.0, "_wandb": {"runtime": 91}}