{"Iteration": 99, "train_loss": 16.82966419873056, "val_loss": 17.079889676265353, "grad_norm": 0.49070931062168377, "max_reward_err": 0.13216930596676008, "max_reward_err_index": 1, "max_kl_dist": 0.5749649525389023, "max_kl_dist_index": 0, "max_train_grp_loss": 21.3258368787164, "max_train_grp_loss_index": 0, "max_val_grp_loss": 21.033897122287023, "max_val_grp_loss_index": 0, "max_cur_train_grp_loss": 21.332577678134665, "max_cur_train_grp_loss_index": 0, "reward_err_1": 0.06831962246728746, "reward_err_2": 0.008014553891597305, "reward_err_3": 0.032377123115720684, "reward_param_1": 5.928569662998798, "reward_param_2": 3.026394663904798, "reward_param_3": 5.918026157299292, "reward_param_4": 3.6026783525117607, "KL_distance_1": 0.5749649525389023, "KL_distance_2": 0.23476692171858832, "KL_distance_3": 0.414859789403461, "hist_group_loss_1": 2193.0165203370484, "hist_group_loss_2": 1595.5057412191704, "hist_group_loss_3": 2159.4443986822766, "cur_group_loss_1": 21.332577678134665, "cur_group_loss_2": 12.186613862976575, "cur_group_loss_3": 20.788523955967896, "train_group_loss_1": 21.3258368787164, "train_group_loss_2": 12.145269209851149, "train_group_loss_3": 20.77787647710096, "val_group_loss_1": 21.033897122287023, "val_group_loss_2": 11.90063443341251, "val_group_loss_3": 20.010253629241532, "_timestamp": 1726687502.498538, "_runtime": 8.531107902526855, "_step": 2, "final/reward_err_1": 0.06831962246728746, "final/reward_err_2": 0.008014553891597305, "final/reward_err_3": 0.032377123115720684, "final/reward_param_1": 5.928569662998798, "final/reward_param_2": 3.026394663904798, "final/reward_param_3": 5.918026157299292, "final/reward_param_4": 3.6026783525117607, "optimal_reward_1": 3.795067548751831, "optimal_reward_2": 3.795067548751831, "optimal_reward_3": 3.2722654342651367, "final/reward_1": 3.760380268096924, "final/reward_2": 3.5445938110351562, "final/reward_3": 3.2722654342651367, "reward_0_when_1_group_param_known": 3.795067548751831, "reward_1_when_1_group_param_known": 3.433345317840576, "reward_2_when_1_group_param_known": 3.2372632026672363, "reward_0_when_2_group_param_known": 3.433345317840576, "reward_1_when_2_group_param_known": 3.795067548751831, "reward_2_when_2_group_param_known": 3.092838764190674, "reward_0_when_3_group_param_known": 3.760380268096924, "reward_1_when_3_group_param_known": 3.5445938110351562, "reward_2_when_3_group_param_known": 3.2722654342651367, "reward_error_0_when_1_group_param_known": 0.0, "reward_error_1_when_1_group_param_known": 0.09531377933713528, "reward_error_2_when_1_group_param_known": 0.010696635802028375, "reward_error_0_when_2_group_param_known": 0.09531377933713528, "reward_error_1_when_2_group_param_known": 0.0, "reward_error_2_when_2_group_param_known": 0.05483255367844489, "reward_error_0_when_3_group_param_known": 0.009140095718801002, "reward_error_1_when_3_group_param_known": 0.0659998101480575, "reward_error_2_when_3_group_param_known": 0.0, "_wandb": {"runtime": 8}}