{"Iteration": 99, "train_loss": 19.145772916368593, "val_loss": 19.168044317498428, "grad_norm": 0.2775002586066033, "max_reward_err": 0.058859236077497705, "max_reward_err_index": 1, "max_kl_dist": 0.4646757135902408, "max_kl_dist_index": 0, "max_train_grp_loss": 20.38149812178147, "max_train_grp_loss_index": 2, "max_val_grp_loss": 20.52852981500698, "max_val_grp_loss_index": 0, "max_cur_train_grp_loss": 20.38536290354192, "max_cur_train_grp_loss_index": 2, "reward_err_1": 0.06108238430955356, "reward_err_2": 0.020111500886855586, "reward_err_3": 0.027551128668692915, "reward_param_1": 4.882568480861609, "reward_param_2": 4.324875392078768, "reward_param_3": 6.080943121618059, "reward_param_4": 3.7379630262611023, "KL_distance_1": 0.4646757135902408, "KL_distance_2": 0.28325546018051384, "KL_distance_3": 0.3510680095416747, "hist_group_loss_1": 2068.2325596868372, "hist_group_loss_2": 1851.34155957489, "hist_group_loss_3": 2064.3302262898264, "cur_group_loss_1": 20.368900939580488, "cur_group_loss_2": 17.536148511248346, "cur_group_loss_3": 20.38536290354192, "train_group_loss_1": 20.36438331800211, "train_group_loss_2": 17.524037340703938, "train_group_loss_3": 20.38149812178147, "val_group_loss_1": 20.52852981500698, "val_group_loss_2": 17.07702933563395, "val_group_loss_3": 19.893656032886554, "_timestamp": 1726684407.27113, "_runtime": 8.5573410987854, "_step": 2, "final/reward_err_1": 0.06108238430955356, "final/reward_err_2": 0.020111500886855586, "final/reward_err_3": 0.027551128668692915, "final/reward_param_1": 4.882568480861609, "final/reward_param_2": 4.324875392078768, "final/reward_param_3": 6.080943121618059, "final/reward_param_4": 3.7379630262611023, "optimal_reward_1": 3.8385727405548096, "optimal_reward_2": 3.8385727405548096, "optimal_reward_3": 3.2517144680023193, "final/reward_1": 3.796536684036255, "final/reward_2": 3.582489252090454, "final/reward_3": 3.2517144680023193, "reward_0_when_1_group_param_known": 3.8385727405548096, "reward_1_when_1_group_param_known": 3.460787534713745, "reward_2_when_1_group_param_known": 3.2131664752960205, "reward_0_when_2_group_param_known": 3.460787534713745, "reward_1_when_2_group_param_known": 3.8385727405548096, "reward_2_when_2_group_param_known": 3.0634775161743164, "reward_0_when_3_group_param_known": 3.796536684036255, "reward_1_when_3_group_param_known": 3.582489252090454, "reward_2_when_3_group_param_known": 3.2517144680023193, "reward_error_0_when_1_group_param_known": 0.0, "reward_error_1_when_1_group_param_known": 0.09841814428830158, "reward_error_2_when_1_group_param_known": 0.011854667156547932, "reward_error_0_when_2_group_param_known": 0.09841814428830158, "reward_error_1_when_2_group_param_known": 0.0, "reward_error_2_when_2_group_param_known": 0.057888524247839544, "reward_error_0_when_3_group_param_known": 0.010950959994698183, "reward_error_1_when_3_group_param_known": 0.06671320456137621, "reward_error_2_when_3_group_param_known": 0.0, "_wandb": {"runtime": 8}}