{"Iteration": 99, "train_loss": 17.39570849777137, "val_loss": 15.426664820240124, "grad_norm": 0.010444880881411052, "live_grad": 1.811169877708237e-14, "train_weighted_loss": 52.18712549331411, "val_weighted_loss": 46.279994460720374, "max_reward_err": 0.06585472589983431, "max_reward_err_index": 0, "max_kl_dist": 1.070495363072511, "max_kl_dist_index": 0, "max_train_grp_loss": 20.712899955494624, "max_train_grp_loss_index": 0, "max_val_grp_loss": 18.768117357960854, "max_val_grp_loss_index": 0, "max_cur_train_grp_loss": 0.30394779020783264, "max_cur_train_grp_loss_index": 2, "reward_err_1": 0.06585472589983431, "reward_err_2": 0.013657944709854217, "reward_err_3": 0.03198764970014582, "KL_distance_1": 1.070495363072511, "KL_distance_2": 0.7106220055166615, "KL_distance_3": 0.8699008288746058, "reward_param_1": 8.00069227434622, "reward_param_2": 4.758780559648282, "reward_param_3": 9.081333041900145, "reward_param_4": 6.3319733323518, "group_weight_1": 0.3206761982960179, "group_weight_2": 0.3082044201811001, "group_weight_3": 0.37111938152288204, "hist_group_loss_1": 16.001632806716696, "hist_group_loss_2": 12.034770680304668, "hist_group_loss_3": 30.610823602238533, "cur_group_loss_1": 0.1593404160579419, "cur_group_loss_2": 0.12047221385704601, "cur_group_loss_3": 0.30394779020783264, "train_group_loss_1": 20.712899955494624, "train_group_loss_2": 13.615838658006682, "train_group_loss_3": 17.323610294076392, "val_group_loss_1": 18.768117357960854, "val_group_loss_2": 9.511336861596533, "val_group_loss_3": 17.24907943010041, "_timestamp": 1726690707.067275, "_runtime": 9.851326942443848, "_step": 2, "final/reward_err_1": 0.06585472589983431, "final/reward_err_2": 0.013657944709854217, "final/reward_err_3": 0.03198764970014582, "final/reward_param_1": 8.00069227434622, "final/reward_param_2": 4.758780559648282, "final/reward_param_3": 9.081333041900145, "final/reward_param_4": 6.3319733323518, "optimal_reward_1": 3.8741343021392822, "optimal_reward_2": 3.8741343021392822, "optimal_reward_3": 3.3486669063568115, "final/reward_1": 3.840017557144165, "final/reward_2": 3.611396074295044, "final/reward_3": 3.3486669063568115, "reward_0_when_1_group_param_known": 3.8741343021392822, "reward_1_when_1_group_param_known": 3.4676833152770996, "reward_2_when_1_group_param_known": 3.31387996673584, "reward_0_when_2_group_param_known": 3.4676833152770996, "reward_1_when_2_group_param_known": 3.8741343021392822, "reward_2_when_2_group_param_known": 3.1369452476501465, "reward_0_when_3_group_param_known": 3.840017557144165, "reward_1_when_3_group_param_known": 3.611396074295044, "reward_2_when_3_group_param_known": 3.3486669063568115, "reward_error_0_when_1_group_param_known": 0.0, "reward_error_1_when_1_group_param_known": 0.10491401566480076, "reward_error_2_when_1_group_param_known": 0.010388294982380973, "reward_error_0_when_2_group_param_known": 0.10491401566480076, "reward_error_1_when_2_group_param_known": 0.0, "reward_error_2_when_2_group_param_known": 0.0632256550523886, "reward_error_0_when_3_group_param_known": 0.008806288665903515, "reward_error_1_when_3_group_param_known": 0.06781856470467615, "reward_error_2_when_3_group_param_known": 0.0, "_wandb": {"runtime": 9}}