{"Iteration": 99, "train_loss": 18.8857848005785, "val_loss": 20.1063324690852, "grad_norm": 0.0018769642630576445, "live_grad": 9.157321143357143e-15, "train_weighted_loss": 56.65735440173549, "val_weighted_loss": 60.31899740725561, "max_reward_err": 0.13026480406354743, "max_reward_err_index": 0, "max_kl_dist": 2.08943747529686, "max_kl_dist_index": 0, "max_train_grp_loss": 23.576564514503666, "max_train_grp_loss_index": 0, "max_val_grp_loss": 24.495704878932465, "max_val_grp_loss_index": 0, "max_cur_train_grp_loss": 0.22454035841259795, "max_cur_train_grp_loss_index": 0, "reward_err_1": 0.13026480406354743, "reward_err_2": 0.003844638896060941, "reward_err_3": 0.08951882126506765, "KL_distance_1": 2.08943747529686, "KL_distance_2": 0.7793872952619608, "KL_distance_3": 1.7332184845823817, "reward_param_1": 14.842909376161568, "reward_param_2": 3.450852342492117, "reward_param_3": 6.15341434996431, "reward_param_4": 1.3401926952505832, "group_weight_1": 0.346367729828358, "group_weight_2": 0.32537125215748913, "group_weight_3": 0.3282610180141529, "hist_group_loss_1": 22.46492936540176, "hist_group_loss_2": 16.21151247152917, "hist_group_loss_3": 17.0957358541762, "cur_group_loss_1": 0.22454035841259795, "cur_group_loss_2": 0.16180427660640223, "cur_group_loss_3": 0.17048181395629572, "train_group_loss_1": 23.576564514503666, "train_group_loss_2": 14.562831123579867, "train_group_loss_3": 17.90039395265215, "val_group_loss_1": 24.495704878932465, "val_group_loss_2": 15.63719577851234, "val_group_loss_3": 19.93661544282447, "_timestamp": 1726611552.789279, "_runtime": 9.406728982925415, "_step": 2, "final/reward_err_1": 0.13026480406354743, "final/reward_err_2": 0.003844638896060941, "final/reward_err_3": 0.08951882126506765, "final/reward_param_1": 14.842909376161568, "final/reward_param_2": 3.450852342492117, "final/reward_param_3": 6.15341434996431, "final/reward_param_4": 1.3401926952505832, "optimal_reward_1": 3.9217183589935303, "optimal_reward_2": 3.9217183589935303, "optimal_reward_3": 3.399339199066162, "final/reward_1": 3.880511999130249, "final/reward_2": 3.6409873962402344, "final/reward_3": 3.399339199066162, "reward_0_when_1_group_param_known": 3.9217183589935303, "reward_1_when_1_group_param_known": 3.5069820880889893, "reward_2_when_1_group_param_known": 3.3640332221984863, "reward_0_when_2_group_param_known": 3.5069820880889893, "reward_1_when_2_group_param_known": 3.9217183589935303, "reward_2_when_2_group_param_known": 3.1911284923553467, "reward_0_when_3_group_param_known": 3.880511999130249, "reward_1_when_3_group_param_known": 3.6409873962402344, "reward_2_when_3_group_param_known": 3.399339199066162, "reward_error_0_when_1_group_param_known": 0.0, "reward_error_1_when_1_group_param_known": 0.10575371124074777, "reward_error_2_when_1_group_param_known": 0.010386129421087117, "reward_error_0_when_2_group_param_known": 0.10575371124074777, "reward_error_1_when_2_group_param_known": 0.0, "reward_error_2_when_2_group_param_known": 0.06125034735221873, "reward_error_0_when_3_group_param_known": 0.01050722058323853, "reward_error_1_when_3_group_param_known": 0.07158366232738414, "reward_error_2_when_3_group_param_known": 0.0, "_wandb": {"runtime": 9}}