{"Iteration": 199, "train_loss": 13.721246377482679, "val_loss": 14.218700806821793, "grad_norm": 0.05217840331114115, "live_grad": 3.4302118650948014e-14, "train_weighted_loss": 41.163739132448036, "val_weighted_loss": 42.65610242046538, "max_reward_err": 0.08860722761303881, "max_reward_err_index": 0, "max_kl_dist": 1.9904107027566718, "max_kl_dist_index": 0, "max_train_grp_loss": 19.73353882450621, "max_train_grp_loss_index": 0, "max_val_grp_loss": 19.040518102102066, "max_val_grp_loss_index": 0, "max_cur_train_grp_loss": 0.4110306400995916, "max_cur_train_grp_loss_index": 2, "reward_err_1": 0.08860722761303881, "reward_err_2": 0.0006562854883419312, "reward_err_3": 0.0512547394174586, "KL_distance_1": 1.9904107027566718, "KL_distance_2": 1.1290683563601793, "KL_distance_3": 1.6195891232711623, "reward_param_1": 11.95613974288021, "reward_param_2": 4.38775632603611, "reward_param_3": 12.955102427789265, "reward_param_4": 5.251591492794986, "group_weight_1": 0.2875557200318431, "group_weight_2": 0.23058858689725936, "group_weight_3": 0.48185569307089754, "hist_group_loss_1": 32.550051523645244, "hist_group_loss_2": 10.471897850780662, "hist_group_loss_3": 84.17285422259208, "cur_group_loss_1": 0.16175946834039584, "cur_group_loss_2": 0.0542158230149504, "cur_group_loss_3": 0.4110306400995916, "train_group_loss_1": 19.73353882450621, "train_group_loss_2": 7.431514793863444, "train_group_loss_3": 16.847918290140353, "val_group_loss_1": 19.040518102102066, "val_group_loss_2": 6.48809760389601, "val_group_loss_3": 16.717804589736893, "_timestamp": 1726698455.1121438, "_runtime": 14.298016786575317, "_step": 3, "final/reward_err_1": 0.08860722761303881, "final/reward_err_2": 0.0006562854883419312, "final/reward_err_3": 0.0512547394174586, "final/reward_param_1": 11.95613974288021, "final/reward_param_2": 4.38775632603611, "final/reward_param_3": 12.955102427789265, "final/reward_param_4": 5.251591492794986, "optimal_reward_1": 3.7876079082489014, "optimal_reward_2": 3.7876079082489014, "optimal_reward_3": 3.2552034854888916, "final/reward_1": 3.755828619003296, "final/reward_2": 3.553105354309082, "final/reward_3": 3.2552034854888916, "reward_0_when_1_group_param_known": 3.7876079082489014, "reward_1_when_1_group_param_known": 3.425462007522583, "reward_2_when_1_group_param_known": 3.221684455871582, "reward_0_when_2_group_param_known": 3.425462007522583, "reward_1_when_2_group_param_known": 3.7876079082489014, "reward_2_when_2_group_param_known": 3.069401741027832, "reward_0_when_3_group_param_known": 3.755828619003296, "reward_1_when_3_group_param_known": 3.553105354309082, "reward_2_when_3_group_param_known": 3.2552034854888916, "reward_error_0_when_1_group_param_known": 0.0, "reward_error_1_when_1_group_param_known": 0.09561335531526725, "reward_error_2_when_1_group_param_known": 0.010297061233416388, "reward_error_0_when_2_group_param_known": 0.09561335531526725, "reward_error_1_when_2_group_param_known": 0.0, "reward_error_2_when_2_group_param_known": 0.057078380902862186, "reward_error_0_when_3_group_param_known": 0.008390332372153529, "reward_error_1_when_3_group_param_known": 0.06191310178360972, "reward_error_2_when_3_group_param_known": 0.0, "_wandb": {"runtime": 14}}