{"Iteration": 99, "train_loss": 16.39904005860055, "val_loss": 16.89530354769413, "grad_norm": 0.014076176650435583, "live_grad": 2.897490670185949e-14, "train_weighted_loss": 49.19712017580166, "val_weighted_loss": 50.68591064308238, "max_reward_err": 0.10330056607829792, "max_reward_err_index": 0, "max_kl_dist": 1.7157214499120466, "max_kl_dist_index": 0, "max_train_grp_loss": 20.158526179214153, "max_train_grp_loss_index": 0, "max_val_grp_loss": 21.217287925444165, "max_val_grp_loss_index": 0, "max_cur_train_grp_loss": 0.3394663120103647, "max_cur_train_grp_loss_index": 2, "reward_err_1": 0.10330056607829792, "reward_err_2": 0.0005304378635180722, "reward_err_3": 0.06603457007412003, "KL_distance_1": 1.7157214499120466, "KL_distance_2": 0.8402765971350137, "KL_distance_3": 1.4199737719946244, "reward_param_1": 13.479908239751937, "reward_param_2": 3.4377712636145845, "reward_param_3": 7.865146921297208, "reward_param_4": 4.82986351339995, "group_weight_1": 0.3173230885793249, "group_weight_2": 0.29988962630049676, "group_weight_3": 0.38278728512017834, "hist_group_loss_1": 15.579076588276472, "hist_group_loss_2": 9.928479879750189, "hist_group_loss_3": 34.334974773195, "cur_group_loss_1": 0.15507483947979683, "cur_group_loss_2": 0.09998876184845039, "cur_group_loss_3": 0.3394663120103647, "train_group_loss_1": 20.158526179214153, "train_group_loss_2": 11.901824136815293, "train_group_loss_3": 17.309540039241288, "val_group_loss_1": 21.217287925444165, "val_group_loss_2": 12.356086031246724, "val_group_loss_3": 17.35343579527262, "_timestamp": 1726683384.0786219, "_runtime": 9.90873384475708, "_step": 2, "final/reward_err_1": 0.10330056607829792, "final/reward_err_2": 0.0005304378635180722, "final/reward_err_3": 0.06603457007412003, "final/reward_param_1": 13.479908239751937, "final/reward_param_2": 3.4377712636145845, "final/reward_param_3": 7.865146921297208, "final/reward_param_4": 4.82986351339995, "optimal_reward_1": 3.8605411052703857, "optimal_reward_2": 3.8605411052703857, "optimal_reward_3": 3.298776388168335, "final/reward_1": 3.825101613998413, "final/reward_2": 3.5993566513061523, "final/reward_3": 3.298776388168335, "reward_0_when_1_group_param_known": 3.8605411052703857, "reward_1_when_1_group_param_known": 3.4837193489074707, "reward_2_when_1_group_param_known": 3.270322322845459, "reward_0_when_2_group_param_known": 3.4837193489074707, "reward_1_when_2_group_param_known": 3.8605411052703857, "reward_2_when_2_group_param_known": 3.110097646713257, "reward_0_when_3_group_param_known": 3.825101613998413, "reward_1_when_3_group_param_known": 3.5993566513061523, "reward_2_when_3_group_param_known": 3.298776388168335, "reward_error_0_when_1_group_param_known": 0.0, "reward_error_1_when_1_group_param_known": 0.09760853364531734, "reward_error_2_when_1_group_param_known": 0.008625642351791921, "reward_error_0_when_2_group_param_known": 0.09760853364531734, "reward_error_1_when_2_group_param_known": 0.0, "reward_error_2_when_2_group_param_known": 0.05719658420370927, "reward_error_0_when_3_group_param_known": 0.009179928488156982, "reward_error_1_when_3_group_param_known": 0.06765488226706512, "reward_error_2_when_3_group_param_known": 0.0, "_wandb": {"runtime": 9}}