{"Iteration": 99, "train_loss": 19.613472839476, "val_loss": 19.536435989682438, "grad_norm": 0.29876136855072505, "max_reward_err": 0.10230597053961019, "max_reward_err_index": 0, "max_kl_dist": 0.7519340951871186, "max_kl_dist_index": 0, "max_train_grp_loss": 21.72983204664051, "max_train_grp_loss_index": 0, "max_val_grp_loss": 22.616449630669717, "max_val_grp_loss_index": 0, "max_cur_train_grp_loss": 21.735261049618114, "max_cur_train_grp_loss_index": 0, "reward_err_1": 0.109600139633181, "reward_err_2": 0.016802092748047708, "reward_err_3": 0.07194493692053897, "reward_param_1": 3.241457329349797, "reward_param_2": 1.6111412314166924, "reward_param_3": 8.045080882165278, "reward_param_4": 3.7582559475729225, "KL_distance_1": 0.7519340951871186, "KL_distance_2": 0.20670276290342882, "KL_distance_3": 0.5703799527941059, "hist_group_loss_1": 2211.621870495948, "hist_group_loss_2": 1751.17735421326, "hist_group_loss_3": 2151.3237147502778, "cur_group_loss_1": 21.735261049618114, "cur_group_loss_2": 16.48422534075714, "cur_group_loss_3": 20.999489529718485, "train_group_loss_1": 21.72983204664051, "train_group_loss_2": 16.471214772573962, "train_group_loss_3": 20.991790798085283, "val_group_loss_1": 22.616449630669717, "val_group_loss_2": 13.269082050825633, "val_group_loss_3": 22.601715340269166, "_timestamp": 1726608771.3796759, "_runtime": 8.174168825149536, "_step": 2, "final/reward_err_1": 0.109600139633181, "final/reward_err_2": 0.016802092748047708, "final/reward_err_3": 0.07194493692053897, "final/reward_param_1": 3.241457329349797, "final/reward_param_2": 1.6111412314166924, "final/reward_param_3": 8.045080882165278, "final/reward_param_4": 3.7582559475729225, "optimal_reward_1": 3.9244344234466553, "optimal_reward_2": 3.9244344234466553, "optimal_reward_3": 3.420322895050049, "final/reward_1": 3.8856606483459473, "final/reward_2": 3.648857831954956, "final/reward_3": 3.420322895050049, "reward_0_when_1_group_param_known": 3.9244344234466553, "reward_1_when_1_group_param_known": 3.531189441680908, "reward_2_when_1_group_param_known": 3.3788671493530273, "reward_0_when_2_group_param_known": 3.531189441680908, "reward_1_when_2_group_param_known": 3.9244344234466553, "reward_2_when_2_group_param_known": 3.2225024700164795, "reward_0_when_3_group_param_known": 3.8856606483459473, "reward_1_when_3_group_param_known": 3.648857831954956, "reward_2_when_3_group_param_known": 3.420322895050049, "reward_error_0_when_1_group_param_known": 0.0, "reward_error_1_when_1_group_param_known": 0.10020424329587284, "reward_error_2_when_1_group_param_known": 0.01212041873503141, "reward_error_0_when_2_group_param_known": 0.10020424329587284, "reward_error_1_when_2_group_param_known": 0.0, "reward_error_2_when_2_group_param_known": 0.05783676895531077, "reward_error_0_when_3_group_param_known": 0.00988009249665452, "reward_error_1_when_3_group_param_known": 0.07022071507814179, "reward_error_2_when_3_group_param_known": 0.0, "_wandb": {"runtime": 8}}