{"hist_group_loss_1":9.463824420234213,"reward_error_1_when_1_group_param_known":0.06442968345654335,"max_kl_dist_index":2,"KL_distance_1":0.942234619140625,"_wandb":{"runtime":105},"hist_group_loss_3":20.84868289682894,"reward_error_1_when_3_group_param_known":0.015270013049259644,"reward_1_when_2_group_param_known":7.24455908203125,"cur_group_loss_3":0.2056100795962686,"_runtime":105.330678,"KL_distance_3":0.9593115844726563,"final/reward_2":7.1339345703125,"max_cur_train_grp_loss":0.2056100795962686,"final/reward_param_2":6.805824317115074,"max_val_grp_loss":14.769304596031619,"reward_error_2_when_3_group_param_known":0,"reward_param_2":6.805824317115074,"final/reward_param_4":13.76117869428283,"final/reward_param_1":5.041549250929,"reward_0_when_3_group_param_known":3.841189453125,"reward_error_2_when_1_group_param_known":0.0064852651372159075,"max_reward_err_index":1,"grad_norm":0.3551744518518083,"reward_error_0_when_1_group_param_known":0,"max_cur_train_grp_loss_index":2,"Iteration":99,"reward_err_2":0.03160109988254256,"reward_0_when_2_group_param_known":3.441058349609375,"final/reward_1":3.841189453125,"KL_distance_2":0.4852216796875,"val_weighted_loss":39.80836058103145,"max_train_grp_loss":14.950486664091741,"optimal_reward_1":3.867779541015625,"reward_err_3":0.002559649521013967,"cur_group_loss_2":0.11960197023610954,"max_kl_dist":0.9593115844726563,"max_val_grp_loss_index":1,"optimal_reward_2":7.24455908203125,"val_loss":13.269453527010484,"reward_2_when_3_group_param_known":3.27631982421875,"train_group_loss_1":11.791802143225182,"max_train_grp_loss_index":1,"group_weight_3":0.9998957508428148,"reward_2_when_1_group_param_known":3.255072021484375,"live_grad":1.753744687862772e-14,"train_weighted_loss":38.56811297007125,"_timestamp":1.7283142373322392e+09,"final/reward_err_1":0.010729607367558956,"val_group_loss_3":12.348994847993119,"reward_0_when_1_group_param_known":3.867779541015625,"reward_1_when_3_group_param_known":7.1339345703125,"reward_2_when_2_group_param_known":3.05710986328125,"reward_param_3":6.545273587906354,"final/reward_3":3.27631982421875,"reward_error_0_when_2_group_param_known":0.11032717529039895,"final/reward_param_3":6.545273587906354,"group_weight_1":1.1365106484565606e-05,"reward_error_0_when_3_group_param_known":0.006874768225192712,"final/reward_err_2":0.03160109988254256,"_step":101,"final/reward_err_3":0.002559649521013967,"optimal_reward_3":3.27631982421875,"reward_param_4":13.76117869428283,"train_group_loss_2":14.950486664091741,"train_group_loss_3":10.280503921850203,"max_reward_err":0.03160109988254256,"val_group_loss_1":12.691795844761222,"reward_err_1":0.010729607367558956,"train_loss":12.856037656690416,"reward_1_when_1_group_param_known":6.77779443359375,"val_group_loss_2":14.769304596031619,"cur_group_loss_1":0.09433451532524702,"hist_group_loss_2":11.564628542090055,"reward_error_2_when_2_group_param_known":0.06690737556116683,"group_weight_2":9.28840507006933e-05,"reward_error_1_when_2_group_param_known":0,"reward_param_1":5.041549250929}