{"Iteration": 99, "train_loss": 17.93387442569436, "val_loss": 20.692512564362374, "grad_norm": 0.33133039320723373, "max_reward_err": 0.10543626306208324, "max_reward_err_index": 1, "max_kl_dist": 0.48017357642642344, "max_kl_dist_index": 1, "max_train_grp_loss": 20.593508868467712, "max_train_grp_loss_index": 0, "max_val_grp_loss": 22.147502421616643, "max_val_grp_loss_index": 1, "max_cur_train_grp_loss": 20.602156520680854, "max_cur_train_grp_loss_index": 0, "reward_err_1": 0.05733206655485023, "reward_err_2": 0.0632257890311468, "reward_err_3": 0.02927847922728531, "reward_param_1": 3.695781617396663, "reward_param_2": 2.6551616326680785, "reward_param_3": 6.120555623582639, "reward_param_4": 6.609437469043729, "KL_distance_1": 0.4456741474151561, "KL_distance_2": 0.48017357642642344, "KL_distance_3": 0.3502491656692745, "hist_group_loss_1": 2125.967083847683, "hist_group_loss_2": 1448.2138949155515, "hist_group_loss_3": 2128.4738630650795, "cur_group_loss_1": 20.602156520680854, "cur_group_loss_2": 13.309159636384148, "cur_group_loss_3": 20.372205885162558, "train_group_loss_1": 20.593508868467712, "train_group_loss_2": 13.298418004351888, "train_group_loss_3": 20.359121237651248, "val_group_loss_1": 20.251069918158336, "val_group_loss_2": 22.147502421616643, "val_group_loss_3": 19.70280058455359, "_timestamp": 1726605718.156636, "_runtime": 8.353678941726685, "_step": 2, "final/reward_err_1": 0.05733206655485023, "final/reward_err_2": 0.0632257890311468, "final/reward_err_3": 0.02927847922728531, "final/reward_param_1": 3.695781617396663, "final/reward_param_2": 2.6551616326680785, "final/reward_param_3": 6.120555623582639, "final/reward_param_4": 6.609437469043729, "optimal_reward_1": 3.7967944145202637, "optimal_reward_2": 3.7967944145202637, "optimal_reward_3": 3.2860965728759766, "final/reward_1": 3.762887954711914, "final/reward_2": 3.552025556564331, "final/reward_3": 3.2860965728759766, "reward_0_when_1_group_param_known": 3.7967944145202637, "reward_1_when_1_group_param_known": 3.4310121536254883, "reward_2_when_1_group_param_known": 3.2510554790496826, "reward_0_when_2_group_param_known": 3.4310121536254883, "reward_1_when_2_group_param_known": 3.7967944145202637, "reward_2_when_2_group_param_known": 3.104628562927246, "reward_0_when_3_group_param_known": 3.762887954711914, "reward_1_when_3_group_param_known": 3.552025556564331, "reward_2_when_3_group_param_known": 3.2860965728759766, "reward_error_0_when_1_group_param_known": 0.0, "reward_error_1_when_1_group_param_known": 0.09633975953396283, "reward_error_2_when_1_group_param_known": 0.010663440056974997, "reward_error_0_when_2_group_param_known": 0.09633975953396283, "reward_error_1_when_2_group_param_known": 0.0, "reward_error_2_when_2_group_param_known": 0.05522296923547518, "reward_error_0_when_3_group_param_known": 0.008930285948240838, "reward_error_1_when_3_group_param_known": 0.06446724031721372, "reward_error_2_when_3_group_param_known": 0.0, "_wandb": {"runtime": 8}}