{"Iteration": 199, "train_loss": 16.471328565504617, "val_loss": 14.760089507123052, "grad_norm": 0.02976320512515826, "live_grad": 2.0702385034197337e-14, "train_weighted_loss": 49.41398569651385, "val_weighted_loss": 44.28026852136915, "max_reward_err": 0.1098680448374508, "max_reward_err_index": 0, "max_kl_dist": 1.9145409818806498, "max_kl_dist_index": 0, "max_train_grp_loss": 19.649216692535877, "max_train_grp_loss_index": 0, "max_val_grp_loss": 20.241242925501176, "max_val_grp_loss_index": 0, "max_cur_train_grp_loss": 0.349550057677426, "max_cur_train_grp_loss_index": 2, "reward_err_1": 0.1098680448374508, "reward_err_2": 0.00013770731171565536, "reward_err_3": 0.06850377555166562, "KL_distance_1": 1.9145409818806498, "KL_distance_2": 0.9640377390155683, "KL_distance_3": 1.551325709723531, "reward_param_1": 10.304700095598053, "reward_param_2": 3.929270037689958, "reward_param_3": 13.321308382146292, "reward_param_4": 3.446041182009457, "group_weight_1": 0.29687404410651386, "group_weight_2": 0.2647149691820505, "group_weight_3": 0.4384109867114356, "hist_group_loss_1": 31.71515028166236, "hist_group_loss_2": 20.249720701872757, "hist_group_loss_3": 70.70003441338035, "cur_group_loss_1": 0.15720817087449176, "cur_group_loss_2": 0.10310748557390785, "cur_group_loss_3": 0.349550057677426, "train_group_loss_1": 19.649216692535877, "train_group_loss_2": 12.891752908056807, "train_group_loss_3": 17.475547391545998, "val_group_loss_1": 20.241242925501176, "val_group_loss_2": 5.618719797068725, "val_group_loss_3": 18.817304132455938, "_timestamp": 1726692635.9573572, "_runtime": 14.155656099319458, "_step": 3, "final/reward_err_1": 0.1098680448374508, "final/reward_err_2": 0.00013770731171565536, "final/reward_err_3": 0.06850377555166562, "final/reward_param_1": 10.304700095598053, "final/reward_param_2": 3.929270037689958, "final/reward_param_3": 13.321308382146292, "final/reward_param_4": 3.446041182009457, "optimal_reward_1": 3.822805166244507, "optimal_reward_2": 3.822805166244507, "optimal_reward_3": 3.2835702896118164, "final/reward_1": 3.7867486476898193, "final/reward_2": 3.5572304725646973, "final/reward_3": 3.2835702896118164, "reward_0_when_1_group_param_known": 3.822805166244507, "reward_1_when_1_group_param_known": 3.427518129348755, "reward_2_when_1_group_param_known": 3.2508020401000977, "reward_0_when_2_group_param_known": 3.427518129348755, "reward_1_when_2_group_param_known": 3.822805166244507, "reward_2_when_2_group_param_known": 3.080749988555908, "reward_0_when_3_group_param_known": 3.7867486476898193, "reward_1_when_3_group_param_known": 3.5572304725646973, "reward_2_when_3_group_param_known": 3.2835702896118164, "reward_error_0_when_1_group_param_known": 0.0, "reward_error_1_when_1_group_param_known": 0.10340234976821452, "reward_error_2_when_1_group_param_known": 0.009979457304564846, "reward_error_0_when_2_group_param_known": 0.10340234976821452, "reward_error_1_when_2_group_param_known": 0.0, "reward_error_2_when_2_group_param_known": 0.061768222747528155, "reward_error_0_when_3_group_param_known": 0.009431952973451988, "reward_error_1_when_3_group_param_known": 0.06947115590008163, "reward_error_2_when_3_group_param_known": 0.0, "_wandb": {"runtime": 14}}