{"Iteration": 99, "train_loss": 20.023130784270766, "val_loss": 20.259475317461057, "grad_norm": 0.31718945759514805, "max_reward_err": 0.09991057623601728, "max_reward_err_index": 0, "max_kl_dist": 0.5577403943283695, "max_kl_dist_index": 0, "max_train_grp_loss": 23.66112080699156, "max_train_grp_loss_index": 0, "max_val_grp_loss": 23.802226524517796, "max_val_grp_loss_index": 0, "max_cur_train_grp_loss": 23.664637394995086, "max_cur_train_grp_loss_index": 0, "reward_err_1": 0.08554506737079814, "reward_err_2": 0.00232700901876547, "reward_err_3": 0.04720807108316734, "reward_param_1": 5.815449030013696, "reward_param_2": 2.010022202551472, "reward_param_3": 5.320161894284138, "reward_param_4": 2.851486508509021, "KL_distance_1": 0.5577403943283695, "KL_distance_2": 0.1565169794766312, "KL_distance_3": 0.3872466262445319, "hist_group_loss_1": 2392.572793445982, "hist_group_loss_2": 1719.9614240789672, "hist_group_loss_3": 2210.418081375516, "cur_group_loss_1": 23.664637394995086, "cur_group_loss_2": 15.926747547096426, "cur_group_loss_3": 21.287959919285925, "train_group_loss_1": 23.66112080699156, "train_group_loss_2": 15.913326519805809, "train_group_loss_3": 21.275637910717133, "val_group_loss_1": 23.802226524517796, "val_group_loss_2": 16.78616428639774, "val_group_loss_3": 20.52224513432016, "_timestamp": 1726611383.6291032, "_runtime": 8.052041292190552, "_step": 2, "final/reward_err_1": 0.08554506737079814, "final/reward_err_2": 0.00232700901876547, "final/reward_err_3": 0.04720807108316734, "final/reward_param_1": 5.815449030013696, "final/reward_param_2": 2.010022202551472, "final/reward_param_3": 5.320161894284138, "final/reward_param_4": 2.851486508509021, "optimal_reward_1": 3.87953782081604, "optimal_reward_2": 3.87953782081604, "optimal_reward_3": 3.3318350315093994, "final/reward_1": 3.8410425186157227, "final/reward_2": 3.6315650939941406, "final/reward_3": 3.3318350315093994, "reward_0_when_1_group_param_known": 3.87953782081604, "reward_1_when_1_group_param_known": 3.4939897060394287, "reward_2_when_1_group_param_known": 3.290055751800537, "reward_0_when_2_group_param_known": 3.4939897060394287, "reward_1_when_2_group_param_known": 3.87953782081604, "reward_2_when_2_group_param_known": 3.1354916095733643, "reward_0_when_3_group_param_known": 3.8410425186157227, "reward_1_when_3_group_param_known": 3.6315650939941406, "reward_2_when_3_group_param_known": 3.3318350315093994, "reward_error_0_when_1_group_param_known": 0.0, "reward_error_1_when_1_group_param_known": 0.09937990878911275, "reward_error_2_when_1_group_param_known": 0.01253942026353427, "reward_error_0_when_2_group_param_known": 0.09937990878911275, "reward_error_1_when_2_group_param_known": 0.0, "reward_error_2_when_2_group_param_known": 0.058929514840681346, "reward_error_0_when_3_group_param_known": 0.009922651609108454, "reward_error_1_when_3_group_param_known": 0.06391811042319977, "reward_error_2_when_3_group_param_known": 0.0, "_wandb": {"runtime": 7}}