{"Iteration": 99, "train_loss": 19.498319769220075, "val_loss": 20.162871349620975, "grad_norm": 0.34071977636668316, "max_reward_err": 0.07537166656071001, "max_reward_err_index": 0, "max_kl_dist": 0.5695331461171106, "max_kl_dist_index": 0, "max_train_grp_loss": 23.0081929295272, "max_train_grp_loss_index": 0, "max_val_grp_loss": 22.78526264379795, "max_val_grp_loss_index": 0, "max_cur_train_grp_loss": 23.00886623285027, "max_cur_train_grp_loss_index": 0, "reward_err_1": 0.082026512159662, "reward_err_2": 0.011621026539992741, "reward_err_3": 0.044139810087432466, "reward_param_1": 4.54442422648043, "reward_param_2": 2.8212464103002084, "reward_param_3": 6.742699751157579, "reward_param_4": 3.7528977738098557, "KL_distance_1": 0.5695331461171106, "KL_distance_2": 0.22801755789598507, "KL_distance_3": 0.41824487087245743, "hist_group_loss_1": 2310.908210051493, "hist_group_loss_2": 1745.7491849587893, "hist_group_loss_3": 2153.0522318376875, "cur_group_loss_1": 23.00886623285027, "cur_group_loss_2": 15.387108682808838, "cur_group_loss_3": 20.807818555715425, "train_group_loss_1": 23.0081929295272, "train_group_loss_2": 15.365544637465963, "train_group_loss_3": 20.797040471554258, "val_group_loss_1": 22.78526264379795, "val_group_loss_2": 15.00871230566645, "val_group_loss_3": 22.171753399287205, "_timestamp": 1726608750.855191, "_runtime": 8.91043210029602, "_step": 2, "final/reward_err_1": 0.082026512159662, "final/reward_err_2": 0.011621026539992741, "final/reward_err_3": 0.044139810087432466, "final/reward_param_1": 4.54442422648043, "final/reward_param_2": 2.8212464103002084, "final/reward_param_3": 6.742699751157579, "final/reward_param_4": 3.7528977738098557, "optimal_reward_1": 3.8290088176727295, "optimal_reward_2": 3.8290088176727295, "optimal_reward_3": 3.285464286804199, "final/reward_1": 3.7922840118408203, "final/reward_2": 3.5524039268493652, "final/reward_3": 3.285464286804199, "reward_0_when_1_group_param_known": 3.8290088176727295, "reward_1_when_1_group_param_known": 3.4431886672973633, "reward_2_when_1_group_param_known": 3.2572572231292725, "reward_0_when_2_group_param_known": 3.4431886672973633, "reward_1_when_2_group_param_known": 3.8290088176727295, "reward_2_when_2_group_param_known": 3.095651149749756, "reward_0_when_3_group_param_known": 3.7922840118408203, "reward_1_when_3_group_param_known": 3.5524039268493652, "reward_2_when_3_group_param_known": 3.285464286804199, "reward_error_0_when_1_group_param_known": 0.0, "reward_error_1_when_1_group_param_known": 0.10076240843181646, "reward_error_2_when_1_group_param_known": 0.008585411744762572, "reward_error_0_when_2_group_param_known": 0.10076240843181646, "reward_error_1_when_2_group_param_known": 0.0, "reward_error_2_when_2_group_param_known": 0.05777361142436167, "reward_error_0_when_3_group_param_known": 0.009591204298722537, "reward_error_1_when_3_group_param_known": 0.0722392932465182, "reward_error_2_when_3_group_param_known": 0.0, "_wandb": {"runtime": 8}}