{"Iteration": 99, "train_loss": 17.468269263258897, "val_loss": 18.260944000509845, "grad_norm": 0.34244813271214525, "max_reward_err": 0.07683400662105237, "max_reward_err_index": 0, "max_kl_dist": 0.8899002497492359, "max_kl_dist_index": 0, "max_train_grp_loss": 20.608590582055424, "max_train_grp_loss_index": 0, "max_val_grp_loss": 21.43311754660909, "max_val_grp_loss_index": 0, "max_cur_train_grp_loss": 20.61438383406554, "max_cur_train_grp_loss_index": 0, "reward_err_1": 0.09775030034600833, "reward_err_2": 0.001776100010434073, "reward_err_3": 0.05689394328845192, "reward_param_1": 7.415285139161568, "reward_param_2": 2.1078709245385054, "reward_param_3": 7.49718191916137, "reward_param_4": 3.599052146958906, "KL_distance_1": 0.8899002497492359, "KL_distance_2": 0.35100982943895265, "KL_distance_3": 0.6662255046943196, "hist_group_loss_1": 2102.194033807277, "hist_group_loss_2": 1499.05106650372, "hist_group_loss_3": 2028.3900608891856, "cur_group_loss_1": 20.61438383406554, "cur_group_loss_2": 13.510632073983794, "cur_group_loss_3": 19.56723161606807, "train_group_loss_1": 20.608590582055424, "train_group_loss_2": 13.492799641246439, "train_group_loss_3": 19.55614002129873, "val_group_loss_1": 21.43311754660909, "val_group_loss_2": 14.004321582401138, "val_group_loss_3": 19.524565465948783, "_timestamp": 1726684110.134596, "_runtime": 8.546072006225586, "_step": 2, "final/reward_err_1": 0.09775030034600833, "final/reward_err_2": 0.001776100010434073, "final/reward_err_3": 0.05689394328845192, "final/reward_param_1": 7.415285139161568, "final/reward_param_2": 2.1078709245385054, "final/reward_param_3": 7.49718191916137, "final/reward_param_4": 3.599052146958906, "optimal_reward_1": 3.822805166244507, "optimal_reward_2": 3.822805166244507, "optimal_reward_3": 3.2835702896118164, "final/reward_1": 3.7867486476898193, "final/reward_2": 3.5572304725646973, "final/reward_3": 3.2835702896118164, "reward_0_when_1_group_param_known": 3.822805166244507, "reward_1_when_1_group_param_known": 3.427518129348755, "reward_2_when_1_group_param_known": 3.2508020401000977, "reward_0_when_2_group_param_known": 3.427518129348755, "reward_1_when_2_group_param_known": 3.822805166244507, "reward_2_when_2_group_param_known": 3.080749988555908, "reward_0_when_3_group_param_known": 3.7867486476898193, "reward_1_when_3_group_param_known": 3.5572304725646973, "reward_2_when_3_group_param_known": 3.2835702896118164, "reward_error_0_when_1_group_param_known": 0.0, "reward_error_1_when_1_group_param_known": 0.10340234976821452, "reward_error_2_when_1_group_param_known": 0.009979457304564846, "reward_error_0_when_2_group_param_known": 0.10340234976821452, "reward_error_1_when_2_group_param_known": 0.0, "reward_error_2_when_2_group_param_known": 0.061768222747528155, "reward_error_0_when_3_group_param_known": 0.009431952973451988, "reward_error_1_when_3_group_param_known": 0.06947115590008163, "reward_error_2_when_3_group_param_known": 0.0, "_wandb": {"runtime": 8}}