{"Iteration": 99, "train_loss": 15.441949898732352, "val_loss": 16.128756577147655, "grad_norm": 0.4069579366243765, "max_reward_err": 0.08913825234402804, "max_reward_err_index": 0, "max_kl_dist": 0.8880681695139969, "max_kl_dist_index": 0, "max_train_grp_loss": 20.985033935244267, "max_train_grp_loss_index": 0, "max_val_grp_loss": 20.249846973155538, "max_val_grp_loss_index": 0, "max_cur_train_grp_loss": 20.994705094387644, "max_cur_train_grp_loss_index": 0, "reward_err_1": 0.08182126494037092, "reward_err_2": 0.0034674907271335137, "reward_err_3": 0.043768644258992545, "reward_param_1": 7.170515025054446, "reward_param_2": 3.6115440619154424, "reward_param_3": 7.94463720308974, "reward_param_4": 3.891540064226186, "KL_distance_1": 0.8880681695139969, "KL_distance_2": 0.40712160414374216, "KL_distance_3": 0.6784131122137326, "hist_group_loss_1": 2172.847201837623, "hist_group_loss_2": 967.1647196278096, "hist_group_loss_3": 1976.9434294304622, "cur_group_loss_1": 20.994705094387644, "cur_group_loss_2": 7.527776887800633, "cur_group_loss_3": 18.55414874833691, "train_group_loss_1": 20.985033935244267, "train_group_loss_2": 7.504011018248488, "train_group_loss_3": 18.536444087295983, "val_group_loss_1": 20.249846973155538, "val_group_loss_2": 8.519781754293827, "val_group_loss_3": 18.99935094325268, "_timestamp": 1726681903.4059021, "_runtime": 8.674175262451172, "_step": 2, "final/reward_err_1": 0.08182126494037092, "final/reward_err_2": 0.0034674907271335137, "final/reward_err_3": 0.043768644258992545, "final/reward_param_1": 7.170515025054446, "final/reward_param_2": 3.6115440619154424, "final/reward_param_3": 7.94463720308974, "final/reward_param_4": 3.891540064226186, "optimal_reward_1": 3.8714330196380615, "optimal_reward_2": 3.8714330196380615, "optimal_reward_3": 3.34783935546875, "final/reward_1": 3.8367903232574463, "final/reward_2": 3.6059677600860596, "final/reward_3": 3.34783935546875, "reward_0_when_1_group_param_known": 3.8714330196380615, "reward_1_when_1_group_param_known": 3.4622552394866943, "reward_2_when_1_group_param_known": 3.31345272064209, "reward_0_when_2_group_param_known": 3.4622552394866943, "reward_1_when_2_group_param_known": 3.8714330196380615, "reward_2_when_2_group_param_known": 3.1356377601623535, "reward_0_when_3_group_param_known": 3.8367903232574463, "reward_1_when_3_group_param_known": 3.6059677600860596, "reward_2_when_3_group_param_known": 3.34783935546875, "reward_error_0_when_1_group_param_known": 0.0, "reward_error_1_when_1_group_param_known": 0.10569155609196644, "reward_error_2_when_1_group_param_known": 0.010271291772255747, "reward_error_0_when_2_group_param_known": 0.10569155609196644, "reward_error_1_when_2_group_param_known": 0.0, "reward_error_2_when_2_group_param_known": 0.06338464089077683, "reward_error_0_when_3_group_param_known": 0.008948287676653118, "reward_error_1_when_3_group_param_known": 0.06857028345974592, "reward_error_2_when_3_group_param_known": 0.0, "_wandb": {"runtime": 8}}