{"Iteration": 99, "train_loss": 22.833074382802216, "val_loss": 22.31332559784741, "grad_norm": 0.2529781466404922, "max_reward_err": 0.07865347127219263, "max_reward_err_index": 1, "max_kl_dist": 0.213622661624163, "max_kl_dist_index": 0, "max_train_grp_loss": 23.782269330199366, "max_train_grp_loss_index": 2, "max_val_grp_loss": 23.87633986058336, "max_val_grp_loss_index": 2, "max_cur_train_grp_loss": 23.78521835601994, "max_cur_train_grp_loss_index": 2, "reward_err_1": 0.07823281230650542, "reward_err_2": 0.013918592362013761, "reward_err_3": 0.042367165455870506, "reward_param_1": 2.764570962790962, "reward_param_2": 1.9737878636050956, "reward_param_3": 4.079038852372793, "reward_param_4": 2.3803967428160324, "KL_distance_1": 0.213622661624163, "KL_distance_2": 0.046422368332294746, "KL_distance_3": 0.12128467576978082, "hist_group_loss_1": 2392.919851100588, "hist_group_loss_2": 2178.0729760259023, "hist_group_loss_3": 2398.21105021632, "cur_group_loss_1": 23.77007853895184, "cur_group_loss_2": 20.652701517814283, "cur_group_loss_3": 23.78521835601994, "train_group_loss_1": 23.767892049775142, "train_group_loss_2": 20.63729613188089, "train_group_loss_3": 23.782269330199366, "val_group_loss_1": 23.707108404107057, "val_group_loss_2": 19.34483329794736, "val_group_loss_3": 23.87633986058336, "_timestamp": 1726610820.190355, "_runtime": 8.734162092208862, "_step": 2, "final/reward_err_1": 0.07823281230650542, "final/reward_err_2": 0.013918592362013761, "final/reward_err_3": 0.042367165455870506, "final/reward_param_1": 2.764570962790962, "final/reward_param_2": 1.9737878636050956, "final/reward_param_3": 4.079038852372793, "final/reward_param_4": 2.3803967428160324, "optimal_reward_1": 3.8370602130889893, "optimal_reward_2": 3.8370602130889893, "optimal_reward_3": 3.2754106521606445, "final/reward_1": 3.8012948036193848, "final/reward_2": 3.564321994781494, "final/reward_3": 3.2754106521606445, "reward_0_when_1_group_param_known": 3.8370602130889893, "reward_1_when_1_group_param_known": 3.438476324081421, "reward_2_when_1_group_param_known": 3.2456254959106445, "reward_0_when_2_group_param_known": 3.438476324081421, "reward_1_when_2_group_param_known": 3.8370602130889893, "reward_2_when_2_group_param_known": 3.073289155960083, "reward_0_when_3_group_param_known": 3.8012948036193848, "reward_1_when_3_group_param_known": 3.564321994781494, "reward_2_when_3_group_param_known": 3.2754106521606445, "reward_error_0_when_1_group_param_known": 0.0, "reward_error_1_when_1_group_param_known": 0.10387741314246725, "reward_error_2_when_1_group_param_known": 0.009093563956736857, "reward_error_0_when_2_group_param_known": 0.10387741314246725, "reward_error_1_when_2_group_param_known": 0.0, "reward_error_2_when_2_group_param_known": 0.06170874973103933, "reward_error_0_when_3_group_param_known": 0.00932104462359007, "reward_error_1_when_3_group_param_known": 0.07107999436056016, "reward_error_2_when_3_group_param_known": 0.0, "_wandb": {"runtime": 7}}