{"Iteration": 99, "train_loss": 16.665708828602636, "val_loss": 16.83369457982552, "grad_norm": 0.4688882176196423, "max_reward_err": 0.08569700270864135, "max_reward_err_index": 1, "max_kl_dist": 0.5649836629587242, "max_kl_dist_index": 0, "max_train_grp_loss": 20.626898779286314, "max_train_grp_loss_index": 0, "max_val_grp_loss": 20.45695454659175, "max_val_grp_loss_index": 0, "max_cur_train_grp_loss": 20.635736777893474, "max_cur_train_grp_loss_index": 0, "reward_err_1": 0.06771418090463434, "reward_err_2": 0.01614328008685438, "reward_err_3": 0.03140375853968292, "reward_param_1": 6.434271807950351, "reward_param_2": 3.9087701102891717, "reward_param_3": 5.437473669482379, "reward_param_4": 4.342643518837583, "KL_distance_1": 0.5649836629587242, "KL_distance_2": 0.3187147965462118, "KL_distance_3": 0.4267387947171849, "hist_group_loss_1": 2130.611403445412, "hist_group_loss_2": 1490.8725509065155, "hist_group_loss_3": 2029.5111235111735, "cur_group_loss_1": 20.635736777893474, "cur_group_loss_2": 11.93852169764707, "cur_group_loss_3": 19.323673703369547, "train_group_loss_1": 20.626898779286314, "train_group_loss_2": 11.901014228526138, "train_group_loss_3": 19.31002088645022, "val_group_loss_1": 20.45695454659175, "val_group_loss_2": 10.115084379103978, "val_group_loss_3": 19.46246564064809, "_timestamp": 1726689357.544876, "_runtime": 8.341315984725952, "_step": 2, "final/reward_err_1": 0.06771418090463434, "final/reward_err_2": 0.01614328008685438, "final/reward_err_3": 0.03140375853968292, "final/reward_param_1": 6.434271807950351, "final/reward_param_2": 3.9087701102891717, "final/reward_param_3": 5.437473669482379, "final/reward_param_4": 4.342643518837583, "optimal_reward_1": 3.860621452331543, "optimal_reward_2": 3.860621452331543, "optimal_reward_3": 3.3138341903686523, "final/reward_1": 3.8245344161987305, "final/reward_2": 3.578054666519165, "final/reward_3": 3.3138341903686523, "reward_0_when_1_group_param_known": 3.860621452331543, "reward_1_when_1_group_param_known": 3.4612629413604736, "reward_2_when_1_group_param_known": 3.285645008087158, "reward_0_when_2_group_param_known": 3.4612629413604736, "reward_1_when_2_group_param_known": 3.860621452331543, "reward_2_when_2_group_param_known": 3.115248203277588, "reward_0_when_3_group_param_known": 3.8245344161987305, "reward_1_when_3_group_param_known": 3.578054666519165, "reward_2_when_3_group_param_known": 3.3138341903686523, "reward_error_0_when_1_group_param_known": 0.0, "reward_error_1_when_1_group_param_known": 0.1034440998430149, "reward_error_2_when_1_group_param_known": 0.008506515613672933, "reward_error_0_when_2_group_param_known": 0.1034440998430149, "reward_error_1_when_2_group_param_known": 0.0, "reward_error_2_when_2_group_param_known": 0.0599263498663379, "reward_error_0_when_3_group_param_known": 0.009347468167597338, "reward_error_1_when_3_group_param_known": 0.07319204674722188, "reward_error_2_when_3_group_param_known": 0.0, "_wandb": {"runtime": 8}}