{"Iteration": 199, "train_loss": 16.529423513947133, "val_loss": 15.843480732969535, "grad_norm": 0.20344894043595677, "max_reward_err": 0.08384806758114836, "max_reward_err_index": 0, "max_kl_dist": 1.0221089579932803, "max_kl_dist_index": 0, "max_train_grp_loss": 19.855721270244054, "max_train_grp_loss_index": 0, "max_val_grp_loss": 19.999689090679954, "max_val_grp_loss_index": 0, "max_cur_train_grp_loss": 19.860061664030326, "max_cur_train_grp_loss_index": 0, "reward_err_1": 0.08592135285352888, "reward_err_2": 0.00956240575024526, "reward_err_3": 0.050692976783755804, "reward_param_1": 9.936991611329143, "reward_param_2": 5.0182017212019865, "reward_param_3": 6.290092611448206, "reward_param_4": 3.9033468030258565, "KL_distance_1": 1.0221089579932803, "KL_distance_2": 0.5539858218734807, "KL_distance_3": 0.8318361035198175, "hist_group_loss_1": 4163.040944275464, "hist_group_loss_2": 2820.6179317926235, "hist_group_loss_3": 3907.077065790805, "cur_group_loss_1": 19.860061664030326, "cur_group_loss_2": 12.736480974947366, "cur_group_loss_3": 18.21398471078699, "train_group_loss_1": 19.855721270244054, "train_group_loss_2": 12.733551414208078, "train_group_loss_3": 18.20719178148499, "val_group_loss_1": 19.999689090679954, "val_group_loss_2": 8.86980719216539, "val_group_loss_3": 18.66450308027916, "_timestamp": 1726692085.117899, "_runtime": 11.482298851013184, "_step": 3, "final/reward_err_1": 0.08592135285352888, "final/reward_err_2": 0.00956240575024526, "final/reward_err_3": 0.050692976783755804, "final/reward_param_1": 9.936991611329143, "final/reward_param_2": 5.0182017212019865, "final/reward_param_3": 6.290092611448206, "final/reward_param_4": 3.9033468030258565, "optimal_reward_1": 3.843956232070923, "optimal_reward_2": 3.843956232070923, "optimal_reward_3": 3.254488229751587, "final/reward_1": 3.8041796684265137, "final/reward_2": 3.590562105178833, "final/reward_3": 3.254488229751587, "reward_0_when_1_group_param_known": 3.843956232070923, "reward_1_when_1_group_param_known": 3.4647014141082764, "reward_2_when_1_group_param_known": 3.2180964946746826, "reward_0_when_2_group_param_known": 3.4647014141082764, "reward_1_when_2_group_param_known": 3.843956232070923, "reward_2_when_2_group_param_known": 3.0630156993865967, "reward_0_when_3_group_param_known": 3.8041796684265137, "reward_1_when_3_group_param_known": 3.590562105178833, "reward_2_when_3_group_param_known": 3.254488229751587, "reward_error_0_when_1_group_param_known": 0.0, "reward_error_1_when_1_group_param_known": 0.09866262648841967, "reward_error_2_when_1_group_param_known": 0.011182014654169469, "reward_error_0_when_2_group_param_known": 0.09866262648841967, "reward_error_1_when_2_group_param_known": 0.0, "reward_error_2_when_2_group_param_known": 0.058833376201703216, "reward_error_0_when_3_group_param_known": 0.010347819080910722, "reward_error_1_when_3_group_param_known": 0.06592013841832281, "reward_error_2_when_3_group_param_known": 0.0, "_wandb": {"runtime": 11}}