{"Iteration": 99, "train_loss": 15.113152679663866, "val_loss": 15.872371011531664, "grad_norm": 0.4357770939736859, "max_reward_err": 0.06625043541501573, "max_reward_err_index": 1, "max_kl_dist": 0.8112722170188574, "max_kl_dist_index": 0, "max_train_grp_loss": 20.827804305946685, "max_train_grp_loss_index": 0, "max_val_grp_loss": 20.271295810988523, "max_val_grp_loss_index": 0, "max_cur_train_grp_loss": 20.830768661987815, "max_cur_train_grp_loss_index": 0, "reward_err_1": 0.07549376454370495, "reward_err_2": 0.0144601763492564, "reward_err_3": 0.03781639106094264, "reward_param_1": 8.271794229964554, "reward_param_2": 3.779628013313775, "reward_param_3": 5.788489706274117, "reward_param_4": 5.147375740963543, "KL_distance_1": 0.8112722170188574, "KL_distance_2": 0.4286431330686106, "KL_distance_3": 0.6358406582998123, "hist_group_loss_1": 2112.0986099730717, "hist_group_loss_2": 1152.9733614962163, "hist_group_loss_3": 1975.2769111281955, "cur_group_loss_1": 20.830768661987815, "cur_group_loss_2": 8.897432739764312, "cur_group_loss_3": 19.007925082798216, "train_group_loss_1": 20.827804305946685, "train_group_loss_2": 8.861751847731231, "train_group_loss_3": 18.9974067179143, "val_group_loss_1": 20.271295810988523, "val_group_loss_2": 8.753866638443526, "val_group_loss_3": 18.637853633986072, "_timestamp": 1726681828.322011, "_runtime": 8.28912901878357, "_step": 2, "final/reward_err_1": 0.07549376454370495, "final/reward_err_2": 0.0144601763492564, "final/reward_err_3": 0.03781639106094264, "final/reward_param_1": 8.271794229964554, "final/reward_param_2": 3.779628013313775, "final/reward_param_3": 5.788489706274117, "final/reward_param_4": 5.147375740963543, "optimal_reward_1": 3.9575352668762207, "optimal_reward_2": 3.9575352668762207, "optimal_reward_3": 3.453465223312378, "final/reward_1": 3.9158573150634766, "final/reward_2": 3.681488275527954, "final/reward_3": 3.453465223312378, "reward_0_when_1_group_param_known": 3.9575352668762207, "reward_1_when_1_group_param_known": 3.5510668754577637, "reward_2_when_1_group_param_known": 3.4159226417541504, "reward_0_when_2_group_param_known": 3.5510668754577637, "reward_1_when_2_group_param_known": 3.9575352668762207, "reward_2_when_2_group_param_known": 3.2513158321380615, "reward_0_when_3_group_param_known": 3.9158573150634766, "reward_1_when_3_group_param_known": 3.681488275527954, "reward_2_when_3_group_param_known": 3.453465223312378, "reward_error_0_when_1_group_param_known": 0.0, "reward_error_1_when_1_group_param_known": 0.10270745906436166, "reward_error_2_when_1_group_param_known": 0.010870988740468253, "reward_error_0_when_2_group_param_known": 0.10270745906436166, "reward_error_1_when_2_group_param_known": 0.0, "reward_error_2_when_2_group_param_known": 0.058535232904539165, "reward_error_0_when_3_group_param_known": 0.010531290058633277, "reward_error_1_when_3_group_param_known": 0.06975225051276858, "reward_error_2_when_3_group_param_known": 0.0, "_wandb": {"runtime": 8}}