{"Iteration": 199, "train_loss": 16.201497297074088, "val_loss": 14.469436396290224, "grad_norm": 0.02640434045926937, "live_grad": 2.7210205132569214e-14, "train_weighted_loss": 48.60449189122225, "val_weighted_loss": 43.40830918887067, "max_reward_err": 0.0971573414065357, "max_reward_err_index": 0, "max_kl_dist": 1.7306883503264288, "max_kl_dist_index": 0, "max_train_grp_loss": 18.98682856401035, "max_train_grp_loss_index": 0, "max_val_grp_loss": 19.766653931302038, "max_val_grp_loss_index": 0, "max_cur_train_grp_loss": 0.3205032390562444, "max_cur_train_grp_loss_index": 2, "reward_err_1": 0.0971573414065357, "reward_err_2": 0.0002526403657545175, "reward_err_3": 0.05732205250317709, "KL_distance_1": 1.7306883503264288, "KL_distance_2": 0.9217628426968352, "KL_distance_3": 1.3955821797401478, "reward_param_1": 12.286832350852604, "reward_param_2": 3.9391324020979406, "reward_param_3": 10.503451748801536, "reward_param_4": 4.443904195827661, "group_weight_1": 0.301197643099464, "group_weight_2": 0.27429087651113626, "group_weight_3": 0.4245114803893997, "hist_group_loss_1": 30.62292845640645, "hist_group_loss_2": 21.265175010684793, "hist_group_loss_3": 64.94016635876262, "cur_group_loss_1": 0.15190654337881757, "cur_group_loss_2": 0.10787705870665804, "cur_group_loss_3": 0.3205032390562444, "train_group_loss_1": 18.98682856401035, "train_group_loss_2": 13.487492679682887, "train_group_loss_3": 16.0231806732114, "val_group_loss_1": 19.766653931302038, "val_group_loss_2": 6.0300541570524295, "val_group_loss_3": 17.8198143825446, "_timestamp": 1726698878.628386, "_runtime": 14.596735000610352, "_step": 3, "final/reward_err_1": 0.0971573414065357, "final/reward_err_2": 0.0002526403657545175, "final/reward_err_3": 0.05732205250317709, "final/reward_param_1": 12.286832350852604, "final/reward_param_2": 3.9391324020979406, "final/reward_param_3": 10.503451748801536, "final/reward_param_4": 4.443904195827661, "optimal_reward_1": 3.8295645713806152, "optimal_reward_2": 3.8295645713806152, "optimal_reward_3": 3.2923295497894287, "final/reward_1": 3.7937707901000977, "final/reward_2": 3.5698022842407227, "final/reward_3": 3.2923295497894287, "reward_0_when_1_group_param_known": 3.8295645713806152, "reward_1_when_1_group_param_known": 3.440261125564575, "reward_2_when_1_group_param_known": 3.2583417892456055, "reward_0_when_2_group_param_known": 3.440261125564575, "reward_1_when_2_group_param_known": 3.8295645713806152, "reward_2_when_2_group_param_known": 3.092778205871582, "reward_0_when_3_group_param_known": 3.7937707901000977, "reward_1_when_3_group_param_known": 3.5698022842407227, "reward_2_when_3_group_param_known": 3.2923295497894287, "reward_error_0_when_1_group_param_known": 0.0, "reward_error_1_when_1_group_param_known": 0.10165736562464864, "reward_error_2_when_1_group_param_known": 0.010323316675876822, "reward_error_0_when_2_group_param_known": 0.10165736562464864, "reward_error_1_when_2_group_param_known": 0.0, "reward_error_2_when_2_group_param_known": 0.0606109871141574, "reward_error_0_when_3_group_param_known": 0.009346697415161585, "reward_error_1_when_3_group_param_known": 0.06783076307974209, "reward_error_2_when_3_group_param_known": 0.0, "_wandb": {"runtime": 14}}