{"Iteration": 99, "train_loss": 18.190030778306028, "val_loss": 19.176072255005014, "grad_norm": 0.015598933281126194, "live_grad": 2.9565997515715124e-14, "train_weighted_loss": 54.57009233491806, "val_weighted_loss": 57.52821676501502, "max_reward_err": 0.09886230270690394, "max_reward_err_index": 0, "max_kl_dist": 1.35298423099902, "max_kl_dist_index": 0, "max_train_grp_loss": 20.320689823235575, "max_train_grp_loss_index": 0, "max_val_grp_loss": 21.101442061445034, "max_val_grp_loss_index": 0, "max_cur_train_grp_loss": 0.43627502523044476, "max_cur_train_grp_loss_index": 2, "reward_err_1": 0.09886230270690394, "reward_err_2": 0.014227899637075244, "reward_err_3": 0.06379218997693877, "KL_distance_1": 1.35298423099902, "KL_distance_2": 0.5382070799034631, "KL_distance_3": 1.1433682789600805, "reward_param_1": 3.990084494365248, "reward_param_2": 3.328089653578162, "reward_param_3": 12.025246585945393, "reward_param_4": 5.005131384703754, "group_weight_1": 0.3061303649347485, "group_weight_2": 0.2915848662516876, "group_weight_3": 0.4022847688135638, "hist_group_loss_1": 16.763878759325912, "hist_group_loss_2": 11.895884695503092, "hist_group_loss_3": 44.078796513650914, "cur_group_loss_1": 0.1665797219925826, "cur_group_loss_2": 0.11956967240242644, "cur_group_loss_3": 0.43627502523044476, "train_group_loss_1": 20.320689823235575, "train_group_loss_2": 16.38408906445788, "train_group_loss_3": 17.88450910308141, "val_group_loss_1": 21.101442061445034, "val_group_loss_2": 17.527906784192123, "val_group_loss_3": 18.92441825941882, "_timestamp": 1726685197.482027, "_runtime": 9.998780012130737, "_step": 2, "final/reward_err_1": 0.09886230270690394, "final/reward_err_2": 0.014227899637075244, "final/reward_err_3": 0.06379218997693877, "final/reward_param_1": 3.990084494365248, "final/reward_param_2": 3.328089653578162, "final/reward_param_3": 12.025246585945393, "final/reward_param_4": 5.005131384703754, "optimal_reward_1": 3.924014091491699, "optimal_reward_2": 3.924014091491699, "optimal_reward_3": 3.40653657913208, "final/reward_1": 3.8835723400115967, "final/reward_2": 3.6450908184051514, "final/reward_3": 3.40653657913208, "reward_0_when_1_group_param_known": 3.924014091491699, "reward_1_when_1_group_param_known": 3.5108532905578613, "reward_2_when_1_group_param_known": 3.372161388397217, "reward_0_when_2_group_param_known": 3.5108532905578613, "reward_1_when_2_group_param_known": 3.924014091491699, "reward_2_when_2_group_param_known": 3.199089765548706, "reward_0_when_3_group_param_known": 3.8835723400115967, "reward_1_when_3_group_param_known": 3.6450908184051514, "reward_2_when_3_group_param_known": 3.40653657913208, "reward_error_0_when_1_group_param_known": 0.0, "reward_error_1_when_1_group_param_known": 0.10529034588068371, "reward_error_2_when_1_group_param_known": 0.010090950129653801, "reward_error_0_when_2_group_param_known": 0.10529034588068371, "reward_error_1_when_2_group_param_known": 0.0, "reward_error_2_when_2_group_param_known": 0.060896693390630634, "reward_error_0_when_3_group_param_known": 0.010306219737536355, "reward_error_1_when_3_group_param_known": 0.0710811089316237, "reward_error_2_when_3_group_param_known": 0.0, "_wandb": {"runtime": 9}}