{"Iteration": 1999, "train_loss": 16.496568524902976, "val_loss": 15.836970478914022, "grad_norm": 0.1942456204492073, "live_grad": 5.040216893988333e-15, "train_weighted_loss": 49.48970557470893, "val_weighted_loss": 47.51091143674207, "max_reward_err": 0.06522605685384682, "max_reward_err_index": 0, "max_kl_dist": 1.9348250019854185, "max_kl_dist_index": 0, "max_train_grp_loss": 17.934815771658485, "max_train_grp_loss_index": 0, "max_val_grp_loss": 16.869942091747237, "max_val_grp_loss_index": 0, "max_cur_train_grp_loss": 0.1793515064210663, "max_cur_train_grp_loss_index": 0, "reward_err_1": 0.06522605685384682, "reward_err_2": 0.020343253612938244, "reward_err_3": 0.030031619847125025, "KL_distance_1": 1.9348250019854185, "KL_distance_2": 1.558458020331923, "KL_distance_3": 1.7055120033669253, "reward_param_1": 11.144222533664317, "reward_param_2": 9.319336657143133, "reward_param_3": 13.719784811141956, "reward_param_4": 9.225364166082432, "group_weight_1": 0.5723043401009019, "group_weight_2": 0.12583865609868833, "group_weight_3": 0.30185700380040975, "hist_group_loss_1": 381.8894635840586, "hist_group_loss_2": 230.4224302091084, "hist_group_loss_3": 317.917713073267, "cur_group_loss_1": 0.1793515064210663, "cur_group_loss_2": 0.1629739042957097, "cur_group_loss_3": 0.1505303014036129, "train_group_loss_1": 17.934815771658485, "train_group_loss_2": 17.11392963223224, "train_group_loss_3": 14.300277567585885, "val_group_loss_1": 16.869942091747237, "val_group_loss_2": 15.54437108260663, "val_group_loss_3": 15.064606870316098, "_timestamp": 1726580528.3180952, "_runtime": 94.36587524414062, "_step": 21, "final/reward_err_1": 0.06522605685384682, "final/reward_err_2": 0.020343253612938244, "final/reward_err_3": 0.030031619847125025, "final/reward_param_1": 11.144222533664317, "final/reward_param_2": 9.319336657143133, "final/reward_param_3": 13.719784811141956, "final/reward_param_4": 9.225364166082432, "optimal_reward_1": 3.8835737705230713, "optimal_reward_2": 3.8835737705230713, "optimal_reward_3": 3.3118627071380615, "final/reward_1": 3.8489270210266113, "final/reward_2": 3.5929198265075684, "final/reward_3": 3.3118627071380615, "reward_0_when_1_group_param_known": 3.8835737705230713, "reward_1_when_1_group_param_known": 3.457217216491699, "reward_2_when_1_group_param_known": 3.288090705871582, "reward_0_when_2_group_param_known": 3.457217216491699, "reward_1_when_2_group_param_known": 3.8835737705230713, "reward_2_when_2_group_param_known": 3.0940170288085938, "reward_0_when_3_group_param_known": 3.8489270210266113, "reward_1_when_3_group_param_known": 3.5929198265075684, "reward_2_when_3_group_param_known": 3.3118627071380615, "reward_error_0_when_1_group_param_known": 0.0, "reward_error_1_when_1_group_param_known": 0.10978458997418425, "reward_error_2_when_1_group_param_known": 0.007177834158174392, "reward_error_0_when_2_group_param_known": 0.10978458997418425, "reward_error_1_when_2_group_param_known": 0.0, "reward_error_2_when_2_group_param_known": 0.06577738801187161, "reward_error_0_when_3_group_param_known": 0.00892135737434272, "reward_error_1_when_3_group_param_known": 0.07484187534214273, "reward_error_2_when_3_group_param_known": 0.0, "_wandb": {"runtime": 94}}