{"Iteration": 99, "train_loss": 17.337610137521164, "val_loss": 17.729771548527914, "grad_norm": 0.45854276391071835, "max_reward_err": 0.05765010346926654, "max_reward_err_index": 1, "max_kl_dist": 0.6826932934346771, "max_kl_dist_index": 0, "max_train_grp_loss": 22.08638358962876, "max_train_grp_loss_index": 0, "max_val_grp_loss": 21.314645455409146, "max_val_grp_loss_index": 0, "max_cur_train_grp_loss": 22.092016688514263, "max_cur_train_grp_loss_index": 0, "reward_err_1": 0.08118995480657684, "reward_err_2": 0.0057379111799379144, "reward_err_3": 0.04459576265501051, "reward_param_1": 5.4394918982871605, "reward_param_2": 3.141273015033944, "reward_param_3": 7.135404748510805, "reward_param_4": 3.4979812082232296, "KL_distance_1": 0.6826932934346771, "KL_distance_2": 0.276045682366413, "KL_distance_3": 0.5069831946561179, "hist_group_loss_1": 2253.6294465942074, "hist_group_loss_2": 1420.0491892839266, "hist_group_loss_3": 2097.9074885163827, "cur_group_loss_1": 22.092016688514263, "cur_group_loss_2": 11.264609414709115, "cur_group_loss_3": 19.84263714828453, "train_group_loss_1": 22.08638358962876, "train_group_loss_2": 11.22750365856081, "train_group_loss_3": 19.82559633928096, "val_group_loss_1": 21.314645455409146, "val_group_loss_2": 11.190284382815037, "val_group_loss_3": 20.43558042626575, "_timestamp": 1726584781.857074, "_runtime": 7.980616092681885, "_step": 2, "final/reward_err_1": 0.08118995480657684, "final/reward_err_2": 0.0057379111799379144, "final/reward_err_3": 0.04459576265501051, "final/reward_param_1": 5.4394918982871605, "final/reward_param_2": 3.141273015033944, "final/reward_param_3": 7.135404748510805, "final/reward_param_4": 3.4979812082232296, "optimal_reward_1": 3.8684823513031006, "optimal_reward_2": 3.8684823513031006, "optimal_reward_3": 3.312178611755371, "final/reward_1": 3.832144021987915, "final/reward_2": 3.6156766414642334, "final/reward_3": 3.312178611755371, "reward_0_when_1_group_param_known": 3.8684823513031006, "reward_1_when_1_group_param_known": 3.4799795150756836, "reward_2_when_1_group_param_known": 3.271944284439087, "reward_0_when_2_group_param_known": 3.4799795150756836, "reward_1_when_2_group_param_known": 3.8684823513031006, "reward_2_when_2_group_param_known": 3.1135053634643555, "reward_0_when_3_group_param_known": 3.832144021987915, "reward_1_when_3_group_param_known": 3.6156766414642334, "reward_2_when_3_group_param_known": 3.312178611755371, "reward_error_0_when_1_group_param_known": 0.0, "reward_error_1_when_1_group_param_known": 0.10042771323398944, "reward_error_2_when_1_group_param_known": 0.012147390594663916, "reward_error_0_when_2_group_param_known": 0.10042771323398944, "reward_error_1_when_2_group_param_known": 0.0, "reward_error_2_when_2_group_param_known": 0.059982649361328924, "reward_error_0_when_3_group_param_known": 0.009393432880195242, "reward_error_1_when_3_group_param_known": 0.06535010034457296, "reward_error_2_when_3_group_param_known": 0.0, "_wandb": {"runtime": 7}}