{"Iteration": 99, "train_loss": 14.123728862402992, "val_loss": 15.103809331019177, "grad_norm": 0.015126305596412766, "live_grad": 3.821103149551109e-14, "train_weighted_loss": 42.371186587208975, "val_weighted_loss": 45.31142799305753, "max_reward_err": 0.08713658940309041, "max_reward_err_index": 0, "max_kl_dist": 1.7306880262667519, "max_kl_dist_index": 0, "max_train_grp_loss": 19.045105118680446, "max_train_grp_loss_index": 2, "max_val_grp_loss": 20.20649460860681, "max_val_grp_loss_index": 0, "max_cur_train_grp_loss": 0.30720953894640285, "max_cur_train_grp_loss_index": 2, "reward_err_1": 0.08713658940309041, "reward_err_2": 0.004271829014890188, "reward_err_3": 0.050580813869672316, "KL_distance_1": 1.7306880262667519, "KL_distance_2": 0.9241398312801703, "KL_distance_3": 1.4249779503384201, "reward_param_1": 9.03082023131713, "reward_param_2": 5.50730115444829, "reward_param_3": 12.878641116868943, "reward_param_4": 4.86577773642888, "group_weight_1": 0.322767262098958, "group_weight_2": 0.29678473369928443, "group_weight_3": 0.38044800420175756, "hist_group_loss_1": 14.466240419971506, "hist_group_loss_2": 6.0737965122924935, "hist_group_loss_3": 30.908040819612918, "cur_group_loss_1": 0.14367941444426185, "cur_group_loss_2": 0.06179018051134232, "cur_group_loss_3": 0.30720953894640285, "train_group_loss_1": 18.101601759941566, "train_group_loss_2": 6.924288567947079, "train_group_loss_3": 19.045105118680446, "val_group_loss_1": 20.20649460860681, "val_group_loss_2": 8.376254719131952, "val_group_loss_3": 16.949668074845356, "_timestamp": 1726683052.8643358, "_runtime": 9.876389741897583, "_step": 2, "final/reward_err_1": 0.08713658940309041, "final/reward_err_2": 0.004271829014890188, "final/reward_err_3": 0.050580813869672316, "final/reward_param_1": 9.03082023131713, "final/reward_param_2": 5.50730115444829, "final/reward_param_3": 12.878641116868943, "final/reward_param_4": 4.86577773642888, "optimal_reward_1": 3.7993900775909424, "optimal_reward_2": 3.7993900775909424, "optimal_reward_3": 3.2844576835632324, "final/reward_1": 3.7590062618255615, "final/reward_2": 3.5602219104766846, "final/reward_3": 3.2844576835632324, "reward_0_when_1_group_param_known": 3.7993900775909424, "reward_1_when_1_group_param_known": 3.436445713043213, "reward_2_when_1_group_param_known": 3.2425923347473145, "reward_0_when_2_group_param_known": 3.436445713043213, "reward_1_when_2_group_param_known": 3.7993900775909424, "reward_2_when_2_group_param_known": 3.1007323265075684, "reward_0_when_3_group_param_known": 3.7590062618255615, "reward_1_when_3_group_param_known": 3.5602219104766846, "reward_2_when_3_group_param_known": 3.2844576835632324, "reward_error_0_when_1_group_param_known": 0.0, "reward_error_1_when_1_group_param_known": 0.09552700752902413, "reward_error_2_when_1_group_param_known": 0.012746502725679575, "reward_error_0_when_2_group_param_known": 0.09552700752902413, "reward_error_1_when_2_group_param_known": 0.0, "reward_error_2_when_2_group_param_known": 0.055937806102694144, "reward_error_0_when_3_group_param_known": 0.010629025959605284, "reward_error_1_when_3_group_param_known": 0.06294909504683073, "reward_error_2_when_3_group_param_known": 0.0, "_wandb": {"runtime": 9}}