{"Iteration": 99, "train_loss": 18.21627757651614, "val_loss": 18.35257202752378, "grad_norm": 0.3463035985184525, "max_reward_err": 0.0724591830780425, "max_reward_err_index": 1, "max_kl_dist": 0.5719308302638644, "max_kl_dist_index": 0, "max_train_grp_loss": 20.92702126968415, "max_train_grp_loss_index": 0, "max_val_grp_loss": 20.558742496661473, "max_val_grp_loss_index": 0, "max_cur_train_grp_loss": 20.926914252132917, "max_cur_train_grp_loss_index": 0, "reward_err_1": 0.06082902235074126, "reward_err_2": 0.02307022745843457, "reward_err_3": 0.027309873950189124, "reward_param_1": 6.65840234227521, "reward_param_2": 3.5920326333166703, "reward_param_3": 5.155235764337574, "reward_param_4": 5.142343750870688, "KL_distance_1": 0.5719308302638644, "KL_distance_2": 0.35860607483874773, "KL_distance_3": 0.4392756908056008, "hist_group_loss_1": 2096.086228135431, "hist_group_loss_2": 1673.4670310492643, "hist_group_loss_3": 1966.6740162731312, "cur_group_loss_1": 20.926914252132917, "cur_group_loss_2": 15.045836315094194, "cur_group_loss_3": 18.813055153152813, "train_group_loss_1": 20.92702126968415, "train_group_loss_2": 15.023842950870279, "train_group_loss_3": 18.799549723113543, "val_group_loss_1": 20.558742496661473, "val_group_loss_2": 15.576805922834048, "val_group_loss_3": 18.959868339204615, "_timestamp": 1726604843.3063219, "_runtime": 8.091472864151001, "_step": 2, "final/reward_err_1": 0.06082902235074126, "final/reward_err_2": 0.02307022745843457, "final/reward_err_3": 0.027309873950189124, "final/reward_param_1": 6.65840234227521, "final/reward_param_2": 3.5920326333166703, "final/reward_param_3": 5.155235764337574, "final/reward_param_4": 5.142343750870688, "optimal_reward_1": 3.8366410732269287, "optimal_reward_2": 3.8366410732269287, "optimal_reward_3": 3.288270950317383, "final/reward_1": 3.801785469055176, "final/reward_2": 3.5611062049865723, "final/reward_3": 3.288270950317383, "reward_0_when_1_group_param_known": 3.8366410732269287, "reward_1_when_1_group_param_known": 3.45465350151062, "reward_2_when_1_group_param_known": 3.2577602863311768, "reward_0_when_2_group_param_known": 3.45465350151062, "reward_1_when_2_group_param_known": 3.8366410732269287, "reward_2_when_2_group_param_known": 3.1000757217407227, "reward_0_when_3_group_param_known": 3.801785469055176, "reward_1_when_3_group_param_known": 3.5611062049865723, "reward_2_when_3_group_param_known": 3.288270950317383, "reward_error_0_when_1_group_param_known": 0.0, "reward_error_1_when_1_group_param_known": 0.09956301995042394, "reward_error_2_when_1_group_param_known": 0.009278634409144774, "reward_error_0_when_2_group_param_known": 0.09956301995042394, "reward_error_1_when_2_group_param_known": 0.0, "reward_error_2_when_2_group_param_known": 0.05723227538731126, "reward_error_0_when_3_group_param_known": 0.009084927025096074, "reward_error_1_when_3_group_param_known": 0.0718166914708571, "reward_error_2_when_3_group_param_known": 0.0, "_wandb": {"runtime": 7}}