{"Iteration": 99, "train_loss": 16.57147518887672, "val_loss": 17.060555876490433, "grad_norm": 0.5101476399969489, "max_reward_err": 0.11549860246037019, "max_reward_err_index": 1, "max_kl_dist": 0.5458210530845169, "max_kl_dist_index": 0, "max_train_grp_loss": 20.592307424357557, "max_train_grp_loss_index": 0, "max_val_grp_loss": 20.759585414489955, "max_val_grp_loss_index": 0, "max_cur_train_grp_loss": 20.601125226424827, "max_cur_train_grp_loss_index": 0, "reward_err_1": 0.060793303408605844, "reward_err_2": 0.030674383402678387, "reward_err_3": 0.026854526240594406, "reward_param_1": 5.425891767430092, "reward_param_2": 2.6787312797607283, "reward_param_3": 6.132617360930138, "reward_param_4": 5.497070975041851, "KL_distance_1": 0.5458210530845169, "KL_distance_2": 0.36838234586742974, "KL_distance_3": 0.41247774344409677, "hist_group_loss_1": 2127.279336657071, "hist_group_loss_2": 1458.0645106409597, "hist_group_loss_3": 2090.8218044417254, "cur_group_loss_1": 20.601125226424827, "cur_group_loss_2": 10.820822776422885, "cur_group_loss_3": 19.870663440384423, "train_group_loss_1": 20.592307424357557, "train_group_loss_2": 10.771334735778982, "train_group_loss_3": 19.85595603801637, "val_group_loss_1": 20.759585414489955, "val_group_loss_2": 12.66465818724986, "val_group_loss_3": 19.7314565240485, "_timestamp": 1726687184.631196, "_runtime": 8.543540000915527, "_step": 2, "final/reward_err_1": 0.060793303408605844, "final/reward_err_2": 0.030674383402678387, "final/reward_err_3": 0.026854526240594406, "final/reward_param_1": 5.425891767430092, "final/reward_param_2": 2.6787312797607283, "final/reward_param_3": 6.132617360930138, "final/reward_param_4": 5.497070975041851, "optimal_reward_1": 3.798638105392456, "optimal_reward_2": 3.798638105392456, "optimal_reward_3": 3.2300760746002197, "final/reward_1": 3.7604806423187256, "final/reward_2": 3.5411648750305176, "final/reward_3": 3.2300760746002197, "reward_0_when_1_group_param_known": 3.798638105392456, "reward_1_when_1_group_param_known": 3.4322617053985596, "reward_2_when_1_group_param_known": 3.1943700313568115, "reward_0_when_2_group_param_known": 3.4322617053985596, "reward_1_when_2_group_param_known": 3.798638105392456, "reward_2_when_2_group_param_known": 3.0506064891815186, "reward_0_when_3_group_param_known": 3.7604806423187256, "reward_1_when_3_group_param_known": 3.5411648750305176, "reward_2_when_3_group_param_known": 3.2300760746002197, "reward_error_0_when_1_group_param_known": 0.0, "reward_error_1_when_1_group_param_known": 0.09644940892731985, "reward_error_2_when_1_group_param_known": 0.011054242197013106, "reward_error_0_when_2_group_param_known": 0.09644940892731985, "reward_error_1_when_2_group_param_known": 0.0, "reward_error_2_when_2_group_param_known": 0.05556203051375927, "reward_error_0_when_3_group_param_known": 0.010045037725379274, "reward_error_1_when_3_group_param_known": 0.06778040529747638, "reward_error_2_when_3_group_param_known": 0.0, "_wandb": {"runtime": 8}}