{"Iteration": 99, "train_loss": 17.979035867691206, "val_loss": 16.879618986900887, "grad_norm": 0.48896195955705535, "max_reward_err": 0.09788663469668782, "max_reward_err_index": 0, "max_kl_dist": 0.6893979150420829, "max_kl_dist_index": 0, "max_train_grp_loss": 21.25008053860959, "max_train_grp_loss_index": 0, "max_val_grp_loss": 20.66234634010592, "max_val_grp_loss_index": 0, "max_cur_train_grp_loss": 21.264505993327298, "max_cur_train_grp_loss_index": 0, "reward_err_1": 0.08625876643430906, "reward_err_2": 0.010770107046281495, "reward_err_3": 0.04795187521432291, "reward_param_1": 4.729159395857757, "reward_param_2": 2.929045374326399, "reward_param_3": 7.546888506859209, "reward_param_4": 3.9311652787857763, "KL_distance_1": 0.6893979150420829, "KL_distance_2": 0.26960686707986065, "KL_distance_3": 0.5200181504733727, "hist_group_loss_1": 2220.7267652410774, "hist_group_loss_2": 1434.3196134407722, "hist_group_loss_3": 2166.7909450056877, "cur_group_loss_1": 21.264505993327298, "cur_group_loss_2": 11.31005970584158, "cur_group_loss_3": 20.572794384453854, "train_group_loss_1": 21.25008053860959, "train_group_loss_2": 11.267881765547115, "train_group_loss_3": 20.555477558354063, "val_group_loss_1": 20.66234634010592, "val_group_loss_2": 10.561383292462525, "val_group_loss_3": 19.535123578327436, "_timestamp": 1726665676.301397, "_runtime": 7.910488128662109, "_step": 2, "final/reward_err_1": 0.08625876643430906, "final/reward_err_2": 0.010770107046281495, "final/reward_err_3": 0.04795187521432291, "final/reward_param_1": 4.729159395857757, "final/reward_param_2": 2.929045374326399, "final/reward_param_3": 7.546888506859209, "final/reward_param_4": 3.9311652787857763, "optimal_reward_1": 3.8669028282165527, "optimal_reward_2": 3.8669028282165527, "optimal_reward_3": 3.3657867908477783, "final/reward_1": 3.8246397972106934, "final/reward_2": 3.594559669494629, "final/reward_3": 3.3657867908477783, "reward_0_when_1_group_param_known": 3.8669028282165527, "reward_1_when_1_group_param_known": 3.4664041996002197, "reward_2_when_1_group_param_known": 3.3253726959228516, "reward_0_when_2_group_param_known": 3.4664041996002197, "reward_1_when_2_group_param_known": 3.8669028282165527, "reward_2_when_2_group_param_known": 3.1640493869781494, "reward_0_when_3_group_param_known": 3.8246397972106934, "reward_1_when_3_group_param_known": 3.594559669494629, "reward_2_when_3_group_param_known": 3.3657867908477783, "reward_error_0_when_1_group_param_known": 0.0, "reward_error_1_when_1_group_param_known": 0.10357090581483432, "reward_error_2_when_1_group_param_known": 0.012007324716711247, "reward_error_0_when_2_group_param_known": 0.10357090581483432, "reward_error_1_when_2_group_param_known": 0.0, "reward_error_2_when_2_group_param_known": 0.05993766581358977, "reward_error_0_when_3_group_param_known": 0.01092942669711497, "reward_error_1_when_3_group_param_known": 0.07042927397467878, "reward_error_2_when_3_group_param_known": 0.0, "_wandb": {"runtime": 7}}