{"Iteration": 99, "train_loss": 18.134063901037724, "val_loss": 18.164547689771855, "grad_norm": 0.33862813514250434, "max_reward_err": 0.10099477183411901, "max_reward_err_index": 0, "max_kl_dist": 0.5476042754645193, "max_kl_dist_index": 0, "max_train_grp_loss": 21.310555360272136, "max_train_grp_loss_index": 0, "max_val_grp_loss": 20.673754795877628, "max_val_grp_loss_index": 0, "max_cur_train_grp_loss": 21.320243089070228, "max_cur_train_grp_loss_index": 0, "reward_err_1": 0.08204479598950566, "reward_err_2": 0.024224527069536508, "reward_err_3": 0.048165539135378924, "reward_param_1": 3.7001454338004756, "reward_param_2": 3.3425245947522124, "reward_param_3": 6.92732439880958, "reward_param_4": 4.442721405928128, "KL_distance_1": 0.5476042754645193, "KL_distance_2": 0.27454083588702916, "KL_distance_3": 0.4168874909486859, "hist_group_loss_1": 2208.9181475810196, "hist_group_loss_2": 1642.3921277747186, "hist_group_loss_3": 2116.535903864696, "cur_group_loss_1": 21.320243089070228, "cur_group_loss_2": 15.10289790470638, "cur_group_loss_3": 20.15433238033772, "train_group_loss_1": 21.310555360272136, "train_group_loss_2": 15.090928798453067, "train_group_loss_3": 20.140734689488895, "val_group_loss_1": 20.673754795877628, "val_group_loss_2": 13.279955952210903, "val_group_loss_3": 20.178522589546112, "_timestamp": 1726682699.693519, "_runtime": 8.343593120574951, "_step": 2, "final/reward_err_1": 0.08204479598950566, "final/reward_err_2": 0.024224527069536508, "final/reward_err_3": 0.048165539135378924, "final/reward_param_1": 3.7001454338004756, "final/reward_param_2": 3.3425245947522124, "final/reward_param_3": 6.92732439880958, "final/reward_param_4": 4.442721405928128, "optimal_reward_1": 3.8138465881347656, "optimal_reward_2": 3.8138465881347656, "optimal_reward_3": 3.308058500289917, "final/reward_1": 3.7787630558013916, "final/reward_2": 3.5612988471984863, "final/reward_3": 3.308058500289917, "reward_0_when_1_group_param_known": 3.8138465881347656, "reward_1_when_1_group_param_known": 3.439753770828247, "reward_2_when_1_group_param_known": 3.273068904876709, "reward_0_when_2_group_param_known": 3.439753770828247, "reward_1_when_2_group_param_known": 3.8138465881347656, "reward_2_when_2_group_param_known": 3.121405839920044, "reward_0_when_3_group_param_known": 3.7787630558013916, "reward_1_when_3_group_param_known": 3.5612988471984863, "reward_2_when_3_group_param_known": 3.308058500289917, "reward_error_0_when_1_group_param_known": 0.0, "reward_error_1_when_1_group_param_known": 0.09808806113763369, "reward_error_2_when_1_group_param_known": 0.010577078794145125, "reward_error_0_when_2_group_param_known": 0.09808806113763369, "reward_error_1_when_2_group_param_known": 0.0, "reward_error_2_when_2_group_param_known": 0.05642362743993641, "reward_error_0_when_3_group_param_known": 0.009198988874519018, "reward_error_1_when_3_group_param_known": 0.06621864175711184, "reward_error_2_when_3_group_param_known": 0.0, "_wandb": {"runtime": 8}}