{"Iteration": 199, "train_loss": 16.31210380160845, "val_loss": 14.856418855895011, "grad_norm": 0.03443365827310821, "live_grad": 1.3749295267948427e-14, "train_weighted_loss": 48.93631140482536, "val_weighted_loss": 44.56925656768503, "max_reward_err": 0.09833501429442337, "max_reward_err_index": 0, "max_kl_dist": 1.5856671986451527, "max_kl_dist_index": 0, "max_train_grp_loss": 19.192947947877997, "max_train_grp_loss_index": 0, "max_val_grp_loss": 20.26329657881356, "max_val_grp_loss_index": 0, "max_cur_train_grp_loss": 0.3643114619279708, "max_cur_train_grp_loss_index": 2, "reward_err_1": 0.09833501429442337, "reward_err_2": 0.0004804399952092454, "reward_err_3": 0.059628669320622905, "KL_distance_1": 1.5856671986451527, "KL_distance_2": 0.8834327973874002, "KL_distance_3": 1.2937614814278726, "reward_param_1": 9.685572255392373, "reward_param_2": 3.9457545064367516, "reward_param_3": 12.138836639310737, "reward_param_4": 4.396249586802517, "group_weight_1": 0.29254258407586736, "group_weight_2": 0.2603638246112857, "group_weight_3": 0.4470935913128469, "hist_group_loss_1": 31.541905075230265, "hist_group_loss_2": 19.888878639303712, "hist_group_loss_3": 73.95767573290944, "cur_group_loss_1": 0.1560568350144824, "cur_group_loss_2": 0.10174593267811136, "cur_group_loss_3": 0.3643114619279708, "train_group_loss_1": 19.192947947877997, "train_group_loss_2": 13.129061298440426, "train_group_loss_3": 17.484367404056826, "val_group_loss_1": 20.26329657881356, "val_group_loss_2": 6.223582082484041, "val_group_loss_3": 18.09222003388532, "_timestamp": 1726699225.479737, "_runtime": 14.64564299583435, "_step": 3, "final/reward_err_1": 0.09833501429442337, "final/reward_err_2": 0.0004804399952092454, "final/reward_err_3": 0.059628669320622905, "final/reward_param_1": 9.685572255392373, "final/reward_param_2": 3.9457545064367516, "final/reward_param_3": 12.138836639310737, "final/reward_param_4": 4.396249586802517, "optimal_reward_1": 3.843956232070923, "optimal_reward_2": 3.843956232070923, "optimal_reward_3": 3.254488229751587, "final/reward_1": 3.8041796684265137, "final/reward_2": 3.590562105178833, "final/reward_3": 3.254488229751587, "reward_0_when_1_group_param_known": 3.843956232070923, "reward_1_when_1_group_param_known": 3.4647014141082764, "reward_2_when_1_group_param_known": 3.2180964946746826, "reward_0_when_2_group_param_known": 3.4647014141082764, "reward_1_when_2_group_param_known": 3.843956232070923, "reward_2_when_2_group_param_known": 3.0630156993865967, "reward_0_when_3_group_param_known": 3.8041796684265137, "reward_1_when_3_group_param_known": 3.590562105178833, "reward_2_when_3_group_param_known": 3.254488229751587, "reward_error_0_when_1_group_param_known": 0.0, "reward_error_1_when_1_group_param_known": 0.09866262648841967, "reward_error_2_when_1_group_param_known": 0.011182014654169469, "reward_error_0_when_2_group_param_known": 0.09866262648841967, "reward_error_1_when_2_group_param_known": 0.0, "reward_error_2_when_2_group_param_known": 0.058833376201703216, "reward_error_0_when_3_group_param_known": 0.010347819080910722, "reward_error_1_when_3_group_param_known": 0.06592013841832281, "reward_error_2_when_3_group_param_known": 0.0, "_wandb": {"runtime": 14}}