{"Iteration": 99, "train_loss": 21.122154046695123, "val_loss": 20.82892628852816, "grad_norm": 0.30736139967368487, "max_reward_err": 0.09150368161160097, "max_reward_err_index": 1, "max_kl_dist": 0.27978730370755395, "max_kl_dist_index": 0, "max_train_grp_loss": 23.54596976363114, "max_train_grp_loss_index": 0, "max_val_grp_loss": 23.046243957454855, "max_val_grp_loss_index": 0, "max_cur_train_grp_loss": 23.54485125003537, "max_cur_train_grp_loss_index": 0, "reward_err_1": 0.0515723225395044, "reward_err_2": 0.021096224736616712, "reward_err_3": 0.020096824588576312, "reward_param_1": 4.238364037484061, "reward_param_2": 3.191855779406816, "reward_param_3": 4.469803491182836, "reward_param_4": 3.5600000620731467, "KL_distance_1": 0.27978730370755395, "KL_distance_2": 0.16467180597548944, "KL_distance_3": 0.1899255235578763, "hist_group_loss_1": 2350.6734762553506, "hist_group_loss_2": 1938.010627784255, "hist_group_loss_3": 2309.2324675866066, "cur_group_loss_1": 23.54485125003537, "cur_group_loss_2": 17.551858349508198, "cur_group_loss_3": 22.939070558143715, "train_group_loss_1": 23.54596976363114, "train_group_loss_2": 17.527311661796272, "train_group_loss_3": 22.936962899949346, "val_group_loss_1": 23.046243957454855, "val_group_loss_2": 16.75659576680257, "val_group_loss_3": 22.942023158741232, "_timestamp": 1726609735.645236, "_runtime": 8.052558898925781, "_step": 2, "final/reward_err_1": 0.0515723225395044, "final/reward_err_2": 0.021096224736616712, "final/reward_err_3": 0.020096824588576312, "final/reward_param_1": 4.238364037484061, "final/reward_param_2": 3.191855779406816, "final/reward_param_3": 4.469803491182836, "final/reward_param_4": 3.5600000620731467, "optimal_reward_1": 3.8614673614501953, "optimal_reward_2": 3.8614673614501953, "optimal_reward_3": 3.274763584136963, "final/reward_1": 3.821336269378662, "final/reward_2": 3.6064045429229736, "final/reward_3": 3.274763584136963, "reward_0_when_1_group_param_known": 3.8614673614501953, "reward_1_when_1_group_param_known": 3.483227014541626, "reward_2_when_1_group_param_known": 3.238372564315796, "reward_0_when_2_group_param_known": 3.483227014541626, "reward_1_when_2_group_param_known": 3.8614673614501953, "reward_2_when_2_group_param_known": 3.0855183601379395, "reward_0_when_3_group_param_known": 3.821336269378662, "reward_1_when_3_group_param_known": 3.6064045429229736, "reward_2_when_3_group_param_known": 3.274763584136963, "reward_error_0_when_1_group_param_known": 0.0, "reward_error_1_when_1_group_param_known": 0.09795249098428714, "reward_error_2_when_1_group_param_known": 0.011112563971776774, "reward_error_0_when_2_group_param_known": 0.09795249098428714, "reward_error_1_when_2_group_param_known": 0.0, "reward_error_2_when_2_group_param_known": 0.05778897289432802, "reward_error_0_when_3_group_param_known": 0.010392705237436411, "reward_error_1_when_3_group_param_known": 0.06605334051857205, "reward_error_2_when_3_group_param_known": 0.0, "_wandb": {"runtime": 7}}