{"Iteration": 99, "train_loss": 17.00750617833251, "val_loss": 16.635081556831995, "grad_norm": 0.00675582449020676, "live_grad": 2.6099688074955758e-14, "train_weighted_loss": 51.02251853499753, "val_weighted_loss": 49.90524467049599, "max_reward_err": 0.07711207756373444, "max_reward_err_index": 0, "max_kl_dist": 1.3002716488485835, "max_kl_dist_index": 0, "max_train_grp_loss": 19.991169320493306, "max_train_grp_loss_index": 0, "max_val_grp_loss": 19.71028774687065, "max_val_grp_loss_index": 0, "max_cur_train_grp_loss": 0.2478334523762601, "max_cur_train_grp_loss_index": 2, "reward_err_1": 0.07711207756373444, "reward_err_2": 0.0050792216962325205, "reward_err_3": 0.040871078694970066, "KL_distance_1": 1.3002716488485835, "KL_distance_2": 0.7150060452790111, "KL_distance_3": 1.0460994979842113, "reward_param_1": 8.999200640941766, "reward_param_2": 5.077317018686038, "reward_param_3": 9.980718699108092, "reward_param_4": 4.643298479563629, "group_weight_1": 0.32619032193265984, "group_weight_2": 0.3167007225807674, "group_weight_3": 0.3571089554865728, "hist_group_loss_1": 15.916475399989672, "hist_group_loss_2": 12.964096851016, "hist_group_loss_3": 24.97246660320889, "cur_group_loss_1": 0.1586659144730661, "cur_group_loss_2": 0.12998949109726463, "cur_group_loss_3": 0.2478334523762601, "train_group_loss_1": 19.991169320493306, "train_group_loss_2": 14.560394057048027, "train_group_loss_3": 15.364522334326082, "val_group_loss_1": 19.71028774687065, "val_group_loss_2": 13.492061315861278, "val_group_loss_3": 16.778222516878223, "_timestamp": 1726683707.698724, "_runtime": 9.768460988998413, "_step": 2, "final/reward_err_1": 0.07711207756373444, "final/reward_err_2": 0.0050792216962325205, "final/reward_err_3": 0.040871078694970066, "final/reward_param_1": 8.999200640941766, "final/reward_param_2": 5.077317018686038, "final/reward_param_3": 9.980718699108092, "final/reward_param_4": 4.643298479563629, "optimal_reward_1": 3.791201591491699, "optimal_reward_2": 3.791201591491699, "optimal_reward_3": 3.2667675018310547, "final/reward_1": 3.751282215118408, "final/reward_2": 3.552793025970459, "final/reward_3": 3.2667675018310547, "reward_0_when_1_group_param_known": 3.791201591491699, "reward_1_when_1_group_param_known": 3.43137788772583, "reward_2_when_1_group_param_known": 3.2245421409606934, "reward_0_when_2_group_param_known": 3.43137788772583, "reward_1_when_2_group_param_known": 3.791201591491699, "reward_2_when_2_group_param_known": 3.0854053497314453, "reward_0_when_3_group_param_known": 3.751282215118408, "reward_1_when_3_group_param_known": 3.552793025970459, "reward_2_when_3_group_param_known": 3.2667675018310547, "reward_error_0_when_1_group_param_known": 0.0, "reward_error_1_when_1_group_param_known": 0.0949102006533743, "reward_error_2_when_1_group_param_known": 0.012925731888386182, "reward_error_0_when_2_group_param_known": 0.0949102006533743, "reward_error_1_when_2_group_param_known": 0.0, "reward_error_2_when_2_group_param_known": 0.055517312449678204, "reward_error_0_when_3_group_param_known": 0.010529478691631431, "reward_error_1_when_3_group_param_known": 0.06288469757352977, "reward_error_2_when_3_group_param_known": 0.0, "_wandb": {"runtime": 9}}