{"Iteration": 99, "train_loss": 18.2180801839948, "val_loss": 19.521994758441107, "grad_norm": 0.29059707366515725, "max_reward_err": 0.07274232112164791, "max_reward_err_index": 0, "max_kl_dist": 0.732454385260067, "max_kl_dist_index": 0, "max_train_grp_loss": 21.741346598541327, "max_train_grp_loss_index": 0, "max_val_grp_loss": 22.414419425372877, "max_val_grp_loss_index": 0, "max_cur_train_grp_loss": 21.745558492504838, "max_cur_train_grp_loss_index": 0, "reward_err_1": 0.0812886857612005, "reward_err_2": 0.006647412054169337, "reward_err_3": 0.04058434827973998, "reward_param_1": 6.410343608670042, "reward_param_2": 4.268707173554624, "reward_param_3": 7.140359560220349, "reward_param_4": 2.795632039993806, "KL_distance_1": 0.732454385260067, "KL_distance_2": 0.32939774087978585, "KL_distance_3": 0.5499410674709475, "hist_group_loss_1": 2205.1134651406837, "hist_group_loss_2": 1359.639757502813, "hist_group_loss_3": 2099.6483257191876, "cur_group_loss_1": 21.745558492504838, "cur_group_loss_2": 12.489423171714355, "cur_group_loss_3": 20.45994255906943, "train_group_loss_1": 21.741346598541327, "train_group_loss_2": 12.476193441755928, "train_group_loss_3": 20.451990688662256, "val_group_loss_1": 22.414419425372877, "val_group_loss_2": 13.94856986715934, "val_group_loss_3": 22.13933264743661, "_timestamp": 1726608696.1859689, "_runtime": 8.127517938613892, "_step": 2, "final/reward_err_1": 0.0812886857612005, "final/reward_err_2": 0.006647412054169337, "final/reward_err_3": 0.04058434827973998, "final/reward_param_1": 6.410343608670042, "final/reward_param_2": 4.268707173554624, "final/reward_param_3": 7.140359560220349, "final/reward_param_4": 2.795632039993806, "optimal_reward_1": 3.8704123497009277, "optimal_reward_2": 3.8704123497009277, "optimal_reward_3": 3.3123531341552734, "final/reward_1": 3.8274452686309814, "final/reward_2": 3.5988070964813232, "final/reward_3": 3.3123531341552734, "reward_0_when_1_group_param_known": 3.8704123497009277, "reward_1_when_1_group_param_known": 3.479184150695801, "reward_2_when_1_group_param_known": 3.2794346809387207, "reward_0_when_2_group_param_known": 3.479184150695801, "reward_1_when_2_group_param_known": 3.8704123497009277, "reward_2_when_2_group_param_known": 3.123277425765991, "reward_0_when_3_group_param_known": 3.8274452686309814, "reward_1_when_3_group_param_known": 3.5988070964813232, "reward_2_when_3_group_param_known": 3.3123531341552734, "reward_error_0_when_1_group_param_known": 0.0, "reward_error_1_when_1_group_param_known": 0.10108178758662696, "reward_error_2_when_1_group_param_known": 0.009938086877608145, "reward_error_0_when_2_group_param_known": 0.10108178758662696, "reward_error_1_when_2_group_param_known": 0.0, "reward_error_2_when_2_group_param_known": 0.057081989972515686, "reward_error_0_when_3_group_param_known": 0.011101422067668428, "reward_error_1_when_3_group_param_known": 0.07017475883172805, "reward_error_2_when_3_group_param_known": 0.0, "_wandb": {"runtime": 8}}