{"Iteration": 99, "train_loss": 14.028248238728107, "val_loss": 14.69620369251687, "grad_norm": 0.009028160088270638, "live_grad": 2.0131882611838613e-14, "train_weighted_loss": 42.08474471618432, "val_weighted_loss": 44.088611077550595, "max_reward_err": 0.1067726512281979, "max_reward_err_index": 0, "max_kl_dist": 2.4330781517484503, "max_kl_dist_index": 0, "max_train_grp_loss": 17.58815842703289, "max_train_grp_loss_index": 2, "max_val_grp_loss": 19.54770815546546, "max_val_grp_loss_index": 0, "max_cur_train_grp_loss": 0.16752207052507073, "max_cur_train_grp_loss_index": 2, "reward_err_1": 0.1067726512281979, "reward_err_2": 0.0010021600637179953, "reward_err_3": 0.0662828635247681, "KL_distance_1": 2.4330781517484503, "KL_distance_2": 1.2627441887439004, "KL_distance_3": 2.027081417872008, "reward_param_1": 16.684201033657473, "reward_param_2": 5.419295037561009, "reward_param_3": 10.179023300703617, "reward_param_4": 4.366696527005263, "group_weight_1": 0.3394046483841161, "group_weight_2": 0.3163338796971901, "group_weight_3": 0.3442614719186937, "hist_group_loss_1": 15.446333329983746, "hist_group_loss_2": 8.406852182425164, "hist_group_loss_3": 16.867174614236838, "cur_group_loss_1": 0.15319351250901703, "cur_group_loss_2": 0.08508332426786105, "cur_group_loss_3": 0.16752207052507073, "train_group_loss_1": 15.930494964673784, "train_group_loss_2": 7.746663301691271, "train_group_loss_3": 17.58815842703289, "val_group_loss_1": 19.54770815546546, "val_group_loss_2": 7.125739827292495, "val_group_loss_3": 17.551135776180658, "_timestamp": 1726659621.5574021, "_runtime": 9.50433611869812, "_step": 2, "final/reward_err_1": 0.1067726512281979, "final/reward_err_2": 0.0010021600637179953, "final/reward_err_3": 0.0662828635247681, "final/reward_param_1": 16.684201033657473, "final/reward_param_2": 5.419295037561009, "final/reward_param_3": 10.179023300703617, "final/reward_param_4": 4.366696527005263, "optimal_reward_1": 3.8669028282165527, "optimal_reward_2": 3.8669028282165527, "optimal_reward_3": 3.3657867908477783, "final/reward_1": 3.8246397972106934, "final/reward_2": 3.594559669494629, "final/reward_3": 3.3657867908477783, "reward_0_when_1_group_param_known": 3.8669028282165527, "reward_1_when_1_group_param_known": 3.4664041996002197, "reward_2_when_1_group_param_known": 3.3253726959228516, "reward_0_when_2_group_param_known": 3.4664041996002197, "reward_1_when_2_group_param_known": 3.8669028282165527, "reward_2_when_2_group_param_known": 3.1640493869781494, "reward_0_when_3_group_param_known": 3.8246397972106934, "reward_1_when_3_group_param_known": 3.594559669494629, "reward_2_when_3_group_param_known": 3.3657867908477783, "reward_error_0_when_1_group_param_known": 0.0, "reward_error_1_when_1_group_param_known": 0.10357090581483432, "reward_error_2_when_1_group_param_known": 0.012007324716711247, "reward_error_0_when_2_group_param_known": 0.10357090581483432, "reward_error_1_when_2_group_param_known": 0.0, "reward_error_2_when_2_group_param_known": 0.05993766581358977, "reward_error_0_when_3_group_param_known": 0.01092942669711497, "reward_error_1_when_3_group_param_known": 0.07042927397467878, "reward_error_2_when_3_group_param_known": 0.0, "_wandb": {"runtime": 9}}