{"Iteration": 99, "train_loss": 20.36468531490392, "val_loss": 20.584795548974327, "grad_norm": 0.3406989438527924, "max_reward_err": 0.05328375542648807, "max_reward_err_index": 0, "max_kl_dist": 0.3652869491654483, "max_kl_dist_index": 0, "max_train_grp_loss": 23.841326457884247, "max_train_grp_loss_index": 0, "max_val_grp_loss": 23.133795830405276, "max_val_grp_loss_index": 0, "max_cur_train_grp_loss": 23.844103047256443, "max_cur_train_grp_loss_index": 0, "reward_err_1": 0.07101241759141083, "reward_err_2": 0.012313575263023416, "reward_err_3": 0.034369334756220705, "reward_param_1": 5.129405744418209, "reward_param_2": 2.8859057504118693, "reward_param_3": 4.2108481933554645, "reward_param_4": 2.9337225280507093, "KL_distance_1": 0.3652869491654483, "KL_distance_2": 0.13250222454452987, "KL_distance_3": 0.24573106965691677, "hist_group_loss_1": 2407.5288194758486, "hist_group_loss_2": 1759.3412072385397, "hist_group_loss_3": 2253.7438325152084, "cur_group_loss_1": 23.844103047256443, "cur_group_loss_2": 15.843674432836176, "cur_group_loss_3": 21.798266751059096, "train_group_loss_1": 23.841326457884247, "train_group_loss_2": 15.823062094873473, "train_group_loss_3": 21.787535815171942, "val_group_loss_1": 23.133795830405276, "val_group_loss_2": 17.47684440263501, "val_group_loss_3": 20.832065111296256, "_timestamp": 1726611347.8078249, "_runtime": 7.872591733932495, "_step": 2, "final/reward_err_1": 0.07101241759141083, "final/reward_err_2": 0.012313575263023416, "final/reward_err_3": 0.034369334756220705, "final/reward_param_1": 5.129405744418209, "final/reward_param_2": 2.8859057504118693, "final/reward_param_3": 4.2108481933554645, "final/reward_param_4": 2.9337225280507093, "optimal_reward_1": 3.816397190093994, "optimal_reward_2": 3.816397190093994, "optimal_reward_3": 3.2560200691223145, "final/reward_1": 3.77667236328125, "final/reward_2": 3.5491819381713867, "final/reward_3": 3.2560200691223145, "reward_0_when_1_group_param_known": 3.816397190093994, "reward_1_when_1_group_param_known": 3.425919532775879, "reward_2_when_1_group_param_known": 3.2214560508728027, "reward_0_when_2_group_param_known": 3.425919532775879, "reward_1_when_2_group_param_known": 3.816397190093994, "reward_2_when_2_group_param_known": 3.061397075653076, "reward_0_when_3_group_param_known": 3.77667236328125, "reward_1_when_3_group_param_known": 3.5491819381713867, "reward_2_when_3_group_param_known": 3.2560200691223145, "reward_error_0_when_1_group_param_known": 0.0, "reward_error_1_when_1_group_param_known": 0.10231578053030119, "reward_error_2_when_1_group_param_known": 0.010615419289730827, "reward_error_0_when_2_group_param_known": 0.10231578053030119, "reward_error_1_when_2_group_param_known": 0.0, "reward_error_2_when_2_group_param_known": 0.05977327821621825, "reward_error_0_when_3_group_param_known": 0.01040898649539299, "reward_error_1_when_3_group_param_known": 0.07001767337430258, "reward_error_2_when_3_group_param_known": 0.0, "_wandb": {"runtime": 7}}