{"Iteration": 99, "train_loss": 16.201766400607383, "val_loss": 18.27780363708938, "grad_norm": 0.38411542719970987, "max_reward_err": 0.1005822171393888, "max_reward_err_index": 0, "max_kl_dist": 0.8127962772157332, "max_kl_dist_index": 0, "max_train_grp_loss": 21.052804173714247, "max_train_grp_loss_index": 0, "max_val_grp_loss": 20.6183128129384, "max_val_grp_loss_index": 0, "max_cur_train_grp_loss": 21.062584588269385, "max_cur_train_grp_loss_index": 0, "reward_err_1": 0.0832761596417556, "reward_err_2": 0.003473696920158559, "reward_err_3": 0.042765679471186695, "reward_param_1": 6.831247307843041, "reward_param_2": 3.6070439546204507, "reward_param_3": 7.415844053620528, "reward_param_4": 3.5780932817145517, "KL_distance_1": 0.8127962772157332, "KL_distance_2": 0.34944641909352736, "KL_distance_3": 0.6123925879463765, "hist_group_loss_1": 2184.074816482684, "hist_group_loss_2": 1228.4824729067539, "hist_group_loss_3": 2071.9244646340244, "cur_group_loss_1": 21.062584588269385, "cur_group_loss_2": 10.333970127383404, "cur_group_loss_3": 19.620732569375097, "train_group_loss_1": 21.052804173714247, "train_group_loss_2": 10.314483207012854, "train_group_loss_3": 19.605740606375754, "val_group_loss_1": 20.6183128129384, "val_group_loss_2": 14.302602899618828, "val_group_loss_3": 19.47268675689065, "_timestamp": 1726682681.130026, "_runtime": 8.53556203842163, "_step": 2, "final/reward_err_1": 0.0832761596417556, "final/reward_err_2": 0.003473696920158559, "final/reward_err_3": 0.042765679471186695, "final/reward_param_1": 6.831247307843041, "final/reward_param_2": 3.6070439546204507, "final/reward_param_3": 7.415844053620528, "final/reward_param_4": 3.5780932817145517, "optimal_reward_1": 3.884077310562134, "optimal_reward_2": 3.884077310562134, "optimal_reward_3": 3.3674604892730713, "final/reward_1": 3.847635269165039, "final/reward_2": 3.6067681312561035, "final/reward_3": 3.3674604892730713, "reward_0_when_1_group_param_known": 3.884077310562134, "reward_1_when_1_group_param_known": 3.4758739471435547, "reward_2_when_1_group_param_known": 3.3304951190948486, "reward_0_when_2_group_param_known": 3.4758739471435547, "reward_1_when_2_group_param_known": 3.884077310562134, "reward_2_when_2_group_param_known": 3.1624059677124023, "reward_0_when_3_group_param_known": 3.847635269165039, "reward_1_when_3_group_param_known": 3.6067681312561035, "reward_2_when_3_group_param_known": 3.3674604892730713, "reward_error_0_when_1_group_param_known": 0.0, "reward_error_1_when_1_group_param_known": 0.10509661131320291, "reward_error_2_when_1_group_param_known": 0.010977224616584088, "reward_error_0_when_2_group_param_known": 0.10509661131320291, "reward_error_1_when_2_group_param_known": 0.0, "reward_error_2_when_2_group_param_known": 0.060892925756326766, "reward_error_0_when_3_group_param_known": 0.009382419165034734, "reward_error_1_when_3_group_param_known": 0.07139641081600817, "reward_error_2_when_3_group_param_known": 0.0, "_wandb": {"runtime": 8}}