{"group_weight_1":0.13114037997870082,"max_kl_dist_index":2,"reward_0_when_1_group_param_known":3.885563232421875,"final/reward_param_3":5.879507448229491,"val_group_loss_1":12.511451404361097,"val_group_loss_3":11.196288473215562,"train_group_loss_1":11.332120031206353,"KL_distance_2":0.3387110595703125,"reward_err_3":0.0021948719502379965,"_step":101,"val_group_loss_2":13.155858006637061,"max_cur_train_grp_loss":0.25332994378621654,"val_weighted_loss":36.86620186034942,"reward_error_2_when_2_group_param_known":0.06160752898142066,"final/reward_param_2":6.660451251912483,"hist_group_loss_2":11.592168681530607,"reward_1_when_3_group_param_known":7.10487548828125,"reward_param_4":10.855485507976756,"reward_error_0_when_2_group_param_known":0.10085360176489651,"reward_error_1_when_3_group_param_known":0.019479895503085456,"reward_param_3":5.879507448229491,"final/reward_err_2":0.022069811421452312,"reward_param_2":6.660451251912483,"grad_norm":0.036164197091228055,"reward_error_2_when_1_group_param_known":0.008641683256769945,"max_train_grp_loss":13.953237482016595,"hist_group_loss_3":25.5577836629673,"final/reward_param_1":4.627166119263686,"cur_group_loss_2":0.1171868503813718,"cur_group_loss_3":0.25332994378621654,"group_weight_2":0.17234900716480228,"final/reward_3":3.320061279296875,"reward_err_2":0.022069811421452312,"reward_0_when_2_group_param_known":3.493690185546875,"_runtime":103.083531,"final/reward_2":7.10487548828125,"reward_2_when_3_group_param_known":3.320061279296875,"train_group_loss_3":12.917698536564052,"cur_group_loss_1":0.08721026167887025,"train_group_loss_2":13.953237482016595,"reward_2_when_2_group_param_known":3.1155205078125,"train_weighted_loss":37.92413489781568,"KL_distance_1":0.6972931518554687,"reward_1_when_2_group_param_known":7.24602734375,"final/reward_err_3":0.0021948719502379965,"max_val_grp_loss_index":1,"KL_distance_3":0.70326611328125,"reward_2_when_1_group_param_known":3.291370361328125,"optimal_reward_3":3.320061279296875,"final/reward_err_1":0.009912180549657082,"_wandb":{"runtime":103},"hist_group_loss_1":8.859636881178156,"train_loss":12.641378299271894,"reward_error_0_when_3_group_param_known":0.008927968346368324,"live_grad":1.5092606475560467e-14,"max_train_grp_loss_index":1,"reward_err_1":0.009912180549657082,"max_kl_dist":0.70326611328125,"reward_error_1_when_1_group_param_known":0.05618703783269167,"max_reward_err":0.022069811421452312,"optimal_reward_2":7.24602734375,"val_loss":12.288733953449807,"reward_error_0_when_1_group_param_known":0,"final/reward_1":3.850873046875,"reward_1_when_1_group_param_known":6.83889453125,"Iteration":99,"reward_error_2_when_3_group_param_known":0,"reward_0_when_3_group_param_known":3.850873046875,"reward_param_1":4.627166119263686,"_timestamp":1.728315106934191e+09,"optimal_reward_1":3.885563232421875,"max_reward_err_index":1,"group_weight_3":0.696510612856497,"reward_error_1_when_2_group_param_known":0,"max_cur_train_grp_loss_index":2,"final/reward_param_4":10.855485507976756,"max_val_grp_loss":13.155858006637061}