{"Iteration": 99, "train_loss": 16.89761195599981, "val_loss": 17.81118115842478, "grad_norm": 0.3662476195042658, "max_reward_err": 0.06332546100396262, "max_reward_err_index": 1, "max_kl_dist": 0.7223172822979675, "max_kl_dist_index": 0, "max_train_grp_loss": 20.597164692626826, "max_train_grp_loss_index": 0, "max_val_grp_loss": 20.196319431997193, "max_val_grp_loss_index": 0, "max_cur_train_grp_loss": 20.599448431411727, "max_cur_train_grp_loss_index": 0, "reward_err_1": 0.06970677473859783, "reward_err_2": 0.013595499166241618, "reward_err_3": 0.03261068484694127, "reward_param_1": 6.2198297835335845, "reward_param_2": 5.09345412407535, "reward_param_3": 7.262334426657971, "reward_param_4": 3.772064310604238, "KL_distance_1": 0.7223172822979675, "KL_distance_2": 0.4080971144750974, "KL_distance_3": 0.555321833805715, "hist_group_loss_1": 2078.6905799068077, "hist_group_loss_2": 1381.0855408353696, "hist_group_loss_3": 1986.6910825656823, "cur_group_loss_1": 20.599448431411727, "cur_group_loss_2": 11.832128334370278, "cur_group_loss_3": 19.118893698280342, "train_group_loss_1": 20.597164692626826, "train_group_loss_2": 11.807759078968841, "train_group_loss_3": 19.107256322983844, "val_group_loss_1": 20.196319431997193, "val_group_loss_2": 14.456154731508223, "val_group_loss_3": 18.516183466650435, "_timestamp": 1726659096.1904352, "_runtime": 8.050230264663696, "_step": 2, "final/reward_err_1": 0.06970677473859783, "final/reward_err_2": 0.013595499166241618, "final/reward_err_3": 0.03261068484694127, "final/reward_param_1": 6.2198297835335845, "final/reward_param_2": 5.09345412407535, "final/reward_param_3": 7.262334426657971, "final/reward_param_4": 3.772064310604238, "optimal_reward_1": 3.8988730907440186, "optimal_reward_2": 3.8988730907440186, "optimal_reward_3": 3.3924694061279297, "final/reward_1": 3.864384174346924, "final/reward_2": 3.618816375732422, "final/reward_3": 3.3924694061279297, "reward_0_when_1_group_param_known": 3.8988730907440186, "reward_1_when_1_group_param_known": 3.487276554107666, "reward_2_when_1_group_param_known": 3.3563573360443115, "reward_0_when_2_group_param_known": 3.487276554107666, "reward_1_when_2_group_param_known": 3.8988730907440186, "reward_2_when_2_group_param_known": 3.1840710639953613, "reward_0_when_3_group_param_known": 3.864384174346924, "reward_1_when_3_group_param_known": 3.618816375732422, "reward_2_when_3_group_param_known": 3.3924694061279297, "reward_error_0_when_1_group_param_known": 0.0, "reward_error_1_when_1_group_param_known": 0.10556807750770054, "reward_error_2_when_1_group_param_known": 0.010644773986284958, "reward_error_0_when_2_group_param_known": 0.10556807750770054, "reward_error_1_when_2_group_param_known": 0.0, "reward_error_2_when_2_group_param_known": 0.06142968946341315, "reward_error_0_when_3_group_param_known": 0.008845867919879699, "reward_error_1_when_3_group_param_known": 0.07183016951140456, "reward_error_2_when_3_group_param_known": 0.0, "_wandb": {"runtime": 8}}