{"Iteration": 99, "train_loss": 16.531435015945643, "val_loss": 15.888305020638134, "grad_norm": 0.49837295230985634, "max_reward_err": 0.08376887765965525, "max_reward_err_index": 1, "max_kl_dist": 0.6129442893798057, "max_kl_dist_index": 0, "max_train_grp_loss": 21.654422834937332, "max_train_grp_loss_index": 0, "max_val_grp_loss": 20.4722690779191, "max_val_grp_loss_index": 0, "max_cur_train_grp_loss": 21.660173410964674, "max_cur_train_grp_loss_index": 0, "reward_err_1": 0.07141232648762637, "reward_err_2": 0.009840821274080667, "reward_err_3": 0.03364992273987757, "reward_param_1": 6.3529620985822755, "reward_param_2": 3.7250870204750135, "reward_param_3": 5.896946339417447, "reward_param_4": 3.615029672390076, "KL_distance_1": 0.6129442893798057, "KL_distance_2": 0.28065815765407076, "KL_distance_3": 0.4496713617618275, "hist_group_loss_1": 2215.742956196626, "hist_group_loss_2": 1405.6272092393124, "hist_group_loss_3": 2138.7343294061716, "cur_group_loss_1": 21.660173410964674, "cur_group_loss_2": 10.266279644519589, "cur_group_loss_3": 20.44096328600866, "train_group_loss_1": 21.654422834937332, "train_group_loss_2": 10.218936511455261, "train_group_loss_3": 20.428005185063256, "val_group_loss_1": 20.4722690779191, "val_group_loss_2": 9.76888314353338, "val_group_loss_3": 19.32855080784413, "_timestamp": 1726687297.8945558, "_runtime": 8.40825891494751, "_step": 2, "final/reward_err_1": 0.07141232648762637, "final/reward_err_2": 0.009840821274080667, "final/reward_err_3": 0.03364992273987757, "final/reward_param_1": 6.3529620985822755, "final/reward_param_2": 3.7250870204750135, "final/reward_param_3": 5.896946339417447, "final/reward_param_4": 3.615029672390076, "optimal_reward_1": 3.8462865352630615, "optimal_reward_2": 3.8462865352630615, "optimal_reward_3": 3.3320224285125732, "final/reward_1": 3.810617685317993, "final/reward_2": 3.577080726623535, "final/reward_3": 3.3320224285125732, "reward_0_when_1_group_param_known": 3.8462865352630615, "reward_1_when_1_group_param_known": 3.449707508087158, "reward_2_when_1_group_param_known": 3.2950546741485596, "reward_0_when_2_group_param_known": 3.449707508087158, "reward_1_when_2_group_param_known": 3.8462865352630615, "reward_2_when_2_group_param_known": 3.133720636367798, "reward_0_when_3_group_param_known": 3.810617685317993, "reward_1_when_3_group_param_known": 3.577080726623535, "reward_2_when_3_group_param_known": 3.3320224285125732, "reward_error_0_when_1_group_param_known": 0.0, "reward_error_1_when_1_group_param_known": 0.10310698996032541, "reward_error_2_when_1_group_param_known": 0.01109468953380251, "reward_error_0_when_2_group_param_known": 0.10310698996032541, "reward_error_1_when_2_group_param_known": 0.0, "reward_error_2_when_2_group_param_known": 0.05951394277777956, "reward_error_0_when_3_group_param_known": 0.009273581054883327, "reward_error_1_when_3_group_param_known": 0.06999109561168312, "reward_error_2_when_3_group_param_known": 0.0, "_wandb": {"runtime": 8}}