{"Iteration": 99, "train_loss": 20.116541853186266, "val_loss": 19.30093141213065, "grad_norm": 0.24417806971617242, "max_reward_err": 0.05074090006376936, "max_reward_err_index": 0, "max_kl_dist": 0.5881051524647938, "max_kl_dist_index": 0, "max_train_grp_loss": 21.180696384919127, "max_train_grp_loss_index": 1, "max_val_grp_loss": 20.160843257701647, "max_val_grp_loss_index": 0, "max_cur_train_grp_loss": 21.180472615652825, "max_cur_train_grp_loss_index": 1, "reward_err_1": 0.06593847943721254, "reward_err_2": 0.019370549627493436, "reward_err_3": 0.033304720116250804, "reward_param_1": 6.864152829252217, "reward_param_2": 4.944595130858703, "reward_param_3": 5.260632841313573, "reward_param_4": 3.638793429878061, "KL_distance_1": 0.5881051524647938, "KL_distance_2": 0.3509348659920119, "KL_distance_3": 0.4482992955482288, "hist_group_loss_1": 2061.4703593098725, "hist_group_loss_2": 2132.5173706436544, "hist_group_loss_3": 1961.3239382252038, "cur_group_loss_1": 20.176964782959356, "cur_group_loss_2": 21.180472615652825, "cur_group_loss_3": 19.004902243507924, "train_group_loss_1": 20.169671272318386, "train_group_loss_2": 21.180696384919127, "train_group_loss_3": 18.99460439458538, "val_group_loss_1": 20.160843257701647, "val_group_loss_2": 18.685316465243424, "val_group_loss_3": 18.990487448402963, "_timestamp": 1726605681.175522, "_runtime": 8.391081094741821, "_step": 2, "final/reward_err_1": 0.06593847943721254, "final/reward_err_2": 0.019370549627493436, "final/reward_err_3": 0.033304720116250804, "final/reward_param_1": 6.864152829252217, "final/reward_param_2": 4.944595130858703, "final/reward_param_3": 5.260632841313573, "final/reward_param_4": 3.638793429878061, "optimal_reward_1": 3.8924267292022705, "optimal_reward_2": 3.8924267292022705, "optimal_reward_3": 3.3593714237213135, "final/reward_1": 3.8593759536743164, "final/reward_2": 3.6333539485931396, "final/reward_3": 3.3593714237213135, "reward_0_when_1_group_param_known": 3.8924267292022705, "reward_1_when_1_group_param_known": 3.4758362770080566, "reward_2_when_1_group_param_known": 3.323629379272461, "reward_0_when_2_group_param_known": 3.4758362770080566, "reward_1_when_2_group_param_known": 3.8924267292022705, "reward_2_when_2_group_param_known": 3.1391408443450928, "reward_0_when_3_group_param_known": 3.8593759536743164, "reward_1_when_3_group_param_known": 3.6333539485931396, "reward_2_when_3_group_param_known": 3.3593714237213135, "reward_error_0_when_1_group_param_known": 0.0, "reward_error_1_when_1_group_param_known": 0.10702589442951226, "reward_error_2_when_1_group_param_known": 0.01063950362751482, "reward_error_0_when_2_group_param_known": 0.10702589442951226, "reward_error_1_when_2_group_param_known": 0.0, "reward_error_2_when_2_group_param_known": 0.06555707946466434, "reward_error_0_when_3_group_param_known": 0.008491046287396053, "reward_error_1_when_3_group_param_known": 0.0665581650299237, "reward_error_2_when_3_group_param_known": 0.0, "_wandb": {"runtime": 7}}