{"Iteration": 99, "train_loss": 16.81203827983781, "val_loss": 16.68140191726204, "grad_norm": 0.4013540823021782, "max_reward_err": 0.07713135613950303, "max_reward_err_index": 0, "max_kl_dist": 0.7797204192937661, "max_kl_dist_index": 0, "max_train_grp_loss": 21.70290817163827, "max_train_grp_loss_index": 0, "max_val_grp_loss": 20.87903789500695, "max_val_grp_loss_index": 0, "max_cur_train_grp_loss": 21.709379799508657, "max_cur_train_grp_loss_index": 0, "reward_err_1": 0.08979270211818169, "reward_err_2": 0.0022578109227296716, "reward_err_3": 0.047951052356909475, "reward_param_1": 6.951363186412142, "reward_param_2": 3.1352738014484456, "reward_param_3": 6.819610407766644, "reward_param_4": 2.997448624067394, "KL_distance_1": 0.7797204192937661, "KL_distance_2": 0.29021502222441437, "KL_distance_3": 0.5756897868534409, "hist_group_loss_1": 2223.753569998178, "hist_group_loss_2": 1304.1420985465593, "hist_group_loss_3": 2144.269613827441, "cur_group_loss_1": 21.709379799508657, "cur_group_loss_2": 10.783650969710392, "cur_group_loss_3": 20.635205442314337, "train_group_loss_1": 21.70290817163827, "train_group_loss_2": 10.756542321577182, "train_group_loss_3": 20.624044585487134, "val_group_loss_1": 20.87903789500695, "val_group_loss_2": 8.123363143749485, "val_group_loss_3": 20.150364826578514, "_timestamp": 1726689738.628447, "_runtime": 8.589597940444946, "_step": 2, "final/reward_err_1": 0.08979270211818169, "final/reward_err_2": 0.0022578109227296716, "final/reward_err_3": 0.047951052356909475, "final/reward_param_1": 6.951363186412142, "final/reward_param_2": 3.1352738014484456, "final/reward_param_3": 6.819610407766644, "final/reward_param_4": 2.997448624067394, "optimal_reward_1": 3.884077310562134, "optimal_reward_2": 3.884077310562134, "optimal_reward_3": 3.3674604892730713, "final/reward_1": 3.847635269165039, "final/reward_2": 3.6067681312561035, "final/reward_3": 3.3674604892730713, "reward_0_when_1_group_param_known": 3.884077310562134, "reward_1_when_1_group_param_known": 3.4758739471435547, "reward_2_when_1_group_param_known": 3.3304951190948486, "reward_0_when_2_group_param_known": 3.4758739471435547, "reward_1_when_2_group_param_known": 3.884077310562134, "reward_2_when_2_group_param_known": 3.1624059677124023, "reward_0_when_3_group_param_known": 3.847635269165039, "reward_1_when_3_group_param_known": 3.6067681312561035, "reward_2_when_3_group_param_known": 3.3674604892730713, "reward_error_0_when_1_group_param_known": 0.0, "reward_error_1_when_1_group_param_known": 0.10509661131320291, "reward_error_2_when_1_group_param_known": 0.010977224616584088, "reward_error_0_when_2_group_param_known": 0.10509661131320291, "reward_error_1_when_2_group_param_known": 0.0, "reward_error_2_when_2_group_param_known": 0.060892925756326766, "reward_error_0_when_3_group_param_known": 0.009382419165034734, "reward_error_1_when_3_group_param_known": 0.07139641081600817, "reward_error_2_when_3_group_param_known": 0.0, "_wandb": {"runtime": 8}}