{"Iteration": 199, "train_loss": 16.66463284535253, "val_loss": 15.96850772937848, "grad_norm": 0.1828848571325476, "max_reward_err": 0.07403799578135589, "max_reward_err_index": 0, "max_kl_dist": 1.082621214913227, "max_kl_dist_index": 0, "max_train_grp_loss": 21.475846335648505, "max_train_grp_loss_index": 0, "max_val_grp_loss": 20.82719608629954, "max_val_grp_loss_index": 0, "max_cur_train_grp_loss": 21.47557721378158, "max_cur_train_grp_loss_index": 0, "reward_err_1": 0.08721483019530944, "reward_err_2": 0.003218141433876273, "reward_err_3": 0.045790769580916456, "reward_param_1": 8.096626395355662, "reward_param_2": 3.575257223196652, "reward_param_3": 8.715635767499974, "reward_param_4": 4.410891445575269, "KL_distance_1": 1.082621214913227, "KL_distance_2": 0.5143949237605621, "KL_distance_3": 0.8420168402549838, "hist_group_loss_1": 4304.276437489918, "hist_group_loss_2": 2618.8300145585463, "hist_group_loss_3": 3959.6045540287037, "cur_group_loss_1": 21.47557721378158, "cur_group_loss_2": 11.12575227497653, "cur_group_loss_3": 19.114458657434316, "train_group_loss_1": 21.475846335648505, "train_group_loss_2": 11.118986916868733, "train_group_loss_3": 19.11066773449185, "val_group_loss_1": 20.82719608629954, "val_group_loss_2": 7.561970052477374, "val_group_loss_3": 18.377224549785844, "_timestamp": 1726692170.28055, "_runtime": 11.723567008972168, "_step": 3, "final/reward_err_1": 0.08721483019530944, "final/reward_err_2": 0.003218141433876273, "final/reward_err_3": 0.045790769580916456, "final/reward_param_1": 8.096626395355662, "final/reward_param_2": 3.575257223196652, "final/reward_param_3": 8.715635767499974, "final/reward_param_4": 4.410891445575269, "optimal_reward_1": 3.8849852085113525, "optimal_reward_2": 3.8849852085113525, "optimal_reward_3": 3.3731210231781006, "final/reward_1": 3.8491885662078857, "final/reward_2": 3.6059226989746094, "final/reward_3": 3.3731210231781006, "reward_0_when_1_group_param_known": 3.8849852085113525, "reward_1_when_1_group_param_known": 3.4774763584136963, "reward_2_when_1_group_param_known": 3.335669994354248, "reward_0_when_2_group_param_known": 3.4774763584136963, "reward_1_when_2_group_param_known": 3.8849852085113525, "reward_2_when_2_group_param_known": 3.1690282821655273, "reward_0_when_3_group_param_known": 3.8491885662078857, "reward_1_when_3_group_param_known": 3.6059226989746094, "reward_2_when_3_group_param_known": 3.3731210231781006, "reward_error_0_when_1_group_param_known": 0.0, "reward_error_1_when_1_group_param_known": 0.10489328227167315, "reward_error_2_when_1_group_param_known": 0.011102782428057319, "reward_error_0_when_2_group_param_known": 0.10489328227167315, "reward_error_1_when_2_group_param_known": 0.0, "reward_error_2_when_2_group_param_known": 0.06050560878491111, "reward_error_0_when_3_group_param_known": 0.009214100024124247, "reward_error_1_when_3_group_param_known": 0.07183103527018941, "reward_error_2_when_3_group_param_known": 0.0, "_wandb": {"runtime": 11}}