{"Iteration": 99, "train_loss": 18.32780409204457, "val_loss": 19.650032796270413, "grad_norm": 0.4118048793534995, "max_reward_err": 0.11622688971801011, "max_reward_err_index": 1, "max_kl_dist": 0.3732243844494678, "max_kl_dist_index": 0, "max_train_grp_loss": 20.23853343483992, "max_train_grp_loss_index": 0, "max_val_grp_loss": 20.490395824720274, "max_val_grp_loss_index": 0, "max_cur_train_grp_loss": 20.247660979680585, "max_cur_train_grp_loss_index": 0, "reward_err_1": 0.04179701497871958, "reward_err_2": 0.036465462177908844, "reward_err_3": 0.015807119534579535, "reward_param_1": 5.442779513477421, "reward_param_2": 5.066828150332641, "reward_param_3": 4.205335473011503, "reward_param_4": 4.115773974495416, "KL_distance_1": 0.3732243844494678, "KL_distance_2": 0.33850474863718366, "KL_distance_3": 0.28544735844612323, "hist_group_loss_1": 2092.0904108357586, "hist_group_loss_2": 1797.13764982752, "hist_group_loss_3": 2045.466270944717, "cur_group_loss_1": 20.247660979680585, "cur_group_loss_2": 15.718142542382893, "cur_group_loss_3": 19.21168329920712, "train_group_loss_1": 20.23853343483992, "train_group_loss_2": 15.692957554859062, "train_group_loss_3": 19.19346802430013, "val_group_loss_1": 20.490395824720274, "val_group_loss_2": 18.85745572695084, "val_group_loss_3": 19.50337036769033, "_timestamp": 1726684655.8332422, "_runtime": 8.540305137634277, "_step": 2, "final/reward_err_1": 0.04179701497871958, "final/reward_err_2": 0.036465462177908844, "final/reward_err_3": 0.015807119534579535, "final/reward_param_1": 5.442779513477421, "final/reward_param_2": 5.066828150332641, "final/reward_param_3": 4.205335473011503, "final/reward_param_4": 4.115773974495416, "optimal_reward_1": 3.8689029216766357, "optimal_reward_2": 3.8689029216766357, "optimal_reward_3": 3.338573932647705, "final/reward_1": 3.8354125022888184, "final/reward_2": 3.6089484691619873, "final/reward_3": 3.338573932647705, "reward_0_when_1_group_param_known": 3.8689029216766357, "reward_1_when_1_group_param_known": 3.4624440670013428, "reward_2_when_1_group_param_known": 3.304152727127075, "reward_0_when_2_group_param_known": 3.4624440670013428, "reward_1_when_2_group_param_known": 3.8689029216766357, "reward_2_when_2_group_param_known": 3.1259868144989014, "reward_0_when_3_group_param_known": 3.8354125022888184, "reward_1_when_3_group_param_known": 3.6089484691619873, "reward_2_when_3_group_param_known": 3.338573932647705, "reward_error_0_when_1_group_param_known": 0.0, "reward_error_1_when_1_group_param_known": 0.10505790993048467, "reward_error_2_when_1_group_param_known": 0.010310152243156, "reward_error_0_when_2_group_param_known": 0.10505790993048467, "reward_error_1_when_2_group_param_known": 0.0, "reward_error_2_when_2_group_param_known": 0.06367602528430706, "reward_error_0_when_3_group_param_known": 0.008656309053447097, "reward_error_1_when_3_group_param_known": 0.0671907405735562, "reward_error_2_when_3_group_param_known": 0.0, "_wandb": {"runtime": 8}}