{"Iteration": 199, "train_loss": 14.297425206956099, "val_loss": 15.44771667550326, "grad_norm": 0.26029132998014753, "max_reward_err": 0.07063252014230971, "max_reward_err_index": 0, "max_kl_dist": 1.1889770431850306, "max_kl_dist_index": 0, "max_train_grp_loss": 19.30278836654892, "max_train_grp_loss_index": 0, "max_val_grp_loss": 19.860007773739575, "max_val_grp_loss_index": 0, "max_cur_train_grp_loss": 19.307148429044847, "max_cur_train_grp_loss_index": 0, "reward_err_1": 0.079752236878801, "reward_err_2": 0.006808678488829859, "reward_err_3": 0.040604093491009845, "reward_param_1": 8.251436861158812, "reward_param_2": 5.201281352476854, "reward_param_3": 9.576091230396283, "reward_param_4": 4.276394297202449, "KL_distance_1": 1.1889770431850306, "KL_distance_2": 0.623332178826842, "KL_distance_3": 0.9458493779956227, "hist_group_loss_1": 4074.4176751705318, "hist_group_loss_2": 1968.471504069843, "hist_group_loss_3": 3894.8318616077795, "cur_group_loss_1": 19.307148429044847, "cur_group_loss_2": 6.671285556822638, "cur_group_loss_3": 17.92530810822536, "train_group_loss_1": 19.30278836654892, "train_group_loss_2": 6.662276400591456, "train_group_loss_3": 17.917762436055195, "val_group_loss_1": 19.860007773739575, "val_group_loss_2": 7.913749130399139, "val_group_loss_3": 18.384763384829792, "_timestamp": 1726697149.2029471, "_runtime": 11.538297176361084, "_step": 3, "final/reward_err_1": 0.079752236878801, "final/reward_err_2": 0.006808678488829859, "final/reward_err_3": 0.040604093491009845, "final/reward_param_1": 8.251436861158812, "final/reward_param_2": 5.201281352476854, "final/reward_param_3": 9.576091230396283, "final/reward_param_4": 4.276394297202449, "optimal_reward_1": 3.8683831691741943, "optimal_reward_2": 3.8683831691741943, "optimal_reward_3": 3.3685383796691895, "final/reward_1": 3.825965404510498, "final/reward_2": 3.5973966121673584, "final/reward_3": 3.3685383796691895, "reward_0_when_1_group_param_known": 3.8683831691741943, "reward_1_when_1_group_param_known": 3.467085838317871, "reward_2_when_1_group_param_known": 3.32724666595459, "reward_0_when_2_group_param_known": 3.467085838317871, "reward_1_when_2_group_param_known": 3.8683831691741943, "reward_2_when_2_group_param_known": 3.166299343109131, "reward_0_when_3_group_param_known": 3.825965404510498, "reward_1_when_3_group_param_known": 3.5973966121673584, "reward_2_when_3_group_param_known": 3.3685383796691895, "reward_error_0_when_1_group_param_known": 0.0, "reward_error_1_when_1_group_param_known": 0.10373774088723234, "reward_error_2_when_1_group_param_known": 0.012258050543171991, "reward_error_0_when_2_group_param_known": 0.10373774088723234, "reward_error_1_when_2_group_param_known": 0.0, "reward_error_2_when_2_group_param_known": 0.06003762278045342, "reward_error_0_when_3_group_param_known": 0.010965243826337774, "reward_error_1_when_3_group_param_known": 0.07005163272507076, "reward_error_2_when_3_group_param_known": 0.0, "_wandb": {"runtime": 11}}