{"Iteration": 99, "train_loss": 15.192671328616877, "val_loss": 15.760839332527066, "grad_norm": 0.37700233296619934, "max_reward_err": 0.07687008061159413, "max_reward_err_index": 0, "max_kl_dist": 0.8132231626640943, "max_kl_dist_index": 0, "max_train_grp_loss": 20.648414736309018, "max_train_grp_loss_index": 2, "max_val_grp_loss": 19.99415835139053, "max_val_grp_loss_index": 0, "max_cur_train_grp_loss": 20.659363263662907, "max_cur_train_grp_loss_index": 2, "reward_err_1": 0.06993719862269832, "reward_err_2": 0.011573879863052975, "reward_err_3": 0.03568579416368189, "reward_param_1": 7.88448418643119, "reward_param_2": 4.376912513016294, "reward_param_3": 6.3393989304303915, "reward_param_4": 4.430959163600002, "KL_distance_1": 0.8132231626640943, "KL_distance_2": 0.43820715281557393, "KL_distance_3": 0.6329428741102188, "hist_group_loss_1": 2013.8194255537476, "hist_group_loss_2": 953.8588409260939, "hist_group_loss_3": 2145.0496941425226, "cur_group_loss_1": 19.221393895562255, "cur_group_loss_2": 7.672085802854303, "cur_group_loss_3": 20.659363263662907, "train_group_loss_1": 19.20929854185186, "train_group_loss_2": 7.653822041612233, "train_group_loss_3": 20.648414736309018, "val_group_loss_1": 19.99415835139053, "val_group_loss_2": 8.973996060857816, "val_group_loss_3": 18.494146066247737, "_timestamp": 1726689320.628663, "_runtime": 8.447218179702759, "_step": 2, "final/reward_err_1": 0.06993719862269832, "final/reward_err_2": 0.011573879863052975, "final/reward_err_3": 0.03568579416368189, "final/reward_param_1": 7.88448418643119, "final/reward_param_2": 4.376912513016294, "final/reward_param_3": 6.3393989304303915, "final/reward_param_4": 4.430959163600002, "optimal_reward_1": 3.7993900775909424, "optimal_reward_2": 3.7993900775909424, "optimal_reward_3": 3.2844576835632324, "final/reward_1": 3.7590062618255615, "final/reward_2": 3.5602219104766846, "final/reward_3": 3.2844576835632324, "reward_0_when_1_group_param_known": 3.7993900775909424, "reward_1_when_1_group_param_known": 3.436445713043213, "reward_2_when_1_group_param_known": 3.2425923347473145, "reward_0_when_2_group_param_known": 3.436445713043213, "reward_1_when_2_group_param_known": 3.7993900775909424, "reward_2_when_2_group_param_known": 3.1007323265075684, "reward_0_when_3_group_param_known": 3.7590062618255615, "reward_1_when_3_group_param_known": 3.5602219104766846, "reward_2_when_3_group_param_known": 3.2844576835632324, "reward_error_0_when_1_group_param_known": 0.0, "reward_error_1_when_1_group_param_known": 0.09552700752902413, "reward_error_2_when_1_group_param_known": 0.012746502725679575, "reward_error_0_when_2_group_param_known": 0.09552700752902413, "reward_error_1_when_2_group_param_known": 0.0, "reward_error_2_when_2_group_param_known": 0.055937806102694144, "reward_error_0_when_3_group_param_known": 0.010629025959605284, "reward_error_1_when_3_group_param_known": 0.06294909504683073, "reward_error_2_when_3_group_param_known": 0.0, "_wandb": {"runtime": 8}}