{"Iteration": 99, "train_loss": 17.611486396600476, "val_loss": 17.16716465911472, "grad_norm": 0.5136259228058436, "max_reward_err": 0.12660876227982096, "max_reward_err_index": 1, "max_kl_dist": 0.5350553369011612, "max_kl_dist_index": 0, "max_train_grp_loss": 21.507313017452667, "max_train_grp_loss_index": 0, "max_val_grp_loss": 21.390534310496275, "max_val_grp_loss_index": 0, "max_cur_train_grp_loss": 21.50859356785419, "max_cur_train_grp_loss_index": 0, "reward_err_1": 0.06891335154142907, "reward_err_2": 0.009663873768094912, "reward_err_3": 0.03282742960905303, "reward_param_1": 6.018596890696632, "reward_param_2": 3.457504409256903, "reward_param_3": 5.385817154665554, "reward_param_4": 3.3859325776324467, "KL_distance_1": 0.5350553369011612, "KL_distance_2": 0.2273903305075442, "KL_distance_3": 0.38395945462484654, "hist_group_loss_1": 2166.3064884881906, "hist_group_loss_2": 1824.5440313511367, "hist_group_loss_3": 2092.338394223056, "cur_group_loss_1": 21.50859356785419, "cur_group_loss_2": 14.081131041401331, "cur_group_loss_3": 19.637343516197276, "train_group_loss_1": 21.507313017452667, "train_group_loss_2": 14.033764347292957, "train_group_loss_3": 19.618395104133104, "val_group_loss_1": 21.390534310496275, "val_group_loss_2": 9.733763852561475, "val_group_loss_3": 19.81776211329891, "_timestamp": 1726689757.408642, "_runtime": 8.432491064071655, "_step": 2, "final/reward_err_1": 0.06891335154142907, "final/reward_err_2": 0.009663873768094912, "final/reward_err_3": 0.03282742960905303, "final/reward_param_1": 6.018596890696632, "final/reward_param_2": 3.457504409256903, "final/reward_param_3": 5.385817154665554, "final/reward_param_4": 3.3859325776324467, "optimal_reward_1": 3.813612222671509, "optimal_reward_2": 3.813612222671509, "optimal_reward_3": 3.3066372871398926, "final/reward_1": 3.779019594192505, "final/reward_2": 3.5611813068389893, "final/reward_3": 3.3066372871398926, "reward_0_when_1_group_param_known": 3.813612222671509, "reward_1_when_1_group_param_known": 3.4377872943878174, "reward_2_when_1_group_param_known": 3.272095203399658, "reward_0_when_2_group_param_known": 3.4377872943878174, "reward_1_when_2_group_param_known": 3.813612222671509, "reward_2_when_2_group_param_known": 3.118396520614624, "reward_0_when_3_group_param_known": 3.779019594192505, "reward_1_when_3_group_param_known": 3.5611813068389893, "reward_2_when_3_group_param_known": 3.3066372871398926, "reward_error_0_when_1_group_param_known": 0.0, "reward_error_1_when_1_group_param_known": 0.09854828082662763, "reward_error_2_when_1_group_param_known": 0.010446287494118195, "reward_error_0_when_2_group_param_known": 0.09854828082662763, "reward_error_1_when_2_group_param_known": 0.0, "reward_error_2_when_2_group_param_known": 0.056928156970034414, "reward_error_0_when_3_group_param_known": 0.009070830084232083, "reward_error_1_when_3_group_param_known": 0.06619207750904647, "reward_error_2_when_3_group_param_known": 0.0, "_wandb": {"runtime": 8}}