{"Iteration": 99, "train_loss": 16.284600733708054, "val_loss": 14.892583396564824, "grad_norm": 0.013871500396578999, "live_grad": 2.322277679958532e-14, "train_weighted_loss": 48.85380220112416, "val_weighted_loss": 44.67775018969447, "max_reward_err": 0.09725796284634584, "max_reward_err_index": 0, "max_kl_dist": 1.5434098488469314, "max_kl_dist_index": 0, "max_train_grp_loss": 19.386410726461506, "max_train_grp_loss_index": 0, "max_val_grp_loss": 20.425595010089747, "max_val_grp_loss_index": 0, "max_cur_train_grp_loss": 0.36941622926410395, "max_cur_train_grp_loss_index": 2, "reward_err_1": 0.09725796284634584, "reward_err_2": 0.00015996059225983008, "reward_err_3": 0.05819837244757684, "KL_distance_1": 1.5434098488469314, "KL_distance_2": 0.8493176424547653, "KL_distance_3": 1.2503429838198903, "reward_param_1": 9.88468077220321, "reward_param_2": 3.689486612498808, "reward_param_3": 11.665032086467942, "reward_param_4": 4.133638286023154, "group_weight_1": 0.3144187381151443, "group_weight_2": 0.29608716485582803, "group_weight_3": 0.38949409702902765, "hist_group_loss_1": 15.856984414998854, "hist_group_loss_2": 9.849807260688365, "hist_group_loss_3": 37.26928957111891, "cur_group_loss_1": 0.15762794266460697, "cur_group_loss_2": 0.09911924183252589, "cur_group_loss_3": 0.36941622926410395, "train_group_loss_1": 19.386410726461506, "train_group_loss_2": 12.789365106083837, "train_group_loss_3": 17.72965837651743, "val_group_loss_1": 20.425595010089747, "val_group_loss_2": 5.999504844092867, "val_group_loss_3": 18.26202353160915, "_timestamp": 1726690846.2230961, "_runtime": 9.702242136001587, "_step": 2, "final/reward_err_1": 0.09725796284634584, "final/reward_err_2": 0.00015996059225983008, "final/reward_err_3": 0.05819837244757684, "final/reward_param_1": 9.88468077220321, "final/reward_param_2": 3.689486612498808, "final/reward_param_3": 11.665032086467942, "final/reward_param_4": 4.133638286023154, "optimal_reward_1": 3.843956232070923, "optimal_reward_2": 3.843956232070923, "optimal_reward_3": 3.254488229751587, "final/reward_1": 3.8041796684265137, "final/reward_2": 3.590562105178833, "final/reward_3": 3.254488229751587, "reward_0_when_1_group_param_known": 3.843956232070923, "reward_1_when_1_group_param_known": 3.4647014141082764, "reward_2_when_1_group_param_known": 3.2180964946746826, "reward_0_when_2_group_param_known": 3.4647014141082764, "reward_1_when_2_group_param_known": 3.843956232070923, "reward_2_when_2_group_param_known": 3.0630156993865967, "reward_0_when_3_group_param_known": 3.8041796684265137, "reward_1_when_3_group_param_known": 3.590562105178833, "reward_2_when_3_group_param_known": 3.254488229751587, "reward_error_0_when_1_group_param_known": 0.0, "reward_error_1_when_1_group_param_known": 0.09866262648841967, "reward_error_2_when_1_group_param_known": 0.011182014654169469, "reward_error_0_when_2_group_param_known": 0.09866262648841967, "reward_error_1_when_2_group_param_known": 0.0, "reward_error_2_when_2_group_param_known": 0.058833376201703216, "reward_error_0_when_3_group_param_known": 0.010347819080910722, "reward_error_1_when_3_group_param_known": 0.06592013841832281, "reward_error_2_when_3_group_param_known": 0.0, "_wandb": {"runtime": 9}}