{"Iteration": 99, "train_loss": 19.728922980458584, "val_loss": 19.873322405375152, "grad_norm": 0.010005855029776895, "live_grad": 1.7855703478542664e-14, "train_weighted_loss": 59.18676894137575, "val_weighted_loss": 59.61996721612546, "max_reward_err": 0.08974205732002109, "max_reward_err_index": 0, "max_kl_dist": 1.1468192918367472, "max_kl_dist_index": 0, "max_train_grp_loss": 24.32391483892843, "max_train_grp_loss_index": 0, "max_val_grp_loss": 23.665550425904012, "max_val_grp_loss_index": 0, "max_cur_train_grp_loss": 0.24698731744066035, "max_cur_train_grp_loss_index": 2, "reward_err_1": 0.08974205732002109, "reward_err_2": 0.0013676904023106158, "reward_err_3": 0.05129492009297238, "KL_distance_1": 1.1468192918367472, "KL_distance_2": 0.5651880112837998, "KL_distance_3": 0.9089992550301499, "reward_param_1": 9.804664812653614, "reward_param_2": 3.8546845543996597, "reward_param_3": 7.759544076491038, "reward_param_4": 3.9329776805680208, "group_weight_1": 0.34681518345726536, "group_weight_2": 0.3050617654232489, "group_weight_3": 0.34812305111948577, "hist_group_loss_1": 24.3889591417184, "hist_group_loss_2": 11.561183156337597, "hist_group_loss_3": 24.76535783192099, "cur_group_loss_1": 0.24325332539155084, "cur_group_loss_2": 0.1160312990467254, "cur_group_loss_3": 0.24698731744066035, "train_group_loss_1": 24.32391483892843, "train_group_loss_2": 12.302118823256299, "train_group_loss_3": 23.21554058488899, "val_group_loss_1": 23.665550425904012, "val_group_loss_2": 14.239996031387937, "val_group_loss_3": 21.48741627399571, "_timestamp": 1726610307.999561, "_runtime": 9.333178043365479, "_step": 2, "final/reward_err_1": 0.08974205732002109, "final/reward_err_2": 0.0013676904023106158, "final/reward_err_3": 0.05129492009297238, "final/reward_param_1": 9.804664812653614, "final/reward_param_2": 3.8546845543996597, "final/reward_param_3": 7.759544076491038, "final/reward_param_4": 3.9329776805680208, "optimal_reward_1": 3.873610019683838, "optimal_reward_2": 3.873610019683838, "optimal_reward_3": 3.319157123565674, "final/reward_1": 3.838348150253296, "final/reward_2": 3.61712908744812, "final/reward_3": 3.319157123565674, "reward_0_when_1_group_param_known": 3.873610019683838, "reward_1_when_1_group_param_known": 3.490786552429199, "reward_2_when_1_group_param_known": 3.2907512187957764, "reward_0_when_2_group_param_known": 3.490786552429199, "reward_1_when_2_group_param_known": 3.873610019683838, "reward_2_when_2_group_param_known": 3.1261727809906006, "reward_0_when_3_group_param_known": 3.838348150253296, "reward_1_when_3_group_param_known": 3.61712908744812, "reward_2_when_3_group_param_known": 3.319157123565674, "reward_error_0_when_1_group_param_known": 0.0, "reward_error_1_when_1_group_param_known": 0.09882860311423, "reward_error_2_when_1_group_param_known": 0.00855816814703301, "reward_error_0_when_2_group_param_known": 0.09882860311423, "reward_error_1_when_2_group_param_known": 0.0, "reward_error_2_when_2_group_param_known": 0.058142575175156454, "reward_error_0_when_3_group_param_known": 0.009103102597153042, "reward_error_1_when_3_group_param_known": 0.06621237835827666, "reward_error_2_when_3_group_param_known": 0.0, "_wandb": {"runtime": 9}}