{"Iteration": 99, "train_loss": 17.911633958221202, "val_loss": 17.60437232617333, "grad_norm": 0.530729161626193, "max_reward_err": 0.15333138602314703, "max_reward_err_index": 1, "max_kl_dist": 0.4568886426229417, "max_kl_dist_index": 0, "max_train_grp_loss": 21.836464459081114, "max_train_grp_loss_index": 0, "max_val_grp_loss": 20.98498726942966, "max_val_grp_loss_index": 0, "max_cur_train_grp_loss": 21.84522143782287, "max_cur_train_grp_loss_index": 0, "reward_err_1": 0.06647835362512013, "reward_err_2": 0.01813417620560221, "reward_err_3": 0.03002341845254921, "reward_param_1": 5.327831331659296, "reward_param_2": 2.4525087313828493, "reward_param_3": 5.118656737916003, "reward_param_4": 4.107875954649174, "KL_distance_1": 0.4568886426229417, "KL_distance_2": 0.21384106332928446, "KL_distance_3": 0.3173361750743519, "hist_group_loss_1": 2252.7844064308615, "hist_group_loss_2": 1747.3515778460066, "hist_group_loss_3": 2159.6959673213864, "cur_group_loss_1": 21.84522143782287, "cur_group_loss_2": 13.447593356934018, "cur_group_loss_3": 19.89493059297213, "train_group_loss_1": 21.836464459081114, "train_group_loss_2": 13.399313034574009, "train_group_loss_3": 19.870136042689644, "val_group_loss_1": 20.98498726942966, "val_group_loss_2": 13.185979683252597, "val_group_loss_3": 19.945087780290653, "_timestamp": 1726687666.231285, "_runtime": 8.44980001449585, "_step": 2, "final/reward_err_1": 0.06647835362512013, "final/reward_err_2": 0.01813417620560221, "final/reward_err_3": 0.03002341845254921, "final/reward_param_1": 5.327831331659296, "final/reward_param_2": 2.4525087313828493, "final/reward_param_3": 5.118656737916003, "final/reward_param_4": 4.107875954649174, "optimal_reward_1": 3.843637228012085, "optimal_reward_2": 3.843637228012085, "optimal_reward_3": 3.3299360275268555, "final/reward_1": 3.807432174682617, "final/reward_2": 3.5788300037384033, "final/reward_3": 3.3299360275268555, "reward_0_when_1_group_param_known": 3.843637228012085, "reward_1_when_1_group_param_known": 3.444669008255005, "reward_2_when_1_group_param_known": 3.2935516834259033, "reward_0_when_2_group_param_known": 3.444669008255005, "reward_1_when_2_group_param_known": 3.843637228012085, "reward_2_when_2_group_param_known": 3.1286234855651855, "reward_0_when_3_group_param_known": 3.807432174682617, "reward_1_when_3_group_param_known": 3.5788300037384033, "reward_2_when_3_group_param_known": 3.3299360275268555, "reward_error_0_when_1_group_param_known": 0.0, "reward_error_1_when_1_group_param_known": 0.10379965540177291, "reward_error_2_when_1_group_param_known": 0.010926439367057394, "reward_error_0_when_2_group_param_known": 0.10379965540177291, "reward_error_1_when_2_group_param_known": 0.0, "reward_error_2_when_2_group_param_known": 0.06045537821072942, "reward_error_0_when_3_group_param_known": 0.009419477224751747, "reward_error_1_when_3_group_param_known": 0.06889495770927345, "reward_error_2_when_3_group_param_known": 0.0, "_wandb": {"runtime": 8}}