{"Iteration": 99, "train_loss": 17.449063648277303, "val_loss": 16.765438133442668, "grad_norm": 0.4233137695555574, "max_reward_err": 0.09905448711829387, "max_reward_err_index": 1, "max_kl_dist": 0.7202956286166355, "max_kl_dist_index": 0, "max_train_grp_loss": 21.627412688483748, "max_train_grp_loss_index": 0, "max_val_grp_loss": 20.801482602561858, "max_val_grp_loss_index": 0, "max_cur_train_grp_loss": 21.635196339707203, "max_cur_train_grp_loss_index": 0, "reward_err_1": 0.08372791804742062, "reward_err_2": 0.010560142569068903, "reward_err_3": 0.05009456303027093, "reward_param_1": 4.33699304258195, "reward_param_2": 4.624631206084149, "reward_param_3": 8.11286976865413, "reward_param_4": 2.5261759274091475, "KL_distance_1": 0.7202956286166355, "KL_distance_2": 0.29206954519480827, "KL_distance_3": 0.5602578834514752, "hist_group_loss_1": 2225.5806858863107, "hist_group_loss_2": 1411.1759343775482, "hist_group_loss_3": 2067.8486918271765, "cur_group_loss_1": 21.635196339707203, "cur_group_loss_2": 11.576981483184307, "cur_group_loss_3": 19.636909574943473, "train_group_loss_1": 21.627412688483748, "train_group_loss_2": 11.546063359920677, "train_group_loss_3": 19.621934829987154, "val_group_loss_1": 20.801482602561858, "val_group_loss_2": 9.46010840411776, "val_group_loss_3": 19.577137861327707, "_timestamp": 1726689527.033365, "_runtime": 8.995207071304321, "_step": 2, "final/reward_err_1": 0.08372791804742062, "final/reward_err_2": 0.010560142569068903, "final/reward_err_3": 0.05009456303027093, "final/reward_param_1": 4.33699304258195, "final/reward_param_2": 4.624631206084149, "final/reward_param_3": 8.11286976865413, "final/reward_param_4": 2.5261759274091475, "optimal_reward_1": 3.8711791038513184, "optimal_reward_2": 3.8711791038513184, "optimal_reward_3": 3.3448379039764404, "final/reward_1": 3.8372890949249268, "final/reward_2": 3.6086676120758057, "final/reward_3": 3.3448379039764404, "reward_0_when_1_group_param_known": 3.8711791038513184, "reward_1_when_1_group_param_known": 3.4649550914764404, "reward_2_when_1_group_param_known": 3.310628890991211, "reward_0_when_2_group_param_known": 3.4649550914764404, "reward_1_when_2_group_param_known": 3.8711791038513184, "reward_2_when_2_group_param_known": 3.1331167221069336, "reward_0_when_3_group_param_known": 3.8372890949249268, "reward_1_when_3_group_param_known": 3.6086676120758057, "reward_2_when_3_group_param_known": 3.3448379039764404, "reward_error_0_when_1_group_param_known": 0.0, "reward_error_1_when_1_group_param_known": 0.10493547352813978, "reward_error_2_when_1_group_param_known": 0.010227405323457027, "reward_error_0_when_2_group_param_known": 0.10493547352813978, "reward_error_1_when_2_group_param_known": 0.0, "reward_error_2_when_2_group_param_known": 0.06329789004657192, "reward_error_0_when_3_group_param_known": 0.00875444096416915, "reward_error_1_when_3_group_param_known": 0.06781176606226975, "reward_error_2_when_3_group_param_known": 0.0, "_wandb": {"runtime": 9}}