{"Iteration": 99, "train_loss": 17.546109962174466, "val_loss": 17.565478480939447, "grad_norm": 0.547433396708811, "max_reward_err": 0.1462931996486027, "max_reward_err_index": 1, "max_kl_dist": 0.40863132847013595, "max_kl_dist_index": 0, "max_train_grp_loss": 19.74035262844264, "max_train_grp_loss_index": 2, "max_val_grp_loss": 20.512145724967095, "max_val_grp_loss_index": 0, "max_cur_train_grp_loss": 19.759778825409803, "max_cur_train_grp_loss_index": 2, "reward_err_1": 0.04423276462025135, "reward_err_2": 0.027706978578518452, "reward_err_3": 0.016160312539175197, "reward_param_1": 5.171987477122828, "reward_param_2": 4.8739090247560215, "reward_param_3": 5.010445606672866, "reward_param_4": 3.8796962464194915, "KL_distance_1": 0.40863132847013595, "KL_distance_2": 0.3169656857292755, "KL_distance_3": 0.3047242103196566, "hist_group_loss_1": 2085.4989709813285, "hist_group_loss_2": 1668.9678730898033, "hist_group_loss_3": 2105.2525127566596, "cur_group_loss_1": 19.51478913438141, "cur_group_loss_2": 12.804478122129687, "cur_group_loss_3": 19.759778825409803, "train_group_loss_1": 19.49498866706728, "train_group_loss_2": 12.750636089811708, "train_group_loss_3": 19.74035262844264, "val_group_loss_1": 20.512145724967095, "val_group_loss_2": 12.163321850145353, "val_group_loss_3": 19.61170976251545, "_timestamp": 1726583225.793178, "_runtime": 7.98086404800415, "_step": 2, "final/reward_err_1": 0.04423276462025135, "final/reward_err_2": 0.027706978578518452, "final/reward_err_3": 0.016160312539175197, "final/reward_param_1": 5.171987477122828, "final/reward_param_2": 4.8739090247560215, "final/reward_param_3": 5.010445606672866, "final/reward_param_4": 3.8796962464194915, "optimal_reward_1": 3.866020441055298, "optimal_reward_2": 3.866020441055298, "optimal_reward_3": 3.3396692276000977, "final/reward_1": 3.832627058029175, "final/reward_2": 3.6058900356292725, "final/reward_3": 3.3396692276000977, "reward_0_when_1_group_param_known": 3.866020441055298, "reward_1_when_1_group_param_known": 3.4563794136047363, "reward_2_when_1_group_param_known": 3.3043456077575684, "reward_0_when_2_group_param_known": 3.4563794136047363, "reward_1_when_2_group_param_known": 3.866020441055298, "reward_2_when_2_group_param_known": 3.1246166229248047, "reward_0_when_3_group_param_known": 3.832627058029175, "reward_1_when_3_group_param_known": 3.6058900356292725, "reward_2_when_3_group_param_known": 3.3396692276000977, "reward_error_0_when_1_group_param_known": 0.0, "reward_error_1_when_1_group_param_known": 0.10595935373242435, "reward_error_2_when_1_group_param_known": 0.010576981561707841, "reward_error_0_when_2_group_param_known": 0.10595935373242435, "reward_error_1_when_2_group_param_known": 0.0, "reward_error_2_when_2_group_param_known": 0.06439338449988677, "reward_error_0_when_3_group_param_known": 0.008637663337601945, "reward_error_1_when_3_group_param_known": 0.0672863502384944, "reward_error_2_when_3_group_param_known": 0.0, "_wandb": {"runtime": 7}}