{"Iteration": 99, "train_loss": 16.751512276804217, "val_loss": 16.74341974267792, "grad_norm": 0.4865050992138263, "max_reward_err": 0.07307020794358342, "max_reward_err_index": 1, "max_kl_dist": 0.5964505373192796, "max_kl_dist_index": 0, "max_train_grp_loss": 20.953832436635306, "max_train_grp_loss_index": 0, "max_val_grp_loss": 20.685105817297924, "max_val_grp_loss_index": 0, "max_cur_train_grp_loss": 20.96641530095547, "max_cur_train_grp_loss_index": 0, "reward_err_1": 0.07225914503557873, "reward_err_2": 0.01267490795871009, "reward_err_3": 0.03604425206219042, "reward_param_1": 6.7455368641570255, "reward_param_2": 4.087744441408126, "reward_param_3": 5.174594739554206, "reward_param_4": 3.5134250333653374, "KL_distance_1": 0.5964505373192796, "KL_distance_2": 0.28963394728203, "KL_distance_3": 0.44149517776558206, "hist_group_loss_1": 2194.134703282414, "hist_group_loss_2": 1482.293325856821, "hist_group_loss_3": 2087.1666405573, "cur_group_loss_1": 20.96641530095547, "cur_group_loss_2": 11.729487910311162, "cur_group_loss_3": 19.58610696581, "train_group_loss_1": 20.953832436635306, "train_group_loss_2": 11.69302774528806, "train_group_loss_3": 19.5686754104357, "val_group_loss_1": 20.685105817297924, "val_group_loss_2": 11.578605355573604, "val_group_loss_3": 19.238674532327906, "_timestamp": 1726687483.75104, "_runtime": 8.518630027770996, "_step": 2, "final/reward_err_1": 0.07225914503557873, "final/reward_err_2": 0.01267490795871009, "final/reward_err_3": 0.03604425206219042, "final/reward_param_1": 6.7455368641570255, "final/reward_param_2": 4.087744441408126, "final/reward_param_3": 5.174594739554206, "final/reward_param_4": 3.5134250333653374, "optimal_reward_1": 3.8379180431365967, "optimal_reward_2": 3.8379180431365967, "optimal_reward_3": 3.324342966079712, "final/reward_1": 3.802189826965332, "final/reward_2": 3.574620246887207, "final/reward_3": 3.324342966079712, "reward_0_when_1_group_param_known": 3.8379180431365967, "reward_1_when_1_group_param_known": 3.442539930343628, "reward_2_when_1_group_param_known": 3.28834867477417, "reward_0_when_2_group_param_known": 3.442539930343628, "reward_1_when_2_group_param_known": 3.8379180431365967, "reward_2_when_2_group_param_known": 3.1252236366271973, "reward_0_when_3_group_param_known": 3.802189826965332, "reward_1_when_3_group_param_known": 3.574620246887207, "reward_2_when_3_group_param_known": 3.324342966079712, "reward_error_0_when_1_group_param_known": 0.0, "reward_error_1_when_1_group_param_known": 0.10301890461158467, "reward_error_2_when_1_group_param_known": 0.010827490326002337, "reward_error_0_when_2_group_param_known": 0.10301890461158467, "reward_error_1_when_2_group_param_known": 0.0, "reward_error_2_when_2_group_param_known": 0.05989734858414128, "reward_error_0_when_3_group_param_known": 0.00930927022664226, "reward_error_1_when_3_group_param_known": 0.06860433007949422, "reward_error_2_when_3_group_param_known": 0.0, "_wandb": {"runtime": 8}}