{"Iteration": 99, "train_loss": 15.783197611727028, "val_loss": 16.239665750350735, "grad_norm": 0.0052907623056092775, "live_grad": 1.59227038962309e-14, "train_weighted_loss": 47.34959283518107, "val_weighted_loss": 48.718997251052194, "max_reward_err": 0.091894244322651, "max_reward_err_index": 0, "max_kl_dist": 1.9395856614505829, "max_kl_dist_index": 0, "max_train_grp_loss": 19.59453107666106, "max_train_grp_loss_index": 0, "max_val_grp_loss": 20.4836984445057, "max_val_grp_loss_index": 0, "max_cur_train_grp_loss": 0.18841493839888065, "max_cur_train_grp_loss_index": 0, "reward_err_1": 0.091894244322651, "reward_err_2": 0.0016258260183824702, "reward_err_3": 0.05548702308910812, "KL_distance_1": 1.9395856614505829, "KL_distance_2": 1.0716347970364213, "KL_distance_3": 1.596665079780014, "reward_param_1": 13.615532090404235, "reward_param_2": 4.386726747025729, "reward_param_3": 10.398158869271317, "reward_param_4": 5.5621312761528126, "group_weight_1": 0.34499424227719233, "group_weight_2": 0.31967895246098965, "group_weight_3": 0.33532680526181785, "hist_group_loss_1": 18.892332431560487, "hist_group_loss_2": 11.271281509369942, "hist_group_loss_3": 16.05011908671216, "cur_group_loss_1": 0.18841493839888065, "cur_group_loss_2": 0.11304387784290316, "cur_group_loss_3": 0.15972226961911648, "train_group_loss_1": 19.59453107666106, "train_group_loss_2": 10.288667638577683, "train_group_loss_3": 16.770088537474173, "val_group_loss_1": 20.4836984445057, "val_group_loss_2": 10.541807846151523, "val_group_loss_3": 17.792085304416517, "_timestamp": 1726607124.789566, "_runtime": 9.32879900932312, "_step": 2, "final/reward_err_1": 0.091894244322651, "final/reward_err_2": 0.0016258260183824702, "final/reward_err_3": 0.05548702308910812, "final/reward_param_1": 13.615532090404235, "final/reward_param_2": 4.386726747025729, "final/reward_param_3": 10.398158869271317, "final/reward_param_4": 5.5621312761528126, "optimal_reward_1": 3.7658329010009766, "optimal_reward_2": 3.7658329010009766, "optimal_reward_3": 3.2313315868377686, "final/reward_1": 3.727386713027954, "final/reward_2": 3.5327694416046143, "final/reward_3": 3.2313315868377686, "reward_0_when_1_group_param_known": 3.7658329010009766, "reward_1_when_1_group_param_known": 3.411930561065674, "reward_2_when_1_group_param_known": 3.1902992725372314, "reward_0_when_2_group_param_known": 3.411930561065674, "reward_1_when_2_group_param_known": 3.7658329010009766, "reward_2_when_2_group_param_known": 3.0509254932403564, "reward_0_when_3_group_param_known": 3.727386713027954, "reward_1_when_3_group_param_known": 3.5327694416046143, "reward_2_when_3_group_param_known": 3.2313315868377686, "reward_error_0_when_1_group_param_known": 0.0, "reward_error_1_when_1_group_param_known": 0.09397717563124848, "reward_error_2_when_1_group_param_known": 0.012698267942440401, "reward_error_0_when_2_group_param_known": 0.09397717563124848, "reward_error_1_when_2_group_param_known": 0.0, "reward_error_2_when_2_group_param_known": 0.055830263391186144, "reward_error_0_when_3_group_param_known": 0.01020921240631874, "reward_error_1_when_3_group_param_known": 0.06188895405699305, "reward_error_2_when_3_group_param_known": 0.0, "_wandb": {"runtime": 9}}