{"Iteration": 99, "train_loss": 16.84047161594982, "val_loss": 18.18987873949301, "grad_norm": 0.006669592530558007, "live_grad": 3.903566889458328e-14, "train_weighted_loss": 50.52141484784946, "val_weighted_loss": 54.56963621847905, "max_reward_err": 0.10858319318127567, "max_reward_err_index": 0, "max_kl_dist": 1.9559008567164073, "max_kl_dist_index": 0, "max_train_grp_loss": 21.19431229883446, "max_train_grp_loss_index": 0, "max_val_grp_loss": 23.220517050687572, "max_val_grp_loss_index": 0, "max_cur_train_grp_loss": 0.20380259450620036, "max_cur_train_grp_loss_index": 0, "reward_err_1": 0.10858319318127567, "reward_err_2": 0.0037849094884447832, "reward_err_3": 0.06857904025038244, "KL_distance_1": 1.9559008567164073, "KL_distance_2": 0.9356014822092524, "KL_distance_3": 1.6097222394555326, "reward_param_1": 14.367602637678704, "reward_param_2": 5.4309644702026905, "reward_param_3": 8.309459103408914, "reward_param_4": 2.972490497408319, "group_weight_1": 0.34707221984040504, "group_weight_2": 0.31446163592146414, "group_weight_3": 0.338466144238131, "hist_group_loss_1": 20.458830194312878, "hist_group_loss_2": 10.591750165866156, "hist_group_loss_3": 17.94794876388507, "cur_group_loss_1": 0.20380259450620036, "cur_group_loss_2": 0.10585423522158455, "cur_group_loss_3": 0.17879522251642535, "train_group_loss_1": 21.19431229883446, "train_group_loss_2": 9.634810283498863, "train_group_loss_3": 18.77300257055014, "val_group_loss_1": 23.220517050687572, "val_group_loss_2": 11.48312865672694, "val_group_loss_3": 19.841275892004408, "_timestamp": 1726608389.405069, "_runtime": 9.667788028717041, "_step": 2, "final/reward_err_1": 0.10858319318127567, "final/reward_err_2": 0.0037849094884447832, "final/reward_err_3": 0.06857904025038244, "final/reward_param_1": 14.367602637678704, "final/reward_param_2": 5.4309644702026905, "final/reward_param_3": 8.309459103408914, "final/reward_param_4": 2.972490497408319, "optimal_reward_1": 3.8553552627563477, "optimal_reward_2": 3.8553552627563477, "optimal_reward_3": 3.354396104812622, "final/reward_1": 3.8124771118164062, "final/reward_2": 3.5852954387664795, "final/reward_3": 3.354396104812622, "reward_0_when_1_group_param_known": 3.8553552627563477, "reward_1_when_1_group_param_known": 3.4600868225097656, "reward_2_when_1_group_param_known": 3.3136484622955322, "reward_0_when_2_group_param_known": 3.4600868225097656, "reward_1_when_2_group_param_known": 3.8553552627563477, "reward_2_when_2_group_param_known": 3.155968189239502, "reward_0_when_3_group_param_known": 3.8124771118164062, "reward_1_when_3_group_param_known": 3.5852954387664795, "reward_2_when_3_group_param_known": 3.354396104812622, "reward_error_0_when_1_group_param_known": 0.0, "reward_error_1_when_1_group_param_known": 0.10252451805543565, "reward_error_2_when_1_group_param_known": 0.012147534531961908, "reward_error_0_when_2_group_param_known": 0.10252451805543565, "reward_error_1_when_2_group_param_known": 0.0, "reward_error_2_when_2_group_param_known": 0.059154586808764606, "reward_error_0_when_3_group_param_known": 0.011121712012938103, "reward_error_1_when_3_group_param_known": 0.07004797368447742, "reward_error_2_when_3_group_param_known": 0.0, "_wandb": {"runtime": 9}}