{"Iteration": 199, "train_loss": 16.205103582107036, "val_loss": 15.739932626800593, "grad_norm": 0.2572918732360832, "max_reward_err": 0.06891335154142907, "max_reward_err_index": 0, "max_kl_dist": 1.0687524410042273, "max_kl_dist_index": 0, "max_train_grp_loss": 21.469325884871175, "max_train_grp_loss_index": 0, "max_val_grp_loss": 21.269113128539935, "max_val_grp_loss_index": 0, "max_cur_train_grp_loss": 21.469262658429038, "max_cur_train_grp_loss_index": 0, "reward_err_1": 0.08648891319024556, "reward_err_2": 0.001088059484919742, "reward_err_3": 0.046884564918038316, "reward_param_1": 8.557187201102817, "reward_param_2": 3.4254802078367326, "reward_param_3": 8.048487127646345, "reward_param_4": 3.5304870997800015, "KL_distance_1": 1.0687524410042273, "KL_distance_2": 0.45629409212606625, "KL_distance_3": 0.820953704593486, "hist_group_loss_1": 4314.116312198351, "hist_group_loss_2": 3077.0642712320955, "hist_group_loss_3": 3981.3876944337735, "cur_group_loss_1": 21.469262658429038, "cur_group_loss_2": 11.585968604388901, "cur_group_loss_3": 18.324893342836813, "train_group_loss_1": 21.469325884871175, "train_group_loss_2": 11.575150649619669, "train_group_loss_3": 18.316153293993132, "val_group_loss_1": 21.269113128539935, "val_group_loss_2": 6.464646112206455, "val_group_loss_3": 18.756479098854697, "_timestamp": 1726697891.3711329, "_runtime": 11.740773916244507, "_step": 3, "final/reward_err_1": 0.08648891319024556, "final/reward_err_2": 0.001088059484919742, "final/reward_err_3": 0.046884564918038316, "final/reward_param_1": 8.557187201102817, "final/reward_param_2": 3.4254802078367326, "final/reward_param_3": 8.048487127646345, "final/reward_param_4": 3.5304870997800015, "optimal_reward_1": 3.813612222671509, "optimal_reward_2": 3.813612222671509, "optimal_reward_3": 3.3066372871398926, "final/reward_1": 3.779019594192505, "final/reward_2": 3.5611813068389893, "final/reward_3": 3.3066372871398926, "reward_0_when_1_group_param_known": 3.813612222671509, "reward_1_when_1_group_param_known": 3.4377872943878174, "reward_2_when_1_group_param_known": 3.272095203399658, "reward_0_when_2_group_param_known": 3.4377872943878174, "reward_1_when_2_group_param_known": 3.813612222671509, "reward_2_when_2_group_param_known": 3.118396520614624, "reward_0_when_3_group_param_known": 3.779019594192505, "reward_1_when_3_group_param_known": 3.5611813068389893, "reward_2_when_3_group_param_known": 3.3066372871398926, "reward_error_0_when_1_group_param_known": 0.0, "reward_error_1_when_1_group_param_known": 0.09854828082662763, "reward_error_2_when_1_group_param_known": 0.010446287494118195, "reward_error_0_when_2_group_param_known": 0.09854828082662763, "reward_error_1_when_2_group_param_known": 0.0, "reward_error_2_when_2_group_param_known": 0.056928156970034414, "reward_error_0_when_3_group_param_known": 0.009070830084232083, "reward_error_1_when_3_group_param_known": 0.06619207750904647, "reward_error_2_when_3_group_param_known": 0.0, "_wandb": {"runtime": 11}}