{"Iteration": 99, "train_loss": 14.155997553925996, "val_loss": 14.404461438571442, "grad_norm": 0.011030495488701615, "live_grad": 2.4324844587586705e-14, "train_weighted_loss": 42.467992661777984, "val_weighted_loss": 43.21338431571432, "max_reward_err": 0.08017383133083437, "max_reward_err_index": 0, "max_kl_dist": 2.125797822529168, "max_kl_dist_index": 0, "max_train_grp_loss": 19.407159045916597, "max_train_grp_loss_index": 0, "max_val_grp_loss": 20.295189615170667, "max_val_grp_loss_index": 0, "max_cur_train_grp_loss": 0.20009498323478697, "max_cur_train_grp_loss_index": 0, "reward_err_1": 0.08017383133083437, "reward_err_2": 0.000789896032336954, "reward_err_3": 0.04416101185111009, "KL_distance_1": 2.125797822529168, "KL_distance_2": 1.2747368456529284, "KL_distance_3": 1.7674128335680666, "reward_param_1": 12.506810464309025, "reward_param_2": 5.1560319856203725, "reward_param_3": 14.069217552969278, "reward_param_4": 5.393813440402866, "group_weight_1": 0.352757076002656, "group_weight_2": 0.3103875584067565, "group_weight_3": 0.33685536559058754, "hist_group_loss_1": 20.147249504597657, "hist_group_loss_2": 7.351455002774945, "hist_group_loss_3": 15.534650097800311, "cur_group_loss_1": 0.20009498323478697, "cur_group_loss_2": 0.07464662929006723, "cur_group_loss_3": 0.15403640629682477, "train_group_loss_1": 19.407159045916597, "train_group_loss_2": 7.543256114733607, "train_group_loss_3": 15.710156579762693, "val_group_loss_1": 20.295189615170667, "val_group_loss_2": 7.430560622023927, "val_group_loss_3": 15.8351350820976, "_timestamp": 1726582045.636926, "_runtime": 9.516028881072998, "_step": 2, "final/reward_err_1": 0.08017383133083437, "final/reward_err_2": 0.000789896032336954, "final/reward_err_3": 0.04416101185111009, "final/reward_param_1": 12.506810464309025, "final/reward_param_2": 5.1560319856203725, "final/reward_param_3": 14.069217552969278, "final/reward_param_4": 5.393813440402866, "optimal_reward_1": 3.870737075805664, "optimal_reward_2": 3.870737075805664, "optimal_reward_3": 3.327569007873535, "final/reward_1": 3.8269641399383545, "final/reward_2": 3.639406681060791, "final/reward_3": 3.327569007873535, "reward_0_when_1_group_param_known": 3.870737075805664, "reward_1_when_1_group_param_known": 3.5440561771392822, "reward_2_when_1_group_param_known": 3.277423858642578, "reward_0_when_2_group_param_known": 3.5440561771392822, "reward_1_when_2_group_param_known": 3.870737075805664, "reward_2_when_2_group_param_known": 3.1691665649414062, "reward_0_when_3_group_param_known": 3.8269641399383545, "reward_1_when_3_group_param_known": 3.639406681060791, "reward_2_when_3_group_param_known": 3.327569007873535, "reward_error_0_when_1_group_param_known": 0.0, "reward_error_1_when_1_group_param_known": 0.08439759463599984, "reward_error_2_when_1_group_param_known": 0.015069604600928176, "reward_error_0_when_2_group_param_known": 0.08439759463599984, "reward_error_1_when_2_group_param_known": 0.0, "reward_error_2_when_2_group_param_known": 0.04760305272627693, "reward_error_0_when_3_group_param_known": 0.011308682302633167, "reward_error_1_when_3_group_param_known": 0.059763913232655674, "reward_error_2_when_3_group_param_known": 0.0, "_wandb": {"runtime": 9}}