{"Iteration": 99, "train_loss": 18.041853155885363, "val_loss": 19.060644194992964, "grad_norm": 0.4328199371180722, "max_reward_err": 0.08709526112388412, "max_reward_err_index": 0, "max_kl_dist": 0.4644513524876351, "max_kl_dist_index": 0, "max_train_grp_loss": 21.435768054340386, "max_train_grp_loss_index": 0, "max_val_grp_loss": 21.150794233816494, "max_val_grp_loss_index": 0, "max_cur_train_grp_loss": 21.450189075057168, "max_cur_train_grp_loss_index": 0, "reward_err_1": 0.06370538183685241, "reward_err_2": 0.021384572740112122, "reward_err_3": 0.030528302732599846, "reward_param_1": 4.902218632139084, "reward_param_2": 2.7050711560653857, "reward_param_3": 5.942868859270974, "reward_param_4": 4.576966382848536, "KL_distance_1": 0.4644513524876351, "KL_distance_2": 0.26375138773077256, "KL_distance_3": 0.34069204665730884, "hist_group_loss_1": 2251.199696161208, "hist_group_loss_2": 1589.2147088566173, "hist_group_loss_3": 2070.569632755181, "cur_group_loss_1": 21.450189075057168, "cur_group_loss_2": 13.954020015387506, "cur_group_loss_3": 19.085239814348604, "train_group_loss_1": 21.435768054340386, "train_group_loss_2": 13.93552116753355, "train_group_loss_3": 19.06184997418101, "val_group_loss_1": 21.150794233816494, "val_group_loss_2": 15.76795060304117, "val_group_loss_3": 20.29049622868543, "_timestamp": 1726666529.219272, "_runtime": 8.14512300491333, "_step": 2, "final/reward_err_1": 0.06370538183685241, "final/reward_err_2": 0.021384572740112122, "final/reward_err_3": 0.030528302732599846, "final/reward_param_1": 4.902218632139084, "final/reward_param_2": 2.7050711560653857, "final/reward_param_3": 5.942868859270974, "final/reward_param_4": 4.576966382848536, "optimal_reward_1": 3.867140769958496, "optimal_reward_2": 3.867140769958496, "optimal_reward_3": 3.3081343173980713, "final/reward_1": 3.833752155303955, "final/reward_2": 3.6075756549835205, "final/reward_3": 3.3081343173980713, "reward_0_when_1_group_param_known": 3.867140769958496, "reward_1_when_1_group_param_known": 3.49029541015625, "reward_2_when_1_group_param_known": 3.2803642749786377, "reward_0_when_2_group_param_known": 3.49029541015625, "reward_1_when_2_group_param_known": 3.867140769958496, "reward_2_when_2_group_param_known": 3.118959903717041, "reward_0_when_3_group_param_known": 3.833752155303955, "reward_1_when_3_group_param_known": 3.6075756549835205, "reward_2_when_3_group_param_known": 3.3081343173980713, "reward_error_0_when_1_group_param_known": 0.0, "reward_error_1_when_1_group_param_known": 0.09744805845438374, "reward_error_2_when_1_group_param_known": 0.00839447245941193, "reward_error_0_when_2_group_param_known": 0.09744805845438374, "reward_error_1_when_2_group_param_known": 0.0, "reward_error_2_when_2_group_param_known": 0.05718462297196584, "reward_error_0_when_3_group_param_known": 0.008633927917472566, "reward_error_1_when_3_group_param_known": 0.06712067918276514, "reward_error_2_when_3_group_param_known": 0.0, "_wandb": {"runtime": 8}}