{"Iteration": 99, "train_loss": 20.051569494250717, "val_loss": 19.34901167389901, "grad_norm": 0.01458625622817069, "live_grad": 2.6832737716929785e-14, "train_weighted_loss": 60.15470848275216, "val_weighted_loss": 58.04703502169703, "max_reward_err": 0.09204478395561877, "max_reward_err_index": 0, "max_kl_dist": 1.0196330923187078, "max_kl_dist_index": 0, "max_train_grp_loss": 21.25861038206145, "max_train_grp_loss_index": 2, "max_val_grp_loss": 21.93670189283112, "max_val_grp_loss_index": 0, "max_cur_train_grp_loss": 0.442932204872127, "max_cur_train_grp_loss_index": 2, "reward_err_1": 0.09204478395561877, "reward_err_2": 0.002166254320381418, "reward_err_3": 0.0534416126371183, "KL_distance_1": 1.0196330923187078, "KL_distance_2": 0.4887946293143714, "KL_distance_3": 0.7978451519014372, "reward_param_1": 9.224501903192612, "reward_param_2": 4.118156525727164, "reward_param_3": 7.332631382596988, "reward_param_4": 2.6115943171936262, "group_weight_1": 0.30408908092424297, "group_weight_2": 0.2959768446070236, "group_weight_3": 0.39993407446873347, "hist_group_loss_1": 17.135560196434525, "hist_group_loss_2": 14.431613771192001, "hist_group_loss_3": 44.53346338233024, "cur_group_loss_1": 0.17070829742853208, "cur_group_loss_2": 0.1449593736165674, "cur_group_loss_3": 0.442932204872127, "train_group_loss_1": 20.995784037388887, "train_group_loss_2": 18.702140413468477, "train_group_loss_3": 21.25861038206145, "val_group_loss_1": 21.93670189283112, "val_group_loss_2": 17.257147870761642, "val_group_loss_3": 18.877298686899046, "_timestamp": 1726685215.995183, "_runtime": 9.967818975448608, "_step": 2, "final/reward_err_1": 0.09204478395561877, "final/reward_err_2": 0.002166254320381418, "final/reward_err_3": 0.0534416126371183, "final/reward_param_1": 9.224501903192612, "final/reward_param_2": 4.118156525727164, "final/reward_param_3": 7.332631382596988, "final/reward_param_4": 2.6115943171936262, "optimal_reward_1": 3.8385727405548096, "optimal_reward_2": 3.8385727405548096, "optimal_reward_3": 3.2517144680023193, "final/reward_1": 3.796536684036255, "final/reward_2": 3.582489252090454, "final/reward_3": 3.2517144680023193, "reward_0_when_1_group_param_known": 3.8385727405548096, "reward_1_when_1_group_param_known": 3.460787534713745, "reward_2_when_1_group_param_known": 3.2131664752960205, "reward_0_when_2_group_param_known": 3.460787534713745, "reward_1_when_2_group_param_known": 3.8385727405548096, "reward_2_when_2_group_param_known": 3.0634775161743164, "reward_0_when_3_group_param_known": 3.796536684036255, "reward_1_when_3_group_param_known": 3.582489252090454, "reward_2_when_3_group_param_known": 3.2517144680023193, "reward_error_0_when_1_group_param_known": 0.0, "reward_error_1_when_1_group_param_known": 0.09841814428830158, "reward_error_2_when_1_group_param_known": 0.011854667156547932, "reward_error_0_when_2_group_param_known": 0.09841814428830158, "reward_error_1_when_2_group_param_known": 0.0, "reward_error_2_when_2_group_param_known": 0.057888524247839544, "reward_error_0_when_3_group_param_known": 0.010950959994698183, "reward_error_1_when_3_group_param_known": 0.06671320456137621, "reward_error_2_when_3_group_param_known": 0.0, "_wandb": {"runtime": 9}}