{"Iteration": 99, "train_loss": 18.665058365165702, "val_loss": 19.049726629008536, "grad_norm": 0.44930517475138043, "max_reward_err": 0.08890325418732496, "max_reward_err_index": 0, "max_kl_dist": 0.5282422211274889, "max_kl_dist_index": 0, "max_train_grp_loss": 21.55862478759192, "max_train_grp_loss_index": 0, "max_val_grp_loss": 22.00608789861674, "max_val_grp_loss_index": 0, "max_cur_train_grp_loss": 21.570014937880345, "max_cur_train_grp_loss_index": 0, "reward_err_1": 0.08172692553870729, "reward_err_2": 0.009128878683698854, "reward_err_3": 0.04199573086272172, "reward_param_1": 4.979278108777454, "reward_param_2": 3.2358943508374107, "reward_param_3": 6.294795421769827, "reward_param_4": 3.143341814379725, "KL_distance_1": 0.5282422211274889, "KL_distance_2": 0.1980780891716044, "KL_distance_3": 0.3773799154565761, "hist_group_loss_1": 2237.7370448603515, "hist_group_loss_2": 1528.8859310768655, "hist_group_loss_3": 2208.2846458459903, "cur_group_loss_1": 21.570014937880345, "cur_group_loss_2": 12.657908770420445, "cur_group_loss_3": 20.966619613203818, "train_group_loss_1": 21.55862478759192, "train_group_loss_2": 12.62397530336875, "train_group_loss_3": 20.949563138565438, "val_group_loss_1": 22.00608789861674, "val_group_loss_2": 13.695532474429122, "val_group_loss_3": 21.176613274297832, "_timestamp": 1726606875.4636931, "_runtime": 8.133946180343628, "_step": 2, "final/reward_err_1": 0.08172692553870729, "final/reward_err_2": 0.009128878683698854, "final/reward_err_3": 0.04199573086272172, "final/reward_param_1": 4.979278108777454, "final/reward_param_2": 3.2358943508374107, "final/reward_param_3": 6.294795421769827, "final/reward_param_4": 3.143341814379725, "optimal_reward_1": 3.9271814823150635, "optimal_reward_2": 3.9271814823150635, "optimal_reward_3": 3.4129228591918945, "final/reward_1": 3.8862557411193848, "final/reward_2": 3.636671543121338, "final/reward_3": 3.4129228591918945, "reward_0_when_1_group_param_known": 3.9271814823150635, "reward_1_when_1_group_param_known": 3.503054618835449, "reward_2_when_1_group_param_known": 3.378288984298706, "reward_0_when_2_group_param_known": 3.503054618835449, "reward_1_when_2_group_param_known": 3.9271814823150635, "reward_2_when_2_group_param_known": 3.1996068954467773, "reward_0_when_3_group_param_known": 3.8862557411193848, "reward_1_when_3_group_param_known": 3.636671543121338, "reward_2_when_3_group_param_known": 3.4129228591918945, "reward_error_0_when_1_group_param_known": 0.0, "reward_error_1_when_1_group_param_known": 0.1079977753484396, "reward_error_2_when_1_group_param_known": 0.0101478633775476, "reward_error_0_when_2_group_param_known": 0.1079977753484396, "reward_error_1_when_2_group_param_known": 0.0, "reward_error_2_when_2_group_param_known": 0.06250242755138795, "reward_error_0_when_3_group_param_known": 0.010421148444495387, "reward_error_1_when_3_group_param_known": 0.07397415691175818, "reward_error_2_when_3_group_param_known": 0.0, "_wandb": {"runtime": 7}}