{"Iteration": 99, "train_loss": 17.939687582384924, "val_loss": 16.82032381418292, "grad_norm": 0.2950210137489392, "max_reward_err": 0.05010317122558539, "max_reward_err_index": 0, "max_kl_dist": 0.8486250919774082, "max_kl_dist_index": 0, "max_train_grp_loss": 21.292307721362754, "max_train_grp_loss_index": 0, "max_val_grp_loss": 20.064435501408774, "max_val_grp_loss_index": 0, "max_cur_train_grp_loss": 21.294187985716068, "max_cur_train_grp_loss_index": 0, "reward_err_1": 0.07886936978747806, "reward_err_2": 0.006891006290511794, "reward_err_3": 0.04160962034928531, "reward_param_1": 7.00969986168351, "reward_param_2": 4.692510265410497, "reward_param_3": 7.724824994938373, "reward_param_4": 3.5029071286844546, "KL_distance_1": 0.8486250919774082, "KL_distance_2": 0.4471977502507717, "KL_distance_3": 0.6566404995444507, "hist_group_loss_1": 2142.1684588125427, "hist_group_loss_2": 1293.5701266339743, "hist_group_loss_3": 2046.2251221393585, "cur_group_loss_1": 21.294187985716068, "cur_group_loss_2": 11.508001335695326, "cur_group_loss_3": 19.942658928331593, "train_group_loss_1": 21.292307721362754, "train_group_loss_2": 11.489863494901675, "train_group_loss_3": 19.934438915737985, "val_group_loss_1": 20.064435501408774, "val_group_loss_2": 10.286672341033832, "val_group_loss_3": 19.680983847831335, "_timestamp": 1726584836.090711, "_runtime": 7.90146803855896, "_step": 2, "final/reward_err_1": 0.07886936978747806, "final/reward_err_2": 0.006891006290511794, "final/reward_err_3": 0.04160962034928531, "final/reward_param_1": 7.00969986168351, "final/reward_param_2": 4.692510265410497, "final/reward_param_3": 7.724824994938373, "final/reward_param_4": 3.5029071286844546, "optimal_reward_1": 3.824658155441284, "optimal_reward_2": 3.824658155441284, "optimal_reward_3": 3.270369529724121, "final/reward_1": 3.789510726928711, "final/reward_2": 3.5579817295074463, "final/reward_3": 3.270369529724121, "reward_0_when_1_group_param_known": 3.824658155441284, "reward_1_when_1_group_param_known": 3.426182508468628, "reward_2_when_1_group_param_known": 3.241102933883667, "reward_0_when_2_group_param_known": 3.426182508468628, "reward_1_when_2_group_param_known": 3.824658155441284, "reward_2_when_2_group_param_known": 3.0655112266540527, "reward_0_when_3_group_param_known": 3.789510726928711, "reward_1_when_3_group_param_known": 3.5579817295074463, "reward_2_when_3_group_param_known": 3.270369529724121, "reward_error_0_when_1_group_param_known": 0.0, "reward_error_1_when_1_group_param_known": 0.10418595094721103, "reward_error_2_when_1_group_param_known": 0.008949018015992507, "reward_error_0_when_2_group_param_known": 0.10418595094721103, "reward_error_1_when_2_group_param_known": 0.0, "reward_error_2_when_2_group_param_known": 0.06264072032476085, "reward_error_0_when_3_group_param_known": 0.009189691492446068, "reward_error_1_when_3_group_param_known": 0.06972555849323195, "reward_error_2_when_3_group_param_known": 0.0, "_wandb": {"runtime": 7}}