{"Iteration": 99, "train_loss": 19.633523015697445, "val_loss": 18.081495606489973, "grad_norm": 0.18871068856361348, "max_reward_err": 0.03831695608877288, "max_reward_err_index": 0, "max_kl_dist": 0.6263156632844955, "max_kl_dist_index": 0, "max_train_grp_loss": 21.569973159934523, "max_train_grp_loss_index": 0, "max_val_grp_loss": 20.394823700875854, "max_val_grp_loss_index": 0, "max_cur_train_grp_loss": 21.569538095457546, "max_cur_train_grp_loss_index": 0, "reward_err_1": 0.0573156849323211, "reward_err_2": 0.015489974852205041, "reward_err_3": 0.025229900642772227, "reward_param_1": 6.3147812991061825, "reward_param_2": 3.958592828278727, "reward_param_3": 6.345119913917502, "reward_param_4": 4.828774234701267, "KL_distance_1": 0.6263156632844955, "KL_distance_2": 0.38272112204179526, "KL_distance_3": 0.4774384191086262, "hist_group_loss_1": 2155.56107086187, "hist_group_loss_2": 1776.48024145065, "hist_group_loss_3": 1981.9820385578114, "cur_group_loss_1": 21.569538095457546, "cur_group_loss_2": 17.206348759211846, "cur_group_loss_3": 19.51402344685122, "train_group_loss_1": 21.569973159934523, "train_group_loss_2": 17.19890157877286, "train_group_loss_3": 19.5091094130491, "val_group_loss_1": 20.394823700875854, "val_group_loss_2": 14.500511615624736, "val_group_loss_3": 19.08856000942166, "_timestamp": 1726658895.2442722, "_runtime": 8.1909761428833, "_step": 2, "final/reward_err_1": 0.0573156849323211, "final/reward_err_2": 0.015489974852205041, "final/reward_err_3": 0.025229900642772227, "final/reward_param_1": 6.3147812991061825, "final/reward_param_2": 3.958592828278727, "final/reward_param_3": 6.345119913917502, "final/reward_param_4": 4.828774234701267, "optimal_reward_1": 3.870683431625366, "optimal_reward_2": 3.870683431625366, "optimal_reward_3": 3.34438419342041, "final/reward_1": 3.837958335876465, "final/reward_2": 3.610339403152466, "final/reward_3": 3.34438419342041, "reward_0_when_1_group_param_known": 3.870683431625366, "reward_1_when_1_group_param_known": 3.460294485092163, "reward_2_when_1_group_param_known": 3.3091318607330322, "reward_0_when_2_group_param_known": 3.460294485092163, "reward_1_when_2_group_param_known": 3.870683431625366, "reward_2_when_2_group_param_known": 3.128795862197876, "reward_0_when_3_group_param_known": 3.837958335876465, "reward_1_when_3_group_param_known": 3.610339403152466, "reward_2_when_3_group_param_known": 3.34438419342041, "reward_error_0_when_1_group_param_known": 0.0, "reward_error_1_when_1_group_param_known": 0.10602493171622505, "reward_error_2_when_1_group_param_known": 0.01054075448530458, "reward_error_0_when_2_group_param_known": 0.10602493171622505, "reward_error_1_when_2_group_param_known": 0.0, "reward_error_2_when_2_group_param_known": 0.06446278858950263, "reward_error_0_when_3_group_param_known": 0.008454604032332228, "reward_error_1_when_3_group_param_known": 0.0672604807579362, "reward_error_2_when_3_group_param_known": 0.0, "_wandb": {"runtime": 7}}