{"Iteration": 99, "train_loss": 17.483371996884653, "val_loss": 16.413774771066972, "grad_norm": 0.4172669138106947, "max_reward_err": 0.09003347654118046, "max_reward_err_index": 1, "max_kl_dist": 0.48807776848557477, "max_kl_dist_index": 0, "max_train_grp_loss": 21.795630070102664, "max_train_grp_loss_index": 0, "max_val_grp_loss": 20.210326295031845, "max_val_grp_loss_index": 0, "max_cur_train_grp_loss": 21.800907981865446, "max_cur_train_grp_loss_index": 0, "reward_err_1": 0.047149223417031795, "reward_err_2": 0.03139191144135976, "reward_err_3": 0.01785469634156738, "reward_param_1": 5.628735000274117, "reward_param_2": 5.281942420676455, "reward_param_3": 5.516312896353084, "reward_param_4": 2.602196124849796, "KL_distance_1": 0.48807776848557477, "KL_distance_2": 0.3347402911371787, "KL_distance_3": 0.36425764457352494, "hist_group_loss_1": 2226.7085679565453, "hist_group_loss_2": 1467.3765792631693, "hist_group_loss_3": 2146.348773533319, "cur_group_loss_1": 21.800907981865446, "cur_group_loss_2": 12.267270605200933, "cur_group_loss_3": 20.519754370048954, "train_group_loss_1": 21.795630070102664, "train_group_loss_2": 12.236888566128313, "train_group_loss_3": 20.506273305151343, "val_group_loss_1": 20.210326295031845, "val_group_loss_2": 10.337238117325168, "val_group_loss_3": 19.427367077118255, "_timestamp": 1726689413.044576, "_runtime": 8.500123977661133, "_step": 2, "final/reward_err_1": 0.047149223417031795, "final/reward_err_2": 0.03139191144135976, "final/reward_err_3": 0.01785469634156738, "final/reward_param_1": 5.628735000274117, "final/reward_param_2": 5.281942420676455, "final/reward_param_3": 5.516312896353084, "final/reward_param_4": 2.602196124849796, "optimal_reward_1": 3.8586065769195557, "optimal_reward_2": 3.8586065769195557, "optimal_reward_3": 3.3168587684631348, "final/reward_1": 3.8154232501983643, "final/reward_2": 3.627133369445801, "final/reward_3": 3.3168587684631348, "reward_0_when_1_group_param_known": 3.8586065769195557, "reward_1_when_1_group_param_known": 3.531782627105713, "reward_2_when_1_group_param_known": 3.266848564147949, "reward_0_when_2_group_param_known": 3.531782627105713, "reward_1_when_2_group_param_known": 3.8586065769195557, "reward_2_when_2_group_param_known": 3.1579184532165527, "reward_0_when_3_group_param_known": 3.8154232501983643, "reward_1_when_3_group_param_known": 3.627133369445801, "reward_2_when_3_group_param_known": 3.3168587684631348, "reward_error_0_when_1_group_param_known": 0.0, "reward_error_1_when_1_group_param_known": 0.08469999293754285, "reward_error_2_when_1_group_param_known": 0.015077580266813035, "reward_error_0_when_2_group_param_known": 0.08469999293754285, "reward_error_1_when_2_group_param_known": 0.0, "reward_error_2_when_2_group_param_known": 0.04791892761844273, "reward_error_0_when_3_group_param_known": 0.011191430341588746, "reward_error_1_when_3_group_param_known": 0.05998880758103799, "reward_error_2_when_3_group_param_known": 0.0, "_wandb": {"runtime": 8}}