{"Iteration": 99, "train_loss": 18.7013373539168, "val_loss": 18.50773888007101, "grad_norm": 0.004542393218709708, "live_grad": 1.7458108134619693e-14, "train_weighted_loss": 56.104012061750396, "val_weighted_loss": 55.523216640213036, "max_reward_err": 0.135696490051713, "max_reward_err_index": 0, "max_kl_dist": 2.039277118439931, "max_kl_dist_index": 0, "max_train_grp_loss": 20.904650175908557, "max_train_grp_loss_index": 0, "max_val_grp_loss": 22.27109581999621, "max_val_grp_loss_index": 0, "max_cur_train_grp_loss": 0.23488932771564972, "max_cur_train_grp_loss_index": 0, "reward_err_1": 0.135696490051713, "reward_err_2": 0.005532351198835062, "reward_err_3": 0.09763824776378212, "KL_distance_1": 2.039277118439931, "KL_distance_2": 0.6542750075752608, "KL_distance_3": 1.7088109472219903, "reward_param_1": 4.17680847885102, "reward_param_2": 2.2495130698282204, "reward_param_3": 14.848803229487217, "reward_param_4": 3.99068132837406, "group_weight_1": 0.348253933823462, "group_weight_2": 0.32016767229138005, "group_weight_3": 0.3315783938851579, "hist_group_loss_1": 23.53558440897445, "hist_group_loss_2": 15.126876999503592, "hist_group_loss_3": 18.62881994946992, "cur_group_loss_1": 0.23488932771564972, "cur_group_loss_2": 0.15148897841095202, "cur_group_loss_3": 0.18573300603611384, "train_group_loss_1": 20.904650175908557, "train_group_loss_2": 16.05895060952098, "train_group_loss_3": 19.50131977057099, "val_group_loss_1": 22.27109581999621, "val_group_loss_2": 10.914364892973534, "val_group_loss_3": 22.187007144187064, "_timestamp": 1726608964.974047, "_runtime": 9.385669946670532, "_step": 2, "final/reward_err_1": 0.135696490051713, "final/reward_err_2": 0.005532351198835062, "final/reward_err_3": 0.09763824776378212, "final/reward_param_1": 4.17680847885102, "final/reward_param_2": 2.2495130698282204, "final/reward_param_3": 14.848803229487217, "final/reward_param_4": 3.99068132837406, "optimal_reward_1": 3.9244344234466553, "optimal_reward_2": 3.9244344234466553, "optimal_reward_3": 3.420322895050049, "final/reward_1": 3.8856606483459473, "final/reward_2": 3.648857831954956, "final/reward_3": 3.420322895050049, "reward_0_when_1_group_param_known": 3.9244344234466553, "reward_1_when_1_group_param_known": 3.531189441680908, "reward_2_when_1_group_param_known": 3.3788671493530273, "reward_0_when_2_group_param_known": 3.531189441680908, "reward_1_when_2_group_param_known": 3.9244344234466553, "reward_2_when_2_group_param_known": 3.2225024700164795, "reward_0_when_3_group_param_known": 3.8856606483459473, "reward_1_when_3_group_param_known": 3.648857831954956, "reward_2_when_3_group_param_known": 3.420322895050049, "reward_error_0_when_1_group_param_known": 0.0, "reward_error_1_when_1_group_param_known": 0.10020424329587284, "reward_error_2_when_1_group_param_known": 0.01212041873503141, "reward_error_0_when_2_group_param_known": 0.10020424329587284, "reward_error_1_when_2_group_param_known": 0.0, "reward_error_2_when_2_group_param_known": 0.05783676895531077, "reward_error_0_when_3_group_param_known": 0.00988009249665452, "reward_error_1_when_3_group_param_known": 0.07022071507814179, "reward_error_2_when_3_group_param_known": 0.0, "_wandb": {"runtime": 9}}