{"Iteration": 99, "train_loss": 18.98211264444368, "val_loss": 18.673599592966802, "grad_norm": 0.0057306750543837815, "live_grad": 1.992378660540064e-14, "train_weighted_loss": 56.946337933331044, "val_weighted_loss": 56.020798778900414, "max_reward_err": 0.07340527170977493, "max_reward_err_index": 0, "max_kl_dist": 0.9200364219417725, "max_kl_dist_index": 0, "max_train_grp_loss": 21.60914598731561, "max_train_grp_loss_index": 0, "max_val_grp_loss": 21.717135481119808, "max_val_grp_loss_index": 0, "max_cur_train_grp_loss": 0.2161977002806325, "max_cur_train_grp_loss_index": 2, "reward_err_1": 0.07340527170977493, "reward_err_2": 0.014117502030147912, "reward_err_3": 0.03531605475009348, "KL_distance_1": 0.9200364219417725, "KL_distance_2": 0.5496370696959001, "KL_distance_3": 0.7410141050066389, "reward_param_1": 6.609294203317265, "reward_param_2": 4.834157810068409, "reward_param_3": 8.742986838163295, "reward_param_4": 5.258223320848838, "group_weight_1": 0.33848640797761026, "group_weight_2": 0.3194219060940175, "group_weight_3": 0.3420916859283723, "hist_group_loss_1": 20.624497181553632, "hist_group_loss_2": 14.827385252444044, "hist_group_loss_3": 21.683982259786887, "cur_group_loss_1": 0.20580663325873227, "cur_group_loss_2": 0.14854280103607062, "cur_group_loss_3": 0.2161977002806325, "train_group_loss_1": 21.60914598731561, "train_group_loss_2": 15.004065149680113, "train_group_loss_3": 20.321945580290148, "val_group_loss_1": 21.717135481119808, "val_group_loss_2": 13.839102764183902, "val_group_loss_3": 20.26805858346158, "_timestamp": 1726608371.4571579, "_runtime": 9.418919801712036, "_step": 2, "final/reward_err_1": 0.07340527170977493, "final/reward_err_2": 0.014117502030147912, "final/reward_err_3": 0.03531605475009348, "final/reward_param_1": 6.609294203317265, "final/reward_param_2": 4.834157810068409, "final/reward_param_3": 8.742986838163295, "final/reward_param_4": 5.258223320848838, "optimal_reward_1": 3.871964454650879, "optimal_reward_2": 3.871964454650879, "optimal_reward_3": 3.316359758377075, "final/reward_1": 3.8297793865203857, "final/reward_2": 3.6000421047210693, "final/reward_3": 3.316359758377075, "reward_0_when_1_group_param_known": 3.871964454650879, "reward_1_when_1_group_param_known": 3.4825620651245117, "reward_2_when_1_group_param_known": 3.283604145050049, "reward_0_when_2_group_param_known": 3.4825620651245117, "reward_1_when_2_group_param_known": 3.871964454650879, "reward_2_when_2_group_param_known": 3.1281747817993164, "reward_0_when_3_group_param_known": 3.8297793865203857, "reward_1_when_3_group_param_known": 3.6000421047210693, "reward_2_when_3_group_param_known": 3.316359758377075, "reward_error_0_when_1_group_param_known": 0.0, "reward_error_1_when_1_group_param_known": 0.10056972218808197, "reward_error_2_when_1_group_param_known": 0.00987697828749917, "reward_error_0_when_2_group_param_known": 0.10056972218808197, "reward_error_1_when_2_group_param_known": 0.0, "reward_error_2_when_2_group_param_known": 0.0567444397738835, "reward_error_0_when_3_group_param_known": 0.010895003976552992, "reward_error_1_when_3_group_param_known": 0.07022852433554373, "reward_error_2_when_3_group_param_known": 0.0, "_wandb": {"runtime": 9}}