{"Iteration": 99, "train_loss": 18.508291602972047, "val_loss": 19.31846388966508, "grad_norm": 0.4375367744808617, "max_reward_err": 0.09528021758929554, "max_reward_err_index": 1, "max_kl_dist": 0.31940126767802096, "max_kl_dist_index": 0, "max_train_grp_loss": 20.880645571556776, "max_train_grp_loss_index": 2, "max_val_grp_loss": 20.514637589959726, "max_val_grp_loss_index": 0, "max_cur_train_grp_loss": 20.897877767021697, "max_cur_train_grp_loss_index": 2, "reward_err_1": 0.049006310151632926, "reward_err_2": 0.0407037828327259, "reward_err_3": 0.01757524959181435, "reward_param_1": 4.607126009441274, "reward_param_2": 2.7992832586611005, "reward_param_3": 4.38067054692027, "reward_param_4": 4.7730054155365735, "KL_distance_1": 0.31940126767802096, "KL_distance_2": 0.2513234273833063, "KL_distance_3": 0.22445133402161166, "hist_group_loss_1": 2177.876738189491, "hist_group_loss_2": 1799.6749511727146, "hist_group_loss_3": 2214.7903035423305, "cur_group_loss_1": 20.452683067992727, "cur_group_loss_2": 15.869239528830212, "cur_group_loss_3": 20.897877767021697, "train_group_loss_1": 20.434902833005818, "train_group_loss_2": 15.848296515384884, "train_group_loss_3": 20.880645571556776, "val_group_loss_1": 20.514637589959726, "val_group_loss_2": 16.77904910019585, "val_group_loss_3": 20.36992194791534, "_timestamp": 1726684480.758464, "_runtime": 8.753732204437256, "_step": 2, "final/reward_err_1": 0.049006310151632926, "final/reward_err_2": 0.0407037828327259, "final/reward_err_3": 0.01757524959181435, "final/reward_param_1": 4.607126009441274, "final/reward_param_2": 2.7992832586611005, "final/reward_param_3": 4.38067054692027, "final/reward_param_4": 4.7730054155365735, "optimal_reward_1": 3.841620683670044, "optimal_reward_2": 3.841620683670044, "optimal_reward_3": 3.2970616817474365, "final/reward_1": 3.8055338859558105, "final/reward_2": 3.565392255783081, "final/reward_3": 3.2970616817474365, "reward_0_when_1_group_param_known": 3.841620683670044, "reward_1_when_1_group_param_known": 3.4525341987609863, "reward_2_when_1_group_param_known": 3.2688729763031006, "reward_0_when_2_group_param_known": 3.4525341987609863, "reward_1_when_2_group_param_known": 3.841620683670044, "reward_2_when_2_group_param_known": 3.1046242713928223, "reward_0_when_3_group_param_known": 3.8055338859558105, "reward_1_when_3_group_param_known": 3.565392255783081, "reward_2_when_3_group_param_known": 3.2970616817474365, "reward_error_0_when_1_group_param_known": 0.0, "reward_error_1_when_1_group_param_known": 0.1012818591286188, "reward_error_2_when_1_group_param_known": 0.008549644551810743, "reward_error_0_when_2_group_param_known": 0.1012818591286188, "reward_error_1_when_2_group_param_known": 0.0, "reward_error_2_when_2_group_param_known": 0.05836633612890821, "reward_error_0_when_3_group_param_known": 0.009393638957544952, "reward_error_1_when_3_group_param_known": 0.07190413906848074, "reward_error_2_when_3_group_param_known": 0.0, "_wandb": {"runtime": 8}}