{"Iteration": 99, "train_loss": 15.982470058761331, "val_loss": 16.2342637082437, "grad_norm": 0.3564770022270245, "max_reward_err": 0.10602750039144437, "max_reward_err_index": 0, "max_kl_dist": 0.8414113347279267, "max_kl_dist_index": 0, "max_train_grp_loss": 20.253123137677598, "max_train_grp_loss_index": 0, "max_val_grp_loss": 20.42774022390505, "max_val_grp_loss_index": 0, "max_cur_train_grp_loss": 20.265236917886032, "max_cur_train_grp_loss_index": 0, "reward_err_1": 0.08477473108385611, "reward_err_2": 0.0021239044358217904, "reward_err_3": 0.04845973794736641, "reward_param_1": 7.761379454741571, "reward_param_2": 2.725729442511414, "reward_param_3": 6.655805919319806, "reward_param_4": 3.898260586616838, "KL_distance_1": 0.8414113347279267, "KL_distance_2": 0.35745550302526097, "KL_distance_3": 0.6317722702305112, "hist_group_loss_1": 2120.3973079081, "hist_group_loss_2": 1262.0080959797326, "hist_group_loss_3": 2063.8165523559633, "cur_group_loss_1": 20.265236917886032, "cur_group_loss_2": 11.11271100013567, "cur_group_loss_3": 19.6033516278401, "train_group_loss_1": 20.253123137677598, "train_group_loss_2": 11.100093466411135, "train_group_loss_3": 19.588955852034335, "val_group_loss_1": 20.42774022390505, "val_group_loss_2": 8.363163414635583, "val_group_loss_3": 19.60770094592798, "_timestamp": 1726689449.903291, "_runtime": 8.621166944503784, "_step": 2, "final/reward_err_1": 0.08477473108385611, "final/reward_err_2": 0.0021239044358217904, "final/reward_err_3": 0.04845973794736641, "final/reward_param_1": 7.761379454741571, "final/reward_param_2": 2.725729442511414, "final/reward_param_3": 6.655805919319806, "final/reward_param_4": 3.898260586616838, "optimal_reward_1": 3.7869174480438232, "optimal_reward_2": 3.7869174480438232, "optimal_reward_3": 3.255725145339966, "final/reward_1": 3.7558434009552, "final/reward_2": 3.5533955097198486, "final/reward_3": 3.255725145339966, "reward_0_when_1_group_param_known": 3.7869174480438232, "reward_1_when_1_group_param_known": 3.424971103668213, "reward_2_when_1_group_param_known": 3.222290515899658, "reward_0_when_2_group_param_known": 3.424971103668213, "reward_1_when_2_group_param_known": 3.7869174480438232, "reward_2_when_2_group_param_known": 3.0696070194244385, "reward_0_when_3_group_param_known": 3.7558434009552, "reward_1_when_3_group_param_known": 3.5533955097198486, "reward_2_when_3_group_param_known": 3.255725145339966, "reward_error_0_when_1_group_param_known": 0.0, "reward_error_1_when_1_group_param_known": 0.09557809203434788, "reward_error_2_when_1_group_param_known": 0.010269487732453024, "reward_error_0_when_2_group_param_known": 0.09557809203434788, "reward_error_1_when_2_group_param_known": 0.0, "reward_error_2_when_2_group_param_known": 0.057166412275902585, "reward_error_0_when_3_group_param_known": 0.00820563096897576, "reward_error_1_when_3_group_param_known": 0.0616654420192347, "reward_error_2_when_3_group_param_known": 0.0, "_wandb": {"runtime": 8}}