{"Iteration": 99, "train_loss": 13.42458502515422, "val_loss": 14.05505137609296, "grad_norm": 0.010555929287977495, "live_grad": 2.2481673584620675e-14, "train_weighted_loss": 40.27375507546267, "val_weighted_loss": 42.16515412827889, "max_reward_err": 0.08534301579022836, "max_reward_err_index": 0, "max_kl_dist": 2.0492100403616527, "max_kl_dist_index": 0, "max_train_grp_loss": 18.895689616527267, "max_train_grp_loss_index": 0, "max_val_grp_loss": 18.130996175142993, "max_val_grp_loss_index": 0, "max_cur_train_grp_loss": 0.17997338517921863, "max_cur_train_grp_loss_index": 0, "reward_err_1": 0.08534301579022836, "reward_err_2": 0.00275292481279432, "reward_err_3": 0.045013125677415076, "KL_distance_1": 2.0492100403616527, "KL_distance_2": 1.260306794435912, "KL_distance_3": 1.7052825813762817, "reward_param_1": 12.228412915277985, "reward_param_2": 6.538785905839506, "reward_param_3": 13.505576969900963, "reward_param_4": 5.396485061684047, "group_weight_1": 0.3488428728757564, "group_weight_2": 0.3107831786504582, "group_weight_3": 0.3403739484737856, "hist_group_loss_1": 18.09270784075531, "hist_group_loss_2": 6.540097285392331, "hist_group_loss_3": 15.635034024371935, "cur_group_loss_1": 0.17997338517921863, "cur_group_loss_2": 0.06610871062595974, "cur_group_loss_3": 0.15490728995477154, "train_group_loss_1": 18.895689616527267, "train_group_loss_2": 6.680323760901476, "train_group_loss_3": 14.559738276168654, "val_group_loss_1": 18.130996175142993, "val_group_loss_2": 8.33852314668915, "val_group_loss_3": 15.142613285245906, "_timestamp": 1726666967.341378, "_runtime": 9.473469018936157, "_step": 2, "final/reward_err_1": 0.08534301579022836, "final/reward_err_2": 0.00275292481279432, "final/reward_err_3": 0.045013125677415076, "final/reward_param_1": 12.228412915277985, "final/reward_param_2": 6.538785905839506, "final/reward_param_3": 13.505576969900963, "final/reward_param_4": 5.396485061684047, "optimal_reward_1": 3.8608756065368652, "optimal_reward_2": 3.8608756065368652, "optimal_reward_3": 3.307262659072876, "final/reward_1": 3.820035219192505, "final/reward_2": 3.599329948425293, "final/reward_3": 3.307262659072876, "reward_0_when_1_group_param_known": 3.8608756065368652, "reward_1_when_1_group_param_known": 3.4840316772460938, "reward_2_when_1_group_param_known": 3.274003028869629, "reward_0_when_2_group_param_known": 3.4840316772460938, "reward_1_when_2_group_param_known": 3.8608756065368652, "reward_2_when_2_group_param_known": 3.124580144882202, "reward_0_when_3_group_param_known": 3.820035219192505, "reward_1_when_3_group_param_known": 3.599329948425293, "reward_2_when_3_group_param_known": 3.307262659072876, "reward_error_0_when_1_group_param_known": 0.0, "reward_error_1_when_1_group_param_known": 0.09760581994735479, "reward_error_2_when_1_group_param_known": 0.010056543320502622, "reward_error_0_when_2_group_param_known": 0.09760581994735479, "reward_error_1_when_2_group_param_known": 0.0, "reward_error_2_when_2_group_param_known": 0.055236772225972876, "reward_error_0_when_3_group_param_known": 0.010578011701597771, "reward_error_1_when_3_group_param_known": 0.06774257571747408, "reward_error_2_when_3_group_param_known": 0.0, "_wandb": {"runtime": 9}}