{"Iteration": 99, "train_loss": 21.3180252084439, "val_loss": 19.80644043557045, "grad_norm": 0.22715188189709867, "max_reward_err": 0.06006637139519528, "max_reward_err_index": 0, "max_kl_dist": 0.5353959716622713, "max_kl_dist_index": 0, "max_train_grp_loss": 24.18309592272084, "max_train_grp_loss_index": 0, "max_val_grp_loss": 23.435142472172206, "max_val_grp_loss_index": 0, "max_cur_train_grp_loss": 24.180631430190445, "max_cur_train_grp_loss_index": 0, "reward_err_1": 0.09362786307345099, "reward_err_2": 0.00048483596958014683, "reward_err_3": 0.05381271804854128, "reward_param_1": 5.5020045094726795, "reward_param_2": 2.1083867277196866, "reward_param_3": 5.728016297615339, "reward_param_4": 2.4022533409063027, "KL_distance_1": 0.5353959716622713, "KL_distance_2": 0.14496817139218723, "KL_distance_3": 0.371931494280704, "hist_group_loss_1": 2403.1614417524697, "hist_group_loss_2": 1872.77173018176, "hist_group_loss_3": 2263.0978782889347, "cur_group_loss_1": 24.180631430190445, "cur_group_loss_2": 17.64457407332454, "cur_group_loss_3": 22.43152143155354, "train_group_loss_1": 24.18309592272084, "train_group_loss_2": 17.63045566634665, "train_group_loss_3": 22.42840074072703, "val_group_loss_1": 23.435142472172206, "val_group_loss_2": 12.681125436111683, "val_group_loss_3": 22.604140313146086, "_timestamp": 1726609696.194505, "_runtime": 8.188068866729736, "_step": 2, "final/reward_err_1": 0.09362786307345099, "final/reward_err_2": 0.00048483596958014683, "final/reward_err_3": 0.05381271804854128, "final/reward_param_1": 5.5020045094726795, "final/reward_param_2": 2.1083867277196866, "final/reward_param_3": 5.728016297615339, "final/reward_param_4": 2.4022533409063027, "optimal_reward_1": 3.8700804710388184, "optimal_reward_2": 3.8700804710388184, "optimal_reward_3": 3.3138818740844727, "final/reward_1": 3.8352792263031006, "final/reward_2": 3.614060401916504, "final/reward_3": 3.3138818740844727, "reward_0_when_1_group_param_known": 3.8700804710388184, "reward_1_when_1_group_param_known": 3.487717866897583, "reward_2_when_1_group_param_known": 3.2859814167022705, "reward_0_when_2_group_param_known": 3.487717866897583, "reward_1_when_2_group_param_known": 3.8700804710388184, "reward_2_when_2_group_param_known": 3.1208972930908203, "reward_0_when_3_group_param_known": 3.8352792263031006, "reward_1_when_3_group_param_known": 3.614060401916504, "reward_2_when_3_group_param_known": 3.3138818740844727, "reward_error_0_when_1_group_param_known": 0.0, "reward_error_1_when_1_group_param_known": 0.09879965210092917, "reward_error_2_when_1_group_param_known": 0.008419267325245327, "reward_error_0_when_2_group_param_known": 0.09879965210092917, "reward_error_1_when_2_group_param_known": 0.0, "reward_error_2_when_2_group_param_known": 0.058235202196809825, "reward_error_0_when_3_group_param_known": 0.008992382715591524, "reward_error_1_when_3_group_param_known": 0.06615368105087303, "reward_error_2_when_3_group_param_known": 0.0, "_wandb": {"runtime": 8}}