{"Iteration": 99, "train_loss": 18.633415748822213, "val_loss": 18.54031034764037, "grad_norm": 0.4692708666181759, "max_reward_err": 0.07468870359059446, "max_reward_err_index": 0, "max_kl_dist": 0.5342783223396685, "max_kl_dist_index": 0, "max_train_grp_loss": 20.964516581706377, "max_train_grp_loss_index": 2, "max_val_grp_loss": 21.112467480757566, "max_val_grp_loss_index": 0, "max_cur_train_grp_loss": 20.980880733165623, "max_cur_train_grp_loss_index": 2, "reward_err_1": 0.06892564448819068, "reward_err_2": 0.02316644365539612, "reward_err_3": 0.03788606899585664, "reward_param_1": 4.461726346307004, "reward_param_2": 2.0934458857713816, "reward_param_3": 6.780316641433879, "reward_param_4": 4.67081016269814, "KL_distance_1": 0.5342783223396685, "KL_distance_2": 0.27760774210889827, "KL_distance_3": 0.40024729346967347, "hist_group_loss_1": 2173.0899872138825, "hist_group_loss_2": 1679.11706153045, "hist_group_loss_3": 2201.227280367376, "cur_group_loss_1": 20.654480895723815, "cur_group_loss_2": 14.386950443076765, "cur_group_loss_3": 20.980880733165623, "train_group_loss_1": 20.637787893557785, "train_group_loss_2": 14.35424363997534, "train_group_loss_3": 20.964516581706377, "val_group_loss_1": 21.112467480757566, "val_group_loss_2": 14.435983611760497, "val_group_loss_3": 19.853270096254295, "_timestamp": 1726662198.94636, "_runtime": 8.155660152435303, "_step": 2, "final/reward_err_1": 0.06892564448819068, "final/reward_err_2": 0.02316644365539612, "final/reward_err_3": 0.03788606899585664, "final/reward_param_1": 4.461726346307004, "final/reward_param_2": 2.0934458857713816, "final/reward_param_3": 6.780316641433879, "final/reward_param_4": 4.67081016269814, "optimal_reward_1": 3.8683152198791504, "optimal_reward_2": 3.8683152198791504, "optimal_reward_3": 3.3211145401000977, "final/reward_1": 3.825526475906372, "final/reward_2": 3.6363391876220703, "final/reward_3": 3.3211145401000977, "reward_0_when_1_group_param_known": 3.8683152198791504, "reward_1_when_1_group_param_known": 3.5409886837005615, "reward_2_when_1_group_param_known": 3.2718687057495117, "reward_0_when_2_group_param_known": 3.5409886837005615, "reward_1_when_2_group_param_known": 3.8683152198791504, "reward_2_when_2_group_param_known": 3.1612870693206787, "reward_0_when_3_group_param_known": 3.825526475906372, "reward_1_when_3_group_param_known": 3.6363391876220703, "reward_2_when_3_group_param_known": 3.3211145401000977, "reward_error_0_when_1_group_param_known": 0.0, "reward_error_1_when_1_group_param_known": 0.08461733792956377, "reward_error_2_when_1_group_param_known": 0.014828104769039877, "reward_error_0_when_2_group_param_known": 0.08461733792956377, "reward_error_1_when_2_group_param_known": 0.0, "reward_error_2_when_2_group_param_known": 0.048124648773661925, "reward_error_0_when_3_group_param_known": 0.011061338474405682, "reward_error_1_when_3_group_param_known": 0.059968233991108726, "reward_error_2_when_3_group_param_known": 0.0, "_wandb": {"runtime": 7}}