{"Iteration": 99, "train_loss": 17.478477274692903, "val_loss": 18.39095815252909, "grad_norm": 0.007985225585064955, "live_grad": 2.7307198622557486e-14, "train_weighted_loss": 52.4354318240787, "val_weighted_loss": 55.17287445758727, "max_reward_err": 0.11694532771327862, "max_reward_err_index": 0, "max_kl_dist": 2.264628393442159, "max_kl_dist_index": 0, "max_train_grp_loss": 19.115286450142868, "max_train_grp_loss_index": 0, "max_val_grp_loss": 21.53814182634185, "max_val_grp_loss_index": 0, "max_cur_train_grp_loss": 0.3363133470898053, "max_cur_train_grp_loss_index": 2, "reward_err_1": 0.11694532771327862, "reward_err_2": 0.004882607409598462, "reward_err_3": 0.08821192632171684, "KL_distance_1": 2.264628393442159, "KL_distance_2": 0.7861833697405386, "KL_distance_3": 1.9867334032449726, "reward_param_1": 3.475125267393117, "reward_param_2": 3.688227072054425, "reward_param_3": 16.771950053787403, "reward_param_4": 3.8495856650776914, "group_weight_1": 0.31486747893918166, "group_weight_2": 0.30650727326906296, "group_weight_3": 0.37862524779175527, "hist_group_loss_1": 15.486863508865525, "hist_group_loss_2": 12.795827173644144, "hist_group_loss_3": 33.926371036205424, "cur_group_loss_1": 0.15416362558187502, "cur_group_loss_2": 0.1280084578292572, "cur_group_loss_3": 0.3363133470898053, "train_group_loss_1": 19.115286450142868, "train_group_loss_2": 16.51469339251243, "train_group_loss_3": 15.805366275660662, "val_group_loss_1": 21.53814182634185, "val_group_loss_2": 15.380686967921442, "val_group_loss_3": 18.263085516731213, "_timestamp": 1726685156.3378801, "_runtime": 9.909982204437256, "_step": 2, "final/reward_err_1": 0.11694532771327862, "final/reward_err_2": 0.004882607409598462, "final/reward_err_3": 0.08821192632171684, "final/reward_param_1": 3.475125267393117, "final/reward_param_2": 3.688227072054425, "final/reward_param_3": 16.771950053787403, "final/reward_param_4": 3.8495856650776914, "optimal_reward_1": 3.8689613342285156, "optimal_reward_2": 3.8689613342285156, "optimal_reward_3": 3.3258354663848877, "final/reward_1": 3.825187921524048, "final/reward_2": 3.636335849761963, "final/reward_3": 3.3258354663848877, "reward_0_when_1_group_param_known": 3.8689613342285156, "reward_1_when_1_group_param_known": 3.540985584259033, "reward_2_when_1_group_param_known": 3.2756898403167725, "reward_0_when_2_group_param_known": 3.540985584259033, "reward_1_when_2_group_param_known": 3.8689613342285156, "reward_2_when_2_group_param_known": 3.1665854454040527, "reward_0_when_3_group_param_known": 3.825187921524048, "reward_1_when_3_group_param_known": 3.636335849761963, "reward_2_when_3_group_param_known": 3.3258354663848877, "reward_error_0_when_1_group_param_known": 0.0, "reward_error_1_when_1_group_param_known": 0.08477100741945821, "reward_error_2_when_1_group_param_known": 0.01507760277829452, "reward_error_0_when_2_group_param_known": 0.08477100741945821, "reward_error_1_when_2_group_param_known": 0.0, "reward_error_2_when_2_group_param_known": 0.04788271175481099, "reward_error_0_when_3_group_param_known": 0.011313995908205773, "reward_error_1_when_3_group_param_known": 0.060126081490793466, "reward_error_2_when_3_group_param_known": 0.0, "_wandb": {"runtime": 9}}