{"Iteration": 99, "train_loss": 17.922097124915137, "val_loss": 18.012744567534284, "grad_norm": 0.009609910937846234, "live_grad": 2.127721499480964e-14, "train_weighted_loss": 53.76629137474541, "val_weighted_loss": 54.03823370260287, "max_reward_err": 0.09950994207475476, "max_reward_err_index": 0, "max_kl_dist": 1.468129281987201, "max_kl_dist_index": 0, "max_train_grp_loss": 21.019670320012803, "max_train_grp_loss_index": 0, "max_val_grp_loss": 20.858170533383657, "max_val_grp_loss_index": 0, "max_cur_train_grp_loss": 0.3077711755249656, "max_cur_train_grp_loss_index": 2, "reward_err_1": 0.09950994207475476, "reward_err_2": 0.003426032107439064, "reward_err_3": 0.06404421591170992, "KL_distance_1": 1.468129281987201, "KL_distance_2": 0.6372211654498758, "KL_distance_3": 1.2081306271492367, "reward_param_1": 6.274872568199584, "reward_param_2": 3.7446711335786995, "reward_param_3": 12.242126666419193, "reward_param_4": 4.341073621561701, "group_weight_1": 0.31999594257611147, "group_weight_2": 0.3092388185340656, "group_weight_3": 0.3707652388898231, "hist_group_loss_1": 16.220875431774648, "hist_group_loss_2": 12.801429195204916, "hist_group_loss_3": 30.946952109942988, "cur_group_loss_1": 0.1616988119081305, "cur_group_loss_2": 0.128745384098405, "cur_group_loss_3": 0.3077711755249656, "train_group_loss_1": 21.019670320012803, "train_group_loss_2": 14.550461252778126, "train_group_loss_3": 17.541576742262233, "val_group_loss_1": 20.858170533383657, "val_group_loss_2": 14.75384843866567, "val_group_loss_3": 17.964136012632434, "_timestamp": 1726684856.520776, "_runtime": 9.92841100692749, "_step": 2, "final/reward_err_1": 0.09950994207475476, "final/reward_err_2": 0.003426032107439064, "final/reward_err_3": 0.06404421591170992, "final/reward_param_1": 6.274872568199584, "final/reward_param_2": 3.7446711335786995, "final/reward_param_3": 12.242126666419193, "final/reward_param_4": 4.341073621561701, "optimal_reward_1": 3.8651840686798096, "optimal_reward_2": 3.8651840686798096, "optimal_reward_3": 3.337219715118408, "final/reward_1": 3.8319525718688965, "final/reward_2": 3.6041877269744873, "final/reward_3": 3.337219715118408, "reward_0_when_1_group_param_known": 3.8651840686798096, "reward_1_when_1_group_param_known": 3.4605093002319336, "reward_2_when_1_group_param_known": 3.3015952110290527, "reward_0_when_2_group_param_known": 3.4605093002319336, "reward_1_when_2_group_param_known": 3.8651840686798096, "reward_2_when_2_group_param_known": 3.1258203983306885, "reward_0_when_3_group_param_known": 3.8319525718688965, "reward_1_when_3_group_param_known": 3.6041877269744873, "reward_2_when_3_group_param_known": 3.337219715118408, "reward_error_0_when_1_group_param_known": 0.0, "reward_error_1_when_1_group_param_known": 0.10469741188447372, "reward_error_2_when_1_group_param_known": 0.010674905199669023, "reward_error_0_when_2_group_param_known": 0.10469741188447372, "reward_error_1_when_2_group_param_known": 0.0, "reward_error_2_when_2_group_param_known": 0.0633459390851702, "reward_error_0_when_3_group_param_known": 0.00859764922457202, "reward_error_1_when_3_group_param_known": 0.06752494501367125, "reward_error_2_when_3_group_param_known": 0.0, "_wandb": {"runtime": 9}}