{"Iteration": 99, "train_loss": 17.39574404628397, "val_loss": 16.714234601055644, "grad_norm": 0.01049731045596923, "live_grad": 2.057154234083242e-14, "train_weighted_loss": 52.18723213885191, "val_weighted_loss": 50.14270380316694, "max_reward_err": 0.06585472589983431, "max_reward_err_index": 0, "max_kl_dist": 1.0704464132734643, "max_kl_dist_index": 0, "max_train_grp_loss": 20.7120984803234, "max_train_grp_loss_index": 0, "max_val_grp_loss": 19.708866698949567, "max_val_grp_loss_index": 0, "max_cur_train_grp_loss": 0.30393811450388697, "max_cur_train_grp_loss_index": 2, "reward_err_1": 0.06585472589983431, "reward_err_2": 0.013657944709854217, "reward_err_3": 0.03198764970014582, "KL_distance_1": 1.0704464132734643, "KL_distance_2": 0.7107143324661913, "KL_distance_3": 0.8698761831259206, "reward_param_1": 8.001319934240273, "reward_param_2": 4.7596934047281, "reward_param_3": 9.080474882351425, "reward_param_4": 6.3328221338733535, "group_weight_1": 0.32073869967975555, "group_weight_2": 0.3081256893125526, "group_weight_3": 0.3711356110076918, "hist_group_loss_1": 15.999511115512052, "hist_group_loss_2": 11.987612112257187, "hist_group_loss_3": 30.593586334912743, "cur_group_loss_1": 0.15933425049672997, "cur_group_loss_2": 0.12048366241196612, "cur_group_loss_3": 0.30393811450388697, "train_group_loss_1": 20.7120984803234, "train_group_loss_2": 13.61713332818451, "train_group_loss_3": 17.32305869049645, "val_group_loss_1": 19.708866698949567, "val_group_loss_2": 12.888631970857407, "val_group_loss_3": 16.999492755374277, "_timestamp": 1726683530.012989, "_runtime": 9.820702075958252, "_step": 2, "final/reward_err_1": 0.06585472589983431, "final/reward_err_2": 0.013657944709854217, "final/reward_err_3": 0.03198764970014582, "final/reward_param_1": 8.001319934240273, "final/reward_param_2": 4.7596934047281, "final/reward_param_3": 9.080474882351425, "final/reward_param_4": 6.3328221338733535, "optimal_reward_1": 3.8741343021392822, "optimal_reward_2": 3.8741343021392822, "optimal_reward_3": 3.3486669063568115, "final/reward_1": 3.840017557144165, "final/reward_2": 3.611396074295044, "final/reward_3": 3.3486669063568115, "reward_0_when_1_group_param_known": 3.8741343021392822, "reward_1_when_1_group_param_known": 3.4676833152770996, "reward_2_when_1_group_param_known": 3.31387996673584, "reward_0_when_2_group_param_known": 3.4676833152770996, "reward_1_when_2_group_param_known": 3.8741343021392822, "reward_2_when_2_group_param_known": 3.1369452476501465, "reward_0_when_3_group_param_known": 3.840017557144165, "reward_1_when_3_group_param_known": 3.611396074295044, "reward_2_when_3_group_param_known": 3.3486669063568115, "reward_error_0_when_1_group_param_known": 0.0, "reward_error_1_when_1_group_param_known": 0.10491401566480076, "reward_error_2_when_1_group_param_known": 0.010388294982380973, "reward_error_0_when_2_group_param_known": 0.10491401566480076, "reward_error_1_when_2_group_param_known": 0.0, "reward_error_2_when_2_group_param_known": 0.0632256550523886, "reward_error_0_when_3_group_param_known": 0.008806288665903515, "reward_error_1_when_3_group_param_known": 0.06781856470467615, "reward_error_2_when_3_group_param_known": 0.0, "_wandb": {"runtime": 9}}