{"Iteration": 199, "train_loss": 17.301453261196034, "val_loss": 15.886954496802568, "grad_norm": 0.24887243924314179, "max_reward_err": 0.06652528850371782, "max_reward_err_index": 0, "max_kl_dist": 0.9499292425923455, "max_kl_dist_index": 0, "max_train_grp_loss": 20.428007645137257, "max_train_grp_loss_index": 0, "max_val_grp_loss": 20.737893039160333, "max_val_grp_loss_index": 0, "max_cur_train_grp_loss": 20.42942694017693, "max_cur_train_grp_loss_index": 0, "reward_err_1": 0.09308745328674657, "reward_err_2": 0.0008550425784308879, "reward_err_3": 0.05368016046889894, "reward_param_1": 8.245614611718395, "reward_param_2": 3.0672738481749153, "reward_param_3": 7.34797413510645, "reward_param_4": 3.18447706054454, "KL_distance_1": 0.9499292425923455, "KL_distance_2": 0.39025155339569734, "KL_distance_3": 0.7205305139848165, "hist_group_loss_1": 4147.320726556744, "hist_group_loss_2": 3401.040644677649, "hist_group_loss_3": 3899.6756491949814, "cur_group_loss_1": 20.42942694017693, "cur_group_loss_2": 13.825789758525216, "cur_group_loss_3": 18.207731190305353, "train_group_loss_1": 20.428007645137257, "train_group_loss_2": 13.81541879163173, "train_group_loss_3": 18.200153475253767, "val_group_loss_1": 20.737893039160333, "val_group_loss_2": 7.706959946090623, "val_group_loss_3": 19.42040907622071, "_timestamp": 1726697914.080441, "_runtime": 11.651333093643188, "_step": 3, "final/reward_err_1": 0.09308745328674657, "final/reward_err_2": 0.0008550425784308879, "final/reward_err_3": 0.05368016046889894, "final/reward_param_1": 8.245614611718395, "final/reward_param_2": 3.0672738481749153, "final/reward_param_3": 7.34797413510645, "final/reward_param_4": 3.18447706054454, "optimal_reward_1": 3.8295645713806152, "optimal_reward_2": 3.8295645713806152, "optimal_reward_3": 3.2923295497894287, "final/reward_1": 3.7937707901000977, "final/reward_2": 3.5698022842407227, "final/reward_3": 3.2923295497894287, "reward_0_when_1_group_param_known": 3.8295645713806152, "reward_1_when_1_group_param_known": 3.440261125564575, "reward_2_when_1_group_param_known": 3.2583417892456055, "reward_0_when_2_group_param_known": 3.440261125564575, "reward_1_when_2_group_param_known": 3.8295645713806152, "reward_2_when_2_group_param_known": 3.092778205871582, "reward_0_when_3_group_param_known": 3.7937707901000977, "reward_1_when_3_group_param_known": 3.5698022842407227, "reward_2_when_3_group_param_known": 3.2923295497894287, "reward_error_0_when_1_group_param_known": 0.0, "reward_error_1_when_1_group_param_known": 0.10165736562464864, "reward_error_2_when_1_group_param_known": 0.010323316675876822, "reward_error_0_when_2_group_param_known": 0.10165736562464864, "reward_error_1_when_2_group_param_known": 0.0, "reward_error_2_when_2_group_param_known": 0.0606109871141574, "reward_error_0_when_3_group_param_known": 0.009346697415161585, "reward_error_1_when_3_group_param_known": 0.06783076307974209, "reward_error_2_when_3_group_param_known": 0.0, "_wandb": {"runtime": 12}}