{"Iteration": 99, "train_loss": 20.738172360162455, "val_loss": 21.007469269340902, "grad_norm": 0.3242933361100768, "max_reward_err": 0.08081406291757458, "max_reward_err_index": 1, "max_kl_dist": 0.41214765958443356, "max_kl_dist_index": 0, "max_train_grp_loss": 24.014831637193698, "max_train_grp_loss_index": 0, "max_val_grp_loss": 23.673026835712086, "max_val_grp_loss_index": 0, "max_cur_train_grp_loss": 24.013154620137485, "max_cur_train_grp_loss_index": 0, "reward_err_1": 0.07433001265826057, "reward_err_2": 0.01715629461950682, "reward_err_3": 0.04159959441309497, "reward_param_1": 3.3933025939689414, "reward_param_2": 3.5508892292869096, "reward_param_3": 6.167862389540535, "reward_param_4": 3.1575889789110283, "KL_distance_1": 0.41214765958443356, "KL_distance_2": 0.1821328732069792, "KL_distance_3": 0.3036594530556063, "hist_group_loss_1": 2394.8643734290667, "hist_group_loss_2": 1766.889819556952, "hist_group_loss_3": 2328.1774483126237, "cur_group_loss_1": 24.013154620137485, "cur_group_loss_2": 15.495592030808384, "cur_group_loss_3": 23.19946825511719, "train_group_loss_1": 24.014831637193698, "train_group_loss_2": 15.46484524883464, "train_group_loss_3": 23.198882425030796, "val_group_loss_1": 23.673026835712086, "val_group_loss_2": 16.72183879848876, "val_group_loss_3": 22.468980583567443, "_timestamp": 1726610119.261478, "_runtime": 8.059679985046387, "_step": 2, "final/reward_err_1": 0.07433001265826057, "final/reward_err_2": 0.01715629461950682, "final/reward_err_3": 0.04159959441309497, "final/reward_param_1": 3.3933025939689414, "final/reward_param_2": 3.5508892292869096, "final/reward_param_3": 6.167862389540535, "final/reward_param_4": 3.1575889789110283, "optimal_reward_1": 3.873610019683838, "optimal_reward_2": 3.873610019683838, "optimal_reward_3": 3.319157123565674, "final/reward_1": 3.838348150253296, "final/reward_2": 3.61712908744812, "final/reward_3": 3.319157123565674, "reward_0_when_1_group_param_known": 3.873610019683838, "reward_1_when_1_group_param_known": 3.490786552429199, "reward_2_when_1_group_param_known": 3.2907512187957764, "reward_0_when_2_group_param_known": 3.490786552429199, "reward_1_when_2_group_param_known": 3.873610019683838, "reward_2_when_2_group_param_known": 3.1261727809906006, "reward_0_when_3_group_param_known": 3.838348150253296, "reward_1_when_3_group_param_known": 3.61712908744812, "reward_2_when_3_group_param_known": 3.319157123565674, "reward_error_0_when_1_group_param_known": 0.0, "reward_error_1_when_1_group_param_known": 0.09882860311423, "reward_error_2_when_1_group_param_known": 0.00855816814703301, "reward_error_0_when_2_group_param_known": 0.09882860311423, "reward_error_1_when_2_group_param_known": 0.0, "reward_error_2_when_2_group_param_known": 0.058142575175156454, "reward_error_0_when_3_group_param_known": 0.009103102597153042, "reward_error_1_when_3_group_param_known": 0.06621237835827666, "reward_error_2_when_3_group_param_known": 0.0, "_wandb": {"runtime": 7}}