{"Iteration": 99, "train_loss": 17.69886023383412, "val_loss": 18.676720977167708, "grad_norm": 0.008449519347067252, "live_grad": 1.149875009111885e-14, "train_weighted_loss": 53.096580701502354, "val_weighted_loss": 56.03016293150313, "max_reward_err": 0.08176374245218626, "max_reward_err_index": 0, "max_kl_dist": 1.3191721103482532, "max_kl_dist_index": 0, "max_train_grp_loss": 22.286966822344535, "max_train_grp_loss_index": 0, "max_val_grp_loss": 20.63604790694225, "max_val_grp_loss_index": 2, "max_cur_train_grp_loss": 0.23710732712589153, "max_cur_train_grp_loss_index": 0, "reward_err_1": 0.08176374245218626, "reward_err_2": 0.019060350153845204, "reward_err_3": 0.04574422224900245, "KL_distance_1": 1.3191721103482532, "KL_distance_2": 0.7201307497640732, "KL_distance_3": 1.0971420863164194, "reward_param_1": 6.183022140147383, "reward_param_2": 4.057722933327083, "reward_param_3": 11.4029931805705, "reward_param_4": 6.451607785715836, "group_weight_1": 0.35147376579269946, "group_weight_2": 0.31089373413929305, "group_weight_3": 0.33763250006800744, "hist_group_loss_1": 23.774008842496833, "hist_group_loss_2": 11.505617789240569, "hist_group_loss_3": 19.756304103553198, "cur_group_loss_1": 0.23710732712589153, "cur_group_loss_2": 0.11565317477489254, "cur_group_loss_3": 0.19695686215799613, "train_group_loss_1": 22.286966822344535, "train_group_loss_2": 12.72364500537261, "train_group_loss_3": 18.907106648529822, "val_group_loss_1": 20.224945027002132, "val_group_loss_2": 14.482010883906653, "val_group_loss_3": 20.63604790694225, "_timestamp": 1726608427.823159, "_runtime": 9.255658864974976, "_step": 2, "final/reward_err_1": 0.08176374245218626, "final/reward_err_2": 0.019060350153845204, "final/reward_err_3": 0.04574422224900245, "final/reward_param_1": 6.183022140147383, "final/reward_param_2": 4.057722933327083, "final/reward_param_3": 11.4029931805705, "final/reward_param_4": 6.451607785715836, "optimal_reward_1": 3.8685142993927, "optimal_reward_2": 3.8685142993927, "optimal_reward_3": 3.3593173027038574, "final/reward_1": 3.8328397274017334, "final/reward_2": 3.5916991233825684, "final/reward_3": 3.3593173027038574, "reward_0_when_1_group_param_known": 3.8685142993927, "reward_1_when_1_group_param_known": 3.4599270820617676, "reward_2_when_1_group_param_known": 3.3229901790618896, "reward_0_when_2_group_param_known": 3.4599270820617676, "reward_1_when_2_group_param_known": 3.8685142993927, "reward_2_when_2_group_param_known": 3.1513752937316895, "reward_0_when_3_group_param_known": 3.8328397274017334, "reward_1_when_3_group_param_known": 3.5916991233825684, "reward_2_when_3_group_param_known": 3.3593173027038574, "reward_error_0_when_1_group_param_known": 0.0, "reward_error_1_when_1_group_param_known": 0.10561863953690821, "reward_error_2_when_1_group_param_known": 0.010813841137521808, "reward_error_0_when_2_group_param_known": 0.10561863953690821, "reward_error_1_when_2_group_param_known": 0.0, "reward_error_2_when_2_group_param_known": 0.06190007975870543, "reward_error_0_when_3_group_param_known": 0.00922177591448148, "reward_error_1_when_3_group_param_known": 0.0715559397191805, "reward_error_2_when_3_group_param_known": 0.0, "_wandb": {"runtime": 9}}