{"Iteration": 199, "train_loss": 14.532568300830796, "val_loss": 16.151745654701973, "grad_norm": 0.24558251522242378, "max_reward_err": 0.06994765497193906, "max_reward_err_index": 0, "max_kl_dist": 1.1206028815742912, "max_kl_dist_index": 0, "max_train_grp_loss": 20.310525502998548, "max_train_grp_loss_index": 0, "max_val_grp_loss": 20.527094536844366, "max_val_grp_loss_index": 0, "max_cur_train_grp_loss": 20.310872301816623, "max_cur_train_grp_loss_index": 0, "reward_err_1": 0.08235143569121496, "reward_err_2": 0.009437262218058833, "reward_err_3": 0.04637368559006957, "reward_param_1": 6.847081019669494, "reward_param_2": 5.3730164729200665, "reward_param_3": 10.319356892682698, "reward_param_4": 4.398764162412888, "KL_distance_1": 1.1206028815742912, "KL_distance_2": 0.6302330552982075, "KL_distance_3": 0.9188892404968507, "hist_group_loss_1": 4128.554135935313, "hist_group_loss_2": 2188.3659153880612, "hist_group_loss_3": 3784.209407213827, "cur_group_loss_1": 20.310872301816623, "cur_group_loss_2": 7.841800371166312, "cur_group_loss_3": 17.74468228991493, "train_group_loss_1": 20.310525502998548, "train_group_loss_2": 7.830333016660761, "train_group_loss_3": 17.738810296482907, "val_group_loss_1": 20.527094536844366, "val_group_loss_2": 9.360037510151821, "val_group_loss_3": 18.242505837127048, "_timestamp": 1726697336.7156868, "_runtime": 11.586397886276245, "_step": 3, "final/reward_err_1": 0.08235143569121496, "final/reward_err_2": 0.009437262218058833, "final/reward_err_3": 0.04637368559006957, "final/reward_param_1": 6.847081019669494, "final/reward_param_2": 5.3730164729200665, "final/reward_param_3": 10.319356892682698, "final/reward_param_4": 4.398764162412888, "optimal_reward_1": 3.8380610942840576, "optimal_reward_2": 3.8380610942840576, "optimal_reward_3": 3.256373405456543, "final/reward_1": 3.7958598136901855, "final/reward_2": 3.5798747539520264, "final/reward_3": 3.256373405456543, "reward_0_when_1_group_param_known": 3.8380610942840576, "reward_1_when_1_group_param_known": 3.4578683376312256, "reward_2_when_1_group_param_known": 3.2186596393585205, "reward_0_when_2_group_param_known": 3.4578683376312256, "reward_1_when_2_group_param_known": 3.8380610942840576, "reward_2_when_2_group_param_known": 3.066926956176758, "reward_0_when_3_group_param_known": 3.7958598136901855, "reward_1_when_3_group_param_known": 3.5798747539520264, "reward_2_when_3_group_param_known": 3.256373405456543, "reward_error_0_when_1_group_param_known": 0.0, "reward_error_1_when_1_group_param_known": 0.09905854735325735, "reward_error_2_when_1_group_param_known": 0.011581523800319515, "reward_error_0_when_2_group_param_known": 0.09905854735325735, "reward_error_1_when_2_group_param_known": 0.0, "reward_error_2_when_2_group_param_known": 0.05817712703412304, "reward_error_0_when_3_group_param_known": 0.010995468690355538, "reward_error_1_when_3_group_param_known": 0.06726999231891923, "reward_error_2_when_3_group_param_known": 0.0, "_wandb": {"runtime": 11}}