{"Iteration": 99, "train_loss": 17.760204161091785, "val_loss": 17.851646577141125, "grad_norm": 0.27364414886526106, "max_reward_err": 0.05504938074511561, "max_reward_err_index": 0, "max_kl_dist": 0.7182449193226358, "max_kl_dist_index": 0, "max_train_grp_loss": 20.75529501896971, "max_train_grp_loss_index": 0, "max_val_grp_loss": 20.20167366604575, "max_val_grp_loss_index": 0, "max_cur_train_grp_loss": 20.76002188905185, "max_cur_train_grp_loss_index": 0, "reward_err_1": 0.05848434889920875, "reward_err_2": 0.019158535970355908, "reward_err_3": 0.025655168753577696, "reward_param_1": 6.625498260243924, "reward_param_2": 4.213680715656919, "reward_param_3": 6.879754142890345, "reward_param_4": 5.508658458560393, "KL_distance_1": 0.7182449193226358, "KL_distance_2": 0.4795296756109169, "KL_distance_3": 0.5664537919577896, "hist_group_loss_1": 2110.423500507915, "hist_group_loss_2": 1376.8299546707872, "hist_group_loss_3": 1913.0934988625588, "cur_group_loss_1": 20.76002188905185, "cur_group_loss_2": 13.105205397153005, "cur_group_loss_3": 18.46583536772406, "train_group_loss_1": 20.75529501896971, "train_group_loss_2": 13.096835068494979, "train_group_loss_3": 18.455670163797716, "val_group_loss_1": 20.20167366604575, "val_group_loss_2": 14.203989551824517, "val_group_loss_3": 18.861901100192824, "_timestamp": 1726662124.3482099, "_runtime": 7.955628871917725, "_step": 2, "final/reward_err_1": 0.05848434889920875, "final/reward_err_2": 0.019158535970355908, "final/reward_err_3": 0.025655168753577696, "final/reward_param_1": 6.625498260243924, "final/reward_param_2": 4.213680715656919, "final/reward_param_3": 6.879754142890345, "final/reward_param_4": 5.508658458560393, "optimal_reward_1": 3.824658155441284, "optimal_reward_2": 3.824658155441284, "optimal_reward_3": 3.270369529724121, "final/reward_1": 3.789510726928711, "final/reward_2": 3.5579817295074463, "final/reward_3": 3.270369529724121, "reward_0_when_1_group_param_known": 3.824658155441284, "reward_1_when_1_group_param_known": 3.426182508468628, "reward_2_when_1_group_param_known": 3.241102933883667, "reward_0_when_2_group_param_known": 3.426182508468628, "reward_1_when_2_group_param_known": 3.824658155441284, "reward_2_when_2_group_param_known": 3.0655112266540527, "reward_0_when_3_group_param_known": 3.789510726928711, "reward_1_when_3_group_param_known": 3.5579817295074463, "reward_2_when_3_group_param_known": 3.270369529724121, "reward_error_0_when_1_group_param_known": 0.0, "reward_error_1_when_1_group_param_known": 0.10418595094721103, "reward_error_2_when_1_group_param_known": 0.008949018015992507, "reward_error_0_when_2_group_param_known": 0.10418595094721103, "reward_error_1_when_2_group_param_known": 0.0, "reward_error_2_when_2_group_param_known": 0.06264072032476085, "reward_error_0_when_3_group_param_known": 0.009189691492446068, "reward_error_1_when_3_group_param_known": 0.06972555849323195, "reward_error_2_when_3_group_param_known": 0.0, "_wandb": {"runtime": 7}}