{"Iteration": 199, "train_loss": 17.080451930612742, "val_loss": 14.993270798850109, "grad_norm": 0.03296870759289892, "live_grad": 2.6547638594891984e-14, "train_weighted_loss": 51.24135579183823, "val_weighted_loss": 44.97981239655033, "max_reward_err": 0.09645165138107577, "max_reward_err_index": 0, "max_kl_dist": 1.675222180636883, "max_kl_dist_index": 0, "max_train_grp_loss": 20.338063010744037, "max_train_grp_loss_index": 0, "max_val_grp_loss": 19.97549531505746, "max_val_grp_loss_index": 0, "max_cur_train_grp_loss": 0.3793905264502689, "max_cur_train_grp_loss_index": 2, "reward_err_1": 0.09645165138107577, "reward_err_2": 0.0008772969666559379, "reward_err_3": 0.05625640394866512, "KL_distance_1": 1.675222180636883, "KL_distance_2": 0.8773366846352129, "KL_distance_3": 1.3393337220271846, "reward_param_1": 11.304377003463497, "reward_param_2": 3.8038433853227653, "reward_param_3": 10.948684024189776, "reward_param_4": 4.939445918498397, "group_weight_1": 0.28322700976912063, "group_weight_2": 0.26182637692629146, "group_weight_3": 0.4549466133045879, "hist_group_loss_1": 29.69546617337072, "hist_group_loss_2": 21.838753158527258, "hist_group_loss_3": 77.0886009653709, "cur_group_loss_1": 0.14738830030217134, "cur_group_loss_2": 0.1118400136059926, "cur_group_loss_3": 0.3793905264502689, "train_group_loss_1": 20.338063010744037, "train_group_loss_2": 12.86558459370175, "train_group_loss_3": 17.82852458352008, "val_group_loss_1": 19.97549531505746, "val_group_loss_2": 6.333583183598934, "val_group_loss_3": 17.580622673330044, "_timestamp": 1726699250.1144938, "_runtime": 14.16769790649414, "_step": 3, "final/reward_err_1": 0.09645165138107577, "final/reward_err_2": 0.0008772969666559379, "final/reward_err_3": 0.05625640394866512, "final/reward_param_1": 11.304377003463497, "final/reward_param_2": 3.8038433853227653, "final/reward_param_3": 10.948684024189776, "final/reward_param_4": 4.939445918498397, "optimal_reward_1": 3.869661331176758, "optimal_reward_2": 3.869661331176758, "optimal_reward_3": 3.3746607303619385, "final/reward_1": 3.832443952560425, "final/reward_2": 3.602559804916382, "final/reward_3": 3.3746607303619385, "reward_0_when_1_group_param_known": 3.869661331176758, "reward_1_when_1_group_param_known": 3.4677367210388184, "reward_2_when_1_group_param_known": 3.334665060043335, "reward_0_when_2_group_param_known": 3.4677367210388184, "reward_1_when_2_group_param_known": 3.869661331176758, "reward_2_when_2_group_param_known": 3.163583993911743, "reward_0_when_3_group_param_known": 3.832443952560425, "reward_1_when_3_group_param_known": 3.602559804916382, "reward_2_when_3_group_param_known": 3.3746607303619385, "reward_error_0_when_1_group_param_known": 0.0, "reward_error_1_when_1_group_param_known": 0.1038655778219524, "reward_error_2_when_1_group_param_known": 0.011851760373646185, "reward_error_0_when_2_group_param_known": 0.1038655778219524, "reward_error_1_when_2_group_param_known": 0.0, "reward_error_2_when_2_group_param_known": 0.06254754279478546, "reward_error_0_when_3_group_param_known": 0.00961773536006451, "reward_error_1_when_3_group_param_known": 0.06902452266517878, "reward_error_2_when_3_group_param_known": 0.0, "_wandb": {"runtime": 14}}