{"Iteration": 99, "train_loss": 19.36930567156077, "val_loss": 19.3373847135255, "grad_norm": 0.008536552981467799, "live_grad": 2.3171500892606226e-14, "train_weighted_loss": 58.10791701468232, "val_weighted_loss": 58.0121541405765, "max_reward_err": 0.09860926921507696, "max_reward_err_index": 0, "max_kl_dist": 1.4856036437187738, "max_kl_dist_index": 0, "max_train_grp_loss": 22.413788725656545, "max_train_grp_loss_index": 1, "max_val_grp_loss": 20.95069907943444, "max_val_grp_loss_index": 1, "max_cur_train_grp_loss": 0.24908479180109583, "max_cur_train_grp_loss_index": 1, "reward_err_1": 0.09860926921507696, "reward_err_2": 0.026085106713999693, "reward_err_3": 0.06555828597485136, "KL_distance_1": 1.4856036437187738, "KL_distance_2": 0.7980732144329327, "KL_distance_3": 1.2689889212224976, "reward_param_1": 12.835643638788184, "reward_param_2": 7.319768005227011, "reward_param_3": 4.808712376793465, "reward_param_4": 3.651059154256918, "group_weight_1": 0.3200598828733112, "group_weight_2": 0.351154959995653, "group_weight_3": 0.32878515713103584, "hist_group_loss_1": 15.850588877823084, "hist_group_loss_2": 25.122538402343224, "hist_group_loss_3": 18.540229613029947, "cur_group_loss_1": 0.15905980990199978, "cur_group_loss_2": 0.24908479180109583, "cur_group_loss_3": 0.18605603794505524, "train_group_loss_1": 18.929853854562268, "train_group_loss_2": 22.413788725656545, "train_group_loss_3": 16.932946235892672, "val_group_loss_1": 19.336579033514283, "val_group_loss_2": 20.95069907943444, "val_group_loss_3": 17.724938003013243, "_timestamp": 1726605875.428187, "_runtime": 9.57601284980774, "_step": 2, "final/reward_err_1": 0.09860926921507696, "final/reward_err_2": 0.026085106713999693, "final/reward_err_3": 0.06555828597485136, "final/reward_param_1": 12.835643638788184, "final/reward_param_2": 7.319768005227011, "final/reward_param_3": 4.808712376793465, "final/reward_param_4": 3.651059154256918, "optimal_reward_1": 3.8924267292022705, "optimal_reward_2": 3.8924267292022705, "optimal_reward_3": 3.3593714237213135, "final/reward_1": 3.8593759536743164, "final/reward_2": 3.6333539485931396, "final/reward_3": 3.3593714237213135, "reward_0_when_1_group_param_known": 3.8924267292022705, "reward_1_when_1_group_param_known": 3.4758362770080566, "reward_2_when_1_group_param_known": 3.323629379272461, "reward_0_when_2_group_param_known": 3.4758362770080566, "reward_1_when_2_group_param_known": 3.8924267292022705, "reward_2_when_2_group_param_known": 3.1391408443450928, "reward_0_when_3_group_param_known": 3.8593759536743164, "reward_1_when_3_group_param_known": 3.6333539485931396, "reward_2_when_3_group_param_known": 3.3593714237213135, "reward_error_0_when_1_group_param_known": 0.0, "reward_error_1_when_1_group_param_known": 0.10702589442951226, "reward_error_2_when_1_group_param_known": 0.01063950362751482, "reward_error_0_when_2_group_param_known": 0.10702589442951226, "reward_error_1_when_2_group_param_known": 0.0, "reward_error_2_when_2_group_param_known": 0.06555707946466434, "reward_error_0_when_3_group_param_known": 0.008491046287396053, "reward_error_1_when_3_group_param_known": 0.0665581650299237, "reward_error_2_when_3_group_param_known": 0.0, "_wandb": {"runtime": 9}}