{"Iteration": 199, "train_loss": 16.423514284731255, "val_loss": 15.421244670547345, "grad_norm": 0.23148193214107982, "max_reward_err": 0.08372791804742062, "max_reward_err_index": 0, "max_kl_dist": 1.1054980488529331, "max_kl_dist_index": 0, "max_train_grp_loss": 21.201778327287194, "max_train_grp_loss_index": 0, "max_val_grp_loss": 20.262968301564683, "max_val_grp_loss_index": 0, "max_cur_train_grp_loss": 21.20373976148359, "max_cur_train_grp_loss_index": 0, "reward_err_1": 0.08797201584390914, "reward_err_2": 0.0031271359524125968, "reward_err_3": 0.05122270465021444, "reward_param_1": 6.734041407939936, "reward_param_2": 4.657105026308731, "reward_param_3": 9.94480792484559, "reward_param_4": 3.4581197497806557, "KL_distance_1": 1.1054980488529331, "KL_distance_2": 0.5096549829372091, "KL_distance_3": 0.8788842495650626, "hist_group_loss_1": 4362.546275266073, "hist_group_loss_2": 2462.068564166158, "hist_group_loss_3": 3974.1689066248027, "cur_group_loss_1": 21.20373976148359, "cur_group_loss_2": 9.817976684435022, "cur_group_loss_3": 18.64455351922946, "train_group_loss_1": 21.201778327287194, "train_group_loss_2": 9.80915962789437, "train_group_loss_3": 18.638387103859234, "val_group_loss_1": 20.262968301564683, "val_group_loss_2": 7.024165349587441, "val_group_loss_3": 18.429940798677237, "_timestamp": 1726697609.170275, "_runtime": 11.582166910171509, "_step": 3, "final/reward_err_1": 0.08797201584390914, "final/reward_err_2": 0.0031271359524125968, "final/reward_err_3": 0.05122270465021444, "final/reward_param_1": 6.734041407939936, "final/reward_param_2": 4.657105026308731, "final/reward_param_3": 9.94480792484559, "final/reward_param_4": 3.4581197497806557, "optimal_reward_1": 3.8711791038513184, "optimal_reward_2": 3.8711791038513184, "optimal_reward_3": 3.3448379039764404, "final/reward_1": 3.8372890949249268, "final/reward_2": 3.6086676120758057, "final/reward_3": 3.3448379039764404, "reward_0_when_1_group_param_known": 3.8711791038513184, "reward_1_when_1_group_param_known": 3.4649550914764404, "reward_2_when_1_group_param_known": 3.310628890991211, "reward_0_when_2_group_param_known": 3.4649550914764404, "reward_1_when_2_group_param_known": 3.8711791038513184, "reward_2_when_2_group_param_known": 3.1331167221069336, "reward_0_when_3_group_param_known": 3.8372890949249268, "reward_1_when_3_group_param_known": 3.6086676120758057, "reward_2_when_3_group_param_known": 3.3448379039764404, "reward_error_0_when_1_group_param_known": 0.0, "reward_error_1_when_1_group_param_known": 0.10493547352813978, "reward_error_2_when_1_group_param_known": 0.010227405323457027, "reward_error_0_when_2_group_param_known": 0.10493547352813978, "reward_error_1_when_2_group_param_known": 0.0, "reward_error_2_when_2_group_param_known": 0.06329789004657192, "reward_error_0_when_3_group_param_known": 0.00875444096416915, "reward_error_1_when_3_group_param_known": 0.06781176606226975, "reward_error_2_when_3_group_param_known": 0.0, "_wandb": {"runtime": 11}}