{"Iteration": 99, "train_loss": 19.185068909310836, "val_loss": 19.50566831495837, "grad_norm": 0.00035258241282775277, "live_grad": 2.83899381014196e-14, "train_weighted_loss": 57.5552067279325, "val_weighted_loss": 58.51700494487511, "max_reward_err": 0.07658574817482695, "max_reward_err_index": 0, "max_kl_dist": 1.049189747325997, "max_kl_dist_index": 0, "max_train_grp_loss": 20.15239226459484, "max_train_grp_loss_index": 1, "max_val_grp_loss": 21.61061274744751, "max_val_grp_loss_index": 0, "max_cur_train_grp_loss": 0.19980416813314889, "max_cur_train_grp_loss_index": 2, "reward_err_1": 0.07658574817482695, "reward_err_2": 0.005285806697755586, "reward_err_3": 0.03980831396838091, "KL_distance_1": 1.049189747325997, "KL_distance_2": 0.5980866465894278, "KL_distance_3": 0.8378232977811229, "reward_param_1": 8.635473895984994, "reward_param_2": 5.083000855760302, "reward_param_3": 8.381122858551015, "reward_param_4": 4.113817393402324, "group_weight_1": 0.33123872317938785, "group_weight_2": 0.33269809947999746, "group_weight_3": 0.33606317734061475, "hist_group_loss_1": 18.58119747556548, "hist_group_loss_2": 19.020811186126593, "hist_group_loss_3": 20.02718113543851, "cur_group_loss_1": 0.18539089515342375, "cur_group_loss_2": 0.19011587603364097, "cur_group_loss_3": 0.19980416813314889, "train_group_loss_1": 18.53908458275281, "train_group_loss_2": 20.15239226459484, "train_group_loss_3": 18.781474834796978, "val_group_loss_1": 21.61061274744751, "val_group_loss_2": 18.798181652144184, "val_group_loss_3": 18.216340967188135, "_timestamp": 1726605778.185173, "_runtime": 9.516191959381104, "_step": 2, "final/reward_err_1": 0.07658574817482695, "final/reward_err_2": 0.005285806697755586, "final/reward_err_3": 0.03980831396838091, "final/reward_param_1": 8.635473895984994, "final/reward_param_2": 5.083000855760302, "final/reward_param_3": 8.381122858551015, "final/reward_param_4": 4.113817393402324, "optimal_reward_1": 3.866978645324707, "optimal_reward_2": 3.866978645324707, "optimal_reward_3": 3.311685085296631, "final/reward_1": 3.8343822956085205, "final/reward_2": 3.608206033706665, "final/reward_3": 3.311685085296631, "reward_0_when_1_group_param_known": 3.866978645324707, "reward_1_when_1_group_param_known": 3.4890663623809814, "reward_2_when_1_group_param_known": 3.2840659618377686, "reward_0_when_2_group_param_known": 3.4890663623809814, "reward_1_when_2_group_param_known": 3.866978645324707, "reward_2_when_2_group_param_known": 3.121250629425049, "reward_0_when_3_group_param_known": 3.8343822956085205, "reward_1_when_3_group_param_known": 3.608206033706665, "reward_2_when_3_group_param_known": 3.311685085296631, "reward_error_0_when_1_group_param_known": 0.0, "reward_error_1_when_1_group_param_known": 0.0977280501408077, "reward_error_2_when_1_group_param_known": 0.00833990030679153, "reward_error_0_when_2_group_param_known": 0.0977280501408077, "reward_error_1_when_2_group_param_known": 0.0, "reward_error_2_when_2_group_param_known": 0.057503793678052764, "reward_error_0_when_3_group_param_known": 0.008429410324154877, "reward_error_1_when_3_group_param_known": 0.06691855201499647, "reward_error_2_when_3_group_param_known": 0.0, "_wandb": {"runtime": 9}}