{"cur_group_loss_3":0.21428390049516569,"reward_error_0_when_1_group_param_known":0,"val_group_loss_2":12.451033688401187,"final/reward_err_1":0.010215292166445422,"train_weighted_loss":36.468783824140864,"_runtime":209.902852,"reward_error_1_when_3_group_param_known":0.015270013049259644,"max_cur_train_grp_loss":0.21428390049516569,"reward_1_when_1_group_param_known":6.77779443359375,"reward_param_3":5.197438507296623,"group_weight_2":0.3098425434118159,"optimal_reward_3":3.27631982421875,"final/reward_err_2":0.01424702010675168,"max_train_grp_loss_index":1,"val_group_loss_1":12.686690595528423,"cur_group_loss_1":0.09452589572481837,"group_weight_1":0.3037129862456887,"optimal_reward_1":3.867779541015625,"reward_2_when_1_group_param_known":3.255072021484375,"max_val_grp_loss_index":0,"final/reward_err_3":0.00013293783829659316,"val_group_loss_3":12.146592442030778,"final/reward_param_3":5.197438507296623,"reward_err_3":0.00013293783829659316,"reward_param_2":8.26859929659803,"live_grad":2.978183060533029e-14,"max_cur_train_grp_loss_index":2,"train_group_loss_3":10.714086636684922,"reward_error_2_when_3_group_param_known":0,"reward_0_when_1_group_param_known":3.867779541015625,"train_group_loss_1":11.815769876495757,"train_loss":12.156261274713621,"max_kl_dist_index":0,"max_val_grp_loss":12.686690595528423,"reward_error_0_when_3_group_param_known":0.006874768225192712,"reward_1_when_3_group_param_known":7.1339345703125,"train_group_loss_2":13.073622528142971,"KL_distance_2":0.3083454895019531,"reward_0_when_2_group_param_known":3.441058349609375,"KL_distance_1":0.6626270751953125,"reward_error_1_when_2_group_param_known":0,"reward_1_when_2_group_param_known":7.24455908203125,"grad_norm":0.00458551988115061,"max_reward_err_index":1,"reward_param_1":5.4530814330130255,"final/reward_param_1":5.4530814330130255,"reward_2_when_3_group_param_known":3.27631982421875,"Iteration":199,"reward_err_2":0.01424702010675168,"final/reward_1":3.841189453125,"_timestamp":1.72825643076545e+09,"KL_distance_3":0.655265625,"reward_error_1_when_1_group_param_known":0.06442968345654335,"hist_group_loss_2":20.952434757182118,"final/reward_param_2":8.26859929659803,"val_weighted_loss":37.28509248102102,"hist_group_loss_1":18.954323485641797,"reward_error_0_when_2_group_param_known":0.11032717529039895,"max_train_grp_loss":13.073622528142971,"reward_error_2_when_2_group_param_known":0.06690737556116683,"reward_param_4":8.657059298025056,"reward_2_when_2_group_param_known":3.05710986328125,"max_reward_err":0.01424702010675168,"reward_0_when_3_group_param_known":3.841189453125,"_step":201,"max_kl_dist":0.6626270751953125,"final/reward_3":3.27631982421875,"group_weight_3":0.3864444703424954,"hist_group_loss_3":43.044828820221426,"optimal_reward_2":7.24455908203125,"final/reward_param_4":8.657059298025056,"cur_group_loss_2":0.10458880596282365,"_wandb":{"runtime":209},"final/reward_2":7.1339345703125,"reward_err_1":0.010215292166445422,"val_loss":12.428364160340337,"reward_error_2_when_1_group_param_known":0.0064852651372159075}