{"Iteration": 99, "train_loss": 19.943928231276303, "val_loss": 19.842001218382006, "grad_norm": 0.2730492576116764, "max_reward_err": 0.04356808650983586, "max_reward_err_index": 0, "max_kl_dist": 0.4834557604409509, "max_kl_dist_index": 0, "max_train_grp_loss": 22.806021975763894, "max_train_grp_loss_index": 0, "max_val_grp_loss": 22.627964952605335, "max_val_grp_loss_index": 0, "max_cur_train_grp_loss": 22.80809844019867, "max_cur_train_grp_loss_index": 0, "reward_err_1": 0.07171492774942477, "reward_err_2": 0.01002016399574066, "reward_err_3": 0.03618618169657073, "reward_param_1": 5.804177885046171, "reward_param_2": 3.1159652734806365, "reward_param_3": 4.782673792375384, "reward_param_4": 3.2196635651201024, "KL_distance_1": 0.4834557604409509, "KL_distance_2": 0.19376356624131894, "KL_distance_3": 0.3407277242152537, "hist_group_loss_1": 2299.39811172134, "hist_group_loss_2": 1731.9185268378412, "hist_group_loss_3": 2191.7033729240134, "cur_group_loss_1": 22.80809844019867, "cur_group_loss_2": 16.31792957310171, "cur_group_loss_3": 21.39972038290539, "train_group_loss_1": 22.806021975763894, "train_group_loss_2": 16.306097744170614, "train_group_loss_3": 21.392243278450266, "val_group_loss_1": 22.627964952605335, "val_group_loss_2": 14.519767428246503, "val_group_loss_3": 22.406869040425008, "_timestamp": 1726608678.239578, "_runtime": 8.04383111000061, "_step": 2, "final/reward_err_1": 0.07171492774942477, "final/reward_err_2": 0.01002016399574066, "final/reward_err_3": 0.03618618169657073, "final/reward_param_1": 5.804177885046171, "final/reward_param_2": 3.1159652734806365, "final/reward_param_3": 4.782673792375384, "final/reward_param_4": 3.2196635651201024, "optimal_reward_1": 3.8750712871551514, "optimal_reward_2": 3.8750712871551514, "optimal_reward_3": 3.3250086307525635, "final/reward_1": 3.836576223373413, "final/reward_2": 3.6257314682006836, "final/reward_3": 3.3250086307525635, "reward_0_when_1_group_param_known": 3.8750712871551514, "reward_1_when_1_group_param_known": 3.489452362060547, "reward_2_when_1_group_param_known": 3.283229351043701, "reward_0_when_2_group_param_known": 3.489452362060547, "reward_1_when_2_group_param_known": 3.8750712871551514, "reward_2_when_2_group_param_known": 3.1289710998535156, "reward_0_when_3_group_param_known": 3.836576223373413, "reward_1_when_3_group_param_known": 3.6257314682006836, "reward_2_when_3_group_param_known": 3.3250086307525635, "reward_error_0_when_1_group_param_known": 0.0, "reward_error_1_when_1_group_param_known": 0.09951273061035817, "reward_error_2_when_1_group_param_known": 0.012565164289334858, "reward_error_0_when_2_group_param_known": 0.09951273061035817, "reward_error_1_when_2_group_param_known": 0.0, "reward_error_2_when_2_group_param_known": 0.05895850287001446, "reward_error_0_when_3_group_param_known": 0.009934027255018341, "reward_error_1_when_3_group_param_known": 0.06434457600327614, "reward_error_2_when_3_group_param_known": 0.0, "_wandb": {"runtime": 7}}