{"Iteration": 99, "train_loss": 14.742200563013807, "val_loss": 15.928819980863569, "grad_norm": 0.012292180035702111, "live_grad": 5.777598913426504e-14, "train_weighted_loss": 44.226601689041416, "val_weighted_loss": 47.786459942590696, "max_reward_err": 0.1079799805134987, "max_reward_err_index": 0, "max_kl_dist": 2.1780047362930173, "max_kl_dist_index": 0, "max_train_grp_loss": 20.52809962905982, "max_train_grp_loss_index": 0, "max_val_grp_loss": 21.376791838434045, "max_val_grp_loss_index": 0, "max_cur_train_grp_loss": 0.22315025490713322, "max_cur_train_grp_loss_index": 0, "reward_err_1": 0.1079799805134987, "reward_err_2": 0.0005271918908839745, "reward_err_3": 0.06675993666700163, "KL_distance_1": 2.1780047362930173, "KL_distance_2": 1.1646468986276342, "KL_distance_3": 1.7665410906186783, "reward_param_1": 12.422097388011325, "reward_param_2": 4.241263181015418, "reward_param_3": 13.21156266369497, "reward_param_4": 3.0884256996051573, "group_weight_1": 0.3558631099381998, "group_weight_2": 0.3069673315393929, "group_weight_3": 0.3371695585224073, "hist_group_loss_1": 22.414005889615403, "hist_group_loss_2": 7.633525463866295, "hist_group_loss_3": 17.017986947282637, "cur_group_loss_1": 0.22315025490713322, "cur_group_loss_2": 0.07667804271472416, "cur_group_loss_3": 0.16889417868208537, "train_group_loss_1": 20.52809962905982, "train_group_loss_2": 8.514513699879329, "train_group_loss_3": 16.38107198292817, "val_group_loss_1": 21.376791838434045, "val_group_loss_2": 9.561397338098386, "val_group_loss_3": 16.81925152010427, "_timestamp": 1726667339.476871, "_runtime": 9.5449800491333, "_step": 2, "final/reward_err_1": 0.1079799805134987, "final/reward_err_2": 0.0005271918908839745, "final/reward_err_3": 0.06675993666700163, "final/reward_param_1": 12.422097388011325, "final/reward_param_2": 4.241263181015418, "final/reward_param_3": 13.21156266369497, "final/reward_param_4": 3.0884256996051573, "optimal_reward_1": 3.8684823513031006, "optimal_reward_2": 3.8684823513031006, "optimal_reward_3": 3.312178611755371, "final/reward_1": 3.832144021987915, "final/reward_2": 3.6156766414642334, "final/reward_3": 3.312178611755371, "reward_0_when_1_group_param_known": 3.8684823513031006, "reward_1_when_1_group_param_known": 3.4799795150756836, "reward_2_when_1_group_param_known": 3.271944284439087, "reward_0_when_2_group_param_known": 3.4799795150756836, "reward_1_when_2_group_param_known": 3.8684823513031006, "reward_2_when_2_group_param_known": 3.1135053634643555, "reward_0_when_3_group_param_known": 3.832144021987915, "reward_1_when_3_group_param_known": 3.6156766414642334, "reward_2_when_3_group_param_known": 3.312178611755371, "reward_error_0_when_1_group_param_known": 0.0, "reward_error_1_when_1_group_param_known": 0.10042771323398944, "reward_error_2_when_1_group_param_known": 0.012147390594663916, "reward_error_0_when_2_group_param_known": 0.10042771323398944, "reward_error_1_when_2_group_param_known": 0.0, "reward_error_2_when_2_group_param_known": 0.059982649361328924, "reward_error_0_when_3_group_param_known": 0.009393432880195242, "reward_error_1_when_3_group_param_known": 0.06535010034457296, "reward_error_2_when_3_group_param_known": 0.0, "_wandb": {"runtime": 9}}