{"Iteration": 99, "train_loss": 17.916385366050047, "val_loss": 17.93384304464654, "grad_norm": 0.004679443875860212, "live_grad": 6.375995932825381e-15, "train_weighted_loss": 53.74915609815014, "val_weighted_loss": 53.801529133939624, "max_reward_err": 0.10961422522703868, "max_reward_err_index": 0, "max_kl_dist": 1.7601339543859322, "max_kl_dist_index": 0, "max_train_grp_loss": 21.5502061266414, "max_train_grp_loss_index": 0, "max_val_grp_loss": 19.585843587515534, "max_val_grp_loss_index": 0, "max_cur_train_grp_loss": 0.1941938077588004, "max_cur_train_grp_loss_index": 2, "reward_err_1": 0.10961422522703868, "reward_err_2": 0.004142853908245001, "reward_err_3": 0.06877444206963106, "KL_distance_1": 1.7601339543859322, "KL_distance_2": 1.0020620936647846, "KL_distance_3": 1.4262571732501426, "reward_param_1": 9.79689557245929, "reward_param_2": 6.233867653775504, "reward_param_3": 12.644437115543578, "reward_param_4": 1.562677831104297, "group_weight_1": 0.3354961080754965, "group_weight_2": 0.324422526038311, "group_weight_3": 0.3400813658861924, "hist_group_loss_1": 18.166381945593876, "hist_group_loss_2": 14.810022239540283, "hist_group_loss_3": 19.523836389235985, "cur_group_loss_1": 0.18110093598566018, "cur_group_loss_2": 0.14842215709876896, "cur_group_loss_3": 0.1941938077588004, "train_group_loss_1": 21.5502061266414, "train_group_loss_2": 13.35996938079988, "train_group_loss_3": 17.670811389809863, "val_group_loss_1": 19.585843587515534, "val_group_loss_2": 15.623252114449421, "val_group_loss_3": 18.439049489086965, "_timestamp": 1726668161.372065, "_runtime": 9.597788095474243, "_step": 2, "final/reward_err_1": 0.10961422522703868, "final/reward_err_2": 0.004142853908245001, "final/reward_err_3": 0.06877444206963106, "final/reward_param_1": 9.79689557245929, "final/reward_param_2": 6.233867653775504, "final/reward_param_3": 12.644437115543578, "final/reward_param_4": 1.562677831104297, "optimal_reward_1": 3.8328447341918945, "optimal_reward_2": 3.8328447341918945, "optimal_reward_3": 3.272308111190796, "final/reward_1": 3.796973705291748, "final/reward_2": 3.567776918411255, "final/reward_3": 3.272308111190796, "reward_0_when_1_group_param_known": 3.8328447341918945, "reward_1_when_1_group_param_known": 3.4360735416412354, "reward_2_when_1_group_param_known": 3.2429821491241455, "reward_0_when_2_group_param_known": 3.4360735416412354, "reward_1_when_2_group_param_known": 3.8328447341918945, "reward_2_when_2_group_param_known": 3.0682969093322754, "reward_0_when_3_group_param_known": 3.796973705291748, "reward_1_when_3_group_param_known": 3.567776918411255, "reward_2_when_3_group_param_known": 3.272308111190796, "reward_error_0_when_1_group_param_known": 0.0, "reward_error_1_when_1_group_param_known": 0.1035187230547478, "reward_error_2_when_1_group_param_known": 0.008961858440640128, "reward_error_0_when_2_group_param_known": 0.1035187230547478, "reward_error_1_when_2_group_param_known": 0.0, "reward_error_2_when_2_group_param_known": 0.06234474105932544, "reward_error_0_when_3_group_param_known": 0.0093588525984759, "reward_error_1_when_3_group_param_known": 0.06915694064412076, "reward_error_2_when_3_group_param_known": 0.0, "_wandb": {"runtime": 9}}